:1040000000000320152E0100D1420000D142000023
:10401000D1420000D1420000D14200000000000067
:10402000000000000000000000000000D14200007D
:10403000D142000000000000D1420000B12C01007C
:10404000D1420000D1420000D1420000D142000024
:10405000D1420000D1420000D1420000D142000014
:10406000D1420000D1420000D1420000D142000004
:10407000852B0100952B0100A52B0100B52B01001C
:10408000C52B0100D52B0100E52B0100F52B01000C
:10409000052C0100152C0100252C0100352C0100F8
:1040A000452C0100512C0100612C0100712C0100F4
:1040B000D1420000D1420000D1420000D1420000B4
:1040C000D1420000D1420000D1420000D1420000A4
:1040D000D1420000D1420000D1420000D142000094
:1040E000D1420000D14200000000000000000000AA
:1040F00000000000D1420000192B0100D142000055
:10410000252B0100312B0100D1420000D1420000DB
:10411000D1420000D14200003D2B0100D1420000FD
:10412000492B0100552B0100D1420000D142000073
:10413000D1420000D1420000D1420000D142000033
:10414000D1420000D1420000D1420000D142000023
:10415000D1420000D1420000D1420000D142000013
:10416000D1420000D1420000612B0100D142000089
:104170006D2B0100792B0100000000000000000001
:104180006D06020071060200750602007906020043
:104190000D2B0100052D0100D1420000D14200008D
:1041A000D1420000D1420000D1420000D1420000C3
:1041B000D1420000D1420000D1420000D1420000B3
:1041C000D1420000D1420000D1420000D1420000A3
:1041D000D1420000812C0100D1420000D1420000F8
:1041E000992C0100D1420000D1420000D1420000D0
:1041F000D1420000D1420000D1420000D142000073
:10420000D1420000D1420000D1420000D142000062
:10421000D1420000D1420000D1420000D142000052
:10422000D1420000D1420000D1420000D142000042
:10423000D1420000D1420000D1420000D142000032
:10424000D1420000D1420000D1420000D142000022
:10425000D1420000D1420000D1420000D142000012
:10426000D142000010B5054C237833B9044B13B18B
:104270000448AFF300800123237010BDE00A002042
:1042800000000000242204000C4B43B10C480D49EF
:1042900010B5AFF300800C48036823B910BD0A487D
:1042A000036833B97047094B002BF7D0BDE81040C5
:1042B0001847064B002BF5D0184700BF0000000040
:1042C00024220400E40A0020D40A00200000000098
:1042D000FEE700BF0000000000B51AA1D1E900010F
:1042E000ADF5017D0FF0D0F808F038FB03F0CCF904
:1042F000F0B9114808F0AEFC08F058FB0F4C00254F
:1043000003E0204629460FF0BFF808F0BBFB08F099
:10431000B7FA08F0E3FC05F0CBFC4FF400716846F7
:1043200008F0E2FB0028ECD0684608F08BFAE8E7DA
:10433000034808F08FFCDFE70CD90300C0D401006C
:104340005CD90300005125020000000070B50C4646
:1043500006461046154634F033F82378042B01D076
:10436000002070BD6368A268D21A8242F8D1294643
:10437000F01834F093F8B0FA80F0400970BD00BF37
:104380000B68C35C742B02D1012010707047662B40
:104390004FF0000004BF107001207047F0B58B682B
:1043A0004D685B1B2F2B8FB0A8BF2F2323EAE3742C
:1043B00002AE411917463046224633F049FA0EAB99
:1043C00023440EA9002503F8305C41F8345D3046E3
:1043D00035F09AF8019BB34204D0012087ED000B21
:1043E0000FB0F0BD28460FB0F0BD00BF00000000C8
:1043F0002DE9F04F4FF402728A46ADF25C4D04464F
:104400000846002133F022FB0025C54AC54BCAF8F7
:104410000420CAF808308AF8005024B194F80080CB
:10442000B8F1000F06D10023009318460DF25C4D41
:10443000BDE8F08F204633F0C3FF0028F3D02946B3
:104440004FF0FF32AB462B462F4616AE14E0B8F1C4
:104450005D0F00F0018300F22282B8F13A0F40F0C4
:104460005B8201334A1E984240F2318114F8038086
:10447000B8F1000F00F02B81B8F12C0F00F0BF82D3
:10448000E5D8B8F10D0F00F01E8140F26F82B8F14F
:10449000200F00F01881B8F1220F40F06D8203F177
:1044A000010C60456546BED914F80C3033B9BAE743
:1044B0000135A842B7D9635D002BB4D0222B00F0A0
:1044C0000E835C2BF4D16B1C9842ACD9E35C223B8D
:1044D000532BA8D80FF2040E5EF823F0BB46000061
:1044E0002744000027440000274400002744000020
:1044F0002744000027440000274400002744000010
:1045000027440000274400002744000027440000FF
:10451000BB46000027440000274400002744000059
:1045200027440000274400002744000027440000DF
:1045300027440000274400002744000027440000CF
:1045400027440000274400002744000027440000BF
:1045500027440000274400002744000027440000AF
:10456000274400002744000027440000274400009F
:10457000274400002744000027440000274400008F
:10458000274400002744000027440000274400007F
:10459000274400002744000027440000274400006F
:1045A000274400002744000027440000274400005F
:1045B000274400002744000027440000274400004F
:1045C00027440000BB4600002744000027440000A9
:1045D000274400002744000027440000BB46000099
:1045E000274400002744000027440000BB46000089
:1045F000274400002744000027440000274400000F
:10460000274400002744000027440000BB46000068
:10461000274400002744000027440000BB46000058
:1046200027440000BB4600002D46000005F1020EA5
:10463000704540F2B08214F80E30002B00F0AB82CF
:10464000A3F1300EBEF1090F00F2098205F1030E4D
:10465000704540F2A08214F80E30002B00F09B82CF
:10466000A3F1300EBEF1090F00F20C8205F1040E29
:10467000704540F2908214F80E30002B00F08B82CF
:10468000A3F1300EBEF1090F00F2038205F1050E11
:10469000704540F2808214F80E30002B00F07B82CF
:1046A000A3F1300EBEF1090F05D923F02003413BE1
:1046B000052B3FF6B8AE0635FBE60235F9E6BEF14E
:1046C000FF3F3FF4B0AE013398423FF6CFAE4B1EF2
:1046D00011D416AA02EB011151F80C2C013203F18E
:1046E000FF3304D051F8082C01323FF49CAE581C23
:1046F000A1F11001F0D1BBF1000F3FF494AE0DF128
:10470000580999F80030012B7FF48DAEBBF1010FF1
:1047100000F0E2834FF0FF334D460226019307E09D
:104720004480FFFFB8D90300B34517DD10350136CB
:104730002B7C042BF8D16869AF693F1A062F00F073
:10474000EE81022FF0D13A462044CB4933F0A6FE49
:1047500007460028E8D15E45C0F2A2819AF83630BB
:10476000002B00F03C829AF80C300093002B00F0F4
:104770001482019B5A1C00F03B821A461B010393D2
:104780004B44571CDB68002B40F3328202F10208D5
:10479000C34540F32D82002301934546CDF808B070
:1047A0002CE009EB0B084146B44A2046FFF7CEFD4A
:1047B000002800F0EF8419F80530082B06F10401F9
:1047C00001F0588319F80530082B01F07183042B90
:1047D00001F06E83013B012B07F1020740F2E581F6
:1047E000039B019A4B440132DB680192934240F3F0
:1047F000FF81029B7D1C9D4280F2FA814FEA071BDC
:1048000009EB0B0319F80B2058689B689FED987B08
:104810002D010021042A8DED087BA3EB000309EB99
:1048200005068DF81B10BCD1012B00F0EB81042B89
:1048300040F08E831A462044914933F02FFE002821
:10484000AFD119F80530082B01D0042BA9D171681C
:10485000B368A3EB0108B8F12F0FA8BF4FF02F08E2
:1048600028EAE8730DF128081A46214440460493CB
:1048700032F0EEFF049A002308F8023007A9404600
:10488000079334F041FE079B434500F05683012314
:104890008AF85E308AED340B19F805309AE7B8F1E2
:1048A0007B0F3CD0B8F17D0F66D14FF0010CB1F118
:1048B000010E3FF504AF01F18055013D06EB0515F2
:1048C00007E00EF1FF3EBEF1FF3FA5F110053FF4FA
:1048D000AAAD6A680132F4D0AA68B2F1FF3FF0D104
:1048E00095F80080E0457FF49EAD0133AB6006EBA8
:1048F0000E1C07E00EF1FF3EBEF1FF3FACF1100CC5
:104900003FF4B1ADDCF804500135F3D0DCF80850C9
:104910000135EFD17246A6E5B8F15B0F2CD13F29E6
:104920000BF1010B3FF67FAD4FEA011C06EB0C0EBD
:104930004FF0FF35AA4201F10109CEF80850CEF838
:104940000450CEF80C7004D006EB0212D568013585
:10495000D560B8F17B0F14BF022501250A4606F881
:104960000C504946CEF8043001337CE5A8F1090823
:10497000B8F1010F7FF6A7AE98429C461CD9E55CC2
:1049800004EB030E85B917E0092D03D30A2D13D9C3
:104990000D2D11D0203D5E2D3FF645AD01339842DF
:1049A0000AD01EF8015F3DB1202D05D0ECD93A2D7B
:1049B00002D01FD82C2DEDD13F293FF634AD4FEA60
:1049C000011E06EB0E054FF0080806F80E80C5F82C
:1049D00004C0AB60EF60551C0BF1010B01F101014C
:1049E0003FF441AD06EB021EDEF80C500135CEF867
:1049F0000C5038E55D2DDFD07D2DCBD1DCE7551C8B
:104A00003FF461AE0DF58B6505EB0215A5F58065EC
:104A10002D78013D012D7FF656AEB1F1010C3FF529
:104A200052AE06EB011E07E00CF1FF3CBCF1FF3F6C
:104A3000AEF1100E3FF447AE1EF8105C013D012DA3
:104A4000F2D85EF80C5C0135EED05EF8085C0135FA
:104A5000EAD10133624606E54FF0020C27E723F066
:104A60002003413B052B3FF6DEACEFE5AFF30080C2
:104A70000000000000000000DCD90300A4DA0300FD
:104A800020DA030023F02003413B052B3FF6CBAC9B
:104A9000ECE523F02003413B052B3FF6C4ACF5E5E4
:104AA000696AAB6A95F820005B1A272BA0F1040015
:104AB000A8BF2723B0FA80F023EAE37840094FF03B
:104AC000010E0AF10E038AF80D00214442468AF8CD
:104AD0000CE0184632F0BCFE00F8087026E63F29CC
:104AE0003FF6A1AC4FEA011E06EB0E034FF004089F
:104AF00006F80E80C3F804C09D60DF60531C0BF104
:104B0000010B01F1010108D006EB021E6B1CDEF85F
:104B10000C500135CEF80C50A5E46B1CA3E423180F
:104B200018463A46BF49009333F0B8FC009B8046D4
:104B300090B13A461846BC4933F0B0FC00287FF4E7
:104B4000F3ADB3457FF70AAE330119F80330012BFB
:104B500040F0AA810196E9E55E4508DB3A46184631
:104B6000B14933F09BFC00287FF4DEADF6E595F803
:104B70002030042B40F04A81696AAF6A7F1A87F3BC
:104B800005070AF1360321443A46184632F060FE22
:104B900000F80780CAE575468BE4A44AA44BCAF81E
:104BA0000420CAF80830009840E44D44EB68002B1C
:104BB0007FF716AE029A9742BFF612AE104609EB87
:104BC0000B0102E087423FF40BAECA6A1344013B7B
:104BD000002B07F1010701F11001F3DC00E6934916
:104BE000944ACAF804100093CAF8082018461DE435
:104BF000002301228AF80020CAF80430CAF80830DD
:104C0000009813E4235C782B3FD0235C792B6AD087
:104C1000235C7A2B6DD119F80530082B00F0CF807A
:104C2000042B00F0CC80235C692B6DD119F8053082
:104C3000082B02D0042B7FF4B4AD7168B368A3EBEA
:104C40000108B8F12F0FA8BF4FF02F0828EAE8732A
:104C50000DF128081A4621444046049332F0F8FD2D
:104C6000049A002308F8023007A94046079334F05D
:104C70004BFC079B434500F0428101238AF85C30DE
:104C80008AED300B19F80530A4E519F80530082B2A
:104C900001D0042BBCD17168B368A3EB0108B8F153
:104CA0002F0FA8BF4FF02F0828EAE8730DF128084E
:104CB0001A4621444046049332F0CAFD049A002368
:104CC00008F8023007A94046079334F01DFC079B03
:104CD000434500F0DA8001238AF858308AED280B2A
:104CE00019F8053076E519F80530082B3FD0042B6C
:104CF0003DD0235C612B96D119F80530082B00F0CC
:104D00009D80042B00F09A80235C6A2B7FF449ADD0
:104D100019F80530082B02D0042B7FF442AD7168DE
:104D2000B368A3EB0108B8F12F0FA8BF4FF02F080D
:104D300028EAE8730DF128081A46214440460493F6
:104D400032F086FD049A002308F8023007A9404695
:104D5000079334F0D9FB079B434501F0C38001233F
:104D60008AF85D308AED320B19F8053032E571684A
:104D7000B368A3EB0108B8F12F0FA8BF4FF02F08BD
:104D800028EAE8730DF128081A46214440460493A6
:104D900032F05EFD049A002308F8023007A940466D
:104DA000079334F0B1FB079B434500F09980012342
:104DB0008AF859308AED2A0B19F805300AE571682E
:104DC000B368A3EB0108B8F12F0FA8BF4FF02F086D
:104DD00028EAE8730DF128081A4621444046049356
:104DE00032F036FD049A002308F8023007A9404645
:104DF000079334F089FB079B43455ED001238AF873
:104E00005A308AED2C0B19F80530E3E4074A0A4BB7
:104E1000CAF80420CDF80080CAF808304046FFF7F1
:104E200005BB00BF0CDA0300E0D90300A880FFFF38
:104E300014DA030004DA0300C4D903007168B3680C
:104E4000A3EB0108B8F12F0FA8BF4FF02F0828EAF5
:104E5000E8730DF128081A4621444046049332F0C5
:104E6000F7FC049A002308F8023007A9404607938C
:104E700034F04AFB079B434550D001238AF85B304E
:104E80008AED2E0B19F80530A4E409EB0B0319F891
:104E90000B2058689B68042AA3EB00037FF481ACC5
:104EA000012B7FF4C4ACB0E6A74AA84BCAF8042093
:104EB0000090CAF80830FFF7B9BA09EB0B0319F8EC
:104EC0000B2058689B68042AA3EB00037FF469ACAD
:104ED000012B7FF4ACAC0CE74FF0FF3301933DE4C2
:104EE00009EB0B0319F80B2058689B68042AA3EB05
:104EF00000037FF456AC012B7FF499AC88E609EBF4
:104F00000B0319F80B2058689B68042AA3EB0003D5
:104F10007FF447AC012B7FF48AACF5E609EB0B0379
:104F200019F80B2058689B68042AA3EB00037FF450
:104F300038AC012B7FF47BAC75E609EB0B0319F859
:104F40000B2058689B68042AA3EB00037FF429AC6C
:104F50000A2B52D11A4620447D4933F09FFA00288B
:104F60007FF41FAC19F80530082B02D0042B7FF416
:104F700018AC7168B368A3EB0108B8F12F0FA8BF94
:104F80004FF02F0828EAE8730DF128081A4621444B
:104F90004046049332F05CFC049B4FF0000208F89A
:104FA00003204046002307A9079334F0ADFA079A7F
:104FB00042458DED040B15D001238AF85F3051EC8A
:104FC000100B0022002330F071FA48B9DDE904012A
:104FD00030F0D2FACAF8E00019F80530FFF7FABB52
:104FE0000020F7E709EB0B0319F80B2058689B68C2
:104FF000042AA3EB00037FF4D4AB072B41D11A465C
:105000002044544933F04AFA00287FF4CAAB19F817
:105010000530082B02D0042B7FF4C3AB7168B36852
:10502000A3EB0108B8F12F0FA8BF4FF02F0828EA13
:10503000E8730DF128081A4621444046049332F0E3
:1050400007FC049A002308F8023007A9404607939A
:1050500034F05AFA079B434508D001238AF86030A0
:105060008AED360B19F80530FFF7B4BB09EB0B03DB
:1050700019F80B2058689B68042AA3EB00037FF4FF
:1050800090AB092B6CD104EB00081A46404632491C
:1050900033F004FA78B340460922304933F0FEF980
:1050A00000287FF47EAB19F80530082B06F10401C7
:1050B00000F04D8319F80530082B02D0042B7FF443
:1050C00089AB314608AA2046FFF768F9002800F0AE
:1050D000388301268AF86A6000220023DDE908018E
:1050E00030F0DAF908B14FF000068AF80C6119F8CF
:1050F0000530FFF76FBB19F80530082BCBD10DF148
:105100001B02311D2046FFF73BF990B909EB0B0359
:1051100019F80B2058689B68042AA3EB00037FF45E
:1051200040AB052B1FD0092B7FF43BAB04EB0008F1
:10513000B1E79DF81B308AF8E43001228AF861203B
:1051400019F80530FFF746BBA680FFFFE8D903003A
:1051500028DA030034DA03003CDA0300A8E803008D
:10516000052B7FF41EAB20440522D24933F096F97B
:1051700000287FF416AB19F80530082B00F0B18534
:1051800009EB0B084146CC4A2046FFF7DFF8002820
:105190007FF418ABC94A41462046FFF7D7F8049080
:1051A000002800F07E8519F80530042B00F06C858E
:1051B000C34A41462046FFF7C9F838B119F805300F
:1051C000082B00F0A285042B00F09F85BD4A4146C4
:1051D0002046FFF7BBF838B119F80530082B00F06E
:1051E000C185042B00F0BE85B74A41462046FFF733
:1051F000ADF838B119F80530082B00F0D385042B31
:1052000000F0D085B14A41462046FFF79FF838B1FB
:1052100019F80530082B00F0E985042B00F0E6852D
:10522000AB4A41462046FFF791F838B119F80530EE
:10523000082B00F0FB85042B00F0F885A54A4146B9
:105240002046FFF783F838B119F80530082B00F035
:105250008883042B00F085839F4A41462046FFF750
:1052600075F838B119F80530082B00F09A83042B33
:1052700000F09783994A41462046FFF767F838B116
:1052800019F80530082B00F0B083042B00F0AD8333
:10529000934A41462046FFF759F838B119F80530CE
:1052A000082B00F0C283042B00F0BF838D4A4146D7
:1052B0002046FFF74BF8002800F0DB8319F8053093
:1052C000082B00F00B84042B00F00884864A41462A
:1052D0002046FFF73BF8002800F0218319F805303D
:1052E000082B00F01483042B00F011837F4A414601
:1052F0002046FFF72BF8002800F0E78219F8053068
:10530000082B00F0D182042B00F0CE82784A41466F
:105310002046FFF71BF8002800F0A48219F805309A
:10532000082B00F07C82042B00F07982714A414600
:105330002046FFF70BF8002800F04F8219F80530DF
:10534000082B00F03982042B00F036826A4A41466D
:105350002046FEF7FBFF002800F00C8219F805300C
:10536000082B00F0E487042B00F0E187634A4146F4
:105370002046FEF7EBFF002800F0478719F80530BC
:10538000082B00F0BF87042B00F0BC875C4A414625
:105390002046FEF7DBFF002800F0E686594A41462A
:1053A0002046FEF7D3FF30B119F80530082B06F17F
:1053B000040100F08083544A41462046FEF7C6FFB0
:1053C000002800F0F38619F80530082B06F10401D7
:1053D00000F05E874D4A41462046FEF7B7FF0028A1
:1053E00000F030844A4A41462046FEF7AFFF0028CD
:1053F00000F0058619F80530082B06F1040100F0CD
:10540000ED85444A41462046FEF7A0FF002800F003
:10541000C185414A41462046FEF798FF002800F02A
:105420008A8519F80530082B00F05686042B00F009
:1054300053863A4A41462046FEF788FF002800F08E
:105440001C86374A41462046FEF780FF002800F0C0
:105450008D8319F80530082B00F05D83042B00F0D4
:105460005A83304A41462046FEF770FF002800F07C
:10547000B8832D4A41462046FEF768FF002800F019
:10548000208119F80530082B00F01381042B00F05F
:105490001081264A41462046FEF758FF002800F0BA
:1054A000EE80234A41462046FEF750FF002800F0D8
:1054B000C4803FE048DA0300A4DA0300B8E8030040
:1054C000ACDA030050DA0300B0DA030058DA030064
:1054D000B8DA0300C4DA030064DA0300D4DA0300A4
:1054E00074DA0300E4DA0300F4DA0300FCDA030000
:1054F0000CDB03001CDB03002CDB03003CDB0300A4
:105500004CDB03005CDB03006CDB030084DB03008B
:105510009CDB0300B4DB0300CCDB03008CDA03006C
:10552000E4DB030098DA030008DC030014DC03006A
:1055300020DC030019F80530082B6DD0042B6BD04C
:10554000BF4A41462046FEF701FF30B119F8053049
:10555000082B06F1040100F0AF86BA4A4146204606
:10556000FEF7F4FE18B119F80530042B40D041467F
:10557000B54A2046FEF7EAFE002800F0E28019F85E
:105580000530082B06F1040120D019F80530082B4E
:1055900002D0042B7FF41EA9314608AA2046FEF74C
:1055A000FDFE002800F0CD8001268AF892600022DE
:1055B0000023DDE908012FF06FFF08B14FF000066E
:1055C00019F805308AF8D061FFF704B90DF11B0214
:1055D0002046FEF7D5FE0028D7D09DF81B308AF86C
:1055E000D03101228AF8922019F80530FFF7F2B87D
:1055F0007168B5686D1A85F3030501200AF2F91385
:1056000021442A468AF89800184632F021F90022EF
:1056100042550237FFF7E4B808AA31462046FEF7A4
:10562000BDFE50B1DDE9080101238AF89530CAE9D1
:105630007A0119F80530FFF7CDB8844A4146204673
:10564000FEF784FE00283FF47BAF19F80530082BE5
:1056500002D0042B7FF474AF08AA31462046FEF72F
:105660009DFE00283FF46CAFDDE9080101238AF8B4
:105670009630CAE97C0119F80530FFF7ABB8744AD7
:1056800041462046FEF762FE00283FF40AAF19F8B3
:105690000530042B7FF405AF7168B5686D1A85F38A
:1056A000030501200AF2D91321442A468AF89400FE
:1056B000AAE708AA31462046FEF770FE002840F00F
:1056C0001E84644A41462046FEF740FE28B119F880
:1056D0000530082B1AD0042B18D05F4A41462046CB
:1056E000FEF734FE0028CAD019F80530042B7FF4E9
:1056F000D8AE7168B5686D1A85F3030501200AF20A
:10570000D11321442A468AF893007DE708AA31463E
:105710002046FEF743FE0028DFD09DED087B0123E5
:105720008AF8913051EC170B002200238DED047B99
:105730002FF0BCFE48B9DDE904012FF01DFFCAF8C7
:10574000CC0119F80530FFF745B80020F7E70DF157
:105750001B022046FEF714FE00283FF4ABAC9DF878
:105760001B308AF80C3101228AF86A2019F80530BA
:10577000FFF730B8394A41462046FEF7E7FD0028DA
:105780003FF4F4AD19F80530082B02D0042B7FF458
:10579000EDAD08AA31462046FEF700FE00283FF492
:1057A000E5ADDDE9080101238AF87B30CAE95E0135
:1057B00019F80530FFF70EB808AA31462046FEF763
:1057C000EDFD50B1DDE9080101238AF87830CAE91E
:1057D000580119F80530FEF7FDBF214A4146204621
:1057E000FEF7B4FD00283FF4B1AD19F80530082BE1
:1057F00002D0042B7FF4AAAD08AA31462046FEF75A
:10580000CDFD00283FF4A2ADDDE9080101238AF8AF
:105810007930CAE95A0119F80530FEF7DBBF08AA4A
:1058200031462046FEF7BAFDE0B1DDE9080101236B
:105830008AF87630CAE9540119F80530FEF7CABF74
:1058400030DC030038DC030040DC030028DC03000C
:105850001CDC030008DF030014DC030034DB03005E
:1058600024DB0300BC4A41462046FEF76FFD0028BA
:105870003FF45CAD19F80530082B02D0042B7FF4FF
:1058800055AD08AA31462046FEF788FD00283FF4B2
:105890004DADDDE9080101238AF87730CAE95601E8
:1058A00019F80530FEF796BF08AA31462046FEF7E4
:1058B00075FD50B1DDE9080101238AF87430CAE9A9
:1058C000500119F80530FEF785BFA44A414620462D
:1058D000FEF73CFD00283FF419AD19F80530082B00
:1058E00002D0042B7FF412AD08AA31462046FEF701
:1058F00055FD00283FF40AADDDE9080101238AF8CF
:105900007530CAE9520119F80530FEF763BF08AADD
:1059100031462046FEF742FD002840F0F180904AD3
:1059200041462046FEF712FD00283FF4DFAC19F88F
:105930000530082B02D0042B7FF4D8AC08AA3146DE
:105940002046FEF72BFD00283FF4D0ACDDE908012E
:1059500001238AF87330CAE94E0119F80530FEF7C1
:1059600039BF08AA31462046FEF718FD00283FF44B
:1059700073AC9DED087B012651EC170B8AF86C6027
:105980000022784B8DED047B2FF090FD48BBDDE9C4
:1059900004012FF0F1FDCAF8100119F80530FEF7E7
:1059A00019BF08AA31462046FEF7F8FC00283FF44C
:1059B00061AC9DED087B012651EC170B8AF86D60F8
:1059C0000022684B8DED047B2FF070FD58B9DDE9A6
:1059D00004012FF0D1FDCAF8140119F80530FEF7C3
:1059E000F9BE3046D7E73046F5E708AA31462046EB
:1059F000FEF7D4FC00283FF44BAC9DED087B01265C
:105A000051EC170B8AF86E600022564B8DED047B2B
:105A10002FF04CFD48BBDDE904012FF0ADFDCAF8C5
:105A2000180119F80530FEF7D5BE08AA3146204600
:105A3000FEF7B4FC00283FF439AC9DED087B01264D
:105A400051EC170B8AF86F600022464B8DED047BFA
:105A50002FF02CFD58B9DDE904012FF08DFDCAF8B7
:105A60001C0119F80530FEF7B5BE3046D7E73046C1
:105A7000F5E73D4A41462046FEF768FC00283FF422
:105A800025AC19F80530082B02D0042B7FF41EAC8E
:105A900008AA31462046FEF781FC00283FF416ACE8
:105AA000DDE9080101238AF87130CAE94A0119F8D1
:105AB0000530FEF78FBE0DF11B022046FEF760FC9D
:105AC00000283FF478AC9DF81B308AF8A031012201
:105AD0008AF8802019F80530FEF77CBE08AA314606
:105AE0002046FEF75BFC0028C3D0DDE90801012356
:105AF0008AF87030CAE9480119F80530FEF76ABE25
:105B0000DDE9080101238AF87230CAE94C0119F86D
:105B10000530FEF75FBE08AA31462046FEF73EFC80
:105B200020B39DED087B01238AF88C3051EC170BD4
:105B3000002200238DED047B2FF0B8FC002840F0FC
:105B4000EF82DDE904012FF017FDCAF8B80119F85A
:105B50000530FEF73FBE00BF14DB030004DB03008B
:105B600084DA03000000F03FECDA0300CB4A414640
:105B70002046FEF7EBFB38B119F80530082B00F092
:105B8000D182042B00F0CE82C54A41462046FEF762
:105B9000DDFB30B319F80530082B02D0042B7FF45D
:105BA00068AC08AA31462046FEF7F8FBC8B19DED67
:105BB000087B01238AF88E3051EC170B002200235A
:105BC0008DED047B2FF072FC002840F0B081DDE900
:105BD00004012FF0D1FCCAF8C00119F80530FEF716
:105BE000F9BDB04A41462046FEF7B0FB00283FF41D
:105BF00040AC19F80530082B02D0042B7FF439ACE7
:105C000008AA31462046FEF7C9FB00283FF431AC14
:105C10009DED087B01238AF88F3051EC170B002291
:105C200000238DED047B2FF041FC002840F04283DF
:105C3000DDE904012FF0A0FCCAF8C40119F8053011
:105C4000FEF7C8BD984A41462046FEF77FFB002874
:105C50003FF4C8AB19F80530082B06F104017FF4B6
:105C6000C1AB0DF11B022046FEF78AFB00283FF472
:105C7000B9AB9DF81B308AF8A43101228AF8842040
:105C800019F80530FEF7A6BD7168B5686D1A85F381
:105C9000030501200AF1E60321442A468AF863003D
:105CA000B2E4824A41462046FEF750FB00283FF40A
:105CB0007FAA19F80530042B7FF47AAA7168B568B9
:105CC0006D1A85F3030501200AF1EE032A468AF8CE
:105CD00064002144184631F0BBFD9DF81020425568
:105CE00097E40DF11B02311D2046FEF749FB60BB16
:105CF00009EB0B0319F80B2058689B68042AA3EBE7
:105D000000037EF44EADFFF70EBA08AA31462046D6
:105D1000FEF744FB00283FF459AA9DED087B0123C0
:105D20008AF8653051EC170B002200238DED047BBF
:105D30002FF0BCFBA0B9DDE904012FF01DFCCAF86F
:105D4000F80019F80530FEF745BD9DF81B308AF8BC
:105D5000E53001228AF8622019F80530FEF73ABDD5
:105D60000020ECE708AA31462046FEF717FB002882
:105D70003FF43AAA9DED087B01238AF8663051EC86
:105D8000170B002200238DED047B2FF08FFB48BB07
:105D9000DDE904012FF0F0FBCAF8FC0019F805302A
:105DA000FEF718BD08AA31462046FEF7F7FA00288C
:105DB0003FF428AA9DED087B01238AF8673051EC57
:105DC000170B002200238DED047B2FF06FFB58B9D9
:105DD000DDE904012FF0D0FBCAF8000119F8053005
:105DE000FEF7F8BC0020D7E70020F5E708AA314607
:105DF0002046FEF7D3FA00283FF412AA9DED087B57
:105E000001238AF8683051EC170B002200238DED36
:105E1000047B2FF04BFB48BBDDE904012FF0ACFB0A
:105E2000CAF8040119F80530FEF7D4BC08AA3146B7
:105E30002046FEF7B3FA00283FF400AA9DED087B48
:105E400001238AF8693051EC170B002200238DEDF5
:105E5000047B2FF02BFB58B9DDE904012FF08CFBFC
:105E6000CAF8080119F80530FEF7B4BC0020D7E7DE
:105E70000020F5E70DF11B022046FEF781FA00280D
:105E80003EF4A0AC9DF81B308AF80D3101228AF84F
:105E90006B2019F80530FEF79DBC00BFF0DB030056
:105EA00098DA0300FCDB030090DB030048E5030005
:105EB000314608AA2046FEF771FA00283FF441ACAB
:105EC00001268AF86B6000220023DDE908012FF02B
:105ED000E3FA08B14FF000068AF80D6119F80530B1
:105EE000FEF778BC09EB0B0319F80B2058689B6888
:105EF000042AA3EB00033EF49AACFEF752BC9DEDDE
:105F0000087B01238AF8903051EC170B0022002304
:105F10008DED047B2FF0CAFA58B9DDE904012FF0AA
:105F20002BFBCAF8C80119F80530FEF753BC002056
:105F300051E60020F5E7CC4A41462046FEF706FA36
:105F4000002800F09A8019F80530082B02D0042BA5
:105F50007FF477AA08AA31462046FEF71FFA0028E8
:105F600000F08B809DED087B01238AF88A3051EC8C
:105F7000170B002200238DED047B2FF097FA58BBFE
:105F8000DDE904012FF0F8FACAF8B00119F805307C
:105F9000FEF720BCB54A41462046FEF7D7F9002857
:105FA0003FF437AA19F80530082B06F104017FF4F5
:105FB00030AA0DF11B022046FEF7E2F900283FF45B
:105FC00028AA9DF81B308AF8A83101228AF8882077
:105FD00019F80530FEF7FEBB0020D5E70DF11B02D6
:105FE0002046FEF7CDF950B19DF81B308AF8A53157
:105FF00001228AF8852019F80530FEF7EBBB9C4A90
:1060000041462046FEF7A2F928B119F80530082BC1
:1060100006F104011FD0974A41462046FEF796F943
:106020000028B7D019F80530082B06F104017FF4D9
:10603000F0A90DF11B022046FEF7A2F90028A9D015
:106040009DF81B308AF8A73101228AF8872019F8B9
:106050000530FEF7BFBB0DF11B022046FEF790F99D
:106060000028D8D09DF81B308AF8A63101228AF882
:10607000862019F80530FEF7ADBB7F4A4146204621
:10608000FEF764F900283FF4DCA919F80530082B65
:1060900002D0042B7FF4D5A908AA31462046FEF78A
:1060A0007DF900283FF4CDA99DED087B01238AF8F6
:1060B0008B3051EC170B002200238DED047B2FF069
:1060C000F5F948BBDDE904012FF056FACAF8B4012E
:1060D00019F80530FEF77EBB08AA31462046FEF7C8
:1060E0005DF900283FF427AF9DED087B01238AF876
:1060F000893051EC170B002200238DED047B2FF02B
:10610000D5F958B9DDE904012FF036FACAF8AC0127
:1061100019F80530FEF75EBB0020D7E70020F5E751
:10612000002012E508AA31462046FEF737F900287C
:106130003FF42AAD9DED087B01238AF88D3051ECA8
:10614000170B002200238DED047B2FF0AFF9002800
:1061500040F0EB80DDE904012FF00EFACAF8BC0133
:1061600019F80530FEF736BB444A41462046FEF793
:10617000EDF800283FF412A919F80530082B02D0D9
:10618000042B7FF40BA908AA31462046FEF706F936
:1061900000283FF403A9DDE9080101238AF87F30D4
:1061A000CAE9660119F80530FEF714BB344A4146C6
:1061B0002046FEF7CBF830B119F80530082B06F170
:1061C000040100F08C802F4A41462046FEF7BEF8BD
:1061D00000283FF437AD19F80530082B06F104010B
:1061E0007FF400A90DF11B022046FEF7C9F8002834
:1061F0003FF428AD9DF81B308AF8A33101228AF8BC
:10620000832019F80530FEF7E5BA1F4A41462046BB
:10621000FEF79CF838B119F80530082B00F09A8089
:10622000042B00F09780194A41462046FEF78EF86D
:10623000002899D019F80530082B02D0042B7FF4E0
:10624000ADA808AA31462046FEF7A8F800288BD052
:10625000DDE9080101238AF87E30CAE9640119F8F2
:106260000530FEF7B7BA00BF8CDA0300C0DB0300CD
:10627000A8DB0300B4DB0300D8DB030054DB03001E
:1062800078DB030084DB030044DB03004CDB03000A
:106290000DF11B022046FEF773F8002886D09DF80A
:1062A0001B308AF8A13101228AF8812019F80530C3
:1062B000FEF790BA0020BFE40DF11B022046FEF766
:1062C0005FF800283FF449A99DF81B308AF8F8319F
:1062D00001228AF8972019F80530FEF77BBA0DF1F4
:1062E0001B022046FEF74CF800283FF46CAF9DF8E7
:1062F0001B308AF8A23101228AF8822019F8053071
:10630000FEF768BA08AA31462046FEF747F800288B
:106310003FF47BAFDDE9080101238AF87C30CAE94C
:10632000600119F80530FEF755BA002016E708AAF3
:1063300031462046FEF732F800283FF41BAADDE97B
:10634000080101238AF87A30CAE95C0119F805309E
:10635000FEF740BA08AA31462046FEF71FF800288B
:106360003FF461AFDDE9080101238AF87D30CAE915
:10637000620119F80530FEF72DBA00BFF0B50646E8
:106380008FB00F461C46F2B11378E3B1537802ADDB
:1063900093B9931C2846104A302131F017FE0F4B59
:1063A0000F4A002C08BF1C4639462B463046009445
:1063B00031F00CFE0FB0F0BD931C2846094A302185
:1063C00031F004FEEBE7084B93E8030002AD0290C6
:1063D0008DF80C10E3E700BF64DC030048DC030029
:1063E00068DC03005CDC030054DC03002DE9F041B1
:1063F0008EB006460F469846149C0AB31378FBB13C
:10640000537802ADABB9931C2846114A302131F0C4
:10641000DDFD104BCDF80080002C08BF1C4639462E
:106420002B46304601940C4A31F0D0FD0EB0BDE849
:10643000F081931C2846094A302131F0C7FDE8E776
:10644000074B93E8030002AD02908DF80C10E0E7D3
:1064500064DC030090DC030098DC03005CDC0300D8
:1064600054DC030010B5064C82B0002B08BF234655
:1064700000931346034A31F0A9FD02B010BD00BFDE
:10648000D8DC0300DCDC0300F8B50446077BA27B04
:10649000407BE37BA1686F4D6F4E17F1000EA0F1BA
:1064A0000100A2F1010218BF4FF0010EB0FA80F016
:1064B000032BB2FA82F228BF01234009520901F0EE
:1064C0000F0185F800E031606870AA7033712369AC
:1064D000002B08BF4FF448736B60D4ED087AF5EEDB
:1064E000C07AF1EE10FA40F39A8017EE900A2EF07F
:1064F00017FDC5E90601D4ED0C7AF5EEC07AF1EE90
:1065000010FA40F3A48017EE900A2EF009FD63699B
:10651000D4ED097A002BF5EEC07A08BF4FF448732A
:10652000F1EE10FAC5E90E01AB6040F38D8017EE75
:10653000900A2EF0F5FCD4ED0D7AF5EEC07AF1EE6E
:1065400010FAC5E908017CDD17EE900A2EF0E8FC90
:10655000A369D4ED0A7A002BF5EEC07A08BF4FF498
:106560004873F1EE10FAC5E91001EB6066DD17EE35
:10657000900A2EF0D5FCD4ED0E7AF5EEC07AF1EE4D
:1065800010FAC5E90A0156DD17EE900A2EF0C8FC94
:10659000E369D4ED0B7A002BF5EEC07A08BF4FF417
:1065A0004873F1EE10FAC5E912012B6140DD17EED8
:1065B000900A2EF0B5FCD4ED0F7AF5EEC07AF1EE2C
:1065C00010FAC5E90C0130DD17EE900A2EF0A8FC98
:1065D000C5E91401236C214A46F67811002B08BF47
:1065E0000B46B360636C002B08BF1346F360A36CCB
:1065F000002B08BF13463361D4ED137AF5EEC07A51
:10660000F1EE10FA0EDD17EE900A2EF089FCC6E9C5
:10661000060117B1002385F858300120F8BD00208D
:106620000F4966E700200F49F1E700200E49CFE748
:1066300000200B49BFE700200B49A9E700200849CB
:1066400099E70020084983E70020054973E7002007
:1066500005495CE7000B00200000002090D00300FB
:106660000000144000407F400000F03F70B5624CD5
:10667000624DC0B080220021684631F0E7F92678EB
:106680005F4B607800930023A278297966F30703B3
:1066900060F30F2362F317435A4862682E68019033
:1066A00061F31F63D4E906010492039302962EF06E
:1066B00083FF0890D4E90E012EF07EFFA3680C90B2
:1066C000D4E9080105932EF077FF0990D4E9100171
:1066D0002EF072FFE3680D90D4E90A0106932EF0C4
:1066E0006BFF0A90D4E912012EF066FF23690E9029
:1066F000D4E90C0107932EF05FFF0B90D4E914014D
:106700002EF05AFF05F108010EC90F901192129355
:106710001091D5E906012EF04FFF94F859301390EF
:10672000D4E918018DF850302EF046FF1590D4E9C9
:1067300020012EF041FF94F8A02094F8A430199085
:10674000D4E91A018DF874208DF878302EF034FFDA
:106750001690D4E922012EF02FFF94F8A12094F88E
:10676000A5301A90D4E91C018DF875208DF8793088
:106770002EF022FF1790D4E924012EF01DFF94F88B
:10678000A22094F8A6301B90D4E91E018DF8762043
:106790008DF87A302EF010FF1890D4E926012EF0F3
:1067A0000BFF94F8A32094F8A8301C90002194F8D3
:1067B000A7508DF8772020A880228DF87C308DF8A6
:1067C0007B5031F043F90CF04DFC8022002120ABCE
:1067D0000CF078FC20A86946802231F009F830B12D
:1067E0000CF040FC6B46802200210CF02FFD0123B1
:1067F00084F8A93040B070BD000B002000000020DC
:1068000043494143040080002DE9F843424C0546CA
:10681000D4E9068981B116461F460022002330467E
:1068200039462EF061FE38B13C4B5B78012B60D0CD
:10683000C4E90667B046B9462DB3A368374C18467D
:10684000C4F8403B04F53C642EF048FBD4E9004515
:1068500006460F4600220023204629462EF044FE1D
:10686000002843D022462B46304639462EF0D6FC2F
:106870002B4B00222EF0A8FBBDE8F84341EC100B97
:10688000284811F06BBA274849EC108B00F53165A8
:1068900011F064FA0022224B404649462EF0BEFC1D
:1068A000D5E900232EF090FB00221F4B06460F4631
:1068B0002EF0FCFD38BB304639462EF05DFE034617
:1068C000A4681A489C4228BF1C4621460EF0A8FF27
:1068D000214617480EF0A4FF214616480EF0A0FFEF
:1068E00021461548BDE8F8430EF09ABF00240E4D2E
:1068F000B8E73046394606A3D3E900232EF064FBFF
:1069000006460F4694E70123DAE700BFAFF30080A5
:10691000666666666666394000000020000B00204F
:1069200000004E40B00B00200000F03FB01C0020E3
:10693000401E0020D01F002060210020134B93F840
:10694000062BEAB993F83A3802F0FF00E3B9104B8E
:1069500070B4104D1C6801210346042B01FA03F2A8
:1069600010D022420AD055F823203AB192F83C6068
:106970004EB9D2F8142132F47F4204D10133ECE74E
:1069800000207047012070BC704700BF000B002042
:106990000000002008DD03002DE9F047AC4C2DED90
:1069A000048B94ED068B0022002351EC180B2EF083
:1069B00087FD002840F0358157EC186B94ED0E9B55
:1069C0000022002351EC190B2EF07AFD002840F034
:1069D000238159EC198BD4F804A09E4D50462EF01B
:1069E0007DFA42464B462EF0EFFA32463B462EF0F9
:1069F00015FCD4E90867C5E90001002200233046F0
:106A000039462EF05DFD002840F00381D4E910895D
:106A100000220023404649462EF052FD002840F057
:106A20000B81A0682EF05AFA42464B462EF0CCFA63
:106A300032463B462EF0F2FBD4E90A67C5E9020173
:106A400000220023304639462EF03AFD002840F05F
:106A5000F880D4E9128900220023404649462EF0EE
:106A60002FFD002840F0E380E0682EF037FA424620
:106A70004B462EF0A9FA32463B462EF0CFFBD4E926
:106A80001467C5E9040100220023304639462EF080
:106A900017FD002840F0C88020692EF01FFA32460A
:106AA0003B462EF091FA6C4B00222EF0B7FBB0EE75
:106AB000491AF0EE691AB0EE480AF0EE680AC5E924
:106AC000060102225146654811F0D8F894ED101BDA
:106AD000022294ED080BA168604811F003F994EDCF
:106AE000121B022294ED0A0BE1685D4807F08AFC54
:106AF000062294ED141B9FED540B2169594807F0B1
:106B000081FC594B93F8D820022A08D05748C3F883
:106B1000F0000221012283F8D81083F87B21544D24
:106B20005448A96804220126C3F8E82083F8E460E9
:106B30000EF076FEE9684F480EF09AFE29694D483E
:106B40000EF0AEFE4C4B93F8D820022A07D04749EE
:106B500083F87B610222C3F8F01083F8D820042266
:106B60000126C3F8E82083F8E460A96843480EF0E2
:106B700057FEE96841480EF07BFE29693F480EF058
:106B80008FFE374B93F8D820022A07D0374983F875
:106B90007B610222C3F8F01083F8D820042201267A
:106BA000C3F8E82083F8E460A96835480EF038FEA1
:106BB000E96833480EF05CFE296931480EF070FE3A
:106BC000284B93F8D820022A07D0284983F87B6104
:106BD0000222C3F8F01083F8D8200122042683F89B
:106BE000E420C3F8E860A96826480EF019FEE968B9
:106BF00024480EF03DFE296922480EF051FEBDECFE
:106C0000048BAA68EB68C4F8402BC4F8443BBDE889
:106C1000F08700261C4FF9E64FF00008DFF86C9073
:106C2000D9E60026184FC9E60026184F34E74FF082
:106C30000008DFF8589017E74FF00008DFF84C9095
:106C4000EFE60026104F04E70000000000807640C9
:106C5000000B0020C016002000807640B00B002002
:106C6000A01F002030210020801C0020003C1CC6FA
:106C700000000020B01C0020101E0020401E00203C
:106C8000D01F002060210020000014400000F03FD1
:106C900010B5654C2368DB0703D5644B93F83C20A3
:106CA000C2B92368990704D5614B93F83C20002AA8
:106CB00058D123685B0704D55E4B93F83C20002A2B
:106CC00036D12368190704D55B4B93F83C20002A82
:106CD00062D110BDD3F864219007E2D5D3F86431B6
:106CE00013F0080F554B72D193F8A4104B1E0B2BC9
:106CF000D7D853480BF032FC0028D2D003681B6968
:106D000098470028CDD04F4810F0CEF821694E4862
:106D10000EF05AFD21694D480EF056FD21694C4890
:106D20000EF052FD21694B48BDE810400EF04CBDFD
:106D3000D3F864219007C4D5D3F8643113F0080F59
:106D40003E4B5AD193F8A6104B1E0B2BB9D83C489A
:106D50000BF004FC0028B4D003681B699847002896
:106D6000AFD0D0E7D3F864219207A2D5D3F864312D
:106D700013F0080F314B35D193F8A5104B1E0B2B98
:106D800097D82F480BF0EAFB002892D003681B69C4
:106D9000984700288DD0B6E7D3F86421920700D435
:106DA00010BDD3F8643113F0080F244B30D193F8A1
:106DB000A7104B1E0B2B8CD821480BF0CFFB0028C3
:106DC00087D003681B69984700289CD110BD93F8B1
:106DD000A0104B1EDBB2FD2B3FF663AF0C293FF634
:106DE00060AF86E793F8A1104B1EDBB2FD2B3FF698
:106DF00060AF0C293FF65DAFC3E793F8A2104B1EBE
:106E0000DBB2FD2B3FF65DAF0C293FF65AAF9EE794
:106E100093F8A3104B1EDBB2FD2B3FF65AAF0C29A3
:106E20003FF657AFC8E700BF00000020801C0020DD
:106E3000101E0020A01F002030210020000B002089
:106E40000C2C0020B00B0020B01C0020401E0020A5
:106E5000D01F00206021002010B52B4C0123246896
:106E60008340234201D1002010BD8A42044625DC24
:106E7000F9DA264B234493F8A4104B1EDBB2FD2B0A
:106E8000F1D80C29EFD822480BF068FB0028EAD093
:106E900003681B6998470028E5D0032C94BF1D4860
:106EA0001D4B1E4A98BF00EB84004FF0200198BF95
:106EB00003691B4831F08AF8194810BD134B23446D
:106EC00093F8A0104B1EDBB2FD2BCCD80C29CAD8EE
:106ED0000F480BF043FB0028C5D003681B69984797
:106EE0000028C0D0032C94BF0A480B4B0D4A98BF12
:106EF00000EB84004FF0200198BF0369084831F08F
:106F000065F8074810BD00BF00000020000B0020FE
:106F10000C2C002008DD030094E903003CDD030095
:106F2000E016002028DD03002DE9F041564D2C68C5
:106F3000E70782B00E4629D41BB9002002B0BDE895
:106F4000F0812B689A07F8D5504D2B78002B7FD114
:106F50004F4C4F483146002207F092FE0028ECD1FA
:106F600094F80031002B71D0D4F864319B0553D4D0
:106F7000D4F86421474B484812F0100F08BF184658
:106F80002B78002BD9D102B0BDE8F081DFF8148155
:106F900098F80011074601B3D8F8641188051CD48D
:106FA000D8F86411C90618D4A00716D5384C94F83F
:106FB000001191B1D4F8641189050ED4D4F864118C
:106FC000C8060AD432463946344810F029FD002854
:106FD000B3D1334802B0BDE8F081002AACD02B4ACF
:106FE0001278DAB9394600222E48019307F048FE9C
:106FF000019B0028A0D198F80031002B40D0D8F890
:10700000643199053ED4D8F86421224B224812F00D
:10701000100F08BF184691E71F48B1E72248BFF399
:107020005B8F002250E8001F40E80024002CF9D1BB
:10703000BFF35B8F98F80021002AD3D1A0F5BA7076
:107040000121019306F0F2FF019BCBE7174897E778
:10705000174CBFF35B8F002354E8002F44E8003146
:107060000029F9D1BFF35B8FA4F5BA7494F800310D
:10707000002B7FF46EAF0121204606F0D7FF68E7B2
:107080000A485BE7044859E700000020000B002095
:10709000101E002088DD030078DD0300B00B002007
:1070A00064DD0300801C0020F41D002050DD03007F
:1070B000841F0020000000002DE9F04F85B09A46A3
:1070C0000F9B9DF83850019390469DF84060119FAA
:1070D000C8B9B8F1000F2CD1002D3ED1002E00F020
:1070E00030819D4B1B68190704D59C4C94F859506E
:1070F000002D6CD19A4B596C3A46032005B0BDE87F
:10710000F04FFFF7A9BE944B1B68DA07894605D5F7
:10711000924C94F859B0BBF1000F2CD1914B4A46D8
:10712000596C0020FFF798FE0028D2D005B0BDE8CA
:10713000F08F894B1B689B0706D5884C94F859B093
:10714000BBF1000F40F09680874B5246596C0120EE
:10715000FFF782FE0028E9D1BEE77F4B1B685C0782
:1071600000F11281814B019A596C0220FFF774FEE5
:107170000028DBD1B2E704F53C6393ED007B0022ED
:10718000002351EC170B8DED027B2EF085F90028C2
:1071900000F0A7809FED6C7B8DED027B1BF0010F53
:1071A00036D06BA3D3E90023D4E918012DF058FDA4
:1071B000DDE902232EF098F950B36D4B6D4A6E480D
:1071C000202130F003FF6C4805B0BDE8F08F04F5D6
:1071D0003C63D3E9068900220023404649462EF04D
:1071E0005BF9002800F08D804FF000084FF0000997
:1071F0006A062AD556A3D3E90023D4E91E012DF04F
:107200002FFD42464B462EF06FF9F0B15B4BD5E7B0
:107210001BF0020F82D04EA3D3E90023D4E9200152
:107220002DF020FD02460B46DDE902012EF05CF94F
:1072300000283FF473AF4E4B514A4F48202130F0A5
:10724000C5FE4D4805B0BDE8F08FEB093FF452AFE5
:107250003FA3D3E90023D4E926012DF003FD024624
:107260000B46404649462EF03FF900283FF442AF16
:10727000424BE1E704F53C63D3E902890022002395
:10728000404649462EF008F900284AD04FF0000841
:107290004FF000091BF0040F0BD02DA3D3E90023FE
:1072A000D4E91A012DF0DCFC42464B462EF01CF9C5
:1072B000A8B91BF0080F3FF447AF25A3D3E900237B
:1072C000D4E922012DF0CEFC02460B464046494649
:1072D0002EF00AF900283FF437AF2A4BACE7294BD0
:1072E0006CE748462DF00AFEDDE902232DF096FFFB
:1072F00004F54063D3E900232DF0B2FCCDE902018F
:107300004CE738462DF0FAFD42464B462DF086FFFD
:1073100004F54063D3E906232DF0A2FC804689469C
:1073200066E750462DF0EAFD42464B462DF076FFCB
:1073300004F54063D3E902232DF092FC8046894690
:10734000A8E73046F2E600BF0000000000000000A1
:107350008DEDB5A0F7C6B03E00000020000B002068
:1073600030210020801C0020101E0020A01F0020C3
:1073700094DA030098DD0300E016002010DC03001F
:10738000ACDD0300ECDB0300274C94F85950002DD2
:107390003FF4E8AE04F53C63D3E9048900220023FE
:1073A000404649462EF078F840B34FF000084FF0C1
:1073B0000009E8060BD51AA3D3E90023D4E91C0180
:1073C0002DF04EFC42464B462EF08EF8A0B9AB068F
:1073D0007FF5C8AE12A3D3E90023D4E924012DF030
:1073E00041FC02460B46404649462EF07DF80028F7
:1073F0003FF4B8AE0D4B1FE70C4BDFE601982DF0C4
:107400007DFD42464B462DF009FF04F54063D3E96C
:1074100004232DF025FC80468946CAE7AFF300809F
:107420008DEDB5A0F7C6B03E000B0020A0DA03003A
:10743000002A40F38680F0B5032883B02BD8814B17
:1074400053F82040002C00F0FB80656C01B95242DB
:107450000128154422D9002C00F0D9807A4B1B78E2
:10746000002B73D1236829469B6A00222046984747
:10747000D8B994F80031002B65D0D4F864319D055B
:1074800036D4D4F86421714B714812F0100F08BF44
:10749000184603B0F0BD00242546D7E76D4B38B938
:1074A0006D4C1968626CCC0767D4002003B0F0BD46
:1074B00019686A4ECA07776C1DD42A461B689B0759
:1074C000F3D5614D2B78002B40F08780624C6248E9
:1074D0001146002207F0D4FB0028E6D194F80031D1
:1074E000002B51D0D4F864319E0553D558484CE058
:1074F000574803B0F0BD96F80021002ADDD02A4697
:10750000D6F86441A5054ED4D6F86441E40601D40A
:1075100089074BD40028D1D14B4B1B78002B78D155
:10752000394600224D4807F0ABFB0028BDD196F844
:10753000003143B1D6F864319F05D9D4D6F864211F
:10754000A1E747487047474803B0F0BD04F5BA7358
:107550000022BFF35B8F53E8001F43E800200028A0
:10756000F9D1BFF35B8F94F80031002B7FF47AAF31
:107570000121204606F05AFD74E7384E96F8004186
:107580002F46002CBCD1C7E736482B78002B8CD176
:1075900003B0F0BDD4F864212C4B2D4812F0100F2D
:1075A00008BF1846F1E70028B6D087E72A4C94F8C0
:1075B00000110029AED0D4F864118D05F3D4D4F8AD
:1075C0006411C906A6D43946274810F029FA0028C4
:1075D0007FF46BAF254803B0F0BD254CBFF35B8F44
:1075E000002354E8001F44E800300028F9D1BFF31D
:1075F0005B8FA4F5BA7494F80031002B7FF467AF69
:1076000001212046019206F011FD019A5FE7194819
:107610004CE71948BFF35B8F002350E8002F40E888
:1076200000310029F9D1BFF35B8F96F80031002BB0
:107630007FF476AFA0F5BA70012106F0F7FC6FE792
:10764000254603E708DD0300000B002088DD03006A
:1076500078DD030000000020101E0020801C0020A8
:10766000C0DD030050DD0300B00B002064DD03002B
:10767000841F0020D0DD0300F41D0020014B93F88F
:1076800058007047000B00202DE9F04F5E4C5F4919
:107690005F4B604D604FEF604FF000084FF0000906
:1076A00004F5406600200022C6E90089C6E9028987
:1076B000C6E90489C6E906894FF44876A3B0C4E94F
:1076C0000601C4E90801C4E90A01C4E90C01C4E9DE
:1076D0000E23C4E91023C4E91223C4E9142366600D
:1076E000A660E66026610320002646F67812DFF8E1
:1076F0005091286001233146AA604FF00008802293
:1077000002A82B71667084F8A860A670267084F8B1
:10771000206C84F8586084F8A96084F85960C4F833
:10772000A060C4F8A460C5E906892F6130F08EF925
:107730000BF098FC02AB802231460BF0C3FC374BB8
:10774000029A9A4200F0D881002384F8A930344B81
:107750000A22186802210DF08FFB002131480BF03E
:1077600093FE94F8A0104B1E0B2B40F2068394F866
:10777000A4104B1E0B2B40F2E58294F8A1104B1E77
:107780000B2B40F2EF8294F8A5104B1E0B2B40F20E
:107790008E8294F8A2104B1E0B2B40F2988294F824
:1077A000A6104B1E0B2B40F2A28294F8A3104B1E86
:1077B0000B2B40F2AC8294F8A7104B1E0B2B40F21F
:1077C000B682194B19481A4F1A4E00214FF0020881
:1077D00083F8068006F02AFC0021174806F026FCF4
:1077E0003846002106F022FC3046002106F01EFC3F
:1077F000114A0E4911480FF099FA824610BB5046C3
:1078000023B0BDE8F08F00BF000B00200000144043
:107810000000F03F0000002090D0030043494143A6
:107820004C2E0020808D5B0090230020801C0020C7
:10783000A01F002030210020101E0020B00B0020CF
:1078400000407F4094ED0E1B424694ED060B6168AC
:107850009F4810F013FA94ED101B424694ED080B6C
:10786000A1689B4810F03EFA424694ED121B94ED3D
:107870000A0BE168384606F0C5FD0622216994ED41
:10788000141B9FED910B304606F0BCFD94ED067B7A
:107890000022002351EC170B8DED007B2DF010FE24
:1078A000002840F0FF81D4E90E89002200234046E1
:1078B00049462DF005FE002840F0EF816068DFF8B2
:1078C00034B22DF00BFB42464B462DF07DFBDDE93B
:1078D00000232DF0A3FCD4E90889CBE900010022A4
:1078E0000023404649462DF0EBFD002840F0D081B2
:1078F00094ED107B0022002351EC170B8DED007BE3
:107900002DF0DEFD002840F04382A0682DF0E6FA5D
:10791000DDE900232DF058FB42464B462DF07EFC5E
:10792000D4E90A89CBE902010022002340464946F6
:107930002DF0C6FD002840F0308294ED127B00222D
:10794000002351EC170B8DED007B2DF0B9FD0028C5
:1079500040F08481E0682DF0C1FADDE900232DF0CC
:1079600033FB42464B462DF059FCD4E91489CBE950
:10797000040100220023404649462DF0A1FD0028C5
:1079800040F0678120692DF0A9FA42464B462DF060
:107990001BFB504B00222DF041FC0022CBE90601DD
:1079A00011464B4810F0D2F94B4B93F8D800002207
:1079B000012102287A64726484F81C1B07D04748AE
:1079C00083F87B110222C3F8F00083F8D820042248
:1079D0004FF00108C3F8E82083F8E480A968404824
:1079E0000DF01EFFE9683E480DF042FF29693C4852
:1079F0000DF056FF3B4B93F8D820022A07D03749A9
:107A000083F87B810222C3F8F01083F8D820042287
:107A10004FF00108C3F8E82083F8E480A9683248F1
:107A20000DF0FEFEE96830480DF022FF29692E486E
:107A30000DF036FF97F8D830022B07D0274A87F889
:107A40007B810223C7F8F02087F8D83004234FF059
:107A50000108C7F8E830A968244887F8E4800DF0E9
:107A6000DFFEE96821480DF003FF29691F480DF08A
:107A700017FF96F8D830022B07D0184A86F87B817A
:107A80000223C6F8F02086F8D83004220123C6F875
:107A9000E82086F8E430A96815480DF0C1FEE968D1
:107AA00013480DF0E5FE296911480DF0F9FEAA68AA
:107AB000EB68C4F8402B5046C4F8443B23B0BDE803
:107AC000F08F00BFAFF30080000000000080764020
:107AD000B00B002000807640801C0020003C1CC6BB
:107AE000B01C0020101E0020401E0020D01F0020CF
:107AF00060210020C0160020BDF80C30012B00F0E2
:107B0000B280022B66D0032B00F04C81042B7FF453
:107B10001BAEBDF80E307F2B7FF616AE02A8FEF727
:107B2000B3FC00283FF410AE9DF8583084F859306B
:107B300017982DF0F5F9C4E918011B982DF0F0F90C
:107B40009DF87C209DF8803084F8A02084F8A43033
:107B5000C4E9200118982DF0E3F9C4E91A011C9832
:107B60002DF0DEF99DF87D209DF8813084F8A1206C
:107B700084F8A530C4E9220119982DF0D1F9C4E99F
:107B80001C011D982DF0CCF99DF87E209DF88230C7
:107B900084F8A22084F8A630C4E924011A982DF0B4
:107BA000BFF9C4E91E011E982DF0BAF99DF8843082
:107BB0009DF87F609DF8832084F8A360A3F1010302
:107BC000B3FA83F35B09C4E9260184F8A83084F88A
:107BD000A72059E0BDF80E30732B7FF6B5AD02A893
:107BE000FEF752FC00283FF4AFAD9DF8583084F802
:107BF000593017982DF094F9C4E918011B982DF00D
:107C00008FF9C4E9200118982DF08AF9C4E91A0106
:107C10001C982DF085F9C4E9220119982DF080F9FE
:107C2000C4E91C011D982DF07BF9C4E924011A98C0
:107C30002DF076F9C4E91E011E982DF071F9C4E902
:107C40002601C4F8A060C4F8A460002384F8A8301A
:107C50001AE04FF00008DFF8149293E69FED7E7B68
:107C60008DED007B76E6BDF80E304F2B7FF66CADC8
:107C700002A8FEF709FC00283FF466AD84F85960BD
:107C8000C4F8A060C4F8A460012384F8A9305EE5BC
:107C90004FF00008DFF8D8912AE64FF00008DFF82F
:107CA000CC910BE69FED6E7B8DED007BFBE56E4886
:107CB0000AF054FC00283FF46CAD036802215B68B5
:107CC000984794F8A2104B1E0B2B3FF668AD664800
:107CD0000AF044FC00283FF462AD036802215B68AF
:107CE000984794F8A6104B1E0B2B3FF65EAD5E48EE
:107CF0000AF034FC00283FF458AD036802215B68A9
:107D0000984794F8A3104B1E0B2B3FF654AD5648E2
:107D10000AF024FC00283FF44EAD036802215B68A2
:107D2000984794F8A7104B1E0B2B3FF64AAD4E48D0
:107D30000AF014FC00283FF444AD036802215B689C
:107D400098473EE548480AF009FC00283FF415AD85
:107D5000036802215B68984794F8A1104B1E0B2B17
:107D60003FF611AD40480AF0F9FB00283FF40BAD97
:107D7000036802215B68984705E53B480AF0EEFB83
:107D800000283FF4F4AC036802215B689847EEE4F6
:107D90009FED317B8DED007BB7E54FF00008DFF8FC
:107DA000D090CAE5BDF80E307B2B7FF6CDAC02A893
:107DB000FEF76AFB00283FF4C7AC9DF8583084F802
:107DC000593017982DF0ACF8C4E918011B982DF024
:107DD000A7F89DF87C209DF8803084F8A02084F8D6
:107DE000A430C4E9200118982DF09AF8C4E91A01CA
:107DF0001C982DF095F89DF87D209DF8813084F831
:107E0000A12084F8A530C4E9220119982DF088F842
:107E1000C4E91C011D982DF083F89DF87E209DF883
:107E2000823084F8A22084F8A630C4E924011A988C
:107E30002DF076F8C4E91E011E982DF071F89DF81A
:107E40007F209DF8833084F8A320C4E9260184F8BC
:107E5000A730FAE6AFF30080000000000000F03F1A
:107E600000000000000014400C2C00200000F03F37
:107E7000000014402DE9F041154CDFF86480154FE7
:107E8000154E164D04F1B0000EF07CFF404606F092
:107E900083F94046002106F0C9F8384606F07CF91F
:107EA0003846002106F0C2F8304606F075F9304633
:107EB000002106F0BBF8284606F06EF9284600219E
:107EC00006F0B4F8002084F8200CBDE8F08100BF73
:107ED000000B0020101E0020A01F002030210020D9
:107EE000801C002010B50B4C0B480EF0DDFF216903
:107EF0000A480DF069FC216909480DF065FC21690B
:107F000008480DF061FC216907480DF05DFC002078
:107F100010BD00BF00000020B00B0020B01C0020EE
:107F2000401E0020D01F0020602100202DE9F041DC
:107F3000164CDFF86880164F164E174D04F1B0004E
:107F40000EF020FF404606F027F94046002106F0DB
:107F50006DF8384606F020F93846002106F066F83C
:107F6000304606F019F93046002106F05FF8284641
:107F700006F012F92846002106F058F801230020E7
:107F800084F8583084F8200CBDE8F081000B002004
:107F9000101E0020A01F002030210020801C002087
:107FA00008B5837C43B190F8B4200B4B1A7042B9EA
:107FB000FEF75CFB002008BDC37C4BB9064B0122D9
:107FC0001A70002283F85820FEF750FB002008BDED
:107FD00090F8B520E9E700BF000B0020000000008A
:107FE000827C2DE9F041044632B190F8B4309D4DC9
:107FF0002B70002B40F0EC82267D1EB9667D002E92
:1080000000F05B8394F82030002B40F0C58294F898
:108010002170002F00F0E08232B146B96FB9FEF74F
:1080200025FB0020BDE8F081002E00F0C5828D4DBB
:1080300095F8202C002A40F0C88294F8282052B1EC
:1080400094F848213AB1874D002285F85920C5F8A7
:10805000A020C5F8A42094F829204AB194F8492119
:1080600032B1804D95F8592022F0010285F859204F
:1080700094F82A204AB194F84A2132B1794D95F802
:10808000592022F0020285F8592094F82B204AB199
:1080900094F84B2132B1734D95F8592022F0040227
:1080A00085F8592094F82C204AB194F84C2132B12B
:1080B0006C4D95F8592022F0080285F8592094F863
:1080C0002D204AB194F84D2132B1664D95F85920D2
:1080D00022F0100285F8592094F82E204AB194F825
:1080E0004E2132B15F4D95F8592022F0200285F8DB
:1080F000592094F82F204AB194F84F2132B1594DAC
:1081000095F8592022F0400285F8592094F8302043
:108110004AB194F8502132B1524D95F8592002F0ED
:108120007F0285F8592073B14E4D6B78012BD4E94D
:10813000420100F0128395F85930C5E9180143F067
:10814000010385F8593094F8213073B1454D6B78AF
:10815000012BD4E9440100F0068395F85930C5E9B4
:10816000200143F0020385F8593094F8223073B1AE
:108170003C4D6B78012BD4E9460100F0FA8295F86A
:108180005930C5E91A0143F0040385F8593094F8D1
:10819000233073B1334D6B78012BD4E9480100F0E3
:1081A000EE8295F85930C5E9220143F0080385F8BD
:1081B000593094F8243073B12A4D6B78012BD4E9EF
:1081C0004A0100F0B48295F85930C5E91C0143F02A
:1081D000100385F8593094F8253073B1214D6B7830
:1081E000012BD4E94C0100F0A88295F85930C5E97B
:1081F000240143F0200385F8593094F826307BB1F0
:10820000184D95F8A830012BD4E94E0100F09B825F
:1082100095F85930C5E91E0143F0400385F85930FF
:1082200094F827307BB10F4D95F8A830012BD4E995
:10823000500100F08D8295F85930C5E9260163F0B0
:108240007F0385F8593094F831309BB1D4F854311C
:108250006BB1FF2B0AD00C2B40F2B7820248BDE86D
:10826000F08100BF000B0020FCDD03000023744DF3
:1082700085F8A03094F83230002B40F08F8194F8CC
:1082800033305BB1D4F85C312BB1FF2B00F0A1820D
:108290000C2BE3D8DBB26A4D85F8A13094F834306A
:1082A0005BB1D4F860312BB1FF2B00F094820C2B22
:1082B000D4D8DBB2624D85F8A53094F835305BB187
:1082C000D4F864312BB1FF2B00F087820C2BC5D87A
:1082D000DBB25B4D85F8A23094F836305BB1D4F850
:1082E00068312BB1FF2B00F057820C2BB6D8DBB2D4
:1082F000534D85F8A63094F837303BB1D4F86C3143
:10830000002B40F042824E4D85F8A33094F838306F
:10831000002B00F05882D4F870312BB1FF2B00F005
:108320003D820C2B9AD8DBB2454D85F8A73095F8E5
:10833000A0104B1E0B2B40F2B68295F8A4104B1EDA
:108340000B2B40F2A58295F8A1104B1E0B2B40F28F
:10835000948295F8A5104B1E0B2B40F2838295F862
:10836000A2104B1E0B2B40F2728295F8A6104B1EEA
:108370000B2B40F2618295F8A3104B1E0B2B40F2A1
:108380003B8295F8A7104B1E0B2B40F22A8295F8E2
:1083900059802C4A08F003030221032B91710DD15F
:1083A00025A3D3E90023D5E920012CF05BFCD5E916
:1083B00018232DF07BF8002840F0F28108F00C0320
:1083C0000C2B0DD11CA3D3E90023D5E922012CF0FD
:1083D00049FCD5E91A232DF069F8002840F0ED8119
:1083E00008F03003302B0DD113A3D3E90023D5E9D6
:1083F00024012CF037FCD5E91C232DF057F8002878
:1084000040F0DD8108F0C008B8F1C00F0FD10AA319
:10841000D3E90023D5E926012CF024FC02460B46C3
:10842000D5E91E012DF060F8002840F0CA815EB940
:10843000002F7FF4F4AD07E08DEDB5A0F7C6B03E98
:10844000000B00209023002095F8203C002B40F0EA
:10845000BC80237D13B1D4F8B8306B60637D13B159
:10846000D4F8BC30AB60A37D13B1D4F8C030EB605E
:10847000E37D13B1D4F8C4302B61237E53B1D4E92A
:10848000326700220023304639462DF02DF808B11E
:10849000C5E90667637E53B1D4E93467002200233F
:1084A000304639462DF020F808B1C5E90867A37EAB
:1084B00053B1D4E9366700220023304639462DF007
:1084C00013F808B1C5E90A67E37E53B1D4E9386708
:1084D00000220023304639462DF006F808B1C5E9E0
:1084E0000C67237F53B1D4E93A670022002330465A
:1084F00039462CF0F9FF08B1C5E90E67637F53B127
:10850000D4E93C6700220023304639462CF0ECFFCA
:1085100008B1C5E91067A37F53B1D4E93E670022D3
:108520000023304639462CF0DFFF08B1C5E9126759
:10853000E37F53B1D4E94067002200233046394637
:108540002CF0D2FF08B1C5E91467637B1BB1B24BB5
:10855000D4F8A0209A60A37B1BB1AF4BD4F8A42021
:10856000DA60E37B1BB1AC4BD4F8A8201A61237C02
:1085700033B1D4F8AC30A84A0F2B28BF0F231360B7
:10858000637C33B1D4F8B030A34A032B28BF012356
:108590001371FEF701FA42E51F463DE5D4F8583164
:1085A00033B1FF2B00F013810C2B3FF657AEDBB23B
:1085B0009A4D85F8A43062E6984D95F8202C002A53
:1085C0003FF43BAD002F7FF438AD9548BDE8F08116
:1085D000002385F858300FE594F82270002F7FF4BF
:1085E0001BAD94F82370002F7FF416AD94F824701F
:1085F000002F7FF411AD94F82570002F7FF40CAD9F
:1086000094F82670002F7FF407AD94F82770002FA0
:108610007FF402AD94F82870002F7FF4FDAC94F83D
:108620002970002F7FF4F8AC94F82A70002F7FF4A3
:10863000F3AC94F82B70002F7FF4EEAC94F82C7010
:10864000002F7FF4E9AC94F82D70002F7FF4E4AC98
:1086500094F82E70002F7FF4DFAC94F82F70002F69
:108660007FF4DAAC94F83070002F7FF4D5AC94F836
:108670003170002F7FF4D0AC94F83270002F7FF46B
:10868000CBAC94F83370002F7FF4C6AC94F8347000
:10869000002F7FF4C1AC94F83570002F7FF4BCAC90
:1086A00094F83670002F7FF4B7AC94F83770002F31
:1086B0007FF4B2AC94F83870AEE4A67D002E7FF45F
:1086C000A1ACE67D002E7FF49DAC267E002E7FF4CB
:1086D00099AC667E002E7FF495ACA67E002E7FF4CA
:1086E00091ACE67E002E7FF48DAC267F002E7FF4C9
:1086F00089AC667F002E7FF485ACA67F002E7FF4C8
:1087000081ACE67F002E7FF47DAC667B002E7FF48B
:1087100079ACA67B002E7FF475ACE67B002E7FF44F
:1087200071AC267C002E7FF46DAC667C6AE438A3C5
:10873000D3E900232CF048FC45E535A3D3E9002319
:108740002CF042FC51E50022364B2CF03DFC5FE55D
:108750000022344B2CF038FC6DE52DA3D3E9002327
:108760002CF032FCE7E42AA3D3E900232CF02CFC04
:10877000F3E427A3D3E900232CF026FCFFE424A391
:10878000D3E900232CF020FC0BE5FF2B27D00C2B8A
:108790003FF664ADDBB2B6E50023A9E50023C3E5EF
:1087A0000021214B214A224803EB810320211B6930
:1087B0002FF00CFC1E48BDE8F0810121F1E70221F9
:1087C000EFE70321EDE7154DB1E5DBB24FE50023FF
:1087D000EEE600235FE500236CE5002379E5002346
:1087E00091E5144809F0BAFE00283FF4D0AD0368C3
:1087F00002215B689847CAE50E4809F0AFFE0028E1
:108800003FF4BFAD036802215B689847B9E500BF3C
:10881000666666666666394000000020000B002030
:10882000E0DD03000080764008DD030010DE030079
:10883000E01600200C2C0020204809F08FFE0028B4
:108840003FF499AD036802215B68984793E51B48A4
:1088500009F084FE00283FF488AD036802215B68BC
:10886000984782E5154809F079FE00283FF477AD76
:10887000036802215B68984771E5104809F06EFEB5
:1088800000283FF466AD036802215B68984760E505
:108890000A4809F063FE00283FF455AD0368022141
:1088A0005B6898474FE5054809F058FE00283FF4FB
:1088B00044AD036802215B6898473EE50C2C00201C
:1088C000C37AABB110B500F18E0482B020461049D6
:1088D0002FF0FAFBA8B10F4920462FF0F5FB48B165
:1088E00020460D492FF0F0FB20B10C4802B010BD1E
:1088F0000B4870470B4B01225A70FDF7B7FE002062
:10890000F4E7084B01905870FDF7B0FE0198EDE7D1
:1089100050DE030048DE030054DE030034DE0300B3
:1089200024DE0300000B0020C37A13B310B500F15E
:108930008E04204618492FF0C7FBE0B117492046A6
:108940002FF0C2FBB8B1164920462FF0BDFB90B105
:10895000144920462FF0B8FBA8B1134920462FF048
:10896000B3FB80B1204611492FF0AEFB58B110483F
:1089700010BD10487047104B002483F8A840FDF745
:1089800075FE204610BD0C4B012283F8A820FDF790
:108990006DFE002010BD00BF74DE030078DE030012
:1089A00080DE030088DE03008CDE030098DE030017
:1089B00058DE030024DE0300000B0020037B83B19C
:1089C00010B500F1960482B020460E492FF07CFBD2
:1089D00048B120460C492FF077FB58B10B4802B044
:1089E00010BD0B4870470B4B01909870FDF73EFE91
:1089F0000198F4E7074B019001229A70FDF736FECB
:108A00000198ECE7C8DE0300C4DE0300B0DE03001B
:108A1000A0DE0300000B00202DE9F0433A4C94F84F
:108A2000205CC1B01DB1394841B0BDE8F083384B7E
:108A3000384FDFF8E890DFF8E8E0657000220026A4
:108A400000200021C4E90623C4E90823C4E90A235D
:108A5000C4E90C23304B84F8A85004F54062C2E905
:108A60000001C2E90201C2E90401C2E90601C4E948
:108A70000E674FF4487246F678100121C4E910677A
:108A8000C4E91267C4E914674FF000080326C3F86D
:108A90000CE098601971C3F810E0C3E906891E6004
:108AA0006260A260E2602261A570257084F859506E
:108AB000C4F8A050C4F8A450FDF76EFF80222946E8
:108AC00068462EF0C3FF8022294620A82EF0BEFF64
:108AD0000AF0C8FA8022294620AB0AF0F3FA20A84F
:108AE000694680222EF084FE10B984F8A9009BE725
:108AF0000AF0B8FA6B46802229460AF0A7FB84F8F0
:108B0000A950284690E700BF000B0020CCDE0300F0
:108B1000000014400000F03F0000002000407F40B3
:108B200090D00300000000002DE9F04F03788BB0D7
:108B300004900593002B40F0938042780692002A1F
:108B400000F0CE808E4B4FF0000B93F8A8200992D6
:108B50001BF0FF055A78089203F5406307935C46C3
:108B60004FF0010A4FF000084FF0000933D1059B88
:108B7000002B43D0049B93ED127B8DED027B814B48
:108B8000E400234493ED007B42464B4651EC170B27
:108B90008DED007B2CF080FC002874D046464F46BB
:108BA000089B012B00F0C480DDE9022330463946E2
:108BB0002CF056F8079B1C44C4E90001BAF1030FDE
:108BC000544649DC0BF1010B0AF1010A1BF0FF05C9
:108BD0005FFA8AFACBD0012D0CD0022D40F08880AC
:108BE000049EB378002B61D1069B002B00F0B0806F
:108BF0005446E7E7049A5378002B4DD1069B002B8F
:108C0000DCD1604BE400234493ED007B42464B46AD
:108C100051EC170B8DED007B2CF03EFC002840D171
:108C2000032D2ED9CDE9028940464946DDE90023CE
:108C30002CF0F4FA06460F46032DB1D1099B012B07
:108C4000B2D1DDE9020100224F4B2CF0BDF9CDE994
:108C50000201A9E7069B2BB100200BB0BDE8F08F05
:108C600006936FE7474BE400234493ED007B4246B5
:108C70004B4651EC170B8DED007B2CF00DFC0028C2
:108C800063D1CDE90289414B53F82B30002B59D0E9
:108C9000586C2CF033F9C9E792ED147B8DED027B13
:108CA0006DE7CDE9028946464F46C5E7354BE400FE
:108CB000234493ED007B8DED007B51EC170B96ED7B
:108CC000167B42464B468DED027B2CF0E5FB0028DF
:108CD0007FF464AF2D4B53F82B30002BD8D131E00B
:108CE00083780693002B7FF42DAFC378069329E792
:108CF000032D83D1049EF378002BABD0214BE400ED
:108D0000234493ED007B8DED007B51EC170B96ED2A
:108D1000187B42464B468DED027B2CF0BDFB0028B4
:108D2000B1D0099B012B46464F467FF43DAF88E703
:108D3000DDE9020110A3D3E900232CF045F9CDE9C8
:108D4000020131E74046494670E7CDE90289E8E78C
:108D50000C4BE400234493ED007B42464B4651EC20
:108D6000170B8DED007B2CF097FB002889D0CDE907
:108D7000028946464F4613E7666666666666394070
:108D8000000B0020C01600200080764008DD0300A4
:108D90002DE9F04F90F8394087B0002C63D0D0F81F
:108DA00074410C2C03D9314807B0BDE8F08FE4B210
:108DB000A146164688462E4A314640462FF006F90F
:108DC000051E3CDBAFB2B74239DA4C4505941DDDD8
:108DD00039E004280CBF18460846059A2549264B59
:108DE0000290A242A8BF0B468DE81004234AF11B53
:108DF00008EB05002FF0EAF801340028E4B222DB8A
:108E00000544AFB2BE421EDD4C451CDC21461C4869
:108E100009F0A4FB8346D8B103681B699847DBF8C7
:108E2000003010F1000A1B68584618BF4FF0010AC5
:108E300098470228134B1449CBD11448CDE70020A2
:108E400088F80000B0E7BB1C9E4204DC0020ABE7C2
:108E500082460F48C1E7F11B08EB05000D4A2FF0D1
:108E6000B5F80020A0E74FF00C09A2E700DF0300EF
:108E70000CDF0300A8160400FCDE030018DF03006B
:108E80000C2C0020F0DE0300F4DE030054DE0300AF
:108E9000E8DE03003CDF030038B590F8393053B109
:108EA00090F83A302BB1D0F87411052905D9334820
:108EB00038BD334838BD334838BD334B93F8A050E4
:108EC0006C1EE4B2FD2CCAB201D8AA4251D093F86C
:108ED000A4506C1EE4B2FD2C01D8954249D093F801
:108EE000A1506C1EE4B2FD2C01D8AA4241D093F8E7
:108EF000A5506C1EE4B2FD2C01D8AA4239D093F8DB
:108F0000A2506C1EE4B2FD2C01D8AA4231D093F8D5
:108F1000A6506C1EE4B2FD2C01D8AA4229D093F8C9
:108F2000A3506C1EE4B2FD2C01D8AA4221D093F8C4
:108F3000A740631EDBB2FD2B01D8A24219D0044624
:108F400009B2124809F00AFB0546A0B12B680421BA
:108F50005B68984758B12B6894F878115B6928468C
:108F600098470B4B00280CBF1846002038BD094815
:108F700038BD094838BD094838BD00BF60DF03006F
:108F800050DF030040DF0300000B00200C2C00200A
:108F9000B4DF03009CDF030078DF030090DF0300F1
:108FA00010B50B4C0B480DF07FFF21690A480CF0FF
:108FB0000BFC216909480CF007FC216908480CF0FA
:108FC00003FC216907480CF0FFFB002010BD00BF27
:108FD00000000020B00B0020B01C0020401E00202C
:108FE000D01F00206021002070B5084A084D92F87B
:108FF0003A38084C92F8066B074A82B0002E08BF38
:109000002C4600942EF0E2FF02B070BD000B002051
:10901000CCDF0300C4DF0300D4DF0300F0B5194B3D
:10902000194A5F78194D93F802E0194E194C89B02E
:10903000002F18BF154693F8A9701A780195164BA2
:10904000164DBEF1000F18BF3446154E0294002A8B
:1090500014BF1A462A4636680392002F08BF2B46D3
:1090600042F28D3442F28E3542F28C3204930592F4
:109070000096079506940B4B0B4A2EF0A7FF09B0FC
:10908000F0BD00BF000B002048DE030050DE0300EF
:10909000C4DE0300C8DE0300C4DF0300CCDF03002E
:1090A00000000020F0DF0300F4DF030000000000F8
:1090B0002DE9F04FF5B0802281468A4654A8002160
:1090C0002EF0C4FC09F0CEFF54AB8022002109F041
:1090D000F9FFA54B549A9A4200F060814FF0000BC3
:1090E000A24C6778012FD4E9180100F0DF80D4E9A1
:1090F0002023CDE94C23D4E92223CDE94E23D4E922
:109100002423CDE94401CDE95023D4E91A0194F890
:10911000A0303C9394F8A430409394F8A1303D9350
:10912000CDE9460194F8A53094F8A8604193D4E9BC
:109130001C0194F8A2303E93012E94F8A63042937D
:10914000CDE94801D4E91E0100F0FD80CDE94A01D6
:10915000D4E9260194F8A930DFF81CC2844D94F8B4
:10916000A3E094F8A720002B0CBF63462B46BBF16D
:10917000000F00F09980BDF854B13B929DED505B1B
:109180009DED4E6B9DED4C7BCDE93201DDE94A0151
:109190008DED305B8DED2E6B8DED2C7B9DED485B69
:1091A0009DED466B9DED447BCDE92A0142993A91B4
:1091B0008DED285B8DED266B8DED247B41994098DC
:1091C0006C4A399138903E993D983691CDF8DCE063
:1091D000359010683C990290349194F800E094F82E
:1091E000028094F859C0CDF888C092ED067B94EDCA
:1091F000146B8DED0C7B60485D49DFF898C1BEF1C2
:10920000000F0CBF86468E4611690A91D1680991FC
:1092100094ED127B8DED206BD4E910018DED1E7B5A
:1092200094ED0E7BCDE91C01D4E90C018DED1A7B88
:1092300094ED0A7BCDE91801D4E908018DED167B88
:1092400094ED067BCDE914018DED127B216911911E
:10925000E1681091A168646848480F910E94916884
:109260000891474C474912790792B8F1000F08BF9F
:1092700084464548DFF82081CDF80CE0002F08BF78
:1092800021460F46012E14BF064646465146484623
:109290008DE82008CDF818C0049705963B4A2EF0BB
:1092A00095FE75B0BDE8F08F654666E72CA3D3E95F
:1092B00000232BF0B3FF2AA3D3E90023CDE9440117
:1092C000D4E920012BF0AAFF94F8A03094F8A45020
:1092D0003C93CDE94C0122A3D3E90023D4E91A0140
:1092E00040952BF09BFF1EA3D3E90023CDE9460157
:1092F000D4E922012BF092FF94F8A1303D93CDE9FF
:109300004E0117A3D3E9002394F8A5504195D4E961
:109310001C012BF083FF12A3D3E90023CDE9480100
:10932000D4E924012BF07AFF94F8A86094F8A220E5
:1093300094F8A6303E92012ECDE950014293D4E933
:109340001E017FF403AF0022114B2BF067FF0022B8
:10935000CDE94A010E4BD4E926012BF05FFFF9E677
:10936000666666666666394043494143000B0020E5
:10937000C4DF030000000020CCDF0300C8DE0300D0
:1093800050DE030048DE030074DE0300E8E1030062
:1093900000807640C4DE030088DE0300BDF854314F
:1093A000013B9BB2032B3FF699AEBDF85681B8F155
:1093B0004F0F94BF4FF0000B4FF0010B90E600BF32
:1093C00001480DF03BBA00BFB00B002000000000C8
:1093D0002DE9F04FB84DDFF8F482582283B0002118
:1093E00004462EF033FB95F8063B95F8202C2270AE
:1093F00033B903F0FF0195F83A38002B00F01481DF
:10940000D8F80030AD4FAE4EDFF8C492DFF8C4A2FA
:1094100003F0010001216170002840F047819A07A4
:1094200000F1DB80580700F1DF80190700F1E380CD
:1094300001232A78A370002A00F0E98098F804300C
:109440004FF0000B84F803B0002B40F08281002025
:10945000D8F800302A7884F83820DA0784F8390000
:1094600040F13C81D7F86421900504D4D7F86421F9
:10947000D10640F133810122227195F83A286271B8
:1094800095F8061B6A78A87884F8541095F8A8B067
:10949000D8F808106363D8F80C30DFF83C8284F801
:1094A0003200E163236484F8302084F831B0A56889
:1094B00098ED007B012AD7F87421D7F8F030636467
:1094C00045EA02058DED007B51EC170BA5604FF0CE
:1094D00000024FF0000300F04A812BF0DDFF00286E
:1094E00040F02581786C2BF009FDDDE900232BF09D
:1094F00095FE744FD7E900232BF0B2FBC4E90401B9
:1095000098ED027BD6F87421D6F8F030A3641543A9
:10951000A56051EC170B002200238DED007B2BF092
:10952000BBFF002840F00081706C2BF0E7FCDDE908
:1095300000232BF073FED7E902232BF091FBC4E943
:10954000060198ED047BD9F87421D9F8F030E36472
:109550001543A56051EC170B002200238DED007B15
:109560002BF09AFF002840F06581D9F844002BF0D9
:10957000C5FCDDE900232BF051FED7E904232BF0D5
:109580006FFBC4E90801D8E90689DAF87421DAF832
:10959000F03023651543A56040464946002200236C
:1095A0002BF07AFF002840F04281DAF844002BF0DB
:1095B000A5FC42464B462BF031FED7E906232BF0A3
:1095C0004FFBBBF1010F03D100223F4B2BF026FED6
:1095D000C4E90A0103B0BDE8F08F96F8F420012A2F
:1095E0003FF420AF002324E799F8F420012AF9D1B1
:1095F00019077FF51DAF9AF8F4302A78A3F101031B
:10960000B3FA83F35B09A370002A7FF417AF95F8D0
:1096100058B098F80430BBF1000F7FF413AF002B63
:1096200040F08880E37012E7D8F80030234F13F041
:1096300001000AD097F83C20002A40F01081D7F8AA
:10964000142132F47F4240F00A819A071C4E0AD559
:1096500096F83C20002A40F00A81D6F8142132F412
:109660007F4240F004815A07DFF864900AD599F8E8
:109670003C20002A40F00181D9F8142132F47F42C5
:1096800040F0FB801A07DFF84CA07FF5C4AE9AF8D3
:109690003C20002A40F0F580DAF8142132F47F42B1
:1096A00018BF0121617000283FF4B9AE97F8F4208B
:1096B000012A3FF4B4AE95E7000B0020801C002087
:1096C000101E0020001700200080764000000020BF
:1096D000A01F002030210020C01600209A0709D5C5
:1096E000D6F8642190053FF5C6AED6F86421D106C0
:1096F0003FF5C1AE5A0709D5D9F8642190053FF569
:10970000BAAED9F86421D1063FF5B5AE13F0080220
:109710003FF4B2AEDAF8642192053FF5ACAEDAF868
:109720006421C2F30012A7E60020002103E7002015
:109730000021DEE6564803F055FB98F80430012B73
:1097400000F08880022B7FF47DAE003018BF01202E
:10975000E0704F4803F046FB98F80430012B75D0B9
:10976000022B7FF474AE003018BF012070E62BF09E
:1097700093FE002861D1786C2BF0C0FBDDE900235B
:109780002BF04CFD434FD7E900232BF069FA3EA3A1
:10979000D3E900232BF042FDC4E9040198ED027BDC
:1097A000D6F87421D6F8F030A3641543A56051ECC7
:1097B000170B002200238DED007B2BF06DFE00289F
:1097C0003ED1706C2BF09AFBDDE900232BF026FDD7
:1097D000D7E902232BF044FA2BA3D3E900232BF083
:1097E0001DFDC4E9060198ED047BD9F87421D9F870
:1097F000F030E3641543A56051EC170B0022002301
:109800008DED007B2BF048FEE8B9D9F844002BF031
:1098100075FBDDE900232BF001FDD7E904232BF0D4
:109820001FFA19A3D3E900232BF0F8FCA9E60020C6
:109830000021C2E6002000219FE600200021A1E7D0
:1098400000200021C4E700200021E6E7B0FA80F004
:109850004009FDE5B0FA80F04009E07079E70122A7
:1098600062700D4EDFF83490DFF834A01EE701215E
:10987000DFF82890DFF828A0CDE50121DFF820A04F
:10988000C9E50121C7E500BF6666666666663940C0
:109890009023002000170020101E0020A01F002091
:1098A000302100202DE9F04FA1B080460AA889465A
:1098B000184CFFF78DFD9DF8596017489DF85A1018
:1098C000164B174A9DF85850012E18BF0446DDE983
:1098D0001467002918BF1A46DDE912AB4946CDE9E5
:1098E00008674046DDE90E67DDE9108901920D4BFE
:1098F0000D4A0094002D18BF1346CDE906ABCDE903
:109900000489CDE90267094A2EF060FB21B0BDE869
:10991000F08F00BF88DE030074DE0300C4DE0300A6
:10992000C8DE030050DE030048DE030084E30300CA
:109930002DE9F04F2DED028BC1B0012518902AA81A
:109940001991FFF745FD5B238DF868302C463BAF3E
:10995000594E9FED5A8ADFF894B10DF1680809E07D
:1099600048462EF033FB04443F2C554E20D8042D9E
:109970001ED00135F7EC017AF4EE487AC4F14001CB
:10998000F1EE10FA17EE900A33465A468A4608EB73
:109990000409E5D02BF0C4FA3346CDE90001494A69
:1099A000474E514648462EF011FB04443F2CDED969
:1099B000631C3F2B08D840AA144413445D210022A5
:1099C00004F8981C03F8982CCDF85880DDE9348908
:1099D0009DF8D8703C4E3D493D4A3E4B9DF8E050C5
:1099E0009DF8D9C09DF8AC409DF8FC009DF8E1E0E1
:1099F000CDE91489DDE93289002F18BF3146364F91
:109A0000364E0991002D14BF1D461546CDE9128929
:109A1000DDE93089BCF1010F0CBFBC46B4460495AA
:109A20009DF8DA602E4D2F4FCDF828C0002C14BFC2
:109A30001C461446002E18BF2F46CDE91089DDE9DB
:109A40002E8905949DF8AA509DF8A9409DF8AB6019
:109A50000B979DF8AD709DF8A8C00697002814BF1D
:109A6000184610462C9F0790BEF1000F14BF9E466B
:109A70009646002C14BF1C461446002D14BF1D46EC
:109A80001546002E14BF1E461646199918980897B9
:109A9000CDE90E89379F0C97BCF1000F08BF134624
:109AA000CDF80CE0104A8DE870002EF08FFA41B02E
:109AB000BDEC028BBDE8F08FA8160400003C1CC66C
:109AC000FCDE0300DCE3030048DE030050DE03009D
:109AD000CCDF0300C4DF030088DE030074DE030074
:109AE000C4DE0300C8DE0300E4E30300D4E30300A4
:109AF0002DE9F04F2DED028BC1B0012518902AA859
:109B00001991FFF765FC5B238DF868302C463BAF5D
:109B1000594E9FED5A8ADFF894B10DF1680809E0BB
:109B200048462EF053FA04443F2C554E20D8042DBD
:109B30001ED00135F7EC017AF4EE487AC4F1400109
:109B4000F1EE10FA17EE900A33465A468A4608EBB1
:109B50000409E5D02BF0E4F93346CDE90001494A88
:109B6000474E514648462EF031FA04443F2CDED988
:109B7000631C3F2B08D840AA144413445D210022E3
:109B800004F8981C03F8982CCDF85880DDE9348946
:109B90009DF8D8703C4E3D493D4A3E4B9DF8E05003
:109BA0009DF8D9C09DF8AC409DF8FC009DF8E1E01F
:109BB000CDE91489DDE93289002F18BF3146364FCF
:109BC000364E0991002D14BF1D461546CDE9128968
:109BD000DDE93089BCF1010F0CBFBC46B4460495E9
:109BE0009DF8DA602E4D2F4FCDF828C0002C14BF01
:109BF0001C461446002E18BF2F46CDE91089DDE91A
:109C00002E8905949DF8AA509DF8A9409DF8AB6057
:109C10000B979DF8AD709DF8A8C00697002814BF5B
:109C2000184610462C9F0790BEF1000F14BF9E46A9
:109C30009646002C14BF1C461446002D14BF1D462A
:109C40001546002E14BF1E461646199918980897F7
:109C5000CDE90E89379F0C97BCF1000F08BF134662
:109C6000CDF80CE0104A8DE870002EF0AFF941B04D
:109C7000BDEC028BBDE8F08FA8160400003C1CC6AA
:109C8000FCDE0300DCE3030048DE030050DE0300DB
:109C9000CCDF0300C4DF030088DE030074DE0300B2
:109CA000C4DE0300C8DE0300E4E30300D4E30300E2
:109CB00038B53A4C237803B138BD394D2B79B3BB55
:109CC00094F8063B7BBB94F83A3863BB2B68D80703
:109CD00008D5344A92F83C1029BBD2F8142132F44A
:109CE0007F4220D1990708D52F4A92F83C10D1B96C
:109CF000D2F8142132F47F4215D15A0708D52B4AE5
:109D000092F83C1079B9D2F8142132F47F420AD18A
:109D10001B07D1D5264B93F83C2022B9D3F8143138
:109D200033F47F43C8D0BDE83840FCF7B1BF2148C9
:109D300003F058F82B79012B2CD0022BC0D1003026
:109D400018BF01200028BBD01B480DF01BF8154898
:109D500004F022FA0021134804F068F9124804F0D4
:109D60001BFA0021104804F061F9104804F014FABD
:109D700000210E4804F05AF90D4804F00DFA0021B4
:109D80000B4804F053F90022012384F8202C84F8B6
:109D9000583038BDB0FA80F04009D3E7000B0020FE
:109DA00000000020801C0020101E0020A01F0020AA
:109DB0003021002090230020B00B00202DE9F84F27
:109DC00004468B461746984609F034FB3D4D012664
:109DD000A64082462C44A946FFF76AFF95F8583002
:109DE0001BB14FF0FF30BDE8F88F0A9B13B19847C5
:109DF0000028F6D13B78FBB1334B1B681E4246D09E
:109E0000BBF1000F02D094F8A01001E094F8A41068
:109E10004B1E0B2B3BD82D4808F0A0FB002836D05A
:109E200003681B699847002831D02948294E264DE0
:109E30000DF03AF800240FE0786840B303683A7AEE
:109E40001B6922B19847003018BF0120EBE7984703
:109E5000B0FA80F04009E6E756F82430013403F107
:109E6000300013B129690BF0AFFC042CF4D11A4C6B
:109E70000025FCF763FDD0B9FFF71AFF99F85830B9
:109E800020462946002BACD109F0FEFAF1E7FCF799
:109E900055FD78B9B8F1000F0FD009F0CBFAA0EB5F
:109EA0000A00804509D86FF00100BDE8F88F002056
:109EB000BDE8F88F0120BDE8F88F0748002109F0C0
:109EC000E3FA89E7000B0020000000200C2C0020A2
:109ED000B00B002008DD0300C0D4010038B5264ACD
:109EE000BFF35B8F002352E8001F42E800300028D8
:109EF000F9D1BFF35B8FBFF35B8F204A52E8001F9D
:109F000042E800300028F9D1BFF35B8FBFF35B8FCD
:109F10001B4A52E8001F42E800300028F9D1BFF385
:109F20005B8FBFF35B8F174A52E8001F42E8003097
:109F30000028F9D1BFF35B8F134C237823B10023A2
:109F400084F85830002038BD104D2B79002BF6D006
:109F50000F4802F047FF2B79012B07D0022BEED1DF
:109F6000003018BF01200028ECD1E8E7B0FA80F0FB
:109F700040090028E6D1E2E7F41D0020841F0020FC
:109F800014210020A4220020000B0020000000204B
:109F9000902300202DE9F8434F4D504C2B78002B97
:109FA0007DD0002285F85820002B62D02368D90785
:109FB0000DD49A0755D45F074BD41E070FD42B78C6
:109FC000A3B1012385F8203C0020BDE8F8830121DE
:109FD000434804F02BF823689A07ECD541E00121AF
:109FE000404804F023F82B78002BEAD109F022FA3C
:109FF000DFF8F090DFF8F8803B4F064607E099F86D
:10A00000F430012BDDD03948002109F03DFA09F088
:10A0100011FA801BB0F5FA7FD3D22368D80704D594
:10A020002F4A92F8F420012AEDD1990703D597F829
:10A03000F420012AE7D15A0703D598F8F420012A21
:10A04000E1D11B07DBD4012385F8203C0020BDE8CB
:10A05000F8830121264803F0E9FF23681E07AED5E7
:10A06000BDE70121204803F0E1FF23685F07A4D585
:10A07000EFE72379002B99D01E4802F0B3FE237935
:10A08000012B21D0022B91D1003018BF01200028D4
:10A090008CD0012385F858301748BDE8F883227921
:10A0A000002A3FF47EAF134802F09CFE2379012B77
:10A0B00003D0022B0CD02B7873E7B0FA80F0400964
:10A0C0000028F8D02B786FE7B0FA80F04009DEE77F
:10A0D000003018BF0120F3E7000B00200000002033
:10A0E000801C002030210020101E0020C0D4010060
:10A0F000A01F002090230020D8E4030000000000EF
:10A100002DE9F04FC24C2DED048B237893B005461A
:10A11000002B00F0AB8194F85830002B40F0E58123
:10A1200094F8203CBB4E002B00F0FC81376807F010
:10A130000303032B40F0E081AB78002B40F0E38178
:10A14000EB78002B40F0DF812B79002B00F0278289
:10A150006B790493002B00F0228294F80290B9F1FD
:10A16000010F00F0A08295F800A0BAF1000F40F0B6
:10A1700018826B78002B00F08882A74AA74B516C9D
:10A180000A91596C526CD3F844B008910692BB07FF
:10A1900020D56378012BD5E9140100F07E82B9F156
:10A1A000010F40F039829E4BD3E902232AF00CFFC5
:10A1B00000220023804689462BF08CF9002800F00D
:10A1C000C3820022974B404649462AF04BFD2BF0B4
:10A1D000ABF9834400230393029301930093049A01
:10A1E000069950465B46FCF767FF0746002840F09B
:10A1F000418163780C93012BD5E91A0100F0B882F4
:10A20000DFF81CA2DAE900232AF0DEFE0022002398
:10A21000804689462BF05EF9002800F0BF820022BC
:10A22000804B404649462AF01DFD2BF07DF904463F
:10A230000C9B012BD5E91C0100F0AA82DAE902236C
:10A240002AF0C2FE00220023804689462BF042F904
:10A25000002800F09382734B0022404649462AF0C2
:10A2600001FD2BF061F903460A9A0899A2180B44E4
:10A2700010461C460E920F932AF040FE80468946F7
:10A280000A982AF03BFE42464B46CDE910892AF057
:10A29000E7FC8046204689462AF030FECDE90A01D7
:10A2A00008982AF02BFEDDE90A232AF0D9FC424661
:10A2B000CDE904014B4640464946CDE908892AF0DC
:10A2C00083FE80468946DDE9040102460B462AF0FA
:10A2D0007BFE02460B46404649462AF0C3FC41EC51
:10A2E000100B28F057F959EC108B00224E4B10EE52
:10A2F000100A49462BF0DAF8002840F037829DED2D
:10A30000081B9DED040B28F043F90698B0EE408A37
:10A31000F0EE608A2AF0F2FDDDE910232AF0A0FCBD
:10A32000CDE9040158462AF0E9FDDDE90A232AF0C7
:10A3300097FC9DED041B41EC100B28F029F995F8D2
:10A3400009B0B0EE409AF0EE609ABBF1000F01D078
:10A3500095F88CB0AB7996ED067B8DED047B83B1DF
:10A36000D5E91E4500220023204629462BF0BCF8E3
:10A3700038B10C9B012B00F02782C6E90645CDE9D8
:10A380000445DDE90445294845EC104B0DF0E6FC99
:10A39000204629460022264B2AF040FFDAE9002316
:10A3A0002AF012FE0022204B04460D462BF07EF8C8
:10A3B000002840F00782204629462BF0DDF80446AD
:10A3C000B3681C489C4228BF1C4621460BF028FA63
:10A3D000214619480BF024FA214618480BF020FAC0
:10A3E000214617480BF01CFA00220023404649463C
:10A3F0002BF070F8002800F0DB810A4B0022404669
:10A4000049462AF02FFC2BF08FF803461AE000BFD4
:10A41000000B002000000020801C0020101E0020E7
:10A42000C01600200000E03F0000F03FB00B00200D
:10A4300000004E40B01C0020401E0020D01F002015
:10A4400060210020CDF800B0B0EE491AF0EE691A94
:10A45000B0EE480AF0EE680A0F9A0E99A4480CF084
:10A460007BFFA44B002808BF1F4603E094F8203C64
:10A4700033B9A14F384613B0BDEC048BBDE8F08F63
:10A480009E4E376817F0010208D09D4BD3F8641137
:10A4900088054CD4D3F86411C90648D417F00203D8
:10A4A00008D09849D1F8640180052ED4D1F8641100
:10A4B000C8062AD4790708D59349D1F864018005E4
:10A4C00023D4D1F86411C8061FD4390708D58F49A1
:10A4D000D1F86401800518D4D1F86411C90614D4E8
:10A4E00094F85830002B3FF422AE894F384613B011
:10A4F000BDEC048BBDE8F08F864F384613B0BDEC41
:10A50000048BBDE8F08F844FB4E77AB9EBB97807D4
:10A5100029D43B0735D4814F384613B0BDEC048BAA
:10A52000BDE8F08FFFF736FD376800E6744B93F80F
:10A5300000213AB1D3F86421900503D4D3F86431F3
:10A54000D906CDD507F00203E0E76E4B93F8002162
:10A55000002ADCD0D3F864219205D8D4D3F8643132
:10A56000DB06BDD5D3E7684B93F80021002AD0D095
:10A57000D3F864219105CCD4D3F86431DA06AFD591
:10A58000C7E7624B93F80021002AC4D0D3F86421B6
:10A590009005C0D4D3F86431D906BCD4A0E7604F8D
:10A5A00068E7574BDFF85CB15A6C0A92D5E91201A3
:10A5B000DBF844205B6C08920693FA0709D46B78A9
:10A5C000DDF810A0DBF844B0002B7FF4E0AD04937D
:10A5D00000E66378012B5AD0B9F1010F37D1514B06
:10A5E000D3E900232AF0F0FC00220023CDE90C017E
:10A5F0002AF070FF002800F0B08000224A4BDDE90D
:10A600000C012AF02FFB2AF08FFF069BDDF810A02B
:10A61000034406936B78D5E7444FD7E902232AF029
:10A6200021FB57E90E232AF0CFFC002200238046AD
:10A6300089462AF04FFF00287CD000223A4B404642
:10A6400049462AF00FFB2AF06FFF8346C2E5DFF888
:10A65000DCA0DAE900232AF005FB5AE910232AF0EE
:10A66000B3FC00220023CDE906012AF033FF70B3CA
:10A670002D4BDDE9060100222AF0F4FA2AF054FFFE
:10A680006B780690DDF810A09CE7294FF2E616A340
:10A69000D3E900232AF098FC9EE713A3D3E9002313
:10A6A0002AF092FC7BE5164BDFF858B05A6C95F80F
:10A6B00000A00A92DBF844205B6C08920693D5E96F
:10A6C0001201BAF1000F7FF478AF6B787AE7DDE919
:10A6D00006010022144B2AF0C3FA2AF025FF069047
:10A6E0006DE700BFAFF30080666666666666394058
:10A6F000B00B002068E5030050DD030000000020DF
:10A70000801C0020101E0020A01F002030210020EF
:10A710001CE50300E8E4030000E5030078DD030026
:10A720007CE50300C01600200000E03F0017002079
:10A730002CE5030000222C4B404649462AF090FAB3
:10A740002AF0F2FE834645E50022274B4046494663
:10A750002AF086FA2AF0E8FE3BE50022224BDDE9EA
:10A760000C012AF07DFA2AF0DFFE4EE71F4F81E64A
:10A770001BA3D3E900232AF027FC41E51A4B002252
:10A78000404649462AF06CFA2AF0CEFE03466BE5B5
:10A7900013A3D3E900232AF017FC4FE50022124B44
:10A7A000404649462AF05CFA2AF0BEFE04463FE5E0
:10A7B0000D4B0022404649462AF052FA2AF0B4FED8
:10A7C00003463FE60124FBE52046294604A3D3E9DE
:10A7D00000232AF0F9FB04460D46CEE5AFF30080D6
:10A7E00066666666666639400000E03F50E5030035
:10A7F0002DE9F047694C6A4FDFF8C4A1DFF8BC913E
:10A8000006460D4608F016FE23788046002B46D0FB
:10A8100094F85830002B40F0BE801DB1A8470028A6
:10A8200040F0B28094F8063B83BB94F83A386BBB97
:10A830003868C10708D55B4A92F83C1031BBD2F8A2
:10A84000142132F47F4321D1820708D5564A92F869
:10A850003C10D9B9D2F8142132F47F4316D1430702
:10A8600007D599F83C208AB9D9F8142132F47F43EE
:10A870000CD110F0080001D1BDE8F0879AF83C3007
:10A8800023B9DAF8143133F47F40F5D0002E3DD1EE
:10A890004648002108F0F8FD2378002BB8D13B7919
:10A8A000002B3CD194F8063B6BBB94F83A3853BB71
:10A8B0003B68D80708D53B4A92F83C1019BBD2F840
:10A8C000142132F47F421ED1990708D5364A92F8F6
:10A8D0003C10C1B9D2F8142132F47F4213D15A0787
:10A8E00007D599F83C2072B9D9F8142132F47F4287
:10A8F00009D118078CD59AF83C3023B9DAF814310D
:10A9000033F47F4384D0FCF7C3F981E708F092FD6C
:10A91000A0EB08008642BBD82548BDE8F087254853
:10A9200002F060FA3B79012B31D0022BBAD1003012
:10A9300018BF01200028B5D01F480CF023FA194891
:10A9400003F02AFC0021174803F070FB164803F0BF
:10A9500023FC0021144803F069FB184803F01CFC99
:10A960000021164803F062FB154803F015FC002196
:10A97000134803F05BFB0022012384F8202C84F8A9
:10A9800058301048BDE8F0870F48BDE8F087B0FAAE
:10A9900080F04009CEE70B48BDE8F087000B0020AF
:10A9A00000000020801C0020101E0020C0D40100E8
:10A9B000CCE5030090230020B00B0020A01F002056
:10A9C0003021002094E50300ACE50300C37933B1E6
:10A9D000D0F88800002808BF0120FFF709BF4EF615
:10A9E0006020FFF705BF00BF2DE9F04F8F4C94F8B2
:10A9F00000E091B005460F4690461E46BEF1000F9E
:10AA000012D094F85830002B50D194F8203C002BF1
:10AA100000F0A78095F83B30002B4DD1DFF83C9239
:10AA2000484611B0BDE8F08F94F8203C2BB9DFF810
:10AA30003092484611B0BDE8F08F7D4B1B6813F093
:10AA400001010AD07B4AD2F86401800500F18D80B3
:10AA5000D2F86401C00600F1888013F0020209D028
:10AA60007548D0F864E11EF4007F6ED1D0F864011F
:10AA7000C0066AD4580709D57048D0F864E11EF4BE
:10AA8000007F62D1D0F86401C0065ED4180709D5F2
:10AA90006B48D0F864E11EF4007F56D1D0F8640111
:10AAA000C00652D494F85830002BB3D0DFF8B491DC
:10AAB000484611B0BDE8F08F05F2791A5046614959
:10AAC0002DF002FB002800F08F805F4950462DF0EA
:10AAD000FBFA002857D05D4950462DF0F5FA0028C2
:10AAE00000F08C8050465A492DF0EEFA002840F0D4
:10AAF00091804FF00309CA4608234D4A1268134259
:10AB000076D095F83CB0BBF1000F74D005F28113FC
:10AB1000184650490A932DF0D7FA002873D00A9BA3
:10AB20004D4918462DF0D0FA00287CD104EB0903DA
:10AB3000CDF818B093F8A4300A938346013BDBB2FA
:10AB4000FD2B6AD9DFF8209173E769B902BB58077A
:10AB50002DD41B073AD4DFF81491484611B0BDE854
:10AB6000F08FFFF717FA55E7324A92F8001139B122
:10AB7000D2F86411890503D4D2F86421D00691D5A6
:10AB800003F00202E2E74FF00109CA460223B4E7EC
:10AB9000294A92F800110029D9D0D2F86411890508
:10ABA000D5D4D2F86421D2067FF57CAFCFE7234A13
:10ABB00092F800110029CCD0D2F864118905C8D4CC
:10ABC000D2F86421D2067FF56DAFC2E71C4B93F833
:10ABD0000021002ABFD0D3F864219005BBD4D3F85C
:10ABE0006431D906B7D45DE781468246012384E704
:10ABF000DFF87C901DE7DFF87C901AE74FF0020940
:10AC0000CA46042379E704EB0903069093F8A030C1
:10AC10000A9393E7DFF860900BE70A9B0C2B31D97E
:10AC2000DFF8589005E7DFF8589002E7000B0020A6
:10AC300000000020801C0020101E0020A01F00200B
:10AC40003021002094DA0300ECDB0300A0DA0300DB
:10AC500010DC0300E0E50300E4E50300E8E50300A1
:10AC600050DD03001CE50300F8E5030078DD030078
:10AC700020E6030038E603009CE6030060E60300DC
:10AC800048E60300BDF92830AD480893194607F09F
:10AC900065FC18B1036802215B6898470899A848C9
:10ACA00007F05CFC034628B11B681B699847002825
:10ACB00040F0AB80D5E91E23A9790020FBF7A4FD65
:10ACC00095F83D30002B00F09D80D5E96401BAF184
:10ACD000030F00F09D806378012B00F0AC80994A4F
:10ACE0004FEAC9030B93D318D3E900232AF06CF978
:10ACF00000220023CDE908012AF0ECFB002800F037
:10AD000091800022904BDDE9080129F0ABFF2AF089
:10AD10000BFC024659465046FCF78AFB8146002848
:10AD20007FF487AEEA790E9001238DF834308DF8E8
:10AD30003C30002A00F08580D5F8883000960DAAB6
:10AD400059465046FFF73AF8421C7DD0831C00F06C
:10AD50003781012800F0318195F83E30002B7DD1FC
:10AD600095F83F30002B00F0058195F8A031002BBD
:10AD700040F00081754D764E0B9A724B134493ED63
:10AD8000007B0022002351EC170B8DED067B2AF08F
:10AD900083FB002840F0CB8055F82A0000B1406CBE
:10ADA0002AF0ACF8DDE906232AF038FA0B9B1E44A2
:10ADB000D6E9002329F054FFBAF1030FCDE90601CB
:10ADC00000F0A9806378012B06D15BA3D3E90023AF
:10ADD0002AF024FACDE906015E495F4A0A980490F8
:10ADE0009DED067B05EB8A05BBF1000F18BF0A46F7
:10ADF00000922B69594A8DED027B414638462DF071
:10AE0000E5F816E60020564961E7DFF8649110E6A0
:10AE100094F8A830012B7FF462AF0022514B2AF046
:10AE2000D3F85CE70022484BDDE9080129F018FF60
:10AE30002AF07AFB6DE740A3D3E900232AF0C4F897
:10AE40004DE747F2305379E794F85890464A474B1C
:10AE5000B9F1000F0CBF91469946EAE595ED667B86
:10AE60000022002351EC170B8DED087B2AF03CFBF0
:10AE700000283FF475AFBAF1030F35D06378012B8A
:10AE800028D00B9A2F4B1344D3E90023DDE90801A6
:10AE90002AF09AF800220023CDE908012AF01AFBD3
:10AEA00078B10022284BDDE9080129F0DBFE2AF009
:10AEB0003BFB024606995046FCF7BAFA08B38146B6
:10AEC000B7E50022204BDDE9080129F0C9FE2AF090
:10AED0002BFBEEE7DDE9080117A3D3E900232AF0F5
:10AEE00073F8CDE90801CCE794F8A830012BC8D15C
:10AEF000DDE9080100221B4B2AF066F8CDE90801C4
:10AF0000BFE731464EF66020FFF772FC00283FF4A1
:10AF100027AF81468DE594F8A830012B7FF45CAF14
:10AF20000022104B2AF07AF9CDE9060154E70020FF
:10AF300000213BE7AFF300806666666666663940CF
:10AF40000C2C0020C01600200000E03F08DD0300AC
:10AF500000170020E0E50300E4E50300F0E603004D
:10AF600000408F4000807640ACE50300DCE6030043
:10AF700074E603000B9A144B134493ED007B0022FC
:10AF8000002351EC170B8DED067B2AF085FA80B972
:10AF90000E4D55F82A0000B1406C29F0AFFFDDE9F5
:10AFA00006232AF03BF90A4E0B9BF318C3E9000174
:10AFB000E2E600200021054DF5E7DFF8189038E5BE
:10AFC000DFF8149035E500BFC016002008DD03004F
:10AFD00000170020C8E60300B8E6030000000000E8
:10AFE0002DE9F04FAD4C257895B006468846914640
:10AFF0001F468DB194F85830002B51D194F8203C65
:10B00000002B00F0258196F83B30002B4DD1A44D4C
:10B01000284615B0BDE8F08F94F8203C23B9A14D27
:10B02000284615B0BDE8F08F9F4B1B6813F0010157
:10B030000AD09E4AD2F86401850500F10D81D2F84C
:10B040006401C00600F1088113F002020AD098489A
:10B05000D0F86451AD0500F1F080D0F86401C50668
:10B0600000F1EB8058070AD59248D0F86451AD053D
:10B0700000F1E380D0F86401C50600F1DE80180716
:10B080000AD58D48D0F86451AD0500F1D680D0F8CE
:10B090006401C00600F1D18094F85830002BB2D082
:10B0A000864D284615B0BDE8F08F06F2791A504655
:10B0B00083492DF009F8002800F035818149504678
:10B0C0002DF002F8002800F0D6807F4950462CF081
:10B0D000FBFF002800F02F8150467C492CF0F4FF44
:10B0E000002840F02C810325AA4608236E4A1268E6
:10B0F000134200F01C8196F83C300793002B00F0BF
:10B10000188106F2811B584671492CF0DDFF38B1D9
:10B11000584670492CF0D8FF002840F0168107905F
:10B1200096F839B0BBF1000F00F00B81D6F87431FE
:10B130000A931846013B0B2B00F2058194F8A010EE
:10B140004B1EDBB2FD2BC2B202D88A4200F0FF8058
:10B1500094F8A4104B1EDBB2FD2B02D88A4200F0FB
:10B16000F68094F8A1104B1EDBB2FD2B02D88A4268
:10B1700000F0ED8094F8A5104B1EDBB2FD2B02D839
:10B180008A4200F0E48094F8A2104B1EDBB2FD2B43
:10B1900002D88A4200F0DB8094F8A6104B1EDBB286
:10B1A000FD2B02D88A4200F0D28094F8A3104B1EE7
:10B1B000DBB2FD2B02D88A4200F0C98094F8A710B8
:10B1C0004B1EDBB2FD2B02D88A4200F0C080BDF9D5
:10B1D000283041480B93194607F0C0F90890002821
:10B1E00000F015820B9B3C48194607F0B7F918B1DF
:10B1F000036802215B68984796F840308BB106F2ED
:10B20000A112104635490B922CF05EFF002800F089
:10B21000A0800B9A324910462CF056FF002840F0CF
:10B220004E81089803681B699847003018BF0120B9
:10B23000002800F099802B4DF2E661B9FAB9580761
:10B2400054D41D0761D4284D284615B0BDE8F08FB1
:10B25000FEF7A0FED7E6154A92F8001141B1D2F8E8
:10B2600064118D0504D4D2F86421D0067FF514AFA3
:10B2700003F00202E2E70125AA46022336E70C4A60
:10B2800092F800110029DAD0D2F864118905D6D4D9
:10B29000D2F86421D5067FF5FFAED0E7000B002081
:10B2A000E8E5030050DD030000000020801C0020C2
:10B2B000101E0020A01F0020302100201CE50300EC
:10B2C00094DA0300ECDB0300A0DA030010DC0300D7
:10B2D000E0E50300E4E503000C2C0020B0E70300E8
:10B2E000B4E703004CE7030078DD0300AE4A92F8B0
:10B2F00000110029A5D0D2F864118905A1D4D2F893
:10B300006421D2067FF5C8AE9BE7A84B93F80021D5
:10B31000002A98D0D3F86421900594D4D3F86431EE
:10B32000D90690D4B8E6054682460123DEE6A04D54
:10B3300076E6A04D74E60225AA460423D6E69E4D85
:10B340006EE69E4D6CE69E4D6AE69E4D68E69E4D0D
:10B3500066E60B9008980268126990470B9BB0FA5A
:10B3600080F09B46400963E7D6E91E23B179FBF7DD
:10B370004BFA96F83D30002B00F09E80D6E9640130
:10B38000BAF1030F00F0A6806378012B00F0AC80C7
:10B390008E4AEB000B93D318D3E9002329F014FE57
:10B3A00000220023CDE90C012AF094F8002800F0D7
:10B3B00088800022864BDDE90C0129F053FC2AF03D
:10B3C000B3F8024607995046FCF732F805460028C4
:10B3D0007FF426AEF379089A8DF8440012928DF826
:10B3E0004CB0002B00F08680D6F88830009711AA68
:10B3F00007995046FEF7E2FC421C00F03D81831C99
:10B4000000F03881012800F033810B9A6F4B134410
:10B4100093ED007B0022002351EC170B8DED0C7B8C
:10B420002AF03AF8002868D1DFF8C4B15BF82A00A6
:10B4300000B1406C29F062FDDDE90C2329F0EEFE3D
:10B440000B9A644B1344D3E9002329F009FCBAF1A9
:10B45000030FCDE90E0100F0DC806378012B06D1EB
:10B460004FA3D3E9002329F0D9FECDE90E0196F8C8
:10B470003E30002B44D196F83F3023B196F8A031EE
:10B48000002B40F0D280DFF868B10A98524904904E
:10B490009DED0E7B0798514A0BEB8A0A002818BFD6
:10B4A0000A460092DAF810304D4A8DED027B49468B
:10B4B00040462CF08BFDB3E500204A4960E74A4D39
:10B4C000AEE50022424BDDE90C0129F0C9FB2AF070
:10B4D0002BF876E794F8A830012B7FF459AF0022BF
:10B4E000424B29F071FD53E72DA3D3E9002329F046
:10B4F0006BFD4DE747F2305378E7002000219FE7CE
:10B5000096ED667B0022002351EC170B8DED087B36
:10B5100029F0EAFF0028AED0BAF1030F6AD06378B1
:10B52000012B08D1DDE908011DA3D3E9002329F08F
:10B530004BFDCDE90801DDE90823DDE90C0129F027
:10B5400043FD00220023CDE9080129F0C3FF88B1A3
:10B5500000221F4BDDE9080129F084FB29F0E4FFFC
:10B56000079B024683F001015046FBF761FF50B193
:10B57000054655E50022164BDDE9080129F070FB70
:10B5800029F0D2FFECE739464EF66020FFF730F99C
:10B5900000283FF470AF054642E500BFAFF30080DE
:10B5A0006666666666663940A01F0020302100206E
:10B5B00020E6030038E603009CE6030040DF0300BA
:10B5C0009CE7030048E6030078DF0300C016002074
:10B5D0000000E03F00170020E0E50300E4E5030081
:10B5E000BCE7030000408F4030E703000080764056
:10B5F00008DD030094F8A830012B9CD1DDE9080197
:10B600000022214B29F0E0FCCDE9080193E71F4D12
:10B6100006E594F8A830012B7FF429AF00221A4BDD
:10B6200029F0FCFDCDE90E0121E70B9A184B1344DC
:10B63000D3E90067002200233046394629F02CFF69
:10B6400088B9DFF864B05BF82A0000B1406C29F0DB
:10B6500055FC32463B4629F0E1FD0B9B0D4A134455
:10B66000C3E9000111E700200021DFF83CB0F4E756
:10B67000094DD5E4094DD3E494F85820084D094B01
:10B68000002A18BF1D46CBE40080764090DF0300FF
:10B69000C01600200017002074E7030064E70300D1
:10B6A000ACE5030088E7030008DD030000000000AC
:10B6B000037A002B00F0B5802DE9F047D0E9206730
:10B6C0000D46002200233046394629F0EFFE0028BF
:10B6D00040F0AB803046394600225D4B29F074FCC7
:10B6E00059A3D3E9002306460F4629F0FDFE0028A2
:10B6F00040F099803946304629F03EFF074607F072
:10B7000099FE544CDFF87C81DFF864A1DFF85C918E
:10B71000064612E094F85830002B40F0908015B1A6
:10B72000A84700287AD107F085FE801BB84280F038
:10B7300083804948002107F0A7FE2378002BE9D138
:10B7400098F80430A3BB94F8063B73BB94F83A38DE
:10B750005BBBD8F80030D80708D5404A92F83C10B7
:10B7600019BBD2F8142132F47F421ED1990708D5B3
:10B770003B4A92F83C10C1B9D2F8142132F47F420E
:10B7800013D15A0707D599F83C2072B9D9F814217A
:10B7900032F47F4209D11B07BCD59AF83C3023B95B
:10B7A000DAF8143133F47F43B4D0FBF771FAB1E720
:10B7B0002C4801F017FB98F80430012B38D0022BED
:10B7C000C1D1003018BF01200028BCD026480BF0A2
:10B7D000D9FA224802F0E0FC0021204802F026FCC1
:10B7E0001F4802F0D9FC00211D4802F01FFC1F4831
:10B7F00002F0D2FC00211D4802F018FC1C4802F0A7
:10B80000CBFC00211A4802F011FC0022012384F82D
:10B81000202C84F858301748BDE8F0871648BDE85A
:10B82000F08716487047164F69E71448BDE8F0875F
:10B83000B0FA80F04009C7E70020BDE8F0870D4866
:10B84000BDE8F087AFF3008000000000804F224188
:10B8500000408F40000B0020C0D40100801C00205D
:10B86000101E002090230020B00B0020A01F0020FD
:10B870003021002094E50300ACE50300F8E7030065
:10B88000C02709000000002038B50D461C461AB13B
:10B890000B4B1B685A070CD454B1094B1B681B0790
:10B8A0000DD5294600220748BDE8384003F0E8B925
:10B8B00038BD01460022044803F0E2F9ECE738BD48
:10B8C0000000002030210020A01F00200000000008
:10B8D0002DE9F04FAC4C23788BB00546002B5CD0A3
:10B8E00094F85830002B40F09D8094F8203C002BB9
:10B8F00000F03781A54B2F78D3F844A0A678002F0D
:10B9000040F09580A24B6A780692D3F844B022B1F9
:10B91000A04B1B68990700F1F5809F4BAA785B6CE0
:10B920000792059322B19B4B1B685A0700F1A58033
:10B930009A4B95F80380D3F84490B8F1000F04D0E7
:10B94000944B1B681B0700F1BB80059B0193079B71
:10B950000093CDF80C90CDF80880069A38465B46E7
:10B960005146FBF7A9FB0446D8B9A87A08B195F867
:10B970008D00A979D5E91E23FAF746FF2A786B785E
:10B9800012B9002B00F0208259465046FBF7CCFA42
:10B99000002800F01982044603E094F8203C23B903
:10B9A0007F4C20460BB0BDE8F08F7A4B1B6813F03C
:10B9B00001010AD0754AD2F86401800500F1D580F2
:10B9C000D2F86401C70600F1D08013F002020AD059
:10B9D0006F48D0F86461B60500F1B480D0F8640116
:10B9E000C00600F1AF805F070AD56B48D0F86461EC
:10B9F000B60500F1A780D0F86401C00600F1A2806E
:10BA00001F070AD56548D0F86461B60500F19A8031
:10BA1000D0F86401C00600F1958094F85830002BEE
:10BA20003FF468AF5F4C20460BB0BDE8F08F594B38
:10BA30001B68D8077FF566AF6378012BD5E9120143
:10BA400000F03481012E40F0B580574BD3E900233C
:10BA500029F0BAFA002200238046894629F03AFDEF
:10BA6000002800F09D810022504B4046494629F0B5
:10BA7000F9F829F059FD824444E76378012BD5E9B0
:10BA8000160100F00881012E40F0E980464BD3E911
:10BA9000042329F099FA002200238046894629F0E0
:10BAA00019FD002800F069810022404B40464946BC
:10BAB00029F0D8F829F038FD059B0344059337E7B2
:10BAC00094F8A830012BD5E9180100F0EA80012E86
:10BAD00040F0AA80344BD3E9062329F075FA0022FE
:10BAE0000023CDE9080129F0F5FC002800F04E8183
:10BAF00000222E4BDDE9080129F0B4F829F014FDED
:10BB0000814422E76378012BD5E9140100F0D48049
:10BB1000012E6CD1244BD3E9022329F055FA0022DF
:10BB200000238046894629F0D5FC002800F0428198
:10BB300000221E4B4046494629F094F829F0F4FCB7
:10BB40008344EAE681B9002A40F0BC80580700F13E
:10BB5000CA801B0700F1D880154C20460BB0BDE809
:10BB6000F08FFEF717FAC5E6084A92F8001141B1C6
:10BB7000D2F86411890504D4D2F86421D2067FF585
:10BB80004CAF03F00202DEE7000B0020801C002017
:10BB9000101E002000000020A01F002030210020E7
:10BBA00050DD03001CE50300C01600200000E03F4C
:10BBB00078DD0300DFF82C82D8E9002329F052F861
:10BBC00058E9102329F000FA002200238046894614
:10BBD00029F080FC002800F0B2800022804B404613
:10BBE000494629F03FF829F09FFC82468AE6DFF8B3
:10BBF000F481D8E9022329F035F858E90E2329F019
:10BC0000E3F9002200238046894629F063FC0028DE
:10BC100000F09F800022724B4046494629F022F8EE
:10BC200029F082FC834678E66E4CD4E9062329F09D
:10BC300019F854E90A2329F0C7F900220023CDE9B5
:10BC4000080129F047FC00286FD00022644BDDE991
:10BC5000080129F007F829F067FC814675E6DFF84E
:10BC60008481D8E9042328F0FDFF58E90C2329F04A
:10BC7000ABF9002200238046894629F02BFC0028DE
:10BC800071D00022564B4046494628F0EBFF29F080
:10BC90004BFC05904CE650A3D3E9002329F094F91E
:10BCA000F1E60022504B29F08FF910E74AA3D3E9BF
:10BCB000002329F089F9C5E647A3D3E9002329F039
:10BCC00083F925E7494A92F8001100293FF43EAF75
:10BCD000D2F864118F053FF539AFD2F86421D6064A
:10BCE0007FF59BAE32E7424A92F8001100293FF4FB
:10BCF00030AFD2F8641189053FF52BAFD2F864213B
:10BD0000D2067FF58AAE24E73A4B93F80021002A49
:10BD10003FF422AFD3F8642197053FF51DAFD3F868
:10BD20006431DE063FF518AF77E600222C4BDDE9E3
:10BD3000080128F095FF29F0F7FB814605E600226F
:10BD4000274B4046494628F08BFF29F0EDFB824601
:10BD5000D8E50022224B4046494628F081FF29F0D1
:10BD6000E3FB8346D9E500221D4B4046494628F0B7
:10BD700077FF29F0D9FB0590DAE50022184B404601
:10BD8000494628F06DFF29F0CFFB95E60022144BC1
:10BD9000DDE9080128F064FF29F0C6FB8144D4E501
:10BDA00000220F4B4046494628F05AFF29F0BCFBC1
:10BDB0008244A7E500220A4B4046494628F050FF3E
:10BDC00029F0B2FB8344A8E549460598EB78AA78A8
:10BDD000FFF75AFDE5E500BF6666666666663940B0
:10BDE0000000E03F0017002000807640101E002079
:10BDF000A01F0020302100202DE9F04FAB4C23780C
:10BE00008BB00546002B00F0A68094F85830002B2C
:10BE100040F0E68094F8203C002B00F09181A44B88
:10BE20002E785F6C002E40F0E080A24B95F801A0C8
:10BE3000D3F844B0BAF1000F04D09F4B1B689907A8
:10BE400000F156819D4BAA785B6C0692059322B156
:10BE5000994B1B685A0700F1EB80994B95F80390BA
:10BE6000D3F84480B9F1000F04D0934B1B681B0733
:10BE700000F1FE80059B0193069B00933046CDF8B0
:10BE80000C80CDF8089052465B463946FBF714F912
:10BE90000646002863D1DFF82092AB7999ED067B46
:10BEA0008DED067BA3B195ED1E7B0022002351ECA6
:10BEB000170B8DED087B29F017FB48B16378012B38
:10BEC00000F0BE819DED087B89ED067B8DED067B44
:10BED0007C489DED060B00F531640BF03FFFDDE97A
:10BEE00006010022784B29F099F9D4E9002329F0C2
:10BEF0006BF80022754BCDE9060129F0D7FA00282E
:10BF000040F09C81DDE9060129F036FB0446D9F8B2
:10BF100008306F489C4228BF1C46214609F080FC2F
:10BF200021466C4809F07CFC21466B4809F078FCFE
:10BF300021466A4809F074FC2A786B7812B9002B04
:10BF400000F0888159463846FAF7EEFF002800F0E5
:10BF50008181064603E094F8203C23B9604E3046C8
:10BF60000BB0BDE8F08F544B1B6813F001010AD0F1
:10BF70004F4AD2F86401800500F1E680D2F86401EE
:10BF8000C70600F1E18013F002020AD04948D0F858
:10BF90006461B60500F1C880D0F86401C00600F104
:10BFA000C3805F070AD54548D0F86461B60500F143
:10BFB000BB80D0F86401C00600F1B6801F070AD527
:10BFC0003F48D0F86461B60500F1AE80D0F8640156
:10BFD000C00600F1A98094F85830002B3FF41FAF41
:10BFE000404E30460BB0BDE8F08F334B1B68D8078E
:10BFF0007FF51BAF6378012BD5E9120100F0BE80FD
:10C00000394BD3E9002328F0DFFF002200238046CC
:10C01000894629F05FFA002800F0C6800022334BE1
:10C020004046494628F01EFE29F07EFA0744FCE609
:10C030006378012BD5E9160100F09A802A4BD3E9E9
:10C04000042328F0C1FF002200238046894629F0FE
:10C0500041FA002800F0B2800022244B40464946B5
:10C0600028F000FE29F060FA059B03440593F4E6EE
:10C0700094F8A830012BD5E9180174D01A4BD3E9F4
:10C08000062328F0A1FF00220023CDE9080129F0B2
:10C0900021FA00287ED00022144BDDE9080128F0A7
:10C0A000E1FD29F041FA8044E4E600BF000B0020E6
:10C0B000801C0020101E002000000020A01F002077
:10C0C00030210020B00B002000004E400000F03F67
:10C0D000B01C0020401E0020D01F00206021002046
:10C0E00050DD03001CE50300C01600200000E03F07
:10C0F0006378012BD5E9140146D05D4BD3E90223C7
:10C1000028F062FF002200238046894629F0E2F9E8
:10C1100000285CD00022574B4046494628F0A2FD3B
:10C1200029F002FA83448DE669B9002A59D15807EB
:10C1300066D41B0773D4504E30460BB0BDE8F08F69
:10C14000FDF728FF6BE64D4A92F8001141B1D2F895
:10C150006411890504D4D2F86421D2067FF53BAF7F
:10C1600003F00202E1E70022454B28F02DFF85E7AE
:10C170003DA3D3E9002328F027FF5FE73AA3D3E9E3
:10C18000002328F021FF3BE737A3D3E9002328F061
:10C190001BFFB2E70022374BDDE9080128F060FD04
:10C1A00029F0C2F9804465E60022324B40464946F8
:10C1B00028F056FD29F0B8F9074436E600222D4B49
:10C1C0004046494628F04CFD29F0AEF94CE70022E4
:10C1D000284B4046494628F043FD29F0A5F9834401
:10C1E00030E6284A92F800110029A0D0D2F8641154
:10C1F0008F059CD4D2F86421D6067FF5ECAE96E785
:10C20000214A92F80011002993D0D2F864118905CF
:10C210008FD4D2F86421D2067FF5DDAE89E71B4BBF
:10C2200093F80021002A86D0D3F86421970582D4A0
:10C23000D3F86431DE063FF57EAFCCE6012466E636
:10C24000DDE9080108A3D3E9002328F0BDFECDE90C
:10C25000080137E641460598EB78AA78FFF714FB0A
:10C260007DE600BFAFF300806666666666663940AD
:10C27000C01600200000E03F78DD0300801C002095
:10C2800000807640101E0020A01F002030210020DA
:10C2900000B5ADF5617D0B4602464FF4607168460E
:10C2A000FAF76CF8684600F0D5FC0DF5617D5DF895
:10C2B00004FB00BFF0B500F136040546ADF20C7D7D
:10C2C0002046BF4905F10C062BF0FEFE002800F0C9
:10C2D000C980BC4920462BF0F7FE002800F0EC8016
:10C2E000B94920462BF0F0FE002800F0CD80B74978
:10C2F00020462BF0E9FE002800F00A81B4492046D0
:10C3000058352BF0E1FE002800F0DC80B1492046D2
:10C310002BF0DAFE002800F0BD80AF4920462BF05C
:10C32000D3FE002800F0FA80AC4920462BF0CCFE6A
:10C33000002800F0FE80AA4920462BF0C5FE002808
:10C3400000F0FA80A74920462BF0BEFE002800F03E
:10C35000F680A54920462BF0B7FE002800F0F280B9
:10C36000A24920462BF0B0FE002800F0DC80A04956
:10C3700020462BF0A9FE002800F0E7809D492046CA
:10C380002BF0A2FE002800F0B3809B4920462BF042
:10C390009BFE002800F0E280984920462BF094FE96
:10C3A000002800F0E180964920462BF08DFE002801
:10C3B00000F0E080934920462BF086FE002800F034
:10C3C000E980914920462BF07FFE002800F0D880BC
:10C3D0008E4920462BF078FE002800F0E3808C493F
:10C3E00020462BF071FE002800F0E38089492046AA
:10C3F0002BF06AFE0746002800F02481864920467B
:10C400002BF062FE0746002800F029818349204670
:10C410002BF05AFE002800F03C81814920462BF089
:10C4200053FE002800F04B817E4920462BF04CFE45
:10C430000746002800F0338120467B492BF044FE5C
:10C440000746002840F01881784C794B607002A9AB
:10C4500028464FF4607201252570FEF7C1FD277054
:10C46000E0B904E002A84FF46071FCF7D7FD02AB1D
:10C470003246E2A84FF46071F9F780FFE2A800F0BD
:10C48000E9FB0DF20C7DF0BD02A84FF46071FDF7E1
:10C4900009FAECE72846FCF7FFFC60B3009032464F
:10C4A000644B4FF46071E2A8F9F7A0FFE2A800F036
:10C4B000D1FB0DF20C7DF0BD02A84FF46071FDF7C9
:10C4C00037FAD4E7284602A94FF46072FCF760FC03
:10C4D0000028CCD000903246574B4FF46071E2A850
:10C4E000F9F784FFE2A800F0B5FB0DF20C7DF0BD7A
:10C4F0002846FBF755FD3246504B4FF46071E2A8D9
:10C50000F9F73CFFE2A800F0A5FB0DF20C7DF0BDB1
:10C5100002A84FF46071FCF7CBFDA8E7FDF73AFDE8
:10C520000028BBD1E7E72846FBF75AFD0028B5D124
:10C53000E1E7FBF79FFCDEE7FDF7D0FCDBE7FBF76D
:10C54000D1FCD8E7FBF7F2FCD5E7FCF765FA002849
:10C55000A4D130463949FFF79BFE92E72846FCF705
:10C56000AFF90028B6D1F4E72846FCF7DDF900283A
:10C57000B0D1EEE72846FCF721FA0028AAD1E8E777
:10C580002846FFF7A5F9002888D130462C49FFF747
:10C590007FFE76E72846FCF7C7FA30462749FFF7C3
:10C5A00077FE6EE72846FDF7ABFD00287FF476AFF7
:10C5B000EBE72846FFF720FC00287FF46FAFE4E7A5
:10C5C0000CE8030020E803002CE8030038E803002F
:10C5D00044E8030050E8030060E8030068E8030053
:10C5E00070E80300A4E5030080E8030088E8030086
:10C5F00094E80300A4E80300B4E80300C0E80300E3
:10C60000CCE80300D8E80300E8E8030010E90300E1
:10C610001CE9030020E9030028E9030034E90300D2
:10C6200044E9030050E9030058E903002117002002
:10C6300035C800000083FFFFA680FFFF48DC030031
:10C64000F4E803001F4C2049607001232846237042
:10C65000FFF72EF8277000287FF420AF79E7194CF8
:10C6600019496070012328462370FEF7AFF927703F
:10C6700000287FF413AF6CE7144B00933246E2A816
:10C68000134B4FF46071F9F7B1FEE2A800F0E2FA43
:10C69000F7E602A84FF46071FCF7A6FCE7E6094C48
:10C6A000094B607002A928464FF46072012525707D
:10C6B000FEF79AF9277000287FF4F0AED7E6FCF772
:10C6C0006FFC46E72117002035C8000060E9030031
:10C6D000A780FFFF10B5ADF5F26D02A84FF4007111
:10C6E00000F002FA044618B920460DF5F26D10BDAF
:10C6F00002A882A9F7F77CFE044600286DD00DF24F
:10C700003E203E492BF0E0FC002852D03C490DF27F
:10C710003E202BF0D9FC00284BD03A490DF23E20A8
:10C720002BF0D2FC002844D037490DF23E202BF0EC
:10C73000CBFC00283DD035490DF23E202BF0C4FC47
:10C74000002840D032490DF23E202BF0BDFC0028DD
:10C7500039D030490DF23E202BF0B6FC98B32E496B
:10C760000DF23E202BF0B0FC68B32C490DF23E20B8
:10C770002BF0AAFC38B32A490DF23E202BF0A4FC82
:10C7800008B30DF23E2027492BF09EFCD8B1264B72
:10C79000009385AA254B4FF460710DF58260F9F77F
:10C7A00025FE0DF5826000F055FAFAF767FF0446A2
:10C7B0009AE782A8FFF77EFD1D4B012220465A70A2
:10C7C0000DF5F26D10BD82A8FFF774FDFAF756FF64
:10C7D000044620460DF5F26D10BD849A839B0092AD
:10C7E0004FF4607185AA0DF58260F9F7FFFD0DF534
:10C7F000826000F02FFA0E4B5C7875E780E803004A
:10C80000A4E5030068E8030044E9030020E803000E
:10C810002CE803000CE8030038E8030044E80300B8
:10C8200034E90300A4E8030074E903000083FFFF78
:10C8300021170020024B187800B97047FFF74ABF54
:10C840002117002000B5ADF2945D02A9F7F7D0FDE5
:10C8500030B102A8FFF72EFD0DF2945D5DF804FBE8
:10C86000049A039B00924FF4607105AA84A8F9F71B
:10C87000BDFD84A800F0EEF90DF2945D5DF804FBB7
:10C8800030B5224C2378C7B00BB947B030BD201D5E
:10C8900000F0CCFE0028F8D006A95F22201D00F091
:10C8A000F7FE031EF1DD06A8002511221849C55424
:10C8B0002BF0F4FD0028E8D1164B186807F006FDB0
:10C8C000059005A817F05CFB134B029342F28D31E3
:10C8D00042F28C32034601910092A0210F4A1EA819
:10C8E0002BF074FB201D00F047FF0546201D00F0D3
:10C8F00045FF29460246201D00F0DCFD1EA9201D33
:10C9000000F01EFE201D00F0EDFDBEE72417002004
:10C9100084E90300402E0020F0DF030098E90300C3
:10C9200010B50D4C42F28C3104F13C0000F0A4FC37
:10C9300042F28D3104F1680000F09EFC04F1940095
:10C9400000F03EFC04F1A00000F03AFC201DBDE820
:10C95000104000F073BD00BF24170020114870B5CF
:10C960004FF4E131044602F07DFC204602F06EFCFB
:10C9700006F060FD41F287360546204602F060FC75
:10C9800028B109480021BDE8704006F07DBD06F0E1
:10C9900051FD401BB042F0D903480021BDE8704072
:10C9A00006F072BDC0260020001BB7002DE9F04143
:10C9B0002C4F3B7882B0002B40D12B4BD3F800801A
:10C9C00098F85C30002B39D0404607F08BFC40468D
:10C9D00007F02AFD00283FD02448254C254D00F0C3
:10C9E0005FFC254800F05CFC42F28E31234800F0E9
:10C9F00037FD012304F114063B7014F8011B28468F
:10CA000002F048FC08B1A642F7D1404607F05EFCB0
:10CA100002AB43F8040D184617F0B2FA04462BF0A7
:10CA2000CFFC70B1134E251801E0A54209D014F8CF
:10CA3000011B304602F02EFC0028F6D102B0BDE802
:10CA4000F0810D210B4802F025FC0028F6D00A21C8
:10CA5000084802F01FFCF1E70949404607F03AFC9C
:10CA6000BAE700BF24170020402E002060170020E6
:10CA7000D4E90300C02600208C17002028170020CE
:10CA8000C0A8006D10B5164C237884B0ABB194F8F3
:10CA9000AC305BB901A8134900F048FC01A800F0D4
:10CAA000ABFB70B984F8AC0004B010BD04F1940085
:10CAB00000F0A2FB0028F7D1ECE7FFF777FF04B006
:10CAC00010BD029BBDF80C109DF80E20C4F89830E4
:10CAD0000023A4F89C1084F89E20A4F8AE30E1E76F
:10CAE00024170020601700202DE9F043534C544DCB
:10CAF00085B0074688460026284602F0BFFB00287E
:10CB000017DB0A28B4F8B0302DD00D282BD0E2184E
:10CB1000B3F5FF7FD8BF82F8B40003F101032846C4
:10CB2000D4BFA4F8B030A4F8B06002F0A7FB00288E
:10CB3000E7DA2378002B7BD094F8AC30002B6FD150
:10CB400001A8404900F0F2FB01A800F055FB08BB2A
:10CB500084F8AC003C4D002658BB4FF00009484615
:10CB600005B0BDE8F083002BC6D02344002538462D
:10CB7000474408F1FF32354983F8B450A4F8B05067
:10CB80004FF001092BF0DCFC07F8015C484605B0CA
:10CB9000BDE8F083029BBDF80C109DF80E20C4F890
:10CBA00098300023A4F89C1084F89E20A4F8AE309E
:10CBB000CEE7284600F020FB81460028CDD028464D
:10CBC00000F028FB0028C8DD284600F037FB0028CD
:10CBD000C3DB0A28B4F8AE300DD00D280BD0B3F566
:10CBE000FF7F1ADCE218013382F8B402A4F8AE30F9
:10CBF00094F8AC00B0E7002BFAD023440025384667
:10CC0000474408F1FF32124983F8B452A4F8AE50F9
:10CC10002BF096FC07F8015CB8E7A4F8AE60E7E7F4
:10CC2000094800F0E9FA00288AD094F8AC0091E7AE
:10CC3000FFF7BCFE94F8AC008CE700BF241700207F
:10CC4000C026002060170020B8170020D817002049
:10CC5000D8190020F8B507462BF0B2FB88B11C4E5E
:10CC60003D183C4601E0A5420BD014F8011B3046AC
:10CC700002F010FB0028F6D1164C94F8AC307BB9CA
:10CC8000F8BD0D21124802F005FB0028F4D0114C2C
:10CC90000F480A2102F0FEFA94F8AC30002BEFD0D6
:10CCA00004F1940000F0A8FA80B138462BF088FB1C
:10CCB0003946024604F1940000F046FA04F194006B
:10CCC00002220549BDE8F84000F03EBAF8BD00BFB9
:10CCD000C026002024170020ECE9030010B52F4CDB
:10CCE0002378ADF5A06D23B394F8B43423BB60A8CA
:10CCF0002B4900F01BFB60A800F07EFA002847D00B
:10CD0000619BBDF888019DF88A11C4F8A430012206
:10CD10000023A4F8A80084F8AA1084F8B424C4F866
:10CD2000B83406F087FBD4F8B834C31A312B024666
:10CD300009D80DF5A06D10BD04F1A00000F05CFA5B
:10CD40000028EED1D3E768464FF4C071C4F8B82488
:10CD5000FCF7CEFE6B4660A8124A4FF46071F9F7FB
:10CD600081FB94F8B434002BE3D00F4800F044FA70
:10CD70000028DED060A82BF023FB60A902460A48F9
:10CD800000F0E2F902220949074800F0DDF9D0E796
:10CD900084F8B4040DF5A06D10BD00BF2417002069
:10CDA0008C17002024E80300C4170020ECE90300DE
:10CDB000807970474FF0FF30704700BF807970472F
:10CDC000022906BF817101200020704700207047B2
:10CDD00000207047002070470020704790F918002D
:10CDE000704700BF438D13B190F828007047064B81
:10CDF000C1681A68436952F8212012681A420CBFB0
:10CE000001200020704700BFE41B00202E4BF0B42F
:10CE1000C0F82A30C3680469DA0102F182450026AD
:10CE200005F5004514F00107867180F8286005EBD0
:10CE3000540534D095F8307066F3071785F83070D4
:10CE400002F18242457E02F500422244002D34D197
:10CE5000022482F840401D4A846812681C4E063342
:10CE60009B00A3F10C051544134424320562C361F1
:10CE70004262E443BFF35B8F56E8003F234046E83D
:10CE80000032002AF8D1BFF35B8F0368114A5B6858
:10CE90008180934215D102238371F0BC704795F8CD
:10CEA000306067F3030685F8306002F18242457E08
:10CEB00002F500422244002DCAD0032482F84040EB
:10CEC000C9E70221F0BC184703000100E41B002061
:10CED000042D0020C1CD0000C269436912681342CD
:10CEE00000B505D0428D8285002A39D05DF804FB5B
:10CEF000828D002AFAD0013A92B28285002AF5D1B9
:10CF0000016A826809680B40002B0CBF01230023D3
:10CF100080F8283053D0BFF35B8F414BD24353E8A6
:10CF2000001F114043E8001EBEF1000FF7D1BFF310
:10CF30005B8F90F82830B0F90410426A002B4AD178
:10CF4000BFF35B8F01238B40DB4352E8001F194086
:10CF500042E800100028F8D1BFF35B8F5DF804FBB6
:10CF6000016A826809680B40002B0CBF0123002373
:10CF700080F8283047D0BFF35B8F294BD24353E86A
:10CF8000001F114043E8001EBEF1000FF7D1BFF3B0
:10CF90005B8F90F82830B0F90410426A3BBBBFF3B6
:10CFA0005B8F01238B40DB4352E8001F194042E8AE
:10CFB00000100028F8D1BFF35B8F5DF804FB184B1D
:10CFC000BFF35B8F53E8001F114343E8001EBEF11F
:10CFD000000FACD0F6E701238B40BFF35B8F52E824
:10CFE000001F194342E800100028E4D0F7E70123AE
:10CFF0008B40BFF35B8F52E8001F194342E80010DB
:10D000000028D8D0F7E7064BBFF35B8F53E8001F2B
:10D01000114343E8001EBEF1000FB8D0F6E700BF91
:10D02000042D0020034A02604FF6FF710022818028
:10D0300082717047F8E9030070B492F90140C4604E
:10D040000D4D816000244FF6FF7686808471056067
:10D05000957805610121A9404161D1780176117966
:10D06000064AC4610462446280F828404176C0F8F0
:10D070002A2070BC704700BF28EA030003000100AB
:10D08000054BC1681A68436952F8212012681A4298
:10D090000CBF012000207047E41B0020036A416997
:10D0A0001B6882680B40002B0CBF0123002300B5D6
:10D0B00080F8283023D0BFF35B8F1E4BD24353E858
:10D0C000001F114043E8001EBEF1000FF7D1BFF36F
:10D0D0005B8F90F82830B0F90410426ADBB9BFF3D7
:10D0E0005B8F01238B40DB4352E8001F194042E86D
:10D0F00000100028F8D1BFF35B8F5DF804FB0D4BE7
:10D10000BFF35B8F53E8001F114343E8001EBEF1DD
:10D11000000FDCD0F6E701238B40BFF35B8F52E8B2
:10D12000001F194342E800100028F8D1BFF35B8FBD
:10D130005DF804FB042D0020406820B14B68C01A44
:10D14000B0FA80F040097047F8B5436833B11E6803
:10D1500026B11AB111B11B7A042B02D0002420464B
:10D16000F8BDB6F86440944228BF14460546A2B202
:10D17000304601231AF00CFC0028EFD16B681868C8
:10D180001BF08EF90028E9D106F054F96B681B6892
:10D19000B3F86630032B0646E1DD084F08E0386837
:10D1A00007F0E4F86B681B68B3F86630032BD6DD34
:10D1B00006F040F9801B0428F1D9D0E7402E00206A
:10D1C000044A02604FF4FA610022018142608272D7
:10D1D000704700BF58EA030010B504460FF002F98B
:10D1E000044B23604FF4FA6200232281A37220468D
:10D1F00010BD00BF58EA0300406850B1006840B15C
:10D20000007DC31F012B03D9003018BF01207047D8
:10D2100000207047084B10B50446186807F0A6F8C0
:10D22000606820B1C3888088181A01D400B210BD8C
:10D2300000F5167000B210BD402E00204368ABB15F
:10D240009A88D988914211D030B40A4D541C1A449E
:10D2500085FB0415E117507AC1EBA5124FF4167146
:10D2600001FB124200B29A8030BC70474FF0FF3091
:10D27000704700BFB5814E1B002210B4074C0460FC
:10D28000418142600272C260026142618261C26198
:10D290000262426282625DF8044B704768EA0300F2
:10D2A00030B5446883B005461CB123684BB103B068
:10D2B00030BD4FF41971012029F0ACFC68600446C0
:10D2C000F3E719F007F86B68206018680028EED0C3
:10D2D000438B43F04003438305F10C0118F0FEFF3C
:10D2E000104B186806F0F2FF02A96B6841F8040DB4
:10D2F0006A89186818F078FA20B1696808680FF030
:10D3000009F9D4E76C68FF21206818F0D9FA6B6836
:10D310002060012418681C72034918F0EFFF2C727A
:10D32000C5E700BF402E0020F1C301002DE9F04306
:10D33000204B85B006461868894607F017F8304636
:10D34000FFF73EFF09F10C040027256801A82946D4
:10D350009DB1FFF741FF0299BDF80C209DF80E30FA
:10D3600071603281B3723046FFF746FF8046C0B924
:10D37000284629F01BFFC4F800800137082F04F16C
:10D380000404E2D101A8FFF71BFF0299BDF80C20AD
:10D390009DF80E30716030463281B37205B0BDE841
:10D3A000F083023709EB8707002330467B6005B026
:10D3B000BDE8F083402E00202DE9F041114B0646D8
:10D3C00084B018688846174606F0D0FF06F10C04B2
:10D3D0002C3654F8045B01A82946FFF7FDFE01A88E
:10D3E000FFF70AFF10B12B7A042B05D0B442F0D11D
:10D3F000384604B0BDE8F0813A46414601A8FFF73F
:10D40000A3FEF3E7402E0020F8B5BDF8187010B168
:10D4100004688C4204D01046BDE8F84017F00EBBFB
:10D42000044640681E46154608B117F007FB3268EF
:10D430002B892381E26027826560F8BD00220260AB
:10D4400042608260C260026182828261C261028443
:10D4500042620285C2620286C0F83220704700BF75
:10D4600030B590F8325083B015B1002003B030BD14
:10D47000818204461BF0BAFF0C4B20602581258475
:10D48000186806F023FF02A9A28A41F8040D20685B
:10D490001BF01CFD0028E8D12068054922461BF03E
:10D4A0007BFF0120C4F8320003B030BD402E0020C5
:10D4B00009D40000F8B590F8325075B1084B044615
:10D4C000186816460F4606F051FF01220023E76256
:10D4D000268684F8332084F834302846F8BD00BF0F
:10D4E000402E002030B5054690F8320083B028B1B8
:10D4F00095F8330010B195F8340008B903B030BD89
:10D5000002AAEB6A42F8043DA9692B8E28681BF039
:10D5100073FE0446A86917F091FA084A00231068C0
:10D52000AB61EB622B8685F8333085F8343006F03A
:10D530001DFFB4FA84F0400903B030BD402E002036
:10D540002DE9F0410B7882B0002B67D090F83220A3
:10D550008DF80730002A61D090F83330002B5DD071
:10D56000314B04461F680D4600261CE0A3690122CA
:10D570001B890DF10701404617F096FB38BBA069E7
:10D5800017F05CFA0123C4F8188084F8343015F8D9
:10D59000013F0136F3B194F832208DF80730CAB15B
:10D5A00094F83330B3B1384606F0E0FEA369ABB16E
:10D5B0001989013189B24FF42072362017F092F8A0
:10D5C000804638B1A16917F0BBFA0028CED040469A
:10D5D00017F034FA304602B0BDE8F0814FF4207203
:10D5E0000121362017F07EF8A0610028F2D0012238
:10D5F0000DF1070117F030FB48B9A369012284F847
:10D600003420002BC3D1304602B0BDE8F081A069C0
:10D6100017F014FA304602B0BDE8F081002630461B
:10D6200002B0BDE8F08100BF402E002038B5174B96
:10D630000446186806F09AFE94F83230D3B1238974
:10D64000C3B1E069E168228A23846162228518B14E
:10D6500017F0F4F90023E36163684FF4207219892D
:10D66000362017F03FF8E06120B1616817F068FAE2
:10D67000054608B1002038BD606817F0DFF90123C6
:10D68000208C6560258184F8353038BD402E00201F
:10D690002DE9F84F90F83230002B68D090F83530F3
:10D6A000002B64D0038C002B61D0002A5FD09A42FB
:10D6B000D0F81C80A8BF1A461646B8F1000F56D005
:10D6C0000F4605464FF00009B8F808104E45A1EB8B
:10D6D00003014C4689B244DDB8F80A308B4206DCBF
:10D6E00028E056453EDDB8F80A30994223DA404634
:10D6F0004C1C17F0FDFB07F809002B8C09F1010AFF
:10D70000013B1FFA8AFAA4B29BB22146D146544685
:10D710002B84002BE5D156450EDCE86917F08EF915
:10D720000023EB6185F83530BAF1000F1FD0504669
:10D73000BDE8F88FCA46D146D8F800B0BBF1000F5B
:10D7400002D0584617F0BCF9404617F077F92B8CF9
:10D75000BBF1000F08D0D846002BDED0A642B3DCC8
:10D76000E2E7CA46D146F7E7002BDDD1D5E74FF017
:10D77000FF30BDE8F88F00BF406A7047008D7047EA
:10D78000F8B5144E346814F0010402D0124B186836
:10D79000F8BD80201DF0CAF80546012740222C6004
:10D7A0006C60AC60EC602C616C612146AC61EC613A
:10D7B0002C626C62AC62EC622C636C6385F838702E
:10D7C0003C302AF043F9044BA5F87C4037601D60DB
:10D7D0002846F8BDE01B0020E81B00200249034A50
:10D7E000034B80E80E00704720800041A08000417C
:10D7F0002081004110B5CCB20F2C2ED8B2B16BBB3A
:10D80000012303FA01F100F13403BFF35B8F53E806
:10D81000002F0A4343E80024002CF8D1BFF35B8FAC
:10D8200090F83830CBB1104B196110BD012303FAC9
:10D8300001F1CA4300F13403BFF35B8F53E8004F9B
:10D84000144043E8004EBEF1000FF7D1BFF35B8FE9
:10D8500090F838300BB1044BD96010BD0122024B57
:10D8600002FA01F15961CEE7002800400F2914DCCB
:10D87000B0F87C30CB4013F0010F4FF0010310B52E
:10D8800003FA01F30AD10F4A00EB81015361CB6B1C
:10D8900013B1BDE81040184710BD7047DC4300F1DC
:10D8A0003402BFF35B8F52E800EF0EEA040E42E849
:10D8B00000ECBCF1000FF6D1BFF35B8F014AD360DF
:10D8C000E1E700BF002800400368C1681B68C3602F
:10D8D00042684B408361126803698168026153406A
:10D8E000C3610A684369426153400362704700BFE5
:10D8F00000B5816A436ABFF35B8F00F12C0223EA13
:10D90000010352E8001F194342E8001EBEF1000F58
:10D91000F7D1BFF35B8F416A836ABFF35B8F00F17E
:10D92000300223EA010352E8001F194342E8001EB7
:10D93000BEF1000FF7D1BFF35B8F436A83625DF8DE
:10D9400004FB00BF08B5FFF71BFF014B186008BDC3
:10D95000E41B0020062070470120704790F8190151
:10D96000704700BF807970478379122B10D00A2B43
:10D970000FD090F83D30A3B1D0F8A430D0F8B0204B
:10D9800093F90130DB0103F1824303F500435A614F
:10D99000704790F8FC309B07EBD590F83D30002B9A
:10D9A000EAD0D0F8A430D0F8B02093F90130DB01F0
:10D9B00003F1824303F500439A617047A0F1300000
:10D9C000D2E700BFF8B583798B4200F06081A1F106
:10D9D00009030D460446092B00F25781DFE813F0D6
:10D9E0007900A100A100F300550155015501550131
:10D9F00055010A00303007F0CDFEA379122B1AD161
:10DA0000D4F8A430D4F8B000002184F8141193F9AC
:10DA10000120AE4BA4F8161103EBC212012184F8C9
:10DA200018119061D4F8A810D4F8B82091F9011019
:10DA300003EBC1139A6172B6D4F8B40003680022F4
:10DA4000A4F810213BB1D4F8C410D4F8C0200B685E
:10DA50001340FCD10360D4F8BC0003680022A4F892
:10DA600012213BB1D4F8CC10D4F8C8200B68134075
:10DA7000FCD10360D4F8A410944B91F9012089786B
:10DA800003EBC2121144002591F840006FF300002F
:10DA900081F84000D4F8A81091F90100897803EBCF
:10DAA000C0131944122691F840006FF3000081F86A
:10DAB0004000D4F8B010A671012084F81451A4F8E5
:10DAC000165184F818019161D4F8B8209A6162B6B1
:10DAD000F8BD303007F05EFEA379122B00F0D9803C
:10DAE000D4F8A450D4F8A80095F9013090F9012099
:10DAF000DB01D101754AAD7813442B440A4493F8F5
:10DB000040106FF3000183F840108378134409211B
:10DB100093F840206FF3000283F840200120A171A8
:10DB2000F8BD303007F036FEA379122B1AD1D4F8A5
:10DB3000A430D4F8B000002184F8141193F9012026
:10DB4000624BA4F8161103EBC212012184F81811DC
:10DB50009061D4F8A810D4F8B82091F9011003EB23
:10DB6000C1139A6172B6D4F8BC0003680022A4F80D
:10DB700012213BB1D4F8CC10D4F8C8200B68134064
:10DB8000FCD10360D4F8A410504A91F9013089788F
:10DB900002EBC3130B4493F840106FF3000183F8BA
:10DBA0004010D4F8A81091F90130897802EBC31322
:10DBB0000B4493F8402042F0010283F84020A57105
:10DBC00062B60120F8BD303007F0E4FDA379122BD6
:10DBD0001AD1D4F8A430D4F8B000002184F814117C
:10DBE00093F90120394BA4F8161103EBC21201215D
:10DBF00084F818119061D4F8A810D4F8B82091F9DD
:10DC0000011003EBC1139A6172B6D4F8B400036833
:10DC10000022A4F810213BB1D4F8C410D4F8C020DD
:10DC20000B681340FCD10360D4F8BC0003680022E9
:10DC3000A4F812213BB1D4F8CC10D4F8C8200B685A
:10DC40001340FCD10360D4F8A410204A91F90130AC
:10DC5000897802EBC3130B440C2093F8401041F079
:10DC6000010183F84010D4F8A81091F901308978A7
:10DC700002EBC3130B4493F8402042F0010283F8F7
:10DC80004020A07162B60120F8BD0020F8BD01203F
:10DC9000F8BD0022D4F8A45084F8142195F901307D
:10DCA0000A4EA4F81621DB01F218D4F8B0100120B6
:10DCB00084F818019161D4F8A800D4F8B87090F9EC
:10DCC0000120D1010E44B76114E700BF008000417C
:10DCD000012070472DE9F047089EBDF82490BDF85B
:10DCE0002880044617468A46324600211D46FFF723
:10DCF000A3F904F1300007F01BFD6C4BC4F8A0A0A1
:10DD000003F13C02C4F8A470C4F8AC602360C4F80A
:10DD1000A8502263BA786649DFF8A0A1654E0123B6
:10DD200003FA02F2C4F8B020AA7884F8D69003FA75
:10DD300002F24FF0020C4FF07D0E0020C4F8B82024
:10DD400084F8D7800022A4F8E2C04FF019084FF6FB
:10DD5000FF7CA4F8F8E04FF003094FF0FF3E84F891
:10DD6000D820A4F8DA20A4F8DC20A4F8DE20A4F857
:10DD7000E02084F8E42084F8F52084F8F620A4F864
:10DD8000FC2084F8002184F80121C4F8F0A084F874
:10DD9000F490A4F8D0C0A4F8D2C0A4F8D4C0C4F8B9
:10DDA000E880C4F8ECE0C4F80421C4F80821C4F801
:10DDB000102184F81421A4F8162184F8192184F87C
:10DDC0001A21C4F81C21C4F82021C4F8242184F8A5
:10DDD000382184F8482184F86021C4F86421C4F80B
:10DDE0006821C4F86C21C4F87021C4F87421C4F807
:10DDF0007821C4F87C2184F8882184F8892184F86A
:10DE00008A21C4F88C21C4E94C01C4E95001C4E959
:10DE10005401C4E9560184F81831C4F82831C4F813
:10DE20000C81C4F880E1C4F884E163763B7B7F7B9E
:10DE300056F82300042B9CBF1F4AD25CB7FBF2F1BB
:10DE400002FB11724FF48073D2B202F11C0103FA8B
:10DE500002F200EB810102F47C520830C4F8B410E5
:10DE6000C4F8C400C4F8C0202A7B687B56F822108E
:10DE7000042A9ABF104B9A5C0022B0FBF2F302FB1B
:10DE80001303DBB24FF4807203F11C0002FA03F3B8
:10DE900001EB800003F47C530831C4F8BC00C4F8E3
:10DEA000CC10C4F8C8302046BDE8F08790EA0300E3
:10DEB0000000F03F74EA03006CEA0300003C1CC65B
:10DEC00079B1C2B190F864319B0770B50C46164623
:10DED000054612D40123C5F81C61204685F81A3185
:10DEE00070BD80F81A11C0F81C11C0F82011C0F8DC
:10DEF00024110120704710467047303007F04AFC6B
:10DF0000AB79122BE6D1D5F8A430D5F8B0000021BA
:10DF100085F8141193F90120094BA5F8161103EBAC
:10DF2000C212012185F818119061D5F8A810D5F812
:10DF3000B82091F9011003EBC1139A61CAE700BF41
:10DF400000800041F8B590F81A312BB183790A2B83
:10DF5000044602D0122B37D0F8BD90F83D30CE0FDA
:10DF600081EAE175B342A5EBE1755AD0236884F8E4
:10DF70003D601B6B20469847A16BA379A942A8BFBF
:10DF80002946122B2DD0D4F8BC50A4F812112B68BE
:10DF90008FB2BB4207D0D4F8CC00D4F8C8200368B5
:10DFA0001A42FCD12F60002E39D10A46636C13440B
:10DFB000636494F864310029CCBF43F002036FF32B
:10DFC000410384F86431F8BD90F83D30CE0F81EA0A
:10DFD000E175B342A5EBE175C8D1A16BA942A8BF19
:10DFE00029468BB2002BDED094F8FC2094F83D300B
:10DFF0009207D4F8142158BF83F0010332F47F4212
:10E00000B4F8162108BF84F818314FF6FF7012FAE1
:10E0100081F3834228BF0346A4F81631C3E74A427E
:10E02000C4E7A16BA942A8BF2946ACE770B590F838
:10E030007A3182B00446002B75D190F8793183F0A3
:10E04000010394F8002194F801518A4235D094F8E4
:10E05000190184F80011002284F80121C4F8082174
:10E0600078B3002172B6002B30D0002930D040F2B6
:10E07000E2420123C4F87C2184F8793162B6A379A5
:10E080000A2B2CD0122B2AD094F889318B4235D010
:10E09000D4F8A03000293BD1BFF35B8F3C4ADB436F
:10E0A00052E8000F184042E80005002DF8D1BFF3F8
:10E0B0005B8F84F8891102B070BD94F81921002A91
:10E0C00033D10029CDD072B6002BCED10029D5D1C5
:10E0D000002384F87A3162B6A3790A2BD2D119B918
:10E0E00094F864319A0728D494F8FC30DB0794F84C
:10E0F000893148BF81F001018B42C9D1002DD8D0B0
:10E1000094F80131002BD4D1D4F8A0300029C3D029
:10E11000BFF35B8F1E4A52E8000F184342E8000528
:10E12000002DC4D0F7E700238BE7002284F800110C
:10E1300084F80121C4F8082193E794F8743101911F
:10E1400043F0100384F8743104F1300007F022FB2F
:10E15000A3790199122BC7D1D4F8A43084F81411F3
:10E1600093F901200B4BD4F8B000A4F8161103EB7F
:10E17000C212012684F818619061D4F8A800D4F87E
:10E18000B82090F9010003EBC0139A61ACE700BF1F
:10E19000042D00200080004110B50446303007F007
:10E1A000F9FAA379122B1AD1D4F8A430D4F8B0001C
:10E1B000002184F8141193F90120094BA4F81611D9
:10E1C00003EBC212012184F818119061D4F8A81051
:10E1D000D4F8B82091F9011003EBC1139A6110BD76
:10E1E0000080004190F87831002B4AD0354A90F8F1
:10E1F0000131126800B512698BB990F88A31012B90
:10E2000022D0022B3BD190F8F430002B45D1D0F82E
:10E210008C31002B3CD180F88A315DF804FBD0F8BA
:10E220000431D0F80C11D31A8B422BD3D0F808311B
:10E23000C0F80421013BC0F808314BB980F8013126
:10E2400090F88A31012BDCD1022380F88A31DAE799
:10E250001D4BD0F8A020BFF35B8F53E8001F514047
:10E2600043E8001EBEF1000FF7D1BFF35B8F90F8BB
:10E270008A31012BC5D190F80131002BE4D05DF833
:10E2800004FB704790F88A31022BBCD05DF804FB88
:10E29000013BC0F88C315DF804FB002200F5BA7335
:10E2A000BFF35B8F53E8001F21F0200143E8001EFD
:10E2B000BEF1000FF6D1BFF35B8F80F88A215DF8C5
:10E2C00004FB00BF342E0020042D002090F87A318A
:10E2D00070B5044680F81911002B65D190F879319A
:10E2E00083F0010394F8016149BB94F8005172B6C0
:10E2F0006BB375B340F2E2420123C4F87C2184F889
:10E30000793162B6A3790A2B2AD0122B28D094F83F
:10E310008931AB4233D0D4F8A030002D39D1BFF3CE
:10E320005B8F364ADB4352E8001F194042E8001079
:10E330000028F8D1BFF35B8F84F8895170BD0025A8
:10E3400084F80151C4F8085172B6002BD1D1002DC8
:10E35000D7D1002384F87A3162B6A3790A2BD4D1BD
:10E360001DB994F864319A0720D494F8FC30DB0787
:10E3700094F8893148BF85F00105AB42CBD1002E1E
:10E38000DAD094F80131002BD6D1D4F8A030002D8A
:10E39000C5D0BFF35B8F194A52E8001F194342E80A
:10E3A00000100028C6D0F7E700239BE794F87431EB
:10E3B00043F0100384F8743104F1300007F0EAF9F7
:10E3C000A379122BD1D1D4F8A43084F8145193F945
:10E3D00001200B4BD4F8B010A4F8165103EBC21275
:10E3E000012084F818019161D4F8A810D4F8B8205D
:10E3F00091F9011003EBC1139A61B6E7042D0020D7
:10E400000080004161B32DE9F84F57EC106B0C46CA
:10E41000924605460022002310EE100A394659ECB8
:10E42000118B27F04DF8C0B9002200234046494621
:10E4300027F046F888B905F59470C5F82841C5E974
:10E440004C6785F838A1C5E9508909F059FD0121CB
:10E4500085F860110846BDE8F88F0020BDE8F88F08
:10E460000846704700000000F8B590F8783103B90D
:10E47000F8BD0446FEF730FD914A94F8D610A37912
:10E4800052F82170BD7A0A2BEDB200F00581122BF3
:10E4900000F0028194F8D830013B012B4FF00006C8
:10E4A00000F20481AA0700F0BE823323BB72B4F8E5
:10E4B000E230012293FA12F39AB2003218BF01221D
:10E4C000A4F8E23084F87B21EB0600F1B58294F8E1
:10E4D0007B31002B40F00582D4F8E83003EB830356
:10E4E000A4F8F830B4F9D010481C12D0754804F0E4
:10E4F00035F803689B6805469847092800F0AE8206
:10E500002846FEF76FFC011C18BF01212046FFF7CB
:10E510008DFDB4F9D2104A1C18D0A3790A2B3DD036
:10E52000122B3BD0674804F019F803689B68054636
:10E530009847092800F031822846FEF753FCA3795A
:10E54000092B00F034820B2B00F03182B4F9D41087
:10E550004B1C23D0A3790A2B20D0122B1ED0594854
:10E5600003F0FCFF03689B6805469847092800F004
:10E57000B3822846FEF736FCA379092B0ED1D4F8D6
:10E58000A830D4F8B82093F90130DB0103F18243BD
:10E5900003F50043002800F0DB825A61B4F98011D2
:10E5A0004F1C10D0474803F0D9FF03689B6805460D
:10E5B0009847092800F07C812B6828461B689847FB
:10E5C000042800F07581B4F984114E1C15D03D4823
:10E5D00003F0C4FF03689B6805469847092800F0CC
:10E5E0004D822846FEF7FEFB94F84030B0FA80F0EA
:10E5F000400960F3C30384F84030B4F982114D1C24
:10E6000015D0304803F0AAFF03689B680546984779
:10E61000092800F02E822846FEF7E4FB94F84030EB
:10E62000B0FA80F0400960F3041384F84030B4F984
:10E630008611D4F86451D4F87461481C00F010813C
:10E64000204803F08BFF03689B680746984709281A
:10E6500000F019823846FEF7C5FBB0FA80F77F0953
:10E6600094F83C30002B40F0318184F8883194F8E4
:10E670003E1067F3104549BB94F86421920725D5F5
:10E6800094F83D0094F84020002800F08181D706DE
:10E6900020D546F004061DE094F8FC30C3F3800654
:10E6A00094F8D830013B012B7FF6FCAE94F828306B
:10E6B0007340054A84F8F430C4F8F02012E700BF34
:10E6C000D8EA03000C2C0020003C1CC694F83D0046
:10E6D00094F84020C2F3C00767F38E35C2F30012EE
:10E6E00094F8017162F3CF3567F34D3560F3C305DC
:10E6F000002B00F0B380981F18BF012094F87A21F6
:10E7000060F34105002A00F0A38094F8F47011B181
:10E71000A80740F137816FF30005032B00F08A80D2
:10E7200015F0020340F02581002900F0838063F397
:10E73000820594F8793161F3861567F3C815002BCB
:10E740007CD0D4F87C31002B40F3928062F34515E5
:10E750000122013B62F38C25C4F87C3105F00203F1
:10E760001BB1B00648BF46F00106321C18BF01229B
:10E77000D4F87031C4F8746162F34925C4F8645167
:10E7800025EA030304F5B472BFF35B8F52E8001F60
:10E79000194342E800100028F8D1BFF35B8FD4F88A
:10E7A0007021BFF35B8F04F5B67322EA050553E8C9
:10E7B000002F2A4343E800210029F8D1BFF35B8FE3
:10E7C000A379D4F86421C4F870210A2B02D0122B4B
:10E7D0007FF44EAED4F81C0168B190F8562A002A96
:10E7E00040F0918090F88A2794F81A11D2B211B1B2
:10E7F000002A40F08D8004F13005284606F022FD05
:10E80000284607F09DF8A379122B00F04481D4F834
:10E81000BC50606B2A68A4F8120180B282423FF4B7
:10E8200027AED4F8CC10D4F8C8200B681342FCD122
:10E830002860F8BD3B1C18BF012378E762F345153B
:10E84000F2B962F38C25AF078FD546F0100688E742
:10E8500062F3000594F8F470134668E718464DE734
:10E8600094F83C30002B39D184F888311F46FEE6FD
:10E870000122002345F0200584F87A2184F87931BB
:10E8800094F8D83033B947B905F00203042262F393
:10E890008C2565E7002F00F09A8015F00203F5D172
:10E8A000032262F38C2563F3041505F0020357E796
:10E8B00094F8D81000295ED02B6894F8F4105B69A6
:10E8C00009B194F87A11284698477CE637B194F854
:10E8D0008811002900F025810F46C8E694F8887158
:10E8E000C5E694F8283094F8F5107340DAB29142F6
:10E8F00000F02381D4F8E83084F8F52003EB83039B
:10E90000A4F8F830EEE594F81A21002A3FF473AF2A
:10E91000D4F82021944200F06681122B7FF4A8AD38
:10E92000B4F81631002B3FF4A3AD94F8141100296C
:10E9300040F0108194F8FC3094F83D209B0758BFBC
:10E9400082F0010284F81821002A40F04781D4F8AF
:10E95000A830D4F8B82093F90130DB0103F18243E9
:10E9600003F500435A614B1C03F0030384F8143190
:10E97000F8BD0023DBE694F8F4202B68012A5B69DC
:10E98000A1D19EE7012F7FF4C6AE45F00105C4E694
:10E99000170748BF46F002069CE6B54BB4F9D21003
:10E9A00018680EF003F9A379092B7FF4CCADD4F8E5
:10E9B000A430D4F8B02093F90130DB0103F1824395
:10E9C00003F50043002800F0C1805A61BEE5022330
:10E9D00004F1300063F38C2506F0DCFEA379122BE2
:10E9E00046F0200645F010057FF45FAFD4F8A43060
:10E9F00084F8147193F901209E4BD4F8B010A4F858
:10EA0000167103EBC212012084F818019161D4F849
:10EA1000A820D4F8B81092F9012003EBC21205F037
:10EA2000020391619CE604F005FDD4F8EC30C01AB5
:10EA300003283FF63AAD47E504F0FCFCB4F8E230B9
:10EA4000C4F8EC00002B52D03023BB72002294F8A3
:10EA50007B3184F8F620A4F8E2203AE5844BB4F93F
:10EA6000D01018680EF0A2F801462046FFF7DEFA33
:10EA70004FE52B6828461B699847CFE52B68284649
:10EA80001B699847B0E53B6838461B699847B0FA60
:10EA900080F77F09E4E5626B93B2002B3FF440AF4F
:10EAA00094F8FC1094F83D308907D4F8141158BF3D
:10EAB00083F0010331F47F41B4F8161108BF84F8E4
:10EAC000183111FA82F24FF6FF739A4228BF1A46A4
:10EAD00093B2A4F8163125E7654BB4F9D410186841
:10EAE0000EF064F8A379092B3FF449AD56E5AD0665
:10EAF0007FF5EDACB4F8DC10B4F8E020A4F8DA103F
:10EB0000A4F8DE20F88BA4F8DC0094F8F600BD8BA6
:10EB1000A4F8E050A0BB94F87B31012284F8F620E1
:10EB2000D7E404F1300006F04FFE012384F8883169
:10EB300046F0080694F83C3099E5B4F8F820002A2D
:10EB40003FF4B7AD013AA4F8F820CBE49A61FDE4B4
:10EB50009A6123E594F81821002A5ED001293FF438
:10EB6000F6AE022943D1D4F8A430D4F8B02093F9FA
:10EB70000130DB0103F1824303F500439A61F2E6C1
:10EB800007EE901AB8EE677A07EE902AF8EE677AE9
:10EB900084F87B31C7EE276A16EE900A26F0C0F99A
:10EBA0002FA3D3E9002326F05BF82FA3D3E900239A
:10EBB00026F00AFA26F000FD07EE900A1EB19FED3E
:10EBC0002E7A77EE677A94F8D830C4ED3C7A022B2F
:10EBD00031D0022384F8F43000239EE7D4F8A43027
:10EBE000D4F8B020B7E608F0F3F9A37995E6D4F8A5
:10EBF000A820D4F8B80092F90120D20102F1824293
:10EC000002F5004290614A1C02F0030284F81421CC
:10EC100012BB013BA4F81631F8BD0129DED0022950
:10EC200004D1D4F8A830D4F8B820A0E7D4F8A420B0
:10EC3000D4F8B000DFE717EE900A26F071F9002251
:10EC40000E4B26F00DF802460B4626F00BF826F088
:10EC5000B3FCC4F8F000BCE7F8BD00BFAFF3008020
:10EC60009A9999999999A93F721CC7711CC75B40E1
:10EC70004C310020008000410000C84200004940A3
:10EC80002DE9F84304460F469046002A54D1456CBE
:10EC90004D1BED0FD4F87431002B4BD094F8743128
:10ECA00043F0010384F87431002694F8003133B93D
:10ECB00094F8742142F010021E4684F87421B4F9CD
:10ECC0008611481C16D0294803F048FC03689B684D
:10ECD00081469847092840D04846FEF783F8B0FAA5
:10ECE00080F0400930B194F8743143F0080384F89F
:10ECF0007431002694F840306DB1D90626D496B10F
:10ED000001234246394684F83E3004F13000BDE824
:10ED1000F84306F013BA1A07F1D594F8743143F0AA
:10ED2000020384F8743194F864319B0706D4002000
:10ED3000BDE8F8830126B8E7CD0FABE704F130005A
:10ED4000002106F041FD0020BDE8F88394F87431FD
:10ED500043F0040384F87431E5E7D9F800304846FD
:10ED60001B699847B0FA80F04009BBE70C2C0020E3
:10ED7000A0F13000FFF784BFF8B5D0F87431044635
:10ED80000E46002B4AD090F8743143F0010380F80E
:10ED90007431002594F8003133B994F8742142F0AD
:10EDA00010021D4684F87421B4F98611481C16D04F
:10EDB000264803F0D3FB03689B6807469847092859
:10EDC0003CD03846FEF70EF8B0FA80F0400930B17A
:10EDD00094F8743143F0080384F874310025002E50
:10EDE00094F840300CDAD90621D48DB10023314695
:10EDF00084F83E3004F13000BDE8F84006F0D8B9A0
:10EE00001A07F2D594F8743143F0020384F8743190
:10EE100094F864319B0703D40020F8BD0125B9E7BD
:10EE200004F13000002106F0CFFC0020F8BD94F87A
:10EE3000743143F0040384F87431E9E73B683846E1
:10EE40001B699847B0FA80F04009C0E70C2C0020FD
:10EE5000A0F13000FFF790BFF8B5D0F8A430CA4D4C
:10EE600093F90130D0F8B02005EBC31304469A6142
:10EE7000D0F8A830D0F8B82093F9013005EBC313CF
:10EE80000E469A610021FFF7D1F831462046FDF782
:10EE9000BDFFD4F8A43093F90120987805EBC21295
:10EEA0001318002783F84070D4F8A81091F90130A6
:10EEB0008E78DB01E9188D1903F1824385F84070E3
:10EEC000D4F8B0509560D4F8B8508D6002EB500281
:10EED00010F0010F92F830104FF0050003F50043D9
:10EEE00014BF60F3071160F3030103EB560382F8CC
:10EEF000301093F83020F0074FF005014CBF61F35C
:10EF0000071261F3030283F8302023689F4A5B688D
:10EF1000934240F04781A379092B26D004F13000B9
:10EF200006F038FCA379122B00F01281D4F8A4501B
:10EF3000D4F8A80095F9013090F90120DB01D10146
:10EF4000914AAD7813442B440A4493F840106FF370
:10EF5000000183F8401083781344092193F840207E
:10EF60006FF3000283F84020A171E3682269DB019E
:10EF700003F1824101F5004101EB520103F18243AB
:10EF800091F8300012F0010503F50043134414BF5B
:10EF90006FF3071065F3030081F8300093F8402009
:10EFA0007B4942F0010283F8402094F8D60051F8E2
:10EFB00020301A686FF341021A601A699207FCD474
:10EFC0001A6842F001021A601A6912F00102FBD1BC
:10EFD0001D68704962F305151D601D6862F31455C4
:10EFE0001D601D6862F355551D601D6845F4803530
:10EFF0001D601D6845F400351D601D6862F3CB255A
:10F000001D601D6862F30A251D601D6845F08005BE
:10F010001D601D6845F040051D601D6862F3830595
:10F020001D60DD88052666F30205DD80DD8845F07C
:10F030002005DD80DD8862F30C35DD80DD8862F33C
:10F040004D35DD80DD8862F30825DD80DD8845F003
:10F050001005DD800D7862F341050D70D4F8AC2009
:10F060008E68D5780122AA4016438E60EF088E691B
:10F07000BF0007F1804E16430EF5205E8E6105F04D
:10F080000706DEF81CC0B7000426BE4046EA0C06A0
:10F09000CEF81C60CE6892B262F30F06CE600A789A
:10F0A00042F002020A704A6812F00202FBD194F8A0
:10F0B000D7E039490EF12B073E4651F827C062F3DD
:10F0C000861C41F827C051F826205706FBD451F87A
:10F0D0002620314F4FF0060C6CF3030241F8262036
:10F0E00051F8262042F0400241F826207A6812F0BA
:10F0F000180FFBD1294A2A4E74300EF101010FFA84
:10F100008EFE42F8201006EBCE02917941F002010A
:10F110009171D179C807FCD4123505F07F0545F40B
:10F12000007546F83E50D1798907FCD41A6842F040
:10F1300002021A601A6912F00202FBD10123C4F81C
:10F140006421C4F86821C4F86C2184F87831F8BDD2
:10F150000022D4F8A45084F8142195F901300A4E05
:10F16000A4F81621DB01F218D4F8B010012084F8BD
:10F1700018019161D4F8A800D4F8B87090F9012072
:10F18000D1010E44B761DBE600800041C5D9000023
:10F19000D8EA030000280040001C004000E00041C5
:10F1A00020E00041092120469847DEE6A1F1020057
:10F1B000B0FA80F04009704702207047A1F10100C9
:10F1C000B0FA80F040097047A1F10800B0FA80F071
:10F1D00040097047807A7047A0F10400FAE700BF49
:10F1E000807A401AB0FA80F040097047A0F104001C
:10F1F000F6E700BF08207047A0F10400FAE700BF5F
:10F2000000207047A0F10400FAE700BF11238181BC
:10F2100083727047A0F10400F8E700BF704700BF99
:10F22000A0F10400FAE700BF014B186800F05EBED1
:10F23000F01B0020014B186800F066BEF01B002098
:10F24000014B186800F07ABEF01B0020014B1868D3
:10F2500000F030BEF01B0020014B186801F004BA2A
:10F26000F01B0020014B186800F01CBEF01B0020B2
:10F27000014B186800F018BEF01B0020014B186805
:10F2800000F07ABEF01B0020014B186800F0A0BF10
:10F29000F01B0020014B186800F0A6BFF01B0020F7
:10F2A000014B186800F0D4BFF01B0020014B186818
:10F2B00000F0D6BFF01B00200368044A1B6B93428A
:10F2C00003D1034B186800F039BE184741F2000023
:10F2D000F01B0020A0F10400EEE700BF08B50368B2
:10F2E000064A1B6B934205D1054B186800F026FEB9
:10F2F00000B208BD984700B208BD00BF41F200004F
:10F30000F01B0020A0F10400E8E700BF08B5036887
:10F3100061B90B4ADB68934205D10A4B186801F0CA
:10F32000A3F9012008BD9847012008BD064A9B6843
:10F330009342F8D1034B186800F0BCFD012008BDD2
:10F3400059F20000F01B00204DF20000A0F1040073
:10F35000DCE700BF30B583B01A4DADF804009DF86E
:10F3600004102B6811F00104A3F8120112D12146F8
:10F3700020460AF05BFA214601200AF057FA0AF00B
:10F3800049FA0AF081FA0368B3F5966F12D00020AB
:10F3900003B030BD0C4900200AF048FA0B490120A7
:10F3A0000AF044FA2868402180300AF00BFA002065
:10F3B00003B030BD0121064803F08CFB002003B0F0
:10F3C00030BD00BFF01B0020D5F300000DF600009B
:10F3D0000C2C00202DE9F04F83B072B68A490B68DF
:10F3E00003F18000C3F81821C3F8140162B608685D
:10F3F00072B6D0F80431D0F80021D0F818419B1A29
:10F4000048BF4033002C00F0D680D3F13F0300F01A
:10F41000D280D0F80451D0F81421A34228BF23464B
:10F42000C5F14001994228BF19464619002900F04C
:10F43000E8802C1D0444171DBE4238BFA242C0F014
:10F44000CE800B2940F2CB80544214F0030400F02C
:10F45000B78017784755012C06F1010C02F101081D
:10F4600000F0B08057787770022C06F1020C02F1A0
:10F47000020800F0A7809778B77006F1030C032606
:10F4800002F103080196A1EB040BABF10406B608E8
:10F490002F1901364FEA8609074414444FF0000E35
:10F4A0000EF1010E54F804AB47F804AB7645F7D8DB
:10F4B000019CCB454C440CEB090708EB090E00F00E
:10F4C000898018F826800CF82680661CB14240F22C
:10F4D000818002349EF801607E70A1427AD99EF844
:10F4E0000240BC705618D0F81421D0F818410A44D4
:10F4F000641A5B1AC0F81421C0F8184164D0311D99
:10F50000021D964238BF8842044671D30B2B6FD937
:10F51000724212F003025FD031780170012A00F1CB
:10F52000010406F1010E58D071784170022A00F1F1
:10F53000020406F1020E50D0B1788170C41C06F1AD
:10F54000030E0327A3EB020CACF1040189084D1C48
:10F5500016444FEA850802440021013156F8049B05
:10F5600042F8049B8D42F8D8C44507EB080204EB2F
:10F5700008010EEB08060DD01EF8257004F8257062
:10F58000541CA34206D9023274784C70934201D9BC
:10F59000B2788A70D0F81421D0F81841C0F804313C
:10F5A0001A44E41AC0F81421C0F818411CB980307C
:10F5B00040210AF007F962B6012003B0BDE8F08FE0
:10F5C000B446904601945EE7294401F03F01C0F83B
:10F5D0000411EBE7561886E7B6461746B2E7741EE5
:10F5E000561812F8017B04F8017FB242F9D17AE78C
:10F5F000421EF41816F8011B02F8011FB442F9D19B
:10F60000C8E7164673E700BFF01B00202DE9F04F56
:10F61000D84883B0002940F0AB810168D1F80831A7
:10F620001A4402F03F02C1F808210023BFF35B8FA8
:10F6300081F81031BFF35B8F0468BFF35B8F4FF02D
:10F64000010104F58873D3E84F2FC3E8401F002859
:10F65000F9D1BFF35B8F12F0FF0F40F0DC80D4F8DC
:10F660000861D4F80C118E4200F0918104F140023F
:10F6700002EB060704F1C00EC0F0D180C6F14003D2
:10F680001944402928BF40218B4228BF0B46002B3C
:10F6900000F0A18106F1400506F1440C6019A44474
:10F6A00004F1C408404538BFE645C0F08A810B2B01
:10F6B00040F28781404210F0030000F06181965DC6
:10F6C00084F8C060012804F1C10C07F1010800F0C2
:10F6D00059817E7884F8C160022804F1C20C07F1D8
:10F6E000020800F04F81BE7884F8C260032607F15B
:10F6F000030804F1C30C0196A3EB000BABF1040665
:10F70000B60805440136C030254420444FEA860936
:10F710000027013755F804AB40F804ABB742F8D3E3
:10F720000198CB4548440CEB090508EB09070DD0BF
:10F7300018F826800CF82680461CB34206D9023001
:10F740007E786E70834201D9B878A8700EEB030002
:10F75000CB1A00F0FC8004F14405061DB24238BF0C
:10F76000A842C0F025810B2B40F22281554215F0B2
:10F77000030500F0098194F840200270012D00F18A
:10F78000010804F1410200F0008194F84120427028
:10F79000022D00F1020804F1420200F0F68094F814
:10F7A0004220827000F1030804F143020327A3EB17
:10F7B0000509A9F10406B60805F1400C01362844F4
:10F7C000A4444FEA860B4FF0000A0AF1010A5CF8E4
:10F7D000045B40F8045B5645F7D8D9455F4408EB15
:10F7E0000B0002EB0B0500F0B28012F8262008F89F
:10F7F00026207A1C934240F2AA8002376A7842702F
:10F80000BB4240F2A480AB788370704609F0EEFFF3
:10F81000002840F0A280012003B0BDE8F08F891BD2
:10F8200006F1400306F14400402904EB030820449C
:10F8300004F1C40528BF4021A84538BF8645C0F063
:10F84000AD800B2940F2AA80C8F1000818F0030827
:10F8500000F09280925D84F8C020B8F1010F04F1AD
:10F86000C10507F1010600F089807A7884F8C1208B
:10F87000B8F1020F04F1C20507F102067ED0BA7892
:10F8800084F8C220FE1C04F1C3054FF00309434471
:10F8900008F1C000E2582250A1EB0808A8F10402C8
:10F8A00023449208013220445F684760022A4FEAED
:10F8B000820C35D09F688760032A31D0DF68C7602B
:10F8C000042A2DD01F690761052A29D05F69476185
:10F8D000062A25D09F698761072A21D0DF69C76181
:10F8E000082A1DD01F6A0762092A19D05F6A476279
:10F8F0000A2A15D09F6A87620B2A11D0DF6AC76275
:10F900000C2A0DD01F6B07630D2A09D05F6B47636C
:10F910000E2A05D09F6B87630F2A01D0DB6BC36370
:10F92000E045E14405EB0C0306EB0C000FD016F8A4
:10F93000226005F8226009F10102914207D909F11C
:10F94000020942785A70494501D982789A70704606
:10F9500009F04CFF00283FF45EAFBFF35B8F00233C
:10F9600084F810310120BFF35B8F03B0BDE8F08F46
:10F9700001685AE6F01B00203E467546C14686E700
:10F98000B846F4460190B7E680462F460FE7BFF32E
:10F990005B8F84F81021BFF35B8F3CE704F1BF035A
:10F9A000781817F8012B03F8012F8742F9D1CEE719
:10F9B0000138134412F8015B00F8015F9A42F9D153
:10F9C000C5E704F1BF00FE1817F8015B00F8015FFE
:10F9D000BE42F9D1BAE67046BAE600BF70B5164E1F
:10F9E000346814F0010402D0144B186870BD4FF451
:10F9F00090701AF09BFF054600F18003C0F80041AB
:10FA00000F49C5F80441C5F81431C5F80841C5F8D7
:10FA10001841C5F80C4185F81C4185F81041A5F83E
:10FA2000124185F81141032009F000FF034A012328
:10FA300015602846336070BDEC1B0020341C00208C
:10FA400055F300002DE9F041C74AD2F8A8306FF312
:10FA500086138CB0C2F8A830D2F8A8305906FBD46F
:10FA6000D2F8A830C049042060F30303C2F8A830DC
:10FA7000D2F8A83043F04003C2F8A8304B68DB0648
:10FA8000FCD4BA4BBA491A6942F480621A619A6985
:10FA900042F001029A61A1F1D70003220AF072FA42
:10FAA0000446002800F09C81B24B0FCB8DE80F007C
:10FAB00003681D0FE8B2C3F3036800F13007373065
:10FAC000092D88BF07465FFA88F0C3F3035600F19B
:10FAD000300C3730B8F1090FC8BF8446F0B2C3F319
:10FAE00003458DF811C000F1300C3730092EC8BF26
:10FAF0008446E8B2C3F3033E8DF812C000F1300C27
:10FB00003730092DC8BF84465FFA8EF08DF810702B
:10FB10008DF813C0C3F3032700F1300C3730BEF16A
:10FB2000090FD4BFE6468646F8B2C3F303160A4669
:10FB30008DF814E000F1370E3030092FCCBF774636
:10FB40000746F0B212688DF8157003F00F0300F14C
:10FB500037073030092ECCBF3E460646D8B2150FC7
:10FB60008DF8166000F137063030092BCCBF3346D4
:10FB70000346E8B2C2F3036C8DF8173000F1370387
:10FB80003030092D88BF18465FFA8CF3C2F3035E4C
:10FB90008DF8180003F137003033BCF1090FCCBFEA
:10FBA00084469C465FFA8EF3C2F303478DF819C072
:10FBB00003F1370C3033BEF1090FD8BF9C46FBB2BE
:10FBC000C2F303368DF81AC003F1370C3033092F16
:10FBD000D8BF9C46F3B2C2F303258DF81BC003F1D6
:10FBE000370C3033092ED8BF9C46EBB2C2F303105A
:10FBF00002998DF81CC003F1370C3033092DCCBFAE
:10FC000065461D46C3B209688DF81D5002F00F020B
:10FC100003F1370530330928CCBF28461846D3B244
:10FC20004FEA117E8DF81E0003F137003033C1F327
:10FC30000367092ACCBF02461A465FFA8EF5F8B26E
:10FC40008DF81F2005F137023035C1F30356BEF1A0
:10FC5000090F88BF154600F137023030092FC8BFA1
:10FC60001046F3B203F137028DF821003033C1F3AF
:10FC70000340092EC8BF1346C2B2C1F3033E02F1CE
:10FC8000370830320928D8BF90465FFA8EF2C1F3A8
:10FC900003278DF822302046039B8DF8205002F177
:10FCA00037043032BEF1090FD8BF1446FAB21B68D0
:10FCB0008DF82440C1F3031602F137043032092FC6
:10FCC000CCBF27461746F2B201F00F018DF8257020
:10FCD00002F137073032092ECCBF3E461646CAB273
:10FCE0001D0F8DF8266002F1370630320929CCBF8E
:10FCF00031461146EAB2C3F3036C8DF8271002F1C6
:10FD000030013732092D88BF11465FFA8CF2C3F3F8
:10FD1000035E8DF8281002F130013732BCF1090F73
:10FD2000D4BF8C4694465FFA8EF2C3F3034402F1CB
:10FD300037013032BEF1090FCCBF8E469646E1B294
:10FD4000C3F303378DF82AE001F1370E3031092C67
:10FD5000D8BF8E46FAB2C3F303268DF82BE002F12A
:10FD6000300E373208E000BF001C004000080040A1
:10FD7000FF000020ECEB0300092FD4BF77461746A5
:10FD8000C3F30315F4B203F00F03DAB2E9B28DF84E
:10FD90002C7004F130073734092ED8BF3C4601F1EE
:10FDA000300E02F1300737313732092DD8BF714696
:10FDB000092BD4BF3B4613468DF82E108DF82F30FB
:10FDC0008DF823808DF829C08DF82D400DF10F039B
:10FDD0000DF12F0113F8012F20F8022F8B42F9D1DA
:10FDE0002A4B2B4A2B4F2C4D2C4880214FF08076EC
:10FDF0004FF0804482F8501382F8511382F8521366
:10FE000082F853139E609C629F625E6193F8582053
:10FE100002F0FB0283F8582093F8582002F0FE020B
:10FE200042F0010283F8582093F83C2002F0F002DF
:10FE30004FF0007142F0070283F83C2099609C6209
:10FE40009D62596193F8592002F0FB0283F8592012
:10FE500093F8592002F0FE0242F0010283F8592083
:10FE600093F83C2002F00F0242F0700283F83C202D
:10FE700009F0D0FF09F088FC094809F0F9FF0AF001
:10FE80000FF801200CB0BDE8F08100BF00800041F8
:10FE900000E100E0000100C0000200C0F41B0020EF
:10FEA000200000200120704708B509F0EDFC006833
:10FEB00008BD00BF38B590F81C3103B138BD044609
:10FEC0000125184684F81C51064909F0AFFC284664
:10FED000054909F0ABFC04F180004021BDE8384041
:10FEE00009F070BCD5F300000DF6000003460022B7
:10FEF000C0F80021C0F81821C0F80421402180304A
:10FF000083F8112109F05EBC38B504464FF08245F4
:10FF1000D4F80821D4F80C319A4200D138BD09F048
:10FF2000ADFC0028FAD094F81231DB07F6D56B7BD4
:10FF300003F07F03022BEBD038BD00BF38B5054678
:10FF400009F09CFC044670B195F8124114F00104CC
:10FF500009D04FF082435C7B04F07F04A4F10204DB
:10FF6000B4FA84F464090348002103F08DFA2046B2
:10FF700038BD00BF804F1200D0F80031D0F8042106
:10FF8000934200F016812DE9F04F5A1C02F03F0217
:10FF9000C45CC0F8002183B072B6D0F80431D0F848
:10FFA0000021D0F818519B1A48BF4033002D00F0B3
:10FFB000E380D3F13F0300F0DF80D0F80461D0F894
:10FFC0001421AB4228BF2B46C6F14001994228BFFD
:10FFD00019468719002900F0F880351D054402F103
:10FFE000040E774538BFAA42C0F0DA800B2940F2F0
:10FFF000D780554215F0030500F0C38092F800E069
:020000021000EC
:1000000000F806E0012D07F1010802F1010900F0F6
:10001000BA8092F801E087F801E0022D07F10208AA
:1000200002F1020900F0AF8092F802E087F802E0E6
:1000300007F10308032702F103090097A1EB050B61
:10004000ABF10407BF0806EB050E01374FEA870A3C
:10005000864415444FF0000C01940CF1010C55F846
:10006000044B4EF8044B6745F7D8009D019CD345DF
:10007000554408EB0A0E09EB0A0C00F08C8019F8C5
:10008000279008F827906F1CB94240F2848002350F
:100090009CF801708EF80170A9427CD99CF802503E
:1000A0008EF802505718D0F81421D0F818510A448D
:1000B0006D1A5B1AC0F81421C0F8185165D0011DE3
:1000C0003A1D904238BF8F42054675D30B2B73D92A
:1000D000424212F0030260D039780170012A00F127
:1000E000010507F1010E59D079784170022A00F11B
:1000F000020507F1020E51D0B9788170C51C07F1D5
:10010000030E4FF00308A3EB020CACF104018908C5
:100110004E1C17444FEA860902440021013157F86A
:1001200004AB42F804AB8E42F8D8CC4508EB090288
:1001300005EB09010EEB09070DD01EF826E005F8C6
:1001400026E0551CAB4206D902327D784D709342B1
:1001500001D9BA788A70D0F81421D0F81851C0F8B3
:1001600004311A44ED1AC0F81421C0F818511DB911
:100170008030402109F026FB62B620B203B0BDE812
:10018000F08FB8469146009558E7314401F03F01A1
:10019000C0F80411EBE7571885E7BE469046B2E772
:1001A0007D1E571812F801EB05F801EFBA42F9D19C
:1001B00079E74FF0FF307047421EFD1817F8011B1A
:1001C00002F8011FBD42F9D1C5E717466FE700BF2E
:1001D000D0F80421D0F800319A421ABFD0F800318B
:1001E000C05C4FF0FF30704770B504460E464FF0CC
:1001F000824509F043FB50B394F8120110F001005E
:1002000025D06B7B03F07F03022B01D0002070BD53
:1002100094F81C0100B970BDD4F80831D4F80C2151
:100220009B1A5A1E0ED4002AE3D0D4F80C31234472
:1002300083F84060D4F80C31013303F03F03C4F875
:100240000C3170BD03F13F02002AD2D0EDE770BD42
:10025000D0F80431D0F80001181A48BF4030704778
:10026000D0F80831D0F80C219B1A581E48BF03F172
:100270003F0070472DE9F04F00F5887383B04FF0D1
:100280000101BFF35B8FD3E84F2FC3E8441F002C5D
:10029000F9D1BFF35B8F12F0FF0F40F0E480D0F88C
:1002A0000861D0F80C118E4200F0B68100F14003D5
:1002B00003EB060700F1C005C0F0D880C6F140028C
:1002C0001144402928BF40218A4228BF0A46002AFB
:1002D00000F0C78106F1400E06F1440400EB0E0861
:1002E000044400F1C40CE04538BFA542C0F0AE8123
:1002F0000B2A40F2AB816C4214F0030400F07F81C2
:100300009E5D80F8C060012C00F1C10C07F101086E
:1003100000F07B817E7880F8C160022C00F1C20C75
:1003200007F1020800F07181BE7880F8C2600326F0
:1003300007F1030800F1C30C0196A2EB040BABF12B
:100340000407BF080EEB04060137C034064404441A
:100350004FEA87094FF0000E0EF1010E56F804AB7C
:1003600044F804ABBE45F7D3019CCB454C4408EBA5
:10037000090E0CEB09060FD018F827800CF827801F
:10038000671CBA4208D902349EF801707770A24205
:1003900002D99EF80240B470AC188A1A00F01A8193
:1003A000261D00F14407BC4238BFB342C0F045816E
:1003B0000B2A40F242815F4217F0030700F02981C7
:1003C00090F840302370012F04F1010C00F141033B
:1003D00000F01D8190F841306370022F04F1020C8F
:1003E00000F1420300F0138190F84230A37004F151
:1003F000030C00F143034FF00309A2EB0708A8F137
:10040000040E4FEA9E0E07F140060EF1010E3C4429
:1004100006444FEA8E0A0027013756F804BB44F819
:1004200004BBBE45F8D8D04509EB0A0403EB0A0724
:100430000CEB0A0600F0CE8013F82E300CF82E30AC
:10044000631C9A4240F2C68002347B787370A242E9
:1004500040F2C080BB78B3700446284609F0C6F964
:10046000002840F0BE8003B0BDE8F08F891B06F184
:10047000400206F14404402900EB020C044400F160
:10048000C40E28BF4021F44538BFA542C0F0CB8040
:100490000B2940F2C8806C4214F0030400F0AB80DA
:1004A0009B5D80F8C030012C00F1C10607F1010E00
:1004B00000F0A9807B7880F8C130022C00F1C206E0
:1004C00007F1020E00F09F80BB7880F8C23007F180
:1004D000030E00F1C3064FF0030C1319034404F19B
:1004E000C0081A6840F808200F1B3A1F920800EB5A
:1004F00008040132D3F80480C4F80480022A4FEAC9
:1005000082084FD0D3F80890C4F80890032A49D045
:10051000D3F80C90C4F80C90042A43D0D3F8109070
:10052000C4F81090052A3DD0D3F81490C4F8149064
:10053000062A37D0D3F81890C4F81890072A31D07B
:10054000D3F81C90C4F81C90082A2BD0D3F8209024
:10055000C4F82090092A25D0D3F82490C4F8249018
:100560000A2A1FD0D3F82890C4F828900B2A19D053
:10057000D3F82C90C4F82C900C2A13D0D3F83090D8
:10058000C4F830900D2A0DD0D3F83490C4F83490CC
:100590000E2A07D0D3F83890C4F838900F2A01D02B
:1005A000DB6BE36347450CEB080306EB08040EEB3B
:1005B000080C0FD01EF8227006F822705A1C9142C7
:1005C00008D902339CF801206270994202D99CF844
:1005D0000230A3700446284609F008F900283FF4C9
:1005E00042AFBFF35B8F002384F81031BFF35B8F02
:1005F00003B0BDE8F08FBE46A4462E466DE7B84670
:100600000194AC4699E6A44667E7019495E6B9469D
:10061000F3E6B946A446F0E6BFF35B8F80F81021FD
:10062000BFF35B8F1FE700F1BF037C1817F8012BA6
:1006300003F8012FA742F9D1CCE7013C1A4413F883
:10064000016B04F8016F9342F9D1C3E700F1BF04D5
:1006500007EB020E17F8016B04F8016FBE45F9D1E4
:100660009AE62C4699E600BF38B590F81C3103B9DC
:1006700038BD0546FFF7FEFD4FF08244D5F808214E
:10068000D5F80C319A420BD009F0F8F840B195F842
:100690001231DB0704D5637B03F07F03022BEDD01F
:1006A0000024214685F81C41204609F0BFF8214668
:1006B000012009F0BBF809F0ADF8C5F80041C5F814
:1006C0001841C5F80441C5F80841C5F80C4185F842
:1006D000104185F8114138BD90F8103103B17047D1
:1006E000D0F80821D0F80C319A4200F0FD802DE9B5
:1006F000F04F00F5887383B04FF00101BFF35B8FBB
:10070000D3E84F2FC3E8441F002CF9D1BFF35B8F10
:1007100012F0FF0F40F0E580D0F80861D0F80C111E
:100720008E4200F0AB8100F1400303EB060700F1BD
:10073000C005C0F0DA80C6F140021144402928BF4C
:1007400040218A4228BF0A46002A00F0BC8106F1F7
:10075000400E06F1440400EB0E08044400F1C40C02
:10076000E04538BFA542C0F0A3810B2A40F2A0812A
:100770006C4214F0030400F077819E5D80F8C06045
:10078000012C00F1C10C07F1010800F071817E78A5
:1007900080F8C160022C00F1C20C07F1020800F0E1
:1007A0006581BE7880F8C260032607F1030800F176
:1007B000C30C0196A2EB040BABF10407BF080EEBD0
:1007C00004060137C034064404444FEA87094FF059
:1007D000000E0EF1010E56F804AB44F804ABBE4512
:1007E000F7D3019CCB454C440CEB090608EB090EF2
:1007F0000FD018F827800CF82780671CBA4208D958
:1008000002349EF801707770A24202D99EF802402D
:10081000B470AC188A1A58D0261D00F14407BC42A7
:1008200038BFB342C0F03B810B2A40F238815F42AF
:1008300017F0030700F01F8190F840302370012F5C
:1008400004F1010C00F1410300F0168190F84130F1
:100850006370022F04F1020C00F1420300F00C81DE
:1008600090F84230A37004F1030C00F143034FF001
:100870000309A2EB0708A8F1040E4FEA9E0E07F148
:1008800040060EF1010E3C4406444FEA8E0A002752
:10089000013756F804BB44F804BBBE45F8D8D04530
:1008A00009EB0A040CEB0A0603EB0A070DD013F858
:1008B0002E300CF82E30631C9A4206D902347B7815
:1008C0007370A24201D9BB78B3700446284608F081
:1008D0008DFF30B1BFF35B8F002384F81031BFF37D
:1008E0005B8F03B0BDE8F08F7047891B06F14002B3
:1008F00006F14404402900EB020C044400F1C40E4C
:1009000028BF4021F44538BFA542C0F0BE800B2966
:1009100040F2BB806C4214F0030400F09E809B5DAB
:1009200080F8C030012C00F1C10607F1010E00F083
:1009300096807B7880F8C130022C00F1C20607F166
:10094000020E00F08E80BB7880F8C23007F1030EF3
:1009500000F1C3064FF0030C1319034404F1C0085F
:100960001A6840F808200F1B3A1F920800EB080491
:100970000132D3F80480C4F80480022A4FEA8208C6
:100980004FD0D3F80890C4F80890032A49D0D3F880
:100990000C90C4F80C90042A43D0D3F81090C4F8FB
:1009A0001090052A3DD0D3F81490C4F81490062A6C
:1009B00037D0D3F81890C4F81890072A31D0D3F85C
:1009C0001C90C4F81C90082A2BD0D3F82090C4F8AF
:1009D0002090092A25D0D3F82490C4F824900A2A1C
:1009E0001FD0D3F82890C4F828900B2A19D0D3F838
:1009F0002C90C4F82C900C2A13D0D3F83090C4F863
:100A000030900D2A0DD0D3F83490C4F834900E2ACB
:100A100007D0D3F83890C4F838900F2A01D0DB6B98
:100A2000E36347450CEB080306EB08040EEB080CE8
:100A30003FF44BAF1EF8227006F822705A1C914208
:100A40007FF643AF02339CF80120627099427FF633
:100A50003CAF9CF80230A37037E7BE462E46A44652
:100A60007AE74FF0020C77E7B846AC460194A1E66E
:100A7000012601969EE6A446B946FAE6BFF35B8FCF
:100A800080F81021BFF35B8F2BE700F1BF037C18C8
:100A900017F8012B03F8012FA742F9D115E7013C04
:100AA0001A4413F8016B04F8016F9342F9D10CE773
:100AB00000F1BF0407EB020E17F8016B04F8016F99
:100AC000BE45F9D1A5E62C46A4E600BF08B5FEF761
:100AD00085FF014B186008BDF01B0020406A70477D
:100AE000007970470120704738B50446FCF79AFA40
:100AF0002046144B40F8303B04F01AFE124A1349CA
:100B00002260002300203C320125A4F8FC30C4F808
:100B10006431C4F86831C4F86C31C4F87031C4F879
:100B20007431C4E94C01C4E95001C4E95401C4E979
:100B300056012263C4F8285184F8383184F84831CA
:100B4000204638BD28EA030090EA03000000F03F89
:100B50002DE9F04FC74BDFF85CA3C74AC749C84D22
:100B6000EDB008AC4FF000084FF0030980F80080AA
:100B700083468DE808022046C24B0EF039FBA1687F
:100B80006268237B2069CAF80810CAF804206169EA
:100B9000A2698AF80C30E369CAF81000CAF8141088
:100BA000206A616ACAF81820CAF81C3094F8282014
:100BB00094F82930CAF82000802794F82A00CAF84F
:100BC00024108AF82820A18D94F82E208AF8293044
:100BD00094F82F308AF82F308AF82A00AAF82C10BF
:100BE0008AF82E2014A93A460AF1300026F030FE89
:100BF0003A4634A90AF1B00026F02AFECDF8049056
:100C0000A14AD4F83011D4F83401D4F83831009224
:100C1000D4F83C21CAF83011D4F84011CAF8340194
:100C2000CAF840112046CAF838319849CAF83C2120
:100C3000974B984A0CF0F4FBA068626894F80CE0BB
:100C40002369A8606A60A069E26985F80CE02B61FD
:100C500094F828E0636A94F829C06669B4F82CA077
:100C6000A861EA6194F82A00226A6B6285F828E09C
:100C700094F82E3094F82FE085F829C085F82E30AE
:100C800085F82FE014A96E612A6285F82A003A4699
:100C9000A5F82CA005F1300026F0DAFD3A4634A97B
:100CA00005F1B00026F0D4FDD4F84031D4F830116D
:100CB000D4F83421C5F84031D4F83831C5F83011B2
:100CC000C5F83421C5F83831D4F83C3194F844E102
:100CD000C5F83C3120464FF4004185F844E10EF060
:100CE0002DF801256C4B94F806A0B4F804C0DFF889
:100CF000C8E101950093A6688EF806A02046394603
:100D0000AEF804C0CEF80860644B654A654F0AF03F
:100D1000A3F804F108000FC87B61D4F82A30C7F8A3
:100D20002A30236B94F806E03B63636BB4F804A0AD
:100D300094F818C0E66987F806E0B86094F819E0FE
:100D4000206AF9603A61616A94F828207B63A36B9A
:100D5000A7F804A087F818C087F819E0FE61796247
:100D600087F82820BB63386294F83C00E36C216C60
:100D700094F844C094F845E0A26C87F83C00FB640A
:100D8000206DB4F85C3094F83DA0666D396487F846
:100D900044C094F8581094F859C087F845E0BA64F4
:100DA00094F85AE094F85B203865A7F85C30206E20
:100DB000636E87F859C087F85AE087F83DA07E65D2
:100DC00087F85B2038667B6687F85810A16E364B33
:100DD00000952046B966354A354F40210AF040FD5E
:100DE00004F108000FC87B61D4F82A30C7F82A3014
:100DF000236B94F806E03B63636BB4F804A094F8AB
:100E000018C0E66987F806E0B86094F819E0206A2F
:100E1000F9603A61616A94F828207B63A36BA7F8B4
:100E200004A087F818C087F819E0FE61386287F8D7
:100E30002820BB63796294F83C100095E66C94F826
:100E40003DA0226C94F844C094F845E087F83C102B
:100E5000FE64A16C266D87F83DA03A64B4F85CA0EE
:100E600094F8582087F844C087F845E094F85AC0B1
:100E700024E000BF04EE030064EE0300F4ED030081
:100E8000C42A002024ED030044EE030034EE0300E6
:100E9000E4ED030014ED030004F00300C4EF0300CD
:100EA00094EE030020240020D4EF030074EF03002D
:100EB0008C24002080290020B426002094F85BE0D8
:100EC000B9643E6594F85910666D7E65204687F8D2
:100ED000582087F8591087F85AC087F85BE0A7F8C0
:100EE0005CA0C14BC14AC24F20210AF0B9FC04F1F9
:100EF00008000FC87B61D4F82A30C7F82A30236B6A
:100F000094F806E03B63636BB4F804A094F818C04F
:100F1000E66987F806E0B86094F819E0206AF9609D
:100F20003A61616A94F828207B63A36BA7F804A058
:100F300087F818C087F819E0FE61386287F8282022
:100F4000BB63796294F83C100095E66C94F83DA080
:100F5000226C94F844C094F845E087F83C10FE6495
:100F6000A16C266D87F83DA03A64B4F85CA094F8B3
:100F7000582087F844C087F845E094F85AC094F8A0
:100F80005BE0B9643E6594F85910666D7E65204655
:100F900087F8582087F8591087F85AC087F85BE01F
:100FA000A7F85CA0934B944A944F10210AF058FC88
:100FB00004F108000FC87B61D4F82A30C7F82A3042
:100FC000236BB4F804E03B63636B94F806A094F8D9
:100FD00018C0E669A7F804E0B86094F819E0206A40
:100FE000F9603A61616A94F828207B63A36B87F803
:100FF00006A087F818C087F819E0FE6138627962A8
:1010000087F82820BB6394F83C3087F83C3094F88C
:101010003D20216C94F844E094F84500A36CCDF891
:101020000C8087F83D20E26C3964FA6494F85A1019
:10103000226D666D87F84500BB6494F8580094F8FB
:1010400059303A6587F85A1094F85B20B4F85C1070
:1010500087F844E07E6587F8580087F859302046C5
:1010600087F85B20A7F85C10DFF8B4C1DFF8B4E1C3
:10107000634B644ACDF804C04FF0680A0821CDF8EC
:1010800008A0CDF800E00AF08DFD04F108000FC8BB
:101090005D4FB4F804E07B61D4F82A30C7F82A30F9
:1010A000236B3B63636B94F806A094F818C0E66961
:1010B000A7F804E0B86094F819E0206AF9603A6192
:1010C000616A94F828207B63A36B87F806A087F8F1
:1010D00018C087F819E0FE61386287F82820BB63E2
:1010E000796294F83C1094F83D30206C94F845C037
:1010F00087F83D30E36C94F844A087F83C103864DE
:10110000A16C206D87F845C0FB6494F858C094F832
:101110005A30666D87F844A0B964B4F85CA094F8BE
:101120005910386587F858C094F85B00B4F85EC071
:1011300087F85A304FF0650EB4F86030334A7E6558
:1011400087F8591087F85B00A7F85CA0A7F8603013
:101150002F49A7F85EC0B4F862C0CDF80C80CDF876
:1011600008E00192E26E009194F87010666EFA66E3
:10117000626FB4F880A094F882E0A7F862C07E663F
:1011800094F883C0A66E87F870107A67E16FA26F3B
:10119000BE662046BA67F967A7F880A087F882E0A4
:1011A00087F883C01B4B1C4A1C4F04210AF0FAFC31
:1011B00004F108000FC87B61D4F82A30C7F82A3040
:1011C000236BB4F804E03B63636B94F806A094F8D7
:1011D00018C0E669A7F804E0B86094F819E0206A3E
:1011E000F9603A61616A1FE0E4EF030084EF0300F5
:1011F000EC240020F4EF030094EF03004C250020C2
:10120000B4EE0300A4EF0300AC25002024EF03009C
:10121000E4EE0300C4EE0300B4EF03003026002028
:1012200014EF0300D4EE030094F828207B63A36B33
:1012300087F806A087F818C087F819E0FE61796280
:1012400087F82820BB63386294F83C0087F83C009C
:1012500094F83DA0216C94F844C094F845E0A26C49
:10126000E36C206D666D87F83DA03964B4F860A02A
:1012700094F8581087F844C087F845E094F859C0AE
:1012800094F85AE0BA64FB6494F85B20B4F85C30DC
:101290003865B4F85E007E6587F8581087F85AE024
:1012A00087F85B20A7F85C30A7F85E00A7F860A07D
:1012B00087F859C0B4F862C0616E7966616FA36E39
:1012C000E06E94F870E07967A16FE66FA7F862C0EE
:1012D000BB66B4F880C094F88230F86687F870E096
:1012E000204694F883E0B967BF4AFE674FF40011C7
:1012F000A7F880C087F8823087F883E0FBF79CFE70
:1013000004F108000FC8B94FB4F804C094F806E01F
:10131000266AF9607B61E169D4F82A3094F818A054
:10132000A7F804C087F806E094F819C094F828E0FC
:10133000B8603A612046F9613E62C7F82A30666AB1
:10134000AB4A87F818A04FF4800187F819C07E6275
:1013500087F828E0FBF770FE04F108000FC8A54FDE
:10136000B4F804C094F806E0266AF9607B61E1698C
:10137000D4F82A3094F818A0A7F804C087F806E03B
:1013800094F819C094F828E0B8603A612046F961F1
:101390003E62C7F82A30666A974A87F818A04FF469
:1013A000000187F819C07E6287F828E0FBF744FE49
:1013B00004F10800914FA388BB8007C8052394F867
:1013C00006E094F818A000933A616269637E94F88D
:1013D00028C0666A87F806E0F960D4F82AE0216A36
:1013E0007A61E269B86087F818A020467B76FA61D6
:1013F00039627E6287F828C0C7F82AE0804B814FA7
:101400004FF000424FF0006109F0DEFF04F10800E8
:101410000FC8B4F804E07B61D4F82A3094F806A031
:10142000A7F804E0C7F82A3094F819E0236B94F881
:1014300018C0E66987F806A0B860F960206A616A9A
:101440003A6187F819E094F8282094F834E03B6377
:101450004FF0040AA36B87F818C0FE613862796206
:1014600087F82820BB6387F834E094F840E0CDF893
:1014700000A0E66BFE63204687F840E0624B634FB6
:101480004FF080424FF0806109F09EFF04F10800A8
:101490000FC8B4F804C094F806E0A7F804C0B86018
:1014A00094F818C0E069F9607B61216A94F82830EB
:1014B00087F806E03A6194F819E0626A87F818C084
:1014C000F861D4F82AC094F83400396287F82830DB
:1014D000A16B236BC7F82AC087F819E03B6387F834
:1014E0003400B9637A62E26BCDF8009094F840E082
:1014F000FA63204687F840E0454B464F4FF00052D4
:101500004FF0007109F060FF04F108000FC894F873
:1015100006E07B61D4F82A3087F806E0C7F82A3065
:1015200094F819E0236B94F818C0B4F80490E669B5
:10153000B860F960206A616A3A6187F819E094F846
:10154000282094F834E03B63A36B87F818C087F831
:1015500034E0A7F80490FE6138627962BB6387F8D3
:101560002820E26B009594F84050FA63204687F8F3
:101570004050294B294D4FF080524FF0807109F0B7
:1015800023FF04F108000FC8A7792A616B61D4F822
:101590002A2094F8343094F818C0B4F8049094F8E1
:1015A00019E0266AAF71A860E769606AE960C5F86A
:1015B0002A2094F82810226B85F83430A36B85F824
:1015C00018C0A5F8049085F819E0EF612E626862F2
:1015D0002A63AB6385F82810E16BCDF804A0CDF841
:1015E000088094F840E01BE074ED03009023002095
:1015F00084ED0300C023002094ED0300F0230020BD
:10160000A4ED0300381C0020B4ED0300C422002028
:10161000C4ED030008230020D4ED03004C23002078
:10162000DE4F00972046E96385F840E0DC4BDD4A59
:101630004FF40061FCF74EFB04F10C0007C8DA4BD5
:1016400094F806C0A568E669D860606B94F81890B5
:1016500094F81980276AB4F804A083F806C09D6046
:1016600094F828C0D4F82A5019615A61A16B94F8F3
:101670003C20DE615863666A83F8189004F14400E8
:1016800083F819801F625E6283F828C0C3F82A506D
:10169000996383F83C20A3F804A094F83DA094F843
:1016A000405094F85270666D94F83E9094F85080D3
:1016B00094F851C083F8405007C858649964E06DAD
:1016C000216ED8651966D4E91A01DA64226FA56D16
:1016D00083F852701A672746626F83F83DA0C3E90A
:1016E0001A0183F851C05E659D655A6783F83E9084
:1016F00083F85080D4E91E89D7E92212C3E9221267
:10170000D7F88020D7F89400C3F88020D7F890202D
:10171000D7F89810C3F8902008ACD7F89C20C3F8ED
:101720009400D7F8A400D7F8A060C3F89810C3F8C5
:101730009C20D7F8A810D7F8AC20C3F8A400D7F89D
:10174000B400C3F8A060C3F8A810D7F8B060D7F809
:10175000B810C3F8AC20D7F8BC70D4F8C020C3F8D8
:10176000B40004F1C400C3E91E89C3F8B060C3F833
:10177000BC70C3F8B810C3F8C02007C81D46B4F841
:10178000D0A0B4F8D290B4F8DA30B4F8D48094F899
:10179000D6C094F8D7E094F8D870C5F8C400C5F85E
:1017A000C810B4F8DC00B4F8DE10C5F8CC20A5F8F9
:1017B000D0A0B4F8E020B4F8E2A0A5F8D290A5F843
:1017C000DA3094F8E490D4F8E830A5F8D48085F8BD
:1017D000D6C085F8D7E085F8D870A5F8DC00A5F864
:1017E000DE10A5F8E020A5F8E2A085F8E490C5F8A1
:1017F000E830D4F8EC30C5F8EC30D4F8F0A094F828
:10180000F49094F8F58094F8F6C0D4F80831B4F860
:10181000F8E0D4F8FC0094F8007194F80111D4F8C1
:101820000421C5F8F0A085F8F490B4F816A1B4F836
:10183000109185F8F58085F8F6C0B4F8128194F817
:1018400014C1C5F80831D4F80C31A5F8F8E0C5F892
:10185000FC0085F8007185F80111C5F80421A5F890
:101860001091A5F8128185F814C1A5F816A10DF5FF
:10187000A47EC5F80C3194F8183185F81831BEE80B
:101880000F0005F5947CACE80F00BEE80F00ACE853
:101890000F00BEE80F00D4F8206194F8199194F875
:1018A0001A81D4F81C71C5F82061D4F8246185F838
:1018B000199185F81A81C5F81C71C5F82461ACE846
:1018C0000F0004F5B2728CCA9EE80300D4F8706170
:1018D00094F860E194F87881B4F8809185F860E13B
:1018E0008CE80300314994F879E1C5F86421C5F822
:1018F000683194F87A2194F87B31C5F86C71C5F899
:101900007061D4F87C71D4F87461B4F882A1C5F820
:1019100074614FF0050C85F8788185F879E185F8D8
:101920007A2185F87B31C5F87C71A5F88091A5F8FE
:1019300082A1B4F88491B4F886A194F8888194F8CF
:1019400089E194F88A711A4B8DE802100122029203
:10195000D4F88C61A5F88491A5F886A185F88881D2
:1019600085F889E185F88A71C5F88C612046114AAD
:10197000114D4FF48061FCF7ADF904F108000FC878
:1019800094F818C0266AB4F8048094F819E0E7695E
:1019900094F80690A860E96010E000BFA4EE030090
:1019A00014F0030054EE0300801C002044F00300F8
:1019B00024F0030034F00300101E002094F82800E7
:1019C000D4F82A102A616B61626BA36B85F818C08A
:1019D0002E6294F83CC0666AA5F8048085F819E088
:1019E000EF616E6285F82800C5F82A106A63AB6360
:1019F00085F83CC085F8069094F83D90626CA36C25
:101A00006A64AB64A26DE36DAA65EB65D4E91A2341
:101A100094F84010E06C85F84010C5E91A23616D18
:101A2000236F94F850C094F851E094F8527094F8F1
:101A30003E80E8646965206E2B6704F19001636F56
:101A400085F850C085F851E085F8527028666B67BC
:101A500085F83D9085F83E80D4E91E898EC9D4F87A
:101A60008000C5F89C70D4F8B070C5F88000C5F847
:101A7000B070D4F8A000C5F89010D4E92267D4F86B
:101A8000A410C5F89420C5F89830D4F8A820D4F84C
:101A9000AC30C5F8A000D4F8B400C5F8A410C5F85F
:101AA000A820D4F8B810D4F8BC20C5F8AC30C5F8DC
:101AB000B400D4F8C030C5F8C03004F1C400C5E9A2
:101AC0001E89C5E92267C5F8B810C5F8BC2007C84B
:101AD000B4F8D090B4F8D280B4F8D4C094F8D83028
:101AE00094F8D6E094F8D770C5F8C400C5F8C810CB
:101AF000B4F8DA00B4F8DC10C5F8CC20A5F8D09022
:101B0000B4F8DE20B4F8E090A5F8D280A5F8D4C0EF
:101B1000B4F8E28094F8E4C085F8D830D4F8E8301E
:101B200085F8D6E085F8D770A5F8DA00A5F8DC10BE
:101B3000A5F8DE20A5F8E090A5F8E28085F8E4C0DD
:101B4000C5F8E830D4F8EC30C5F8EC30D4F80431FE
:101B500094F8F48094F8F5C094F8F6E0D4F8FC001A
:101B6000C5F80431D4F80831D4F8F090B4F8F8701E
:101B700094F8001194F8012185F8F48085F8F5C0F7
:101B8000B4F81281B4F810C185F8F6E0C5F8FC008D
:101B900094F814E1B4F81601C5F80831D4F80C3102
:101BA000C5F8F090A5F8F87085F8001185F80121C6
:101BB000A5F810C1A5F8128185F814E1A5F8160161
:101BC00052AFC5F80C3194F8183185F818310FCFA1
:101BD00005F5947EAEE80F000FCFAEE80F000FCFF3
:101BE000D4F81C61C5F81C61D4F8206194F81981FF
:101BF00094F81AC1C5F82061D4F8246185F81981D8
:101C000085F81AC1C5F82461AEE80F0004F5B27278
:101C100097E803008CCA94F860C1D4F8706185F825
:101C200060C1C5F8642194F878C194F8792194F8DA
:101C30007A81B4F880A1C5F86831C5F86C7194F860
:101C40007B31D4F87C71C5F8706185F878C1D4F81F
:101C50007461B4F882C185F87921E34AC5F87461EA
:101C60008EE8030085F87A814FF002094FF00308EF
:101C700085F87B31C5F87C71A5F880A1A5F882C1F3
:101C8000B4F884C1B4F886A194F8881194F889E175
:101C9000009294F88A71CDF80890CDF80480D4F8B9
:101CA0008C61A5F884C1A5F886A185F8881185F80E
:101CB00089E185F88A71C5F88C612046CB4BCC4A06
:101CC000CC4D4FF40071FCF705F804F108000FC883
:101CD000A7796B61D4F82A30B4F804E0AF71A8603A
:101CE000E769206AC5F82A30636B94F818C0A5F834
:101CF00004E0E96094F819E0616A2A61EF6194F800
:101D0000282094F83C7028626B6304F14400A36BB4
:101D100085F819E0696285F82820AB6385F83C7086
:101D200085F818C094F83DC094F8507085F850704C
:101D30000DC8E76D94F84010EF65D4E91A6785F88F
:101D40004010686494F8511094F85200AA64626DCF
:101D500094F83EE0EB6485F85110A36D216E85F890
:101D600052006A65206F626F85F83DC085F83EE0DD
:101D7000AB65C5E91A6728676A672966D4F88010D9
:101D8000D4F89020D4F89430C5F88010D4E91E67B8
:101D9000D4F89810C5F89020D4F89C20C5F8943059
:101DA000C5F89810D4F8A030D4F8A410C5F89C2039
:101DB000C5E91E67D4F8A820C5F8A030D4E9226789
:101DC000D4F8AC30C5F8A410C5F8A820D4F8B010E9
:101DD000D4F8B420C5F8AC30C5F8B010D4F8B83099
:101DE000D4F8BC10C5F8B42004F1C400D4F8C02065
:101DF000C5F8B830C5E92267C5F8BC10C5F8C020E1
:101E000007C8B4F8D0C0B4F8D2E0B4F8D47094F8ED
:101E1000D630C5F8C400C5F8C81094F8D70094F8B7
:101E2000D810C5F8CC20A5F8D0C0B4F8DA20B4F8A2
:101E3000DCC0A5F8D2E0A5F8D470B4F8DEE0B4F8C0
:101E4000E07085F8D63085F8D700B4F8E23094F821
:101E5000E40085F8D810D4F8E810A5F8DA20A5F841
:101E6000DCC0A5F8DEE0A5F8E07085F8E400C5F870
:101E7000E810A5F8E230D4F8EC30C5F8EC30D4F82E
:101E8000F0A094F8F57094F8F600B4F8F810D4F8CF
:101E9000FC2094F8013194F8F4E094F800C1D4F8EF
:101EA0000461C5F8F0A085F8F570B4F812A1D4F873
:101EB000087185F8F600A5F8F810D4F80C01B4F80C
:101EC0001011C5F8FC2085F8013194F81421B4F8FC
:101ED000163185F8F4E085F800C1C5F80461C5F84D
:101EE0000871C5F80C01A5F81011A5F812A185F824
:101EF00014210DF5A47EA5F8163194F8183185F853
:101F00001831BEE80F0005F594770FC7BEE80F0043
:101F10000FC7BEE80F00D4F81C61C5F81C61D4F8E7
:101F2000206194F819A194F81AC1C5F82061D4F879
:101F3000246185F819A185F81AC1C5F824610FC775
:101F4000D4F86421D4F86831C5F864219EE8030010
:101F5000D4F8742194F860E1D4F86C6194F87AC1F3
:101F600085F860E1C5F8683194F879E194F8783142
:101F7000C5F8742194F87B21C5F86C6185F8783137
:101F8000D4F87061D4F87C3185F879E185F87AC1AC
:101F9000B4F880E1B4F882C185F87B21164AC5F80F
:101FA000706187E803004FF0000AC5F87C31A5F89E
:101FB00080E1A5F882C1CDF80880B4F88471B4F846
:101FC00086C194F888E10D4B8DE80404A5F884716E
:101FD00094F8891194F88A71D4F88C61A5F886C1B7
:101FE00085F888E10CE000BF54EF0300F4EE030035
:101FF00034EF0300A01F002064EF030004EF030090
:1020000085F8891185F88A71C5F88C612046DC4A0B
:10201000DC4D4FF48071FBF75DFE04F108000FC842
:10202000B4F804E0A779A5F804E0AF7194F818E0DB
:10203000677EA860E960E069216A2A616B61626A73
:1020400094F8283085F818E06F76D4F82AE0676BAA
:10205000E8612962A06B94F83C106A6285F8283028
:102060006F63A86385F83C10C5F82AE094F83DE05A
:10207000626CA36C6A64AB6494F8512094F852309B
:1020800094F8401085F8512085F85230E26D236EA7
:10209000E06C85F84010EA6594F850102B66D4E99E
:1020A0001A23E86485F85010606DA16D94F83E70B5
:1020B0006865A965206F616F85F83DE085F83E7021
:1020C00028676967C5E91A23D4E91E23D4F890006C
:1020D000D4F88010C5F89000D4F89800C5F88010A6
:1020E000C5F89800D4F89410D4F8A000C5F894105E
:1020F000C5F8A000D4F89C10D4F8A800C5F89C102E
:10210000C5F8A800D4F8A410D4F8B000C5F8A410FD
:10211000C5F8B000D4F8AC10D4F8B800C5F8AC10CD
:10212000C5E91E23D4E92223D4F8B410C5F8B800B9
:10213000D4F8C000C5F8B410C5F8C000D4F8BC107D
:10214000C5F8BC1004F1C400C5E9222307C8B4F8DF
:10215000D430B4F8D0E0B4F8D270C5F8C400C5F8F3
:10216000C81094F8D60094F8D710C5F8CC20A5F87C
:10217000D43094F8D820B4F8DE30A5F8D0E0A5F833
:10218000D270B4F8DAE0B4F8DC7085F8D60085F8DF
:10219000D710B4F8E000B4F8E21085F8D820A5F81C
:1021A000DE3094F8E420D4F8E830A5F8DAE0A5F8B9
:1021B000DC70A5F8E000A5F8E21085F8E420C5F889
:1021C000E830D4F8EC3094F8F47094F8F500D4F8D2
:1021D000F0E094F8F610B4F8F820C5F8EC3085F883
:1021E000F470D4F8FC3094F8017185F8F500D4F857
:1021F0000401B4F812C1C5F8F0E085F8F61094F8BF
:1022000000E1D4F80811A5F8F820C5F8FC30D4F89E
:102210000C21B4F8103185F80171C5F8040194F867
:102220001471B4F8160185F800E1C5F80811C5F875
:102230000C21A5F812C185F81471A5F81601A5F8AE
:10224000103194F8183194F8192185F818310DF5EA
:10225000A47E1646BEE80F0005F594770FC7BEE8CA
:102260000F000FC7BEE80F0085F81961D4F81C6194
:10227000C5F81C61D4F8206194F81AC1C5F8206132
:10228000D4F8246185F81AC1C5F824610FC7D4F8C1
:102290006421D4F86831C5F864219EE80300D4F8BD
:1022A000702194F860E1C5F86831D4F8743185F88C
:1022B00060E1C5F8702194F878E194F87921C5F8C7
:1022C000743194F87A31D4F86C6185F878E185F846
:1022D000792194F87BE1D4F87C2185F87A31B4F83F
:1022E00082C1B4F88031C5F86C6187E8030085F8D5
:1022F0007BE1C5F87C21A5F88031234AA5F882C18D
:10230000CDF814805146DFF890E0B4F884A104922F
:10231000B4F886211D4BCDF80CE094F888E11C48F8
:10232000029394F889C101904FF4005794F88A8180
:102330000097D4F88C61A5F884A1A5F8862185F8CA
:1023400088E185F889C185F88A81C5F88C612046C5
:102350004FF400334FF480220CF0A2FA04F1100283
:102360002CCA0C4E6168A06894F80CE07160216A78
:1023700094F82FC0B4F82C80B0604FF0800A0DE0C4
:1023800044EF03003021002014EE030034ED03007D
:1023900074EE0300D026002044ED0300E06986F8C7
:1023A0000CE0326194F828E094F829207361B5615B
:1023B00094F82A3094F82E503162616A86F828E049
:1023C00086F82A3086F82FC0F061716286F82920DD
:1023D00014A95246A6F82C8086F82E5006F130003B
:1023E00025F036FA524634A906F1B00025F030FA4D
:1023F0005449554A03910292544BD4F83421019325
:102400004FF48050D4F83831CDF814900090D4F8BF
:102410003001C6F83001C6F83421C6F83831D4F896
:102420003C31B4F848C194F84AE194F84B81D4F8AF
:102430004C21C6F83C31464FD4F84031C6F8403103
:10244000A6F848C186F84AE186F84B81C6F84C21C7
:10245000D4F85061C7F85061D4F854613D4DC7F8C5
:102460005461DFF8F4E0CDF810E0012120464FF48C
:1024700080334FF400220CF013FAA66822696068DA
:1024800094F80CE06369AE602A61266AA26994F848
:1024900028C0B4F82C8094F82E90686085F80CE081
:1024A000606A94F829E06B61AA6194F82A30E269C5
:1024B0002E6294F82F6085F829E085F82A3014A957
:1024C000EA616862524685F828C0A5F82C8085F834
:1024D0002F6005F1300085F82E9025F0B9F95246AD
:1024E00034A905F1B00025F0B3F904F598700FC8D0
:1024F000D4F840610796D4F84C61C5F83001B4F8BF
:102500004881C5F8341194F84AE194F84B71C5F844
:102510004C610799D4F85061D4F85441C5F838217A
:102520005846C5F85061C5F84011A5F84881C5F86E
:102530003C3185F84AE185F84B71C5F854416DB0DE
:10254000BDE8F08F64ED030054ED030084EE03005A
:10255000D02600202828002024EE0300142903DCC4
:10256000034A52F821007047024B18680AF072BE05
:10257000C0EC03004C310020F0B5B14AD2F8E43091
:102580006FF3861385B0C2F8E430D2F8E4305E060B
:10259000FBD4D2F8E430AA49012060F30303C2F867
:1025A000E430D2F8E43043F04003C2F8E4304B6842
:1025B00013F00403FBD1A348A34A816941F40061ED
:1025C0008161116863F341011160936813F00203A4
:1025D000FBD1536310799A4940F002001071D06B1F
:1025E00040F47C1040F00200D06353649364D364E1
:1025F000136553659365906A40F001009062D1F8CD
:10260000E42063F38612C1F8E4200A46D2F8E430ED
:102610005D06FBD4D2F8E4308949012060F303035E
:10262000C2F8E430D2F8E43043F04003C2F8E430BA
:102630004B6813F00403FBD18248844A816941F45A
:1026400080518161116863F341011160936813F057
:102650000203FBD153631079794940F002001071F5
:10266000D06B40F47C1040F00200D063536493645C
:10267000D364136553659365D1F8A42063F3861280
:10268000C1F8A4200A46D2F8A4305C06FBD4D2F8E4
:10269000A4306B49062060F30303C2F8A430D2F8DB
:1026A000A43043F04003C2F8A4304B6813F0180381
:1026B000FBD1644C624A606940F400406061D1F82B
:1026C000E80063F38610C1F8E800D2F8E830580655
:1026D000FBD4D2F8E8305A49062060F30303C2F86D
:1026E000E830D2F8E83043F04003C2F8E8304B68F5
:1026F00013F01803FBD1534C514AA06940F4005029
:10270000A061D1F8F80063F38610C1F8F800D2F8A0
:10271000F8305906FBD4D2F8F8304949062060F366
:102720000303C2F8F830D2F8F83043F04003C2F89F
:10273000F8304B6813F01803FBD14248404AC46993
:10274000462544F04004C461C1F81C51046A44F0B9
:1027500020040462D1F8F40063F38610C1F8F40099
:10276000D2F8F430C3F38013002BF9D1D2F8F4106F
:102770003448334C63F30301C2F8F410D2F8F41078
:1027800041F04001C2F8F4105168C16941F01001F4
:10279000C161D2F8181163F38611C2F81811D4F888
:1027A0001831C3F38013002BF9D1D4F81811284A3B
:1027B000244D63F30301C4F81811D4F8183143F021
:1027C0004003C4F8183107CA63682C6A01AB44F0AF
:1027D00010042C620DF1100C83E807004FF0010E7D
:1027E0001946042702260325FE2451F8042B1368FA
:1027F0006FF341031360136913F00203FBD11079E7
:1028000040F00200107110686EF3830010601068D1
:1028100067F30A2010601673557382F82F4082F810
:10282000303082F831301375136843F002031360BF
:1028300013699B07FCD46145D7D105B0F0BD00BF3B
:10284000001C004000080040006001410080014180
:102850009CEC03008B498C4ACB682DE9F04743F090
:1028600080734FF001080024CB605460C2F80080F0
:102870000646FFF781FE854B85491A690D68854F2D
:1028800064F341021A611A69A72161F317421A61C0
:102890001A6968F383021A611A69072161F30B222E
:1028A0001A611A6942F002021A61284641460CF088
:1028B000A9FA7948002100F0E7FD214628460CF0EE
:1028C000A1FA764B764AC3F88480022183F8C010BF
:1028D0001068FAF783FF57F8040F036821B25B6AA8
:1028E00001349847152CF6D109F082FC6D4B18681D
:1028F00002F074FB6C4801F077FE6C4B186807F02F
:1029000049FF6B4B18680AF0F5F86A4B1868FDF739
:1029100099F8694806F0A4FD684AD2F890306FF340
:102920008613C2F89030D2F89010C1F380110029BC
:10293000F9D1D2F89000624C5B4F624BDFF890C146
:1029400061F30300C2F89000D2F8901041F040010A
:10295000C2F8901052686169D7F8EC0041F48061C8
:102960004FF4805E6161E022C3F800E040F48040F3
:102970004FF480384FF4003E4FF480214FF400595B
:102980004FF480444FF4004A83F80C23C7F8EC005E
:10299000C3F800904FF4002083F80D234FF4801704
:1029A0001C6083F80E23C3F800A083F80F23C3F83C
:1029B000008083F81023C3F800E083F811234FF45C
:1029C000001E19604FF4800183F81223186083F809
:1029D00013234FF400001F6083F81423C3F800E0B2
:1029E00083F8152319604FF0807183F816234FF098
:1029F0000078186083F817231960DCF8000083F86A
:102A000018234FF080614FF0006CC3F8008083F80A
:102A100019234FF48078196083F81A236021C3F8D2
:102A200000C083F81B234FF0200C4022C3F808E0BD
:102A300083F855139F6083F85413C3F80C804FF448
:102A40007A71C3F80CC083F8682383F8652300F01B
:102A5000CBFC00B1FEE71C4BC0222146284683F880
:102A600023200CF0C1F942F63B0400F0E9FCA0423F
:102A7000FBD9164B186800F097FF01233370BDE8AF
:102A8000F08700BFF0ED00E0001000E0001800400B
:102A90005C310020BCEC0300C0D401000080004188
:102AA000E41B00204C2E0020102C00204C30002075
:102AB0004C310020F01B0020282D0020001C00407D
:102AC0000008004000E100E000ED00E0402E0020A2
:102AD000342E002072B6094A094B012918BF002381
:102AE0001360BFF34F8F0749074BCA6802F4E062D7
:102AF0001343CB60BFF34F8F00BFFDE7FCFF022005
:102B0000EF6916F000ED00E00400FA05014B1868CB
:102B100001F0C2BB402E002001480BF0FBBD00BFFE
:102B20002828002001480BF01DBE00BF28280020E7
:102B300001480BF053BE00BF2828002001480BF0CD
:102B4000E9BD00BF8029002001480BF00BBE00BF8B
:102B50008029002001480BF041BE00BF80290020E1
:102B600001480BF0D7BD00BFD026002001480BF074
:102B7000F9BD00BFD026002001480BF02FBE00BFDA
:102B8000D0260020024B00211868FAF76FBE00BF64
:102B9000E41B0020024B01211868FAF767BE00BF52
:102BA000E41B0020024B02211868FAF75FBE00BF49
:102BB000E41B0020024B03211868FAF757BE00BF40
:102BC000E41B0020024B04211868FAF74FBE00BF37
:102BD000E41B0020024B05211868FAF747BE00BF2E
:102BE000E41B0020024B06211868FAF73FBE00BF25
:102BF000E41B0020024B07211868FAF737BE00BF1C
:102C0000E41B0020024B08211868FAF72FBE00BF12
:102C1000E41B0020024B09211868FAF727BE00BF09
:102C2000E41B0020024B0A211868FAF71FBE00BF00
:102C3000E41B0020024B0B211868FAF717BE00BFF7
:102C4000E41B0020014B186801F06AB9402E0020F7
:102C5000024B0D211868FAF709BE00BFE41B0020E3
:102C6000024B0E211868FAF701BE00BFE41B0020DA
:102C7000024B0F211868FAF7F9BD00BFE41B0020D2
:102C8000024B034ADA62034809F03CB800100042E4
:102C90000FFC3F0030260020024B034ADA62034853
:102CA00009F030B8001000430FFC3F00AC250020B5
:102CB00008B50D4B1B7803B108BD0C4B1B78002BDE
:102CC000FAD00B4B18680AF06BFA0A48FBF78AFA3D
:102CD0000948FBF787FA0948FBF784FA0848BDE87A
:102CE0000840FBF77FBA00BFC02200200C2C002058
:102CF0004C310020801C0020101E0020A01F00204E
:102D000030210020304A2DE9F843304B1668304A14
:102D1000DA62304600F016FB2E4BDFF8F480D3F871
:102D20000090484609F05AFF2B4B186807F0ECFE5C
:102D30002A4B18680CF0FCF8294B1868FDF7CCFCFE
:102D4000284B1F683846FAF7BFFD98F800305BB192
:102D5000254C264804F1500501E054F8040F03689F
:102D60001B6A9847AC42F8D13846FAF7C1FD2048B3
:102D700006F0A4FB1F4801F009FD304600F0F8FA08
:102D80001D4A1E49136809780133136011B198F880
:102D9000003023B93046BDE8F84300F0D9BA4846C0
:102DA0000AF0FEF91648FBF71DFA1648FBF71AFA67
:102DB0001548FBF717FA1548FBF714FA3046BDE83B
:102DC000F84300F0C5BA00BF342E00200060014176
:102DD0000FFC3F004C3100204C3000205C310020C3
:102DE000F01B0020E41B0020C0EC03002024002086
:102DF000282D0020102C0020302E0020C022002082
:102E0000801C0020101E0020A01F00203021002068
:102E10000C2C002008B51348134B98420BD01349D3
:102E2000814208D0984206D2C2431A4422F00302DB
:102E3000043224F00DFD0E480E4B984208D007D204
:102E4000C2431A4422F003020432002124F0FEFDA2
:102E500006F062F924F072F90748FFF7FBFCF1F77E
:102E60003BFAFEE700000020E00A0020AC2404004A
:102E7000E00A0020CCB500200C2C00202DE9F843FE
:102E80005248534D534CDFF8BC91DFF8BC81524F90
:102E900006F0BCFA514B524A52481A600026C3F859
:102EA000406101F00FFB504B504AC3F84061284687
:102EB0001A60FAF7B7F84E4B2B602046FAF7B2F8D3
:102EC0004C4B23604846FAF7ADF84B4C4B4DC9F8D4
:102ED00000404046FAF7A6F8DFF87091C8F80040C5
:102EE0003846FAF79FF8DFF868813C602846FAF721
:102EF00099F8434C434F2C604846FAF793F8424DFB
:102F0000C9F800404046FAF78DF8404CDFF844918C
:102F1000C8F800403846FAF785F8DFF83C813C6095
:102F20002846FAF77FF83A4F2C604846FAF77AF8C5
:102F3000384C394DC9F800404046FAF773F8384626
:102F4000C8F80040FAF76EF828463C60FAF76AF8CD
:102F500032482C60FDF7C8FD3148DFF80081314D63
:102F6000314C324FDFF8F890FDF7BEFD3048FDF7E9
:102F7000BBFD3048FDF7B8FD40462F4B40F8043B01
:102F8000FAF750F82D4BC8F8003005F5A2707433ED
:102F9000C5F84061C5F80090C8F80430FAF742F867
:102FA00007F1740804F5A270C4F84061C4F80090F9
:102FB0002F60C5F84481FAF735F8C4F844812760DA
:102FC0001F48BDE8F843FDF7C3BD00BF282D002012
:102FD000B4260020202400204C250020C42A0020F4
:102FE00004EC0300102C00208029002054EC030086
:102FF000B00304006C010400CC010400AC250020E7
:103000001C020400C0230020F023002028EA030053
:10301000082300209C0104004C230020801C002079
:10302000101E0020D0260020282800200C030400B9
:10303000A01F00203021002000EB030050EB030014
:103040000C2C00208C240020EC24002030260020B2
:1030500090230020381C0020C4220020C02600201D
:103060009C02040038B50F4D2B6813F0010402D008
:103070000D4B186838BD4FF4027017F057FC03462B
:103080004FF40072C3F80002084980F8044280F847
:10309000054280F8064224F0DBFB03490122086068
:1030A0002A6038BD1C2E0020282E00200040800001
:1030B000B1F5EF7F9ABF4018B0F920004FF0FF3014
:1030C000704700BF10B4C2F5F0740134A14202DBB6
:1030D0005DF8044B7047203101445DF8044B1846FD
:1030E00024F0B6BB01232DE9F0411A4680F80632E0
:1030F0009846544D90F80432534F0646002A40F04B
:103100008B80002B00F09A80022B08D0032B20D05C
:10311000012B49D086F804220120BDE8F08100226D
:103120006B8ADC0775D52B8800246FF305132B8081
:103130006F6186F8054207F0E9FA038841F6A87244
:103140009BB2934248DD4FF425420323AA8086F8C0
:10315000043296F805329A0002F5000404F5804422
:103160006C61D6F8003213449A6818685968DB68B5
:103170000FC496F805320433DBB286F805326A8A4A
:10318000D20704D54AF204521B06AA8004D496F84A
:10319000062296F80432B1E7002386F8043286F856
:1031A00006320120BDE8F08100226B8A5C0705D55C
:1031B0006B8AD80715D54AF21553AB802B8A0221AA
:1031C00043F001032B8286F804126B8AD907AAD434
:1031D000002AA5D00122A3E786F804422046BDE8D4
:1031E000F081002AE0D06B8A580707D56B8AD9078F
:1031F0004FF00102D9D54AF21553AB802B8A022237
:1032000043F001032B8286F804226B8ADB078AD401
:10321000E0E70223002A82D0022B4FF001023FF4A4
:103220007FAF032B95D09342DDD086F804826B8A62
:103230005907E3D56B8ADB07DDD4B6E70120BDE88B
:10324000F08100BF0040004100408000F8B5C2F5A9
:10325000F0740134A14209DAC2F5D0740134A142FC
:1032600006DB0E4D0E4C2D68A54201D00020F8BDA6
:1032700001F1200404440646194620461F4615461F
:1032800024F0B6FA0028F1D02A463946204624F028
:10329000DFFA3046BDE8F840FFF724BF202E0020BB
:1032A000EBAD3F00F0B4D0F8F451D0F8F8010024B1
:1032B00044EA00026B1C08BFB2F1FF3F05D02E0CA0
:1032C000274656EA07002B4602D0074A42F215432A
:1032D0001E0A150E140C100A0E708D70CC704B70F7
:1032E0004A710871F0BC70470000B01008B5FFF7D4
:1032F000B9FE014B186008BD242E002070B50F4D9B
:103300002C6814F0010402D00D4B186870BD3020F9
:1033100017F00CFB0A4A046005214FF0FF36012329
:1033200001758460C46004618461C46104624462A4
:103330008462C462466010602B6070BD2C2E002039
:10334000382E0020014B5B6803607047001000E0DE
:10335000064B01685B6842685B1A9342826838BF1B
:1033600043609342C36088BF83607047001000E0F1
:103370001C4A38B5D36843F08073D360037D013BAA
:10338000DBB20446037523B90369052201330361E7
:1033900002752568A3696B4003F04043B3F1804F89
:1033A00001D0A56138BD002D08DB626AE36AA56122
:1033B0000132C3F178032262A36238BDE1690131B1
:1033C000E16178220023002022F0A4FA606228B193
:1033D000C0EB0010C3005B42E362E2E7E061E06241
:1033E000DFE700BFF0ED00E0C1EB0113DB00C72910
:1033F0000D4A03F1FF338CBF00210121B3F1807F1F
:1034000011700ED2094A0A4810B4E0245360072113
:1034100080F8234000231846936011605DF8044B48
:1034200070470120704700BFC022002010E000E07C
:1034300000ED00E0014B1B6818697047342E002036
:103440000E4B0F4A5B681268002B10B40ADBD46A7B
:103450000C49506A2344A1FB032300EB93105DF851
:10346000044B7047946A0749106A1B1BA1FB032396
:1034700000EB93105DF8044B704700BF001000E0B4
:10348000342E00208988888870B40D4E50EA0103DC
:10349000746813D0736800251C1B8D4208BF8442DA
:1034A0000CD27268001BA2EB030361EB050100253F
:1034B0001C468D4208BF84421346F2D370BC70474D
:1034C000001000E008B5FFF719FF014B186008BDB8
:1034D000342E002030B4124A4261036A114D8561D6
:1034E0001A244FF4C061062280F83540818580F8A7
:1034F000342053F8102FC0F82E209B880A4A4386A8
:10350000D0F82E105424432380F8373080F836400A
:10351000064B1160428E1A80002030BC704700BFFD
:103520007939020049360100880800428C080042BF
:103530002DE9F84F80460868078889464FF0000E4D
:10354000D8F800109A465FFA87FC73460CEB030428
:1035500004F0070420B201EBC00595F90750002DD7
:1035600001DBFEE720B201EBC00001344679C579EA
:1035700046F0800B45F0800580F805B0C571F00974
:1035800004F00704EED0F24504D30133082B0EF506
:10359000027EDBD1164602F582553846BAF5027F27
:1035A000544628BF4FF4027451F830002246314689
:1035B00024F04EF9D9F800C0D8F80010BCF800305B
:1035C00001EBC30E4FF0000BDEF80420581C02F094
:1035D000404264F30D0BBAEB040ACEF8042000F06D
:1035E000070006F50276AEF804B025D19EF8050076
:1035F0005A1C40F0800002F00702BB428EF8050022
:10360000ACF800200AD001EBC3020733D07903F0F5
:1036100007036FF3C710BB42D071F4D101EBC701B0
:10362000084ACB796FF3C713CB71136843F4007367
:1036300013600020BDE8F88FB542ACF80000ADD1B2
:10364000ECE700BF000800420A894B8993422DE94C
:10365000F041066A23D003324FF6FC7010400D464D
:1036600010F0E0FD074610B303462C4662896168FE
:10367000184624F0EDF86289246803461344002CB0
:10368000F4D12B893A4606F10C01301DFFF750FFAB
:103690000446384610F0F8FC2046BDE8F0814A6840
:1036A000301D06F10C01BDE8F041FFF741BF4FF0BE
:1036B000FF34F1E72DE9F047D0F808C007689CF81F
:1036C00000800FFA88F617F83630DC0707EBC606DD
:1036D00064D50D460446414600234FF0100E12E01B
:1036E000000602D5BEF1100F14D101330131DBB257
:1036F00001F00F00102BC1B207EBC0064ED017F837
:103700003000C0074AD5707910F0400FE8D00006AD
:103710009E46EAD5B788C7F30C079742F04408F0F5
:103720000F08A3EB0E0128BF174673458CF80080E5
:103730005FFA81F837DA08F111085FFA88F8B8F112
:10374000000F2BD00026B1469FB9A26823681178DC
:1037500013F831006FF3000003F8310013780136DD
:103760000133F6B203F00F034645137018DA002F49
:10377000EBD0A26823681278802F53F83210BA4633
:1037800028BF4FF0800A284621F00301524624F05A
:103790005FF8D144A7EB0A075544D6E74FF000097C
:1037A0004846BDE8F08708F101085FFA88F8C6E7E7
:1037B000F8B5374E356815F0010502D0354B18685D
:1037C000F8BD41F6C41017F0B1F8044611271223D2
:1037D0006760E36013220D2114270B236261E1610E
:1037E000676363640C2702230F200E221C212363CE
:1037F000A36323642365E062E2646165676229462E
:10380000E763A7652560A5602561A5612562A562BE
:10381000A56484F85C5084F85D5084F85E5084F8A8
:103820005F5084F8605084F8615084F86250A4F8C6
:10383000645004F594704FF4006224F007F92946AF
:1038400004F628104FF4825224F000F941F66C1768
:1038500041F66811E31941F66A12C820605204F576
:10386000CC500821A1540430E55129465D609D608B
:10387000DD601D615D613C2224F0E8F8054904F536
:10388000CE5201230C60156020463360F8BD00BFA6
:103890003C2E0020442E002000223E4B80F85C206D
:1038A00080F85E2080F85D201A683B4942F01002E3
:1038B0001A601A46596393685907FCD513686FF369
:1038C00004131360536B4FF6FF719BB28B425DD0B4
:1038D00010B41368314C2F4943F010031360546344
:1038E0008B685A07FCD50B682B4C2A4A6FF30413DC
:1038F0000B604B6B0B6843F010030B604C639368D9
:103900005B07FCD51368264C22496FF30413136040
:10391000536B136843F01003136054638B685C07A8
:10392000FCD50B686FF304130B604B6B9BB22BB190
:10393000012380F85E305DF8044B70470B68194C2A
:10394000144A43F010030B604C6393685907FCD58D
:103950001368134C0F496FF304131360536B136810
:1039600043F01003136054638B685B07FCD50B684E
:103970006FF304130B604B6BC3F30723072BD7D1F3
:10398000002380F85E305DF8044B7047012380F817
:103990005E30704700080042000002600080025064
:1039A00000006E6000076E502DE9F843E24B1A6884
:1039B0001507044603D51A68500700F1A282DE4AB3
:1039C000DE48136843F010031360536843F00103AB
:1039D0005360536843F002035360536843F48073A9
:1039E00053605368042161F394435360D3686FF3C9
:1039F0000003D360136961F304031361136943F493
:103A000040731361136943F48063136115690223E2
:103A100063F3174540F2011C00231561C2F8B8306A
:103A2000C2F8BCC004F5947CC4F868C004F5D47C2A
:103A3000C4F870C004F50A7C04F6A801C4F878C084
:103A400004F52A7C5FFA81FEC4F880C004F54A7C44
:103A50004EF0020EC4F888C004F56A7CE366636722
:103A6000E367C4F88430C4F88C30C4F890C0C4F85C
:103A7000E01084F8E0E004F5956104F5A56EC4F863
:103A8000A010C4F8A8E004F5B56104F5C56EC4F84B
:103A9000B010C4F8B8E004F5D56104F5E56EC4F8DB
:103AA000C010C4F8C8E004F5F56104F6280EC4F8A7
:103AB000D010C4F8D8E004F628114FF0800EC4F8F6
:103AC000EC30C4F8E81084F8EFE0714604F59A563B
:103AD00004F5336E04F5AA55C4F8F43010361835E1
:103AE00084F8ED10C4F8F0E084F8F7108E4604F581
:103AF0008A5704F6385104F5856CF1460837C4F846
:103B00009430C4F89C30C4F8A430C4F8AC30C4F885
:103B1000B430C4F8BC30C4F8C430C4F8CC30C4F8F5
:103B2000D430C4F8DC30C4F8E43084F8623084F86F
:103B3000F5E0C4F8F810C4F898C0C021C4F8FC300F
:103B400004F57468C4F80431C4F80C31C4F81431B5
:103B5000C4F81C31C4F82431A4F86430C4F81061EE
:103B6000C4F8185184F8FFE084F8FDE084F807E118
:103B700084F805E184F80FE14FF4801304F5BB5E8F
:103B800004F1E80504F16806C4F8087184F8271107
:103B9000C4F8008184F80D9184F8179184F8159188
:103BA00084F81F9184F81D91C4F820E184F82591D0
:103BB000D5619661C0F88830C0F888318360236889
:103BC0006168DB0103F1824303F50043581803EBFE
:103BD000510390F8402042F0010280F8402093F811
:103BE000302011F0010F4FF00B0114BF61F30712E9
:103BF00061F3030283F83020A368E268DB0103F17C
:103C0000824303F50043981803EB520390F84010E9
:103C100041F0010180F8401012F0010F93F83020BC
:103C20004FF00B0114BF61F3071261F3030283F835
:103C3000302023696269DB0103F1824303F500430D
:103C4000981803EB520390F8401041F0010180F8FE
:103C5000401012F0010F93F830204FF00B0114BF09
:103C600061F3071261F3030283F83020A369E2696C
:103C7000DB0103F1824303F50043981803EB520381
:103C800090F8401041F0010180F8401012F0010F4F
:103C900093F830204FF00B0114BF61F3071261F36A
:103CA000030283F83020236A626ADB0103F1824356
:103CB00003F50043981803EB520390F8401041F0CD
:103CC000010180F8401012F0010F93F830204FF0FE
:103CD0000B0114BF61F3071261F3030283F8302074
:103CE000A36AE26ADB0103F1824303F500439818FB
:103CF00003EB520390F8401041F0010180F84010AE
:103D000012F0010F93F830204FF00B0114BF61F354
:103D1000071261F3030283F83020236B626BDB012F
:103D200003F1824303F50043981803EB520390F824
:103D3000401041F0010103E00008004200E100E012
:103D400080F8401012F0010F93F830204FF00B0173
:103D500014BF61F3071261F3030283F83020A36BF1
:103D6000E26BDB0103F1824303F50043981803EB98
:103D7000520390F8401041F0010180F8401012F019
:103D8000010F93F830204FF00B0114BF61F30712BD
:103D900061F3030283F83020236C626CDB0103F1D2
:103DA000824303F50043981803EB520390F8401048
:103DB00041F0010180F8401012F0010F93F830201B
:103DC0004FF00B0114BF61F3071261F3030283F894
:103DD0003020A36CE26CDB0103F1824303F5004366
:103DE000981803EB520390F8401041F0010180F85D
:103DF000401012F0010F93F830204FF00B0114BF68
:103E000061F3071261F3030283F83020236D616DC3
:103E1000DB0103F1824202F500425018022702EB57
:103E2000510280F8407092F8300003F1824311F0A3
:103E3000010703F500430B4414BF6FF3071067F34A
:103E4000030082F8300093F840003249324A40F0D3
:103E5000010083F8400093F8400040F0020083F82E
:103E600040008B6A43F080038B628B6A43F002034D
:103E70008B6213786FF34103137053689907FCD476
:103E8000A06D2549C3089B0003F18043012703F57A
:103E900020538740176100F00700DF6980004FF072
:103EA0000F0E0EFA00FE27EA0E07DF61D3F81CE0C2
:103EB000052707FA00F040EA0E00D861137843F0B6
:103EC000020313704B689B07FCD42046FFF7E4FC09
:103ED00041F66C1041F6701141F674170F4B2650E5
:103EE00041F67812655004F1640004F1620604F5AD
:103EF000CB51E6511C31A0501868BDE8F843FFF7DC
:103F0000D1B91A686FF3C3021A601A686FF382029C
:103F10001A6054E50008004200280040242E0020CA
:103F20002DE9F041856DA14CA14BA2490122AA4087
:103F300062611A6842F010021A601A465963936867
:103F40005D07FCD513686FF304131360516BCC0746
:103F500015D44D0744BF002380F85C308C0701D492
:103F6000BDE8F081924B1A68012180F85D101107BD
:103F7000F6D51A68520700F12181BDE8F081146876
:103F8000136801251B07C4F3C00480F85C506DD58D
:103F900013685F076AD513686FF3C3031360136870
:103FA0006FF38203136090F8F7E090F8F57090F8E3
:103FB000FF6090F8FD5090F8072190F8053190F8D7
:103FC000EF8090F8EDC04EF0800E47F0800746F08D
:103FD000800645F0800542F0800243F0800380F8BF
:103FE000F7E080F8F57090F80FE190F80D7180F827
:103FF000FF6080F8FD5090F8176190F8155180F837
:10400000072180F8053190F81F2190F81D3145F007
:10401000800542F0800243F0800348F080084CF0B5
:10402000800C4EF0800E47F0800746F0800680F846
:10403000155180F81D3180F8EF8080F8EDC080F8D0
:104040000FE180F80D7180F8176180F81F2190F85A
:10405000272190F8253142F0800243F080030025AB
:1040600080F8272180F82531A0F86450504B524D3C
:104070001A6842F010021A601A465D6393685E0780
:10408000FCD513686FF304131360536B55689BB230
:10409000C3F3400666F3000555605568C3F380031B
:1040A00063F3410555601368C3F3C0036BB99C42C9
:1040B0003FF44FAF6CB13E4B1A6842F008021A60F1
:1040C0001A6842F004021A6043E71368C3F38003DE
:1040D000EDE7374B1A6864F3C3021A601A6864F399
:1040E00082021A6090F8F7E090F8F57090F8FF609F
:1040F00090F8FD5090F8072190F8053190F8EF8086
:1041000090F8EDC04EF0800E47F0800746F0800634
:1041100045F0800542F0800243F0800380F8F7E02C
:1041200080F8F57090F80FE190F80D7180F8FF605D
:1041300080F8FD5090F8176190F8155180F807212C
:1041400080F8053190F81F2190F81D3142F080026F
:1041500043F0800348F080084CF0800C4EF0800E55
:1041600047F0800746F0800645F0800580F81D3155
:1041700080F8EF8080F8EDC080F80FE180F80D71D5
:1041800080F8176180F8155180F81F2190F82721D9
:1041900090F82531A0F8644042F0800243F080039B
:1041A00080F8272180F82531D3E600BF00280040A1
:1041B0000008004200006E6000007A601A686FF329
:1041C000C3021A601A686FF382021A6090F8F7400F
:1041D00090F8F51090F8FF2090F8FD3090F8EF80FF
:1041E00090F8EDC090F807E190F8057190F80F6134
:1041F00090F80D5144F0800441F0800142F08002BB
:1042000043F0800380F8F74080F8F51090F81741EC
:1042100090F8151180F8FF2080F8FD3090F81F21EC
:1042200090F81D3141F0800142F0800243F080039C
:1042300048F080084CF0800C4EF0800E47F080076C
:1042400046F0800645F0800544F0800480F81511A2
:1042500080F81D3180F8EF8080F8EDC080F807E12C
:1042600080F8057180F80F6180F80D5180F81741D2
:1042700080F81F2190F8272190F8253142F0800224
:1042800043F08003002180F8272180F82531A0F831
:104290006410BDE8F08100BF0B4B82B05A690092F8
:1042A0001A6A01925A6A009A920644BF009A5A61A9
:1042B000019B019A9B0744BF012380F85F30024BAA
:1042C0001A6202B0704700BF0008004241F688132E
:1042D000C058704790F8603013B941F68813C15048
:1042E000704700BF70B590F8615086B00DB106B050
:1042F00070BD06460CF0C0FD0CF096FD06AB06F551
:10430000CC5443F8045D06F5CB5204340C32144906
:10431000144D009202911A4619462046019510F05C
:104320004FF8204610F06AF9204610F08FF9204629
:1043300010F06AF90C4B1A6812070DD40A4B1A6870
:1043400042F008021A601A6842F004021A6001235F
:1043500086F8613006B070BD1B685B07EED5F6E7E6
:104360003D940200D5340100000800422DE9F041DF
:1043700000F5CD5700F5CC5604370436D7F8008049
:10438000D8F80830D8F800501B7800218C4610224D
:1043900009E0A4880006C4F30C04A4444FF0010112
:1043A00013D4013A11D015F833E0581C1EF0010F58
:1043B00005EBC30400F00F0307D0607910F0400F45
:1043C000E7D10029E5D10006EBD5BCF1000F27D0DD
:1043D0001FFA8CF14FF4C172002010F083F90446EB
:1043E0004046CCB162896168FFF764F963689889D7
:1043F0000CF0AAFAB0F5006F07D040F60603984219
:1044000003D0204610F01AFBB8E733693146204646
:1044100098470028F5D1B1E722462146FFF74AF92F
:10442000BDE8F04114F048BC2DE9F04100F5CC5551
:1044300006460435002440F2DC5828460DF09AFE6A
:1044400040B10134E4B2042CF7D9002086F86000B2
:10445000BDE8F081FEF7EEFF074607E0FEF7EAFF52
:10446000C01B4045304618D8FFF780FF28460EF0A5
:1044700035F80028F2D001342846E4B20EF02EF8C8
:10448000042C0ED80028D8D006F5CE536A6A1A60DC
:10449000012086F86000BDE8F08128460DF094FD0B
:1044A000E9E70028D1D006F5CE536A6A1A600120E8
:1044B000EFE700BF08B5FFF77BF9014B186008BDB7
:1044C000402E0020F8B5464FDFF818E13E4604467E
:1044D0000FCE25460FC596E8030007F1180685E8BC
:1044E00003000FCE04F118050FC596E8070007F189
:1044F000340385E807000FCB04F1340585E80F008D
:1045000008267F25C8234FF4FA7284F8645084F893
:10451000656000254FF0FF360120FE21C4F844E01D
:1045200084F8680084F87C10A26422652946E3645C
:104530006365A565E56584F8665084F86750E566AF
:10454000A4F87450A567C4F87D5026662667C4F8A1
:104550008150C4F88550C4F8895004F1A000C4F813
:104560008D504022C4F89150C4F89550C4F8995029
:1045700023F06CFA6FF0040706F0F70E4FF010010D
:1045800065F3820E65F3C30765F30411C4F8E060B8
:104590004FF4804C84F8E0E084F8E27084F8E11095
:1045A000C4F8E850C4F8EC50C4F8F050C4F8E46023
:1045B000C4F8F850C4F8FC50C4F800512046C4F8C0
:1045C000045184F8085184F8095184F80A5184F898
:1045D0000B51C4F80C51C4F81051C4F8F4C0F8BD24
:1045E00054F00300FC80E00FF0B4644AD2F81031BC
:1045F0006FF38613C2F81031D2F810315D06FBD488
:10460000D2F810315D49052464F30303C2F8103178
:10461000D2F8103143F04003C2F810314B6813F068
:104620001403FBD1564D57492C6A574A44F00404F1
:104630002C6291F83251022464F3071581F832514B
:1046400091F8455145F0010581F8455191F83351F4
:1046500064F3071581F8335191F8475145F001058E
:1046600081F8475191F8335164F3030581F83351D0
:1046700091F84651042645F0010581F84651C1F8EC
:104680009840C1F89460C1F88840C1F8886011680A
:1046900063F341011160D36913F00203FBD1146885
:1046A000394944F00C041460146844F0804444F424
:1046B00008141460546844F400345460946844F05E
:1046C000807494601373136843F002031360CB6922
:1046D0009C07FCD4D0F8F430BFF35B8FD0F8E040F7
:1046E000294A63408B62137E9907FCD5254B264AE5
:1046F0000421C3F89810C3F89410137E5B07FCD50F
:10470000936A90F80B21D0F80C11C0F81011634097
:10471000C0F814317ABBD0F8F430D0F8F810D0F8E3
:10472000E870D0F8FC50D0F8EC60D0F80021594087
:1047300039404B4083EA050131405940D0F8F03010
:1047400090F809514A4013404B4035B190F80A2186
:1047500023F480430AB143F480430B4D0949C0F868
:104760000C3163400224AB620122C1F89440F0BCDA
:1047700080F808217047D0F80431EEE7001C0040B3
:1047800000080040008000410008004390F8083114
:10479000002B78D0836D5A1EF0B482650BB9026D80
:1047A0008265416D90F866308A4234BF0C2208223F
:1047B00002440133DBB2526DC0F800213E2B80F879
:1047C000663061D990F8683090F86710002480F85E
:1047D0006640002B00F07A8190F864300131C9B254
:1047E00099420A4680F86710C0F27E8180F86840DE
:1047F00023464CE0FE230A4680F87C30B149C0F8DD
:10480000F8200B7E9C07FCD5AF4BAE490424C3F8BF
:104810009840C3F894400B7E5B07FCD58B6AD0F8B8
:10482000E06090F80B11D0F80C41C0F810417340D3
:10483000C0F81431002940F0D480D0F8F430D0F81A
:10484000E870D0F8FC40D0F8EC50D0F800115A4095
:104850003A40534083EA04022A405A40D0F8F030EC
:1048600090F8094151400B40534034B190F80A216F
:1048700023F480430AB143F48043924AC0F80C31D8
:1048800073409362F0BC704790F867209B0093429E
:10489000B4BF0C2308230344B0F874105B6EC0F857
:1048A000FC300029A6D090F87C30826F0133DBB257
:1048B0003F2B80F87C3000F29780D0F8A0109B004E
:1048C0000A42DBB204D090F87D409C42B8BF8A43D4
:1048D000D0F8A4100A4204D090F87E409C42B8BFA1
:1048E0008A43D0F8A8100A4204D090F87F409C4236
:1048F000B8BF8A43D0F8AC100A4204D090F8804088
:104900009C42B8BF8A43D0F8B0100A4204D090F855
:1049100081409C42B8BF8A43D0F8B4100A4204D008
:1049200090F882409C42B8BF8A43D0F8B8100A423F
:1049300004D090F883409C42B8BF8A43D0F8BC10A2
:104940000A4204D090F884409C42B8BF8A43D0F811
:10495000C0100A4204D090F885409C42B8BF8A43F8
:10496000D0F8C4100A4204D090F886409C42B8BFE8
:104970008A43D0F8C8100A4204D090F887409C427D
:10498000B8BF8A43D0F8CC100A4204D090F88840CF
:104990009C42B8BF8A43D0F8D0100A4204D090F8A5
:1049A00089409C42B8BF8A43D0F8D4100A4204D050
:1049B00090F88A409C42B8BF8A43D0F8D8100A4287
:1049C00004D090F88B409C42B8BF8A43D0F8DC10EA
:1049D000114204D090F88C409C42B8BF8A43826751
:1049E0000CE7D0F8043148E7002311F0010280F809
:1049F0007C3004D090F88D20002A40F0CB808B07CB
:104A000004D590F88E30002B40F0BE804F0704D5BF
:104A100090F88F30002B40F0B1800E0704D590F84D
:104A20009030002B40F0A480CD0604D590F8913052
:104A3000002B40F097808C0604D590F89230002B24
:104A400040F08A804B0603D590F89330002B7DD13F
:104A50000F0603D590F89430002B71D1CE0503D505
:104A600090F89530002B65D18D0503D590F89630E0
:104A7000002B59D14C0503D590F89730002B4DD120
:104A80000B0503D590F89830002B41D1CF0403D506
:104A900090F89930002B35D18E0402D590F89A30D9
:104AA00053BB4D0402D590F89B30FBB9CB0B96D08D
:104AB00090F89C30002B92D0D0F8DC1080F88C302D
:104AC0000A438CE7000800430080004190F86540ED
:104AD0000139C9B2A1420A4680F867103FF7D7AE44
:104AE000012180F86810D2E62346D0E6D0F8D840FD
:104AF00080F88B302243D9E7D0F8D44080F88A3050
:104B00002243CEE7D0F8D04080F889302243C3E773
:104B1000D0F8CC4080F888302243B7E7D0F8C840BE
:104B200080F887302243ABE7D0F8C44080F8863065
:104B300022439FE7D0F8C04080F88530224393E7B6
:104B4000D0F8BC4080F88430224387E7D0F8B840E2
:104B500080F8833022437BE7D0F8B44080F882307D
:104B600022436FE7D0F8B04080F88130224362E7FB
:104B7000D0F8AC4080F88030224355E7D0F8A84008
:104B800080F87F30224348E7D0F8A44080F87E3098
:104B900022433BE780F87D20D0F8A0202FE700BF1C
:104BA0002DE9F04F012300F134084D4E80F80B3110
:104BB00083B08146454600F144040022002755F8A1
:104BC000043B1343C9F8043130463946FEF75CFC18
:104BD000A54202D0D9F80421F1E709F11803404EAB
:104BE00001939B464FF0000A0027BAF1060F3046AA
:104BF00039460AF1010A48D1DBF80020D9F804311E
:104C000037481343C9F804310021FEF73DFC35480D
:104C1000334E0021FEF738FC002758F8042BD9F852
:104C2000043123EA0203C9F8043130463946FEF75D
:104C30002BFC4545F1D1BFF35B8F09F1F40353E839
:104C4000002F42F4804243E800210029F7D1BFF34E
:104C50005B8F234E00250027019B062D1A46304608
:104C6000394605F1010522D11A68D9F804311C48EA
:104C700023EA0203C9F804310021FEF705FC0023F2
:104C800089F80B3103B0BDE8F08F5BF8183CD9F818
:104C90000441DBF8002023431343C9F80431FEF735
:104CA000F3FBBAF1070F0BF1040B9ED1AFE753F8FA
:104CB000183CD9F80441126824EA030323EA0203EA
:104CC000C9F80431019B04330193FEF7DDFB072D86
:104CD000C2D1002389F80B3103B0BDE8F08F00BFCB
:104CE000C0C62D00808D5B00F8B50E4D2B6813F00B
:104CF000010402D00C4B1868F8BD102015F016FE08
:104D000001230949037009221B2717268473847025
:104D10004760866008604370C3702B600273427303
:104D2000F8BD00BF482E0020502E002043788B4253
:104D300000F0818001292DE9F04700F085806AD3D9
:104D400002297ED1434F40F28F184FF4C876424A71
:104D500041701468414B6FF3410414601C686FF399
:104D600041041C6093689C07FCD43C4DAC6814F073
:104D70000204FBD139460078394FDFF8F89004F08F
:104D800023FB3849384A344B5C636C635C641C67B2
:104D90004C640C6754641467CC648C67D464946767
:104DA0004C6502F5FF52C1F8804001F500511C32FC
:104DB00004316C6407F1100A2C67546414674C6466
:104DC0000C67D4649467C3F84080C5F8408057F8F6
:104DD000044B23681B684B4522D1A079122823D0AD
:104DE000314604F1300000F077FDBA45EFD11A4AA0
:104DF0001A49136843F0020313600B6843F002037F
:104E00000B6093689907FCD4144A93689B07FCD401
:104E10000120BDE8F0874FF013081426134F96E7E2
:104E2000204698471228DBD1F8F752FFB0420146DE
:104E300028BF3146D5E7837B002B3FF47BAF0020B2
:104E400070470020BDE8F0874FF063086426084FE4
:104E50007DE700BF80841E000060014100800141A9
:104E6000B0EC03000460014108600141A08601002C
:104E700020A1070065D9000002292DE9F047074667
:104E80001646A2F1090467D00D46E4B2092C2ED9CA
:104E90007C19207B801BB0FA80F04009BDE8F087C8
:104EA0004D4D0673D5F80080D8F8003031465B6868
:104EB000404698476D682B6828465B68314698479E
:104EC00097F902207B6803EBC21303F1824303F5D9
:104ED00000430A2E93F8402066D0122E69D06FF35B
:104EE000000283F840203B7BB34241D101250123DE
:104EF00003FA04F440F20F231C42C9D04FEA4508DC
:104F0000DFF8D49059F828A07C19DAF8003026731D
:104F100008F101085B6831465046984759F82880E7
:104F2000D8F8003007EB85055B6831464046984766
:104F300094F902206B6803EBC21303F1824303F57B
:104F400000430A2E93F8402017D0122E1AD06FF388
:104F5000000283F840209CE7E4B2092C05D8012325
:104F6000A34040F20F2213429AD13B7BB34202D0BE
:104F70000020BDE8F087012588E742F0010283F8B0
:104F8000402086E742F0010283F84020F8F7A0FEB7
:104F9000054601460AF1300000F09EFC294608F162
:104FA000300000F099FC74E742F0010283F84020E1
:104FB000DBE742F0010283F84020F8F789FE8146E2
:104FC000014608F1300000F087FC494605F1300049
:104FD00000F082FC87E700BFB0EC030070B5092346
:104FE0000546037343730121FFF7A0FE95F90220E4
:104FF0006868D20102F1824303F500431C180121C5
:105000008140002684F84060596103EB500310F0A2
:10501000010F93F830004FF00C040CBF64F3030051
:1050200064F3071083F830003E4B1A44012091606E
:1050300095F90320A968D20113445C188840002622
:1050400084F84060586103EB510311F0010F93F8AD
:105050003010354E4FF00C0414BF64F3071164F3A5
:10506000030183F8301002F1824303F5004300246A
:10507000986056F8040BC4F3460302682B44526848
:10508000197B01349047042CF3D12B7B95F9022036
:105090000A2B25D0122B23D06B6803EBC21303F12C
:1050A000824303F5004393F840206FF3000283F836
:1050B00040206B7B95F903200A2B23D0122B21D0A3
:1050C000AB6803EBC21303F1824303F5004393F88B
:1050D00040206FF3000283F840200123AB7370BDC2
:1050E0006B6803EBC21303F1824303F5004393F8AB
:1050F000402042F0010283F840206B7B95F90320A9
:105100000A2BDBD1AB6803EBC21303F1824303F537
:10511000004393F8402042F0010283F8402001232D
:10512000AB7370BD00800041B0EC030008B5FFF721
:10513000DBFD014B186008BD4C2E0020F8B504467D
:1051400072B690F8203013B100238361C36162B35B
:10515000A069E269637B801A2BBB0844D4E90E2363
:1051600047F6FF76002732403B400025C10FC4E9D7
:105170000E23E56184F822101FF0C0FE21F00043E9
:10518000194620F0D1F9276E666EA16EE26E84F8A2
:1051900020500123A0616762A662E162226323734B
:1051A00062B61846F8BD4042D7E76069081AD5E7ED
:1051B000F8B5044672B60123CA0F80F8222084F89D
:1051C000203008461FF09AFE21F00043194620F0D7
:1051D000ABF9C317D90341EA504141F288320023A9
:1051E000C00320F047FBA3686FF00042DE035F0CB2
:1051F000B2424FF0000373EB0705BCBF16461F46D3
:1052000086420B46024677EB0301D4E90E01B8BF94
:105210003246002747F6FF7630403940266EA56EAD
:10522000E36E6266A2626FF000470022C4E90E01DD
:1052300001206662E5622363A761E261207362B6C2
:10524000F8BD00BF2DE9F04F037B2DED028B012B44
:1052500085B0044638D0072B00F2DA80DFE813F07F
:105260002F00D800D701BE0086005F02D8000800DA
:10527000417B90F822308B4200F02D828069E369F7
:105280001844D4E90E6747F6FF72002316401F400A
:10529000C4E90E6781F0010201250023A06184F8B2
:1052A0002220257384F82130F20B42EA4742D31AB8
:1052B000E2616360626901B15B421344636105B0FE
:1052C000BDEC028BBDE8F08F826990F82010D0F819
:1052D0002C90C0F844905714D603C0E912670029F7
:1052E00063D1056C002D00F01781417B90F82220DE
:1052F0000091914200F0F88180F8213000200523D0
:10530000237320658246D4E90E67A5EB6903F6187E
:10531000A5EB090547EBE3775545C4E90E6725641E
:1053200000F3AB804A46AAEB05054FF00009D317FE
:10533000C4F840A029464846CDE9022320F0EAFA05
:10534000EB17A0FB05BC00FB03CC4FEA5C02B618D0
:1053500094F8211047EB0907C4E90E67002900F013
:105360006E81072323730099E3699DE7016C406C0C
:10537000D4E90E23D4E91267A1EB6005521943EB7F
:10538000E573B242A1EB000173EB07002164C4E9AD
:105390000E2354DA002952DD012A73F100014EDB9D
:1053A0001F461646E369617B7EE7836A056C002B26
:1053B00000F0A180002D40F0308190F8222020687C
:1053C000236500218368627384F821102046984782
:1053D000637BD4F850A0256C009394E0D0E90E676D
:1053E000437BD0F840A00093524616EB0A064FEAE2
:1053F000E27394F820105F41C4E90E6700293FD0A2
:10540000BAF1000F39D1062323730099E3694BE702
:10541000027C002302F0FE0263F34102002000211F
:1054200022742364E3616360A361237384F82030F2
:10543000C4E90E0105B0BDEC028BBDE8F08F00237E
:10544000062263642364C4E90E672273E369617B07
:105450002AE702232373D4E90E67636C05EB63022A
:10546000B6181D4447EBE27755452564C4E90E673D
:1054700080F2A280002D40F39F800099E36913E73A
:10548000D4E91601864277EB010503DA012E77F1A4
:105490000005F2DA0025311A284620F03BFA626C4A
:1054A000A2FB0089D31700FB039E8346AEFB0B23B0
:1054B0004FF0000C0EFB0C335808321A67EB050353
:1054C000D4E91267B242AAEB0E0073EB0701206425
:1054D000C4E90E2380F2A980A84240F3A680012AE5
:1054E00073F10001C0F2A18004201F4600992073CF
:1054F0001646E369D8E6427B00921946002084F8FC
:10550000211020658246554500F0DB80A1DD052392
:105510002373D4F84490F6E6D0E90E2311461A46D8
:1055200090F82230437313469F4208BF8E42CDE964
:10553000001280F821500ED003689B68984794F8B9
:105540002130256C002B40F0CA80D4E91223CDE92C
:105550000023D4F82C9085FB0501CB0FC0184E46D4
:1055600041F10001F71749104FEA30004A463B4627
:1055700020F080F9D4F824A0CDE902014A463B4648
:105580008AFB0A0120F076F9DDE90223821A61EB39
:10559000030310461946DDE9002382428B4163DB99
:1055A000C4F850A0554540F3918005232373637BD5
:1055B000D4F844900093A6E6DA17A5EB0A059146C5
:1055C00098461A4629464B46C4F840A0002020F0D1
:1055D000A1F90246A2FB0501002305FB03110AEB1A
:1055E0005105761B42464B468AFB0A0167F10007CC
:1055F00020F090F9D4E9122349084FEA3000121A3A
:1056000063EB0103C4E9162303232373ECE6437B16
:10561000056CD0F850A000931DE7407B94F8222041
:10562000009090427FF46AAFC9E6002306226364CB
:105630002364C4E90E6700992273E36934E6DDE967
:1056400002238AFB0A0120F065F9D4E912234908F4
:105650004FEA3000121A63EB01030320C4E916235A
:1056600000992073E3691FE6A669F117CB03DDE912
:105670000201F203801843EA564359410B4600FBEE
:1056800007F109FB0313A0FB0901194420F0B4F84A
:1056900000EE100AB5EE400AF1EE10FAB1EEC08A43
:1056A00039D418EE100A20F04DF96FF00042824212
:1056B0004FF0000373EB0106B8BF10462065824629
:1056C00070E703232373D4E90E678DE60223237367
:1056D000637B0093BFE6C069A369C01AD1E5637B11
:1056E000D4F84490009309E64A46D31785FB050198
:1056F00020F0C0F8D4E90E2349104FEA3000B61A62
:1057000067EB0307864277EB0103B4BF0123002355
:1057100084F8213016E71DF02DF9256CC1E7437B95
:10572000056CD0F850A0D0F844900093EBE500BF92
:10573000F0B4047C16490160002204F0C004012585
:1057400002210026002762F38614047442608260FE
:105750000273427342618261C26180F8202080F846
:10576000212080F82220826202644264026542663F
:10577000857345620566C16201638166C166C0E9E1
:105780000E67C0E91267C0E91667F0BC704700BF3A
:10579000A0F00300D0B472B6036E446E816EC26E88
:1057A0004362002600230027C0E90E678462C162BD
:1057B00002630364C361037380F820308361436034
:1057C00062B6D0BC704700BF10B5044691B112A3B9
:1057D000D3E90023C803490C20F04CF8E36A022BFC
:1057E00020F00102B8BF022393421846B8BF10460A
:1057F000E066206372B6E36A226B9342B8BF134639
:1058000000210122E362A16284F82020227362B6A3
:1058100010BD00BFAFF3008040787D0100000000A4
:10582000D0B541F2883204460023C803490C20F069
:1058300021F80F46A1680646CA036FF000404B0CE2
:1058400090424FF0000171EB030EBCBF02460B46C5
:10585000964277EB0301BCBF32463B46012A73F107
:105860000001B8BF01222266D0BD00BF00000000C9
:105870000B4610B5490C0446D80307A3D3E900230F
:105880001FF0F8FF20F001000228B8BF0220A06638
:1058900010BD00BFAFF3008040787D010000000024
:1058A0000B4610B50446490CD80309A3D3E90023DD
:1058B0001FF0E0FFE36A022BB8BF022320F00100D3
:1058C0008342B8BF0346E36610BD00BFAFF300805C
:1058D00040787D0100000000F0B472B6036E456EA2
:1058E000846EC26E4362002600230027C0E90E6763
:1058F0008562C46202630364C361037380F820306D
:105900008361436062B66FF00044CA034B0C94425B
:105910004FF00005816075EB0301BCBF22462B46AA
:10592000012A73F10001446ABCBF01220023E5177C
:10593000944275EB0301B8BF22460266F0BC704783
:10594000436863B3037C13F018022AD11346027C28
:1059500063F38202D2B21346C2F3C00262F345136C
:10596000DBB21A46C3F3001363F38612D3B2027498
:105970005A0714D5427BE2B9190710D543F0010349
:10598000037472B6C36A026B9342B8BF1346002118
:105990000122C362816280F82020027362B6002077
:1059A0007047C3F3C102C3F34113D31A18BF0123D5
:1059B000CDE7DA06F3D543F002030374E1E700BF55
:1059C0002DE9F04F2DED028B90F88A3790F888176B
:1059D0009DB003F0FF0281460492002B00F0D283B9
:1059E00014460022C9B213461CA801330244DBB29C
:1059F000481CA34202F8101C1A4600F00F01F3DB0A
:105A000099F88B2799F88837934200F0BD839DF869
:105A1000603093424FF0000300F0D484049804E017
:105A200011F8101C914200F018840133DBB21CA95C
:105A3000834219441C46F3DB00230593069399F82F
:105A4000563A002B40F0B4839FED2B7B8DED0C7B01
:105A5000069D049B1A46AA4240F3C584059CCA468B
:105A60001CAB5F19682617F810BC06FB0BA6D6F80E
:105A70000C011FF033FA02460B46CDE900231FF05C
:105A8000A3FA80468946002C40F02F829AF8563AB5
:105A9000002B00F0B7829AF8563A002B00F02582CE
:105AA000682303FB0BA3DDE90C67D3F81831002B47
:105AB00000F0A18232463B46404649461FF0F6FCC4
:105AC000002800F0AA8249EC108B1CF063FD6823CB
:105AD00051EC100B03FB0BAB1FF04EFDCBF810018C
:105AE0000134049BE4B29C422546B9DBD146002236
:105AF00013466820049C14E0000000000000000031
:105B000016F8101C15F8102C00FB0191013300FB56
:105B10000292DBB2D1F81011C2F81411A3421A4656
:105B20001ADA1CA98D18511C1CAEA1420E44E7DBE9
:105B300015F8102C99F86C1A00FB0295002940F01A
:105B40006A82D5F81011013300FB0292DBB2A34246
:105B5000C2F814111A46E4DB049A1CAB13446826FD
:105B600013F8117C06FB0796D6F8185125B1D9F821
:105B7000944A002C40F0A483D6F81041682303FB1C
:105B80000797D7F80C31A34238BFC7F81031049BF0
:105B90009D1E069B9D4275DB049A1CAB1344A3F12A
:105BA00011044FF0680814F801AD677808FB0793FB
:105BB00008FB0A96D3F810011FF090F902460B4635
:105BC0001FF002FAD6F818A1013DCDE90001BAF1A3
:105BD000000F1CD0D9F8943A1846C3B11FF07EF9D3
:105BE00002460B461FF03EF8CDE9020150461FF079
:105BF00075F902460B46DDE902011FF0E5F90246A0
:105C00000B46DDE900011FF02DF8CDE90001D6F8C3
:105C100010011FF063F98246D6F80C018B461FF085
:105C20005DF95246CDE902015B46504659461FF0E8
:105C3000CBF99DED000B41EC110B1CF015FBDDE9E0
:105C40000223B0EE408AF0EE608A194610461FF03B
:105C5000BBF9B0EE480AF0EE680A41EC110B1CF0FB
:105C600003FB1CF097FC51EC100B1FF085FC08FBAC
:105C70000797C6F81001D7F81031C6F81431069B03
:105C80009D4290DA059B01335FFA83FB049B5B45E1
:105C9000C8BF4FF0680867DD1CAB5B4413F8115CAC
:105CA00013F8104C08FB059508FB0494D5F81871FF
:105CB000D4F81061D4F80CA1002F47D0D9F8943A49
:105CC00000933046002B41D01FF008F902460B46E6
:105CD0001FF07AF9CDE90201D5F810011FF0FEF8A6
:105CE000CDE9060100981FF0F9F802460B461EF0B8
:105CF000B9FFCDE9000138461FF0F0F802460B4627
:105D0000DDE900011FF060F9DDE90623CDE90001BE
:105D1000104619461FF058F902460B46DDE900010E
:105D20001EF0A0FF02460B46DDE90201CDE900238B
:105D30001FF0BCFBDDE90023002840F0E181DDE934
:105D400002011FF0D1FB002840F00782059A0BF1F9
:105D50000103564508BF5A465FFA83FB049B059230
:105D60009B4599DB049B0692069A1946914213467D
:105D700040F317821CAA134413F8103C99F8562AD2
:105D800089F88B37049B002A00F0F881002B00F083
:105D90008C809DF86080682303FB0898D8F8100178
:105DA0001FF09CF80646D9F8940A0F461FF096F8A3
:105DB00002460B461EF056FF00229F4B1FF004F9CF
:105DC000DDE90C231EF04EFF324604460D463B46ED
:105DD000304639461FF0F8F822462B461FF084FB68
:105DE000002840F0C1820023DDF810A01C46682680
:105DF0004F461CAA134413F8105C06FB05731D469E
:105E0000D3F81001D3F80C21D3F81481904284BF49
:105E10001046C3F81021804541D9D3F818B1BBF121
:105E2000000F3CD0D7F8949AB9F1000F37D01FF08B
:105E300055F8CDE9000140461FF050F8CDE90201C8
:105E400048461FF04BF802460B461EF00BFF8046FB
:105E5000584689461FF042F802460B4640464946DE
:105E60001FF0B2F8DDE90023804689461046194646
:105E70001FF0AAF802460B46404649461EF0F2FEC5
:105E8000DDE9022380468946104619461FF09CF83A
:105E900042464B461FF028FB002840F0D3810134D6
:105EA000E4B254452346A4DBB94699F8563ABBB14F
:105EB00099F88A37A3B199F88837682202FB0393CF
:105EC00093F8682162B199F8582A012A00F04782B4
:105ED00099F8582A022A03D1D3F81031C9F8E830CA
:105EE0001DB0BDEC028BBDE8F08F002D00F02681C7
:105EF000682505FB0BA617F8113CD6F81C01169374
:105F000005FB03A51FF00CF8CDE90201D5F824012B
:105F10001FF006F802460B46DDE90201CDE90E232B
:105F20001EF09EFECDE90A01D6F820011EF0F8FF12
:105F3000CDE90801D5F828011EF0F2FF0B46024614
:105F400006460F46DDE908011EF08AFEDAF8683AD7
:105F50001793CDE91001002B70D00F46DDE90A122E
:105F600027F00043139322F00043129014911593ED
:105F70009DED121B9DED140B1CF04AF957EC106BB4
:105F80002BA3D3E9002310EE100A39461FF08EFA36
:105F9000002800F01981D5F80C011EF09FFF06467D
:105FA0000F469DED001B47EC106B1CF05DF953ECA8
:105FB000102B104619461FF007F8324641EC180B1B
:105FC0003B46304639461EF0FFFF49EC118B41EC51
:105FD000100B1CF049F9B0EE481AF0EE681A1CF0EC
:105FE00043F9682303FB0BA357EC106BD3F818316C
:105FF000002B7FF45FAD682303FB0BAB0023CBF8D2
:1060000010316DE5D6F81831002BF4D04FF00008B0
:106010004FF0000957E5002195E5002200233046A6
:1060200039461FF043FA0028F0D1B046B9464AE598
:106030008DEDB5A0F7C6B03E00408F40DDE90E23E0
:10604000DDE902011EF0C0FF32463B46CDE900010A
:10605000DDE908011EF0B8FF02460B46DDE900014C
:106060001EF000FE0022D44B06460F461FF03CFAFD
:10607000002800F0F6809FEDC80B1CF08BFADDE9DC
:106080000A23104619468DED000B1EF09DFFDDE939
:10609000102306460F46104619461EF095FF02468D
:1060A0000B46304639461EF0DDFD41EC100B1CF06E
:1060B00071FADAF8940A1EF011FFB9A3D3E90023AC
:1060C00006460F46DDE900011FF0F0F9002800F058
:1060D0008F80169A682303FB02A3D3F80C011EF0ED
:1060E000FDFE02460B461EF06FFF49EC118B41ECA2
:1060F000100B1CF0B9F8B0EE408AF0EE608A6AE747
:1061000050461EF0EBFE02460B461EF05DFF9DED75
:10611000000B41EC110B1CF0A7F81CF03BFA51EC02
:10612000100B1FF029FAC4F81001C5F81401D4F8B7
:106130001061D4F80CA1CDF814B007E6682303FB76
:106140000BA3D3F81831002B7FF4BDAC682303FBFD
:106150000BAB0023CBF81031C2E49DED000B1CF01B
:1061600019FA51EC100B1FF007FAC4F81001C5F82A
:106170001401D4F81061D4F80CA1E7E5002B7FF4EA
:1061800032AE92E690F8883799F8563A03F0FF025B
:10619000002B00F0DB80049B3BB99FED7F7B8DEDF6
:1061A0000C7B99F88837DBB2E8E50023069305936A
:1061B000D9F8900A1EF092FE02460B461EF004FF2C
:1061C000069DCDE90C0144E417981EF087FE324687
:1061D0003B461FF023F802460B46D5F80C01CDE9EB
:1061E00000231EF07BFEDDE9002306460F46E0E6B5
:1061F0006DA3D3E90023DDE900011FF075F9002844
:106200003BD00AF52663D3E90023304639461EF019
:10621000DBFE0022694B1EF0D7FE169A682303FBB3
:1062200002A341EC180BD3F80C011EF057FE0246F6
:106230000B461EF0C9FE49EC118B41EC100B1CF013
:1062400013F8C8E649EC108B1CF0A4F951EC100BC4
:106250001FF092F9C5F8140121E605930694FFF7A3
:10626000EEBB0022564B304639461FF01FF900287E
:1062700000F0AC809FED4E0BFFE6DDE9002300202F
:106280004D491EF0EDFC46A3D3E90023CDE9020100
:106290001FF00CF918B19FED427B8DED027B0AF5E2
:1062A0002663D3E90023304639461EF08DFEDDE932
:1062B00000231EF089FEDDE902231EF0AFFFACE7EC
:1062C000D6F814011EF00AFE824620468B461EF0C8
:1062D00005FE02460B461EF0C5FCCDE9000128462E
:1062E0001EF0FCFD02460B46DDE900011EF06CFECF
:1062F000524604465B460D46504659461EF064FE23
:1063000002460B46204629461EF0ACFCD6F810414A
:10631000824620468B461EF0E1FD02460B461EF0EB
:1063200053FE02460B46504659461FF0BFF8002860
:106330003FF424AC4BEC10AB1CF02CF951EC100BDF
:106340001FF01AF90446C6F8100117E49FED127BFE
:1063500006928DED0C7B05921546FFF77ABBD3F8BC
:106360001031C9F86C30BBE5D8F80C011EF0B6FD51
:1063700002460B461EF028FE45EC104B41EC110B7B
:106380001BF072FF1CF006F951EC100B1FF0F4F833
:10639000C8F8100127E500BF000000000000000061
:1063A0008DEDB5A0F7C6B03E2B8716D9CEF7EF3FDF
:1063B000000000000000F03F0000F03F0000E03F60
:1063C0000000F0BF06930593FFF739BB32463B460A
:1063D000002007491EF044FC0022064B1EF0F4FD8D
:1063E00041EC100B49E6049B002B7FF480ABD8E610
:1063F0000000F03F0000E03F2DE9F04390F888678F
:106400006825F6B205FB0605044695F8680187B0D5
:10641000F0B195F80831F3B1012B4DD0002068227E
:1064200002FB0642731C03F00F03002182F868117F
:1064300084F8883794F88A3794F88B27013BDBB2CD
:10644000B24284F88A3704BF94F8883784F88B37CF
:1064500007B0BDE8F083D5F81471D4F8940A05F5B7
:10646000A0710EC995ED561B95ED540B0597D5F807
:106470001071049741F2883703970290D5F80C0108
:10648000019095F86001009004F1080002F03CF9D9
:106490000028C3D0012384F8583AD5E9568904F678
:1064A0008823C3E90089D5F83431C4F8703AD5F8A7
:1064B0003831C4F8743AB2E7D5F81421D5F8403130
:1064C0000592D5F81011D4F8942A049141F288313C
:1064D00003910292D5F80C210192D5F84401D4F829
:1064E0007C1AD4F8802A009004F1A00001F0A6FDE7
:1064F000002893D0D5F83431C4F8703AD5F8383143
:10650000C4F8743A022384F8583A88E7000000007F
:106510002DE9F04D2DED028B90F8503ADDB26F0170
:10652000C619044696F8A93788B003F0FF0023B9CE
:1065300008B0BDEC028BBDE8F08DD6F89037D4F8EA
:106540007C0AD4F8808AC01A1EF0D8FCCDE9060176
:10655000D6F89407A8EB00001EF0D0FC9DED061BBA
:1065600041EC100B1CF014F80022002351EC100B2E
:10657000B0EE408AF0EE608A1EF098FF40B151EC18
:10658000180B27A3D3E900231EF06CFB41EC180B7A
:10659000B0EE480AF0EE680A274404EB45164FF0C7
:1065A000000841F2883006F5F46607F5F26196EDD1
:1065B000001BD4F894EA0EC9CDF81480CDF81080F1
:1065C0000390D4F8900A0190CDF808E097F8A80756
:1065D000009004F1080002F097F8D0B1D6E900ABC2
:1065E000012104F688226B1884F8581A03F00F036F
:1065F000C2E900AB87F8A98784F8503A94F8523A78
:10660000013BDBB284F8523A08B0BDEC028BBDE826
:10661000F08D6B1C03F00F0387F8A907ECE700BFB0
:10662000182D4454FB2119402DE9F043046894F8D7
:106630008A3787B08846A3B9B8F1000F09D094F81B
:10664000523A03F0FF05002B7AD1284607B0BDE887
:10665000F08394F8553A9BBB4546284607B0BDE801
:10666000F08394F8889768275FFA89F907FB094750
:1066700097F86851002DDFD097F808310646002BB7
:1066800064D0012B00F0AF802046682202FB094253
:1066900009F1010303F00F03002182F8681184F867
:1066A000883794F88A3794F88B27013BDBB24A4548
:1066B00084F88A373ED00446B8F1000FC9D0BEE74F
:1066C00094F8536AF6B206EB460304EB830797F897
:1066D000983903F0FF05002BB7D041F28830D4F889
:1066E0007C1AD7F89039D4F8802A0390CDF814801A
:1066F000CDF81080D4F8940A0290D4F8900A019052
:10670000D7F89409009004F1A00001F097FC01363D
:10671000054606F00F0610B1022384F8583A87F8B0
:10672000988984F8536A94F8553A013BDBB284F8AF
:10673000553A8AE794F8883784F88B370446BBE7E4
:10674000204607B0BDE8F043FFF7E2BED7F81401DA
:1067500007F5A0710EC997ED561B97ED540B0590E8
:10676000D7F81001049041F288300390D4F8940ACD
:106770000290D7F80C01019097F86001009004F1A5
:10678000080001F0C1FF60B3012384F8583AD7E94B
:10679000560104F68823C3E90001D7F83431C4F860
:1067A000703AD7F83831C4F8743A682202FB0942CB
:1067B00009F1010303F00F03002182F8681184F846
:1067C000883794F88A3794F88B27013BDBB24A4527
:1067D00084F88A377FF439AF94F8883784F88B3798
:1067E00033E7306851E7D7F81401D4F87C1AD7F8AA
:1067F0004031D4F8802A0590D7F81001049041F276
:1068000088300390D4F8940A0290D7F80C010190D4
:10681000D7F84401009004F1A00001F00FFC00281B
:10682000DFD0D7F83431C4F8703AD7F83831C4F82B
:10683000743A022384F8583AB7E700BFF8B5002548
:10684000044605604560083001F02EFF04F1A00009
:1068500001F0D0FBEB4984F88857002004F526624C
:1068600084F8895784F88B5784F88A5784F8575AE4
:1068700084F8505A002684F8515A002784F8525A56
:1068800084F8535A84F8545A84F8555A84F8565A5E
:1068900084F8585AC2E9000104F6882284F86C5A38
:1068A000C4F8685A84F8785A84F86D5AC4F87C5A47
:1068B000C4F8705AC4F8745AC4F8805AC2E9006720
:1068C00041F288374CF25032C4F8907AC4F8942AD6
:1068D00004F6982604F52D620127C4F8987A04F28C
:1068E0005C4EC6E9020184F8A85AC6E9060184F89C
:1068F000B85AC6E90A01C6E90C01C4F8D07A04F511
:106900008066C2E9020184F8E05AC2E9060184F80F
:10691000F05AC2E90A01C2E90C0104F58C620023B5
:1069200004F2644704F58D6084F8A95704F5996171
:1069300084F8085B84F8095B84F86851C4F80C514A
:10694000C4F81051C4F81451C4F81851C4F82C51AB
:10695000C4F83051C4F83451C4F8385184F8985907
:1069600084F8D051C4F87451C4F87851C4F87C51FB
:10697000C4F88051C4F81C31C4F82031C4F8243163
:10698000C4F82831C4F88431C4F88831C4F88C3193
:10699000C4F89031C4F8945184F8C957C4F8985198
:1069A00084F8A459C4F89C5184F8E957C4F8A0515C
:1069B00084F83852C4F8DC51C4F8E051C4F8E4510A
:1069C000C4F8E851C4F8EC31C4F8F031C4F8F4313B
:1069D000C4F8F831C4F8FC51C4F80052C4F80452A9
:1069E000C4F8085284F8B05984F8A052C4F844524C
:1069F000C4F84852C4F84C52C4F85052C4F8543247
:106A0000C4F85832C4F85C32C4F86032C4F8645236
:106A1000C4F86852C4F86C52C4F8705284F809582B
:106A200084F8085384F8BC59C4F8AC5284F8295847
:106A3000C4F8B05284F8C859C4F8B45284F849581C
:106A4000C4F8B852C4F8BC32C4F8C032C4F8C43276
:106A5000C4F8C832C4F8CC52C4F8D052C4F8D452E6
:106A6000C4F8D85284F87053C4F81453C4F81853B7
:106A7000C4F81C53C4F82053C4F82433C4F8283392
:106A8000C4F82C33C4F83033C4F83453C4F8385342
:106A9000C4F83C53C4F8405384F8D45984F8D8530C
:106AA00084F86958C4F87C5384F8E059C4F88053DA
:106AB000C4F88453C4F88853C4F88C33C4F89033B2
:106AC000C4F89433C4F89833C4F89C53C4F8A05362
:106AD000C4F8A453C4F8A85384F84054C4F8E45349
:106AE000C4F8E853C4F8EC53C4F8F053C4F8F433D2
:106AF000C4F8F833C4F8FC33336004F2C44684F8B5
:106B00008958C4F80454C4F80854C4F80C54C4F8A0
:106B1000105484F8EC5984F8A854C4F84C54C4F8C0
:106B20005054C4F85454C4F85854CEF8003013608C
:106B300004F2CC423B60036004F59A6784F8A958DC
:106B4000C4F86C5484F8F859C4F87054C4F87454F8
:106B5000C4F8785484F81055C4F8B454C4F8B85440
:106B6000C4F8BC54C4F8C05404F22C5033600B6019
:106B700004F5A666136004F2345104F5A7623B6085
:106B800084F8C95804F29457C4F8D454C4F8D854BB
:106B9000C4F8DC54C4F8E05484F8045A84F87855F6
:106BA000C4F81C55C4F82055C4F82455C4F8285519
:106BB0000360336004F5B3600B6004F29C5613600D
:106BC00004F5B46104F2FC5284F8E958C4F83C5569
:106BD00084F8105AC4F84055C4F84455C4F84855D0
:106BE00084F8E055C4F88455C4F88855C4F88C5529
:106BF000C4F890553B60036004F5C067336004F24D
:106C0000046001E00000F03F0B6004F5C16684F809
:106C10000959C4F8A455C4F8A855C4F8AC55C4F82B
:106C2000B05584F81C5A84F84856C4F8EC55C4F89A
:106C3000F055C4F8F455C4F8F85504F264611360D3
:106C400004F5CD623B60036004F26C6704F5CE602E
:106C50003360C4F80C5604F2CC6684F82959C4F8A1
:106C6000105684F8285AC4F81456C4F8185684F8F4
:106C7000B056C4F85456C4F85856C4F85C56C4F814
:106C800060560B60136004F5DA6104F2D4623B6075
:106C9000036004F5DB6784F84959C4F87456C4F8F6
:106CA0007856C4F87C56C4F8805684F8345A84F870
:106CB0001857C4F8BC56C4F8C056C4F8C456C4F833
:106CC000C85604F2347033600B6004F5E766136055
:106CD00004F23C7104F5E8623B60C4F8DC56C4F889
:106CE000E056C4F8E456C4F8E85684F8695984F8C4
:106CF000805784F8405AC4F82457C4F82857C4F879
:106D00002C57C4F830570360336020460B60136083
:106D100084F88959C4F84457C4F84857C4F84C5704
:106D2000C4F8505784F84C5AF8BD00BF41B32AB399
:106D3000F8B50D4616460127044680E8600080F845
:106D4000577A024639462846F7F7BAF820B90021A3
:106D500084F8571A0846F8BD394622466068F7F7A6
:106D6000AFF80028F3D094E80C00C2F82051C2F824
:106D70002461C3F82051C3F82461F8BD1046704760
:106D80000846704738B50446002580F8565A083042
:106D900084F8585A84F8785A02F064F904F1A00093
:106DA00001F060FC84F8A95784F8685184F8985978
:106DB00084F8D05184F8C95784F8385284F8A4591B
:106DC00084F8A05284F8E95784F8085384F8B0593D
:106DD00084F8705384F8095884F8D85384F8BC595F
:106DE00084F8405484F8295884F8A85484F8C85981
:106DF00084F8105584F8495884F8785584F8D459A3
:106E000084F8695884F8E05984F8895884F8EC5972
:106E100084F8A95884F8F85984F8C95884F8045AB1
:106E200084F8E95884F8105A206884F8095984F8DD
:106E3000E05584F81C5A84F8485684F8295984F897
:106E4000B05684F8285A84F8185784F8495984F8B9
:106E5000805784F8345A84F88B5784F8695984F839
:106E60006D5A84F8405A84F8895984F84C5A84F849
:106E7000885784F8895784F88A5784F8505A84F8D8
:106E8000515A84F8525A84F8535A84F8545A84F860
:106E9000555A08B1F7F780F9606818B1BDE8384075
:106EA000F7F77AB938BD00BF38B50446002580F839
:106EB000565A083084F8585A02F0D4F804F1A00069
:106EC00001F0D0FB84F8A95784F8685184F89859E8
:106ED00084F8D05184F8C95784F8385284F8A459FA
:106EE00084F8A05284F8E95784F8085384F8B0591C
:106EF00084F8705384F8095884F8D85384F8BC593E
:106F000084F8405484F8295884F8A85484F8C8595F
:106F100084F8105584F8495884F8785584F8D45981
:106F200084F8695884F8E05984F8895884F8EC5951
:106F300084F8A95884F8F85984F8C95884F8045A90
:106F400084F8E95884F8105A206884F8095984F8BC
:106F5000E05584F81C5A84F8485684F8295984F876
:106F6000B05684F8285A84F8185784F8495984F898
:106F7000805784F8345A84F88B5784F8695984F818
:106F80006D5A84F8405A84F8895984F84C5A84F828
:106F9000885784F8895784F88A5784F8505A84F8B7
:106FA000515A84F8525A84F8535A84F8545A84F83F
:106FB000555A18B129463030FEF706FC606828B1F2
:106FC00030300021BDE83840FEF7FEBB38BD00BFC1
:106FD00090F8573ACBB12DE9F04190F8783A8CB05F
:106FE00004469BB1006810B10021F6F7ABFF606862
:106FF00010B10021F6F7A6FF94F8783A013BDBB216
:1070000084F8783A0CB0BDE8F081704790F8563AB1
:10701000002BF7D090F8583A0790012B47D090F802
:10702000583A022B76D094F8582A0023012A089364
:10703000099300F0F68094F8583A022B00F01F8173
:1070400094F8583A012B00F0CC8094F8583A022B6F
:10705000D8D1D4F8C030D4F8A8209342D2D1D4F8F3
:10706000C420D4F8AC108A42CCD1C4F87C3A0021B8
:10707000C4F8802A07A8FFF7D7FA0028C2D12068F1
:1070800010B10021F6F75EFF606810B10021F6F73D
:1070900059FF002384F8563A84F8583A94F86C3A29
:1070A000002B0CBF00230A2384F8783AAAE790F853
:1070B0002C30002B00F08380436A826B934280F275
:1070C0008380D31AA26A9A4280F282800BAA04F1CA
:1070D00008000AA901F0C0FF0B9B0A9A0798C4F8A0
:1070E0007C2AC4F8803A90F88A37002B40F0FB8065
:1070F00090F8523A002B6FD1002384F8563A84F866
:10710000583A94F86C3A002B14BF0A23002384F8F1
:10711000783A77E7D0F8A830D0F8C020934282D1EF
:10712000D0F8AC20D0F8C4108A427FF47CAFC0F80D
:107130007C3AC0F8802A90F88A37002B40F0ED8026
:10714000254695F8553A002BD6D095F8536A0C276A
:10715000F6B207FB065797F89839002BCCD04FF0C2
:10716000000841F28833D5F87C1AD5F8802ACDF88A
:107170001480CDF810800393D5F8943A0293D5F893
:10718000903A0193D7F894390093D7F8903905F1E4
:10719000A00000F053FF731C03F00F03002800F061
:1071A000CE80022285F8582A87F8988985F8533AC4
:1071B00095F8553A013BDBB285F8553A33E7426A18
:1071C000836B9A423FF77DAF9B1AC3F5004379E783
:1071D000092B3FF728AF79E7FFF79AF900288BD002
:1071E00021E794F82C30002B50D0636AA26B9342B5
:1071F00050DAD31AA26A9A4250DA0BAA0AA904F109
:10720000080001F029FF0A9A0B9BC4F87C2A01218F
:10721000C4F8803A07A8FFF707FA00287FF4F2AE17
:107220002DE709AA08A904F1080001F0ADFB002828
:107230003FF406AF089949B9099B3BB994F8582A1D
:10724000022A3CD094F8583A012B53D02068F6F724
:1072500079FE09996068F6F775FE94F8583A012BA3
:1072600020D094F8583A022B7FF4CCAED4F8C0204A
:10727000D4F8C430C4F87C2AC4F8803AC2E609AA1B
:1072800008A904F1A00000F0BBFFD0E7626AA36B7D
:107290009A42AEDC9B1AC3F50043ABE7092B3FF7DC
:1072A000B1AEAAE70BAA0AA904F1080001F0D4FEC6
:1072B0000A9A0B9BC4F87C2AC4F8803AA2E6D4F858
:1072C000C000D4F8A8209042BCD1D4F8C400D4F8AF
:1072D000AC209042B6D1194607A8FFF7A5F90028BF
:1072E0003FF4CDAE8EE6FFF787F800287FF49BAE23
:1072F0000798FDE694F82C30B3B1636AA26B934211
:1073000016DAD31AA26A9A4216DA012107A8FFF701
:107310008BF900287FF476AEB1E6FFF76DF8002810
:107320007FF481AE079D0CE7626AA36B9A42E8DCAA
:107330009B1AC3F50043E5E7092B87DCE5E787F8EF
:10734000980985F8533A95F8553A013BDBB285F830
:10735000553AD1E6000000002DE9F04F2DED028BEB
:1073600095B090F8575A02919DF8801001910392C0
:1073700000932DB9284615B0BDEC028BBDE8F08F07
:10738000002B40F31A82B0EE418AF0EE618A036866
:1073900004465BEC10AB23B193F80021002A00F007
:1073A0000C826268002A00F0298392F800110029FB
:1073B00000F003822BB1D3F86431990500F1FD810F
:1073C00022B1D2F864319B0500F1F78172B694F8CE
:1073D0008A370F2B00F3F881D4F87C3A0A93D4F85B
:1073E000803A0B9394F88A37002B00F0C38294F80C
:1073F00089370F33682203F00F0302FB0343D3F8EE
:107400003421D3F838310A920B93002200235046DE
:1074100059461EF04BF898B10FF20459D9E900898A
:10742000002600275046594642464B461DF01AFC9E
:1074300032463B4682468B461EF038F80028F1D192
:107440000FF2DC43D3E90023504659461EF042F8C0
:1074500088B10FF2CC47D7E900675046594632460B
:107460003B461DF0FDFB32463B4682468B461EF0F6
:1074700031F80028F1D10022002351EC180B1EF046
:1074800015F859EC188B98B159EC188B0026002789
:107490000FF28C43D3E90023404649461DF0E2FB3E
:1074A00032463B46804689461EF000F80028EFD160
:1074B0000FF26C43D3E90023404649461EF00AF818
:1074C00088B10FF25C47D7E900674046494632462B
:1074D0003B461DF0C5FB32463B46804689461DF0C3
:1074E000F9FF0028F1D100981DF008FDB0EE480A20
:1074F000F0EE680ACDE904011AF02AFE53EC102BD5
:10750000B0EE480AF0EE680ACDE906231AF0E0FF73
:107510000298B0EE408AF0EE608A1DF0EFFCDDE9E3
:10752000062306460F46DDE904011DF04DFD024627
:107530000B46304639461DF095FB41EC100B1AF016
:1075400001FF0E9003981DF0D9FC53EC182B064652
:107550000F46DDE904011DF037FD0B4602463946B2
:1075600030461DF07FFB41EC100B1AF0EBFE4BECAC
:1075700010AB0F901AF0ACFF8DED060B4BEC10AB7F
:107580001AF0E6FD019B51EC100B8DED080B002B62
:1075900000F01D8110EE102A0B461DF015FD064669
:1075A0000F46DDE9060102460B461DF00DFD0246C1
:1075B0000B46304639461DF055FB41EC100B1AF0D6
:1075C000E9FF57EC106BD2A3D3E9002310EE100AA9
:1075D00039461DF089FF002840F0FF819FEDCA7BEE
:1075E00049EC108B8DED0C7B1AF072FF8DED060BC4
:1075F00049EC108B1AF0ACFD9FEDC37B8DED080BB1
:107600008DED107BDDE9080102460B461DF0DCFC28
:1076100006460F46DDE9060102460B461DF0D4FC86
:1076200002460B46304639461DF01CFB41EC100B60
:107630001AF0B0FF57EC106BB5A3D3E9002310EE9E
:10764000100A39461DF050FF002800F0D081324664
:107650003B46DDE906011DF0E1FDDDE90823CDE94A
:107660000601104603F1004132463B461DF0D6FDAF
:107670009DED067B0F460B46019906468DED127B6C
:107680000246002900F0638151EC170B1DF094FFB6
:107690003946129030461DF08FFF069042464B4609
:1076A000504659461DF020FF42464B46002800F048
:1076B0006D81504659461DF0D3FACDE9080194F882
:1076C00089770498FFB2682606FB07464FF0000E44
:1076D00086F808E1D4F8903AC6F80C31059BC6F854
:1076E00010E1C6F814E123F00041DDE908231DF0A4
:1076F0006BFC0022884B1DF0B5FA1DF03DFFC6F86B
:107700001801DDE910011DF057FFC6F81C01DDE985
:107710000C011DF051FF0A9AC6F82C210B9AC6F8ED
:1077200030210E9ADDED127AC6F834210F9AC6F890
:107730003821029AC6ED497AC6F84021DDED067A75
:10774000039AC6F844210137009AC6F820010123A4
:10775000C6E954ABC6E9568907F00F07C6ED4A7A69
:10776000C6F848219DF8042086F8602186F8683123
:1077700084F8897794F88A370133DBB284F88A3742
:1077800094F88A37002B40F0F18094F8883784F819
:107790008B3794F8563A4BB994F86D0A30B994F88F
:1077A0008A37002B40F02E8184F8560A62B62846AC
:1077B00015B0BDEC028BBDE8F08F0025284615B052
:1077C000BDEC028BBDE8F08F62B60025D2E5DDE9A5
:1077D000060102460B461DF0F7FB06460F46DDE9A3
:1077E000080102460B461DF0EFFB02460B463046F1
:1077F00039461DF037FA41EC100B1AF0CBFE57EC6E
:10780000106B43A3D3E9002310EE100A39461DF094
:107810006BFE00284FD19FED3C7B49EC108B8DED2A
:107820000C7B1AF055FE8DED060B49EC108B1AF00F
:107830008FFC9DED0C7B8DED080B8DED107BDDE954
:10784000080102460B461DF0BFFB06460F46DDE968
:10785000060102460B461DF0B7FB02460B463046BA
:1078600039461DF0FFF941EC100B1AF093FE57EC6E
:10787000106B27A3D3E9002310EE100A39461DF040
:1078800033FE002850D1DFED257ACDED067ACDED1F
:10789000127A42464B46504659461DF007FE0028D4
:1078A00000F08E8052465B46404649461DF0D8F9AE
:1078B000CDE9080103E7DDE9060101F100430246D5
:1078C000CDE90623194632463B461DF0A7FC3B4650
:1078D0003246CDE91001DDE908011DF09FFC49ECBD
:1078E000108BCDE90C011AF0F3FD8DED060B49EC80
:1078F000108B1AF02DFC019B8DED080B002B7FF4F3
:1079000081AE9CE7AFF300800000000000000000A3
:1079100095D626E80B2E113E0000E03F0000000047
:10792000182D4454FB211940DDE90623104603F1CC
:10793000004132463B461DF071FC3246CDE9120152
:107940003B46DDE908011DF069FC02460B46DDE916
:107950001201CDE906231DF02FFEDDE9062312906A
:10796000194610461DF028FE069092E72046FEF7C5
:1079700027F80EE794F8563A002B3FF446ADD4F8BA
:10798000703A0A93D4F8743A0B933EE55046594640
:107990001DF08CFD78B152465B46404649461DF0CD
:1079A0005FF902460B461AA1D1E900011DF058F912
:1079B000CDE9080183E69FED167B8DED087B7EE621
:1079C00042464B46504659461DF08EFD0028F2D0E7
:1079D00042464B4650465946E1E7DDE9080102467A
:1079E00001F10043CDE90823DDE906016BE7DFED96
:1079F0000A7ACDED067ACDED127A4FE6002B7FF4B0
:107A0000DAACE3E42046FEF7F7FCCDE6AFF3008006
:107A1000182D4454FB211940000000000000000014
:107A20002DE9F04F2DED028B90F8575A87B02DB904
:107A3000284607B0BDEC028BBDE8F08F036823B188
:107A400093F80041002C00F0E1804468002C00F025
:107A5000D58094F80061002E00F0D88023B1D3F8CF
:107A600064319E0500F1D280D4F864319F0500F1A5
:107A7000CD8072B690F88A370F2B00F3CE80D0F805
:107A80007CBAD0F8807A90F88A37002B00F0DD803D
:107A900090F889370F3303F00F03682404FB0303C6
:107AA000D3F834B1D3F8387103910446A1EB0B003D
:107AB00092461DF023FA80468946AAEB0700CDE9DD
:107AC00004891DF01BFA4246CDE900014B464046B1
:107AD00049461DF079FA80468946DDE900010246F3
:107AE0000B461DF071FA02460B46404649461DF012
:107AF000B9F841EC100B41EC180B1AF04BFD59ECA6
:107B0000108B5CA3D3E9002310EE100A49461DF048
:107B1000EBFC002840F084809FED537B8DED007BD3
:107B20008DED047BB0EE480AF0EE680A1AF032FDE3
:107B300094F8898768265FFA88F806FB08464FF0B4
:107B4000010986F80891D4F8903AC6F80C31002360
:107B500051EC100B0022C6F81031C6F81431444B1A
:107B60001DF080F81DF008FDC6F81801DDE90401DC
:107B70001DF022FD0346C6F81C31DDE9000100932B
:107B80001DF01AFDC844009BC6F8243108F00F0808
:107B9000039BC6F82CB1C6F83071C6F83431C6F86C
:107BA00038A1C6F84031C6F844A186F86891C6F8F5
:107BB0002001C6F8280184F8898794F88A374B4455
:107BC000DBB284F88A3794F88A37002B39D194F8DD
:107BD000883784F88B3794F8563A43B994F86D0A8D
:107BE00028B994F88A37002B39D184F8560A62B63E
:107BF000284607B0BDEC028BBDE8F08F002B3FF4A8
:107C000038AFD3F864319B057FF533AF00252846A4
:107C100007B0BDEC028BBDE8F08F62B6002507E728
:107C2000DDE9040142464B461DF0F8FA4246CDE933
:107C300004014B46DDE900011DF0F0FACDE9000139
:107C400070E72046FDF7BCFEC5E790F8563A002BDA
:107C50003FF42AAFD0F870BAD0F8747A24E72046FF
:107C6000FEF7CAFBC1E700BF0000000000000000F3
:107C70000000E03F95D626E80B2E113E81B32DE99A
:107C8000F84F57EC106B0C46924605460022002335
:107C900010EE100A394659EC118B1DF011FCE0B9B9
:107CA00000220023404649461DF00AFCA8B905F50C
:107CB0002A6205F52B63C5F8984A05F69820C2E9B3
:107CC000006785F8A8AAC3E9008900F019F9012125
:107CD00085F8081B0846BDE8F88F0020BDE8F88F3E
:107CE0000846704781B32DE9F84F57EC106B0C46EE
:107CF000924605460022002310EE100A394659EC40
:107D0000118B1DF0DDFBE0B90022002340464946FF
:107D10001DF0D6FBA8B905F6D82205F6E823C5F86C
:107D2000D04A05F52D60C2E9006785F8E0AAC3E9ED
:107D3000008900F0E5F8012185F8091B0846BDE837
:107D4000F88F0020BDE8F88F0846704772B6C0F87B
:107D50007C1AC0F8802A62B6704700BF90F8083BD2
:107D600013B190F8093B03B9704710B500F698219C
:107D70000446032000F004F8C4F8900A10BD00BFC8
:107D80002DE9F0470C6882B0002C45D0D1E902897A
:107D90000D468246002200234046494657EC106BB0
:107DA0001DF0A2FBA8B395ED067B0022002351EC49
:107DB000170B8DED007B1DF097FB50B300220023C5
:107DC000304639461DF072FB30BBBAF1060F23D89E
:107DD000DFE80AF0605D694F2604690030463946E5
:107DE0000022454B1DF01AFA06460F4620461DF0AC
:107DF00075F832463B461DF0E7F8DDE900231DF03B
:107E0000E3F841EC100B1AF00BFB51EC100B1DF0DA
:107E1000B3FB02B0BDE8F087002002B0BDE8F087F8
:107E2000304639462EA3D3E900231DF0F7F9064664
:107E30000F462B7C032B46D0042B3AD0022B08D1C3
:107E40004046494626A3D3E900231DF0E7F98046C2
:107E5000894642464B46304639461DF0DFF9064614
:107E600020460F461DF03AF802460B46304639468A
:107E7000C1E7304639461AA3D3E900231DF0CEF9F5
:107E800000221D4B1DF0CAF906460F46D1E73046C9
:107E90003946F5E747EC106B1AF0C2FA51EC100BBB
:107EA0001DF06AFBB5E7AAF1050ABAF1010FC0D8C7
:107EB0009CE7404649460CA3D3E900231DF0AEF9E8
:107EC00080468946C5E74046494609A3D3E90023D1
:107ED0001DF0A4F980468946BBE700BFAFF30080E0
:107EE0006666666666663940A60A462575029A3F4A
:107EF00052B81E85EB51044000004E4000000000C7
:107F00002DE9F84305680446002D3FD0D0E902670B
:107F100000220023304639461DF0E6FAB0B3D4E91A
:107F2000068900220023404649461DF0DDFA68B369
:107F3000237C032B44D0042B38D0022B08D13046AD
:107F400039462AA3D3E900231DF068F906460F46F7
:107F500000220023304639461DF0C6FAF0B128460B
:107F60001CF0BCFF42464B461DF02EF832463B4605
:107F70001DF054F902460B4600201B49C4E90A23B0
:107F80001DF04CF9C4E90C01BDE8F883164B002242
:107F9000C4E90A23C4E90C23BDE8F88328461CF091
:107FA0009DFF42464B461DF00FF8E3E73046394649
:107FB00009A3D3E900231DF031F906460F46C7E7B0
:107FC0003046394606A3D3E900231DF027F90646BB
:107FD0000F46BDE7AFF30080A60A462575029A3F1B
:107FE00052B81E85EB5104400000F03F666666669D
:107FF00066663940F0B400220026002700240025E0
:1080000041F28831C0E91467C0E91667C0E9044548
:10801000C0E90645026042608260C260026242625C
:108020008262C26202634263C26342648264026625
:1080300042668163A0F84010F0BC70472DE9F04F14
:1080400089B0CD17149CC463129CC460139C8463D4
:10805000A946129CBDF85470169D179E0597884638
:10806000CDE900894FEAE37BB3EB01086BEB09092B
:1080700045648664A0F840702646E717D517144675
:10808000B8F1000FCDE9024579F100040160836089
:108090004260C0F2AB80B41A4FEAE27567EB0505A7
:1080A000002C75F1000EC0F29D80444575EB090E61
:1080B00077DA6D104FEA340404EB08050563002DF0
:1080C00078D00446284616460F469A461CF006FF0E
:1080D00080468946AAEB07001CF010FF42464B463B
:1080E0001DF09CF8129B82468B46981BC4E914AB8A
:1080F0001CF004FF42464B461DF090F802460B462A
:1081000043EC172B139884ED167BCDE906231CF066
:10811000E5FE8046059889461CF0E0FE02460B46C7
:10812000404649461DF07AF88046894602460B468D
:10813000504659461CF048FF00222F4B1CF044FFCC
:1081400000222E4B1CF08EFD1DF0EEF942464B46F0
:10815000A062DDE906011CF037FF0022264B1CF06F
:1081600033FF0022254B1CF07DFD1DF0DDF9019B46
:10817000E062DA03039B2762DB0342EA574243EAE9
:1081800056434FEAC73EF10301206261E361666234
:108190002766C4F810E06666A161656309B0BDE8B2
:1081A000F08F5FEA69094FEA380808EB04050563B8
:1081B000002D86D1129C4563FA0342EA54424FEAED
:1081C000CB31C26141EA5341129A4161DE03E403BB
:1081D000036242620366066142668461284609B012
:1081E000BDE8F08F644265EB45055EE7D8F1000815
:1081F00069EB49094FE700BF0000E0400000E03FA5
:108200002DE9F04F0346006A9C6889B0A0420094B3
:1082100000F086815C6B002C00F0D880009CB4EBF1
:10822000000A4FEAE47B6BEBE07BD8680290BAF17E
:10823000000F7BF10000C0F20882586A029CB4EB88
:1082400000084FEAE47969EBE079B8F1000F79F1C1
:108250000000C0F27F81D04579EB0B0080F2E8800E
:108260005FEA69094FEA3808D0441C6B9F6B4445AC
:108270001D4638468CBFA4EB08040024924689466C
:108280001CF02CFEEE6BCDE90601CDE90401002EB9
:1082900040F0D48067B1C348A0FB073000091CF050
:1082A0001DFE0022C04B06460F461DF0FFF808B128
:1082B000BD4F0026DDE90423304639461DF014F990
:1082C00008B9DDE90467B5F840001CF007FE024676
:1082D0000B46304639461CF0A1FFD5E9142306466B
:1082E0000F461CF071FE0022B04B1CF06DFE002208
:1082F000AF4B1CF0B7FC1DF017F9D5E91623044667
:10830000A862394630461CF05FFE0022A74B1CF0E5
:108310005BFE0022A64B1CF0A5FC1DF005F9D5E97B
:108320000423D5E90667121943EBE473D10B361821
:1083300047EBE077C5E90423002C41EA43424FEACA
:10834000D633E862C5E9066743EA4743009940F33C
:1083500022818A42B4BF002101210028029840F303
:1083600014818342B4BF0020012011B1002840F0E5
:108370002181296E511AC9F80010696E591ACAF87C
:1083800000102A666B662A626B62D9F80020DAF860
:108390000030002AB8BF5242002BB8BF5B42D11751
:1083A000DF17934277EB010410461E4680F2D78018
:1083B0007F104FEA360693196A6B93428CBF0023F5
:1083C000D31A6B63012009B0BDE8F08FDC685F6AE7
:1083D0000294009DA846B8EB00044FEAE57969EBEA
:1083E000E075002C75F10000C0F22B810298B0EB13
:1083F00007084FEAE07969EBE779B8F1000F79F106
:108400000000A246AB46C0F21781A04579EB0500FB
:1084100080F2AA805FEA69074FEA3806301900281F
:1084200000F0AA80D045586379EB0B00FFF618AF37
:108430005FEA6B0B4FEA3A0AD04416E7686C1CF00F
:108440004DFDCDE9000130461CF048FD02460B46CB
:108450001CF008FC064620460F461CF03FFD024675
:108460000B46304639461CF0AFFDDDE900230646D9
:108470000F46104619461CF0A7FD02460B46304633
:1084800039461CF0EFFB41EC100B1AF083F8A86C96
:108490008DED000B1CF022FDCDE90201E86B1CF014
:1084A0001DFD02460B461CF0DDFB064640460F460E
:1084B0001CF014FD02460B46304639461CF084FD84
:1084C000DDE9022306460F46104619461CF07CFDE6
:1084D00002460B46304639461CF0C4FB41EC100BFB
:1084E0001AF058F8DDE90023DDE9060157EC106BBE
:1084F0001CF0FAFF002800F0908032463B46DDE990
:1085000000011CF0F1FF002840F084809DED007B0D
:108510008DED047BAB680093EB680293AF6BB9E61B
:10852000DC685F6A0294A74200F094805C6B002CC8
:108530003FF44FAF02984FF0000AB0EB07084FEA44
:10854000E07969EBE7794FF0000BD04579EB0B0050
:10855000BFF681AED8F1000869EB49097BE6491006
:108560004FEA3000034427E76D104FEA340404EB70
:10857000080000287FF456AF086010609968DA6838
:1085800019625A6209B0BDE8F08F50D1181AB0FADA
:1085900080F04009E9E645D1511AB1FA81F1490963
:1085A000DBE600BFCDCCCCCC0000F03F0000E040CB
:1085B0000000E03F2B6E009AD31AC9F800306A6EB3
:1085C000EB689B1ACAF80030AA68EB682A6600219B
:1085D000D7172A626B666B62FC036963A962E96262
:1085E000DF17D9F800E0F90344EA524441EA534165
:1085F000D203DB036C612A61E961AB61BEF1000F5C
:108600007FF4E1AEDAF80000003018BF012009B0B5
:10861000BDE8F08FCDE904677CE79DED067B8DED2D
:10862000007B6AE78A42CCBF0021012195E68342A4
:10863000CCBF0020012098E6D8F1000869EB490979
:10864000E3E6644265EB4505D0E6DAF1000A6BEB40
:108650004B0BF2E500240C60204614605C639C62C6
:10866000DC62B0E630B40023002200240025C0E91B
:108670001423C0E916230023C0E90445C0E90645D8
:10868000036043608360C360036243628362C362CA
:10869000036343638363C363A0F84030436483642C
:1086A0000366436630BC7047F0B400220024002506
:1086B000002600270121C0E91A45C0E91C45C0E990
:1086C0001E45C0E92045C0E92245C0E92445C0E96E
:1086D0000E67C0E91067C0E90067C0E90267C0E93A
:1086E000046780F8241002638264C26402654265F4
:1086F0008265A0F85C20026642668261C261026205
:108700008262C262F0BC70472DE9F04F85B01D1E39
:10871000BDF844409DF83890029440F31981934687
:108720008A4697A3D3E90023044651EC100B57EC7B
:10873000116B8DED000B1CF047FC1CF0F5FE90A3B7
:10874000D3E900238046394630461CF03DFC1CF03E
:10875000EBFEB8F1000F80F201816FEA080323F409
:10876000FF4323F07F0308F500489844002880F277
:10877000FB80C34323F4FF4323F07F0300F5004055
:108780001844B9F1000F40F0D480804580F2D880C1
:10879000A0EB080185FB01234FEAD23E5EEA434E7F
:1087A0004FEAE57700F0C180B1FBFEFC5246D317DB
:1087B0005A46DE03D317FF03DB0347EA554746EA71
:1087C0005A4643EA5B43E06121624FEACA304FEA0E
:1087D000CB31EA036761C4F8188084F82490C4F8A8
:1087E00028E0C4F82CE06660E3602060A1602261AC
:1087F000BCF1000F00F0A980C4F850C00F9961656A
:108800001099A1659DED007BBDF80810A4F85C10DF
:1088100012992166002200231399616684ED1C7B66
:10882000C4E91A23C4E92223C4E92423C4F830800C
:10883000404600F05BFC8046206B00F043FC67691B
:1088400021694246D31708FB07F601FB0366A8FB24
:108850000189B144C31700FB07F74FEAD83201FB87
:10886000037742EA4942A0FB01014FEAE933D4E928
:1088700000893944C60B46EA4146C9130296039162
:1088800012EB080643EB0907D4E90201DDE90223F4
:1088900012184B414FEAD63ED10B4EEA474E41EA01
:1088A0004341C4F848E0C4E90E67C4E910232846F0
:1088B000E1641CF023FB9DED000B06460F4619F00A
:1088C00047FC53EC102B5046CDE902231CF016FB5D
:1088D000DDE9022380468946304639461CF074FBA8
:1088E00002460B46404649461CF0BCF99DED000B84
:1088F000C4E91E0119F0ECFD53EC102B5846CDE9EC
:1089000000231CF0FBFADDE900238046894630464F
:1089100039461CF059FB02460B46404649461CF0BE
:10892000A1F9C4E920014FF0010E704605B0BDE881
:10893000F08F804504DCA0EB0801C1F5004129E778
:10894000A8EB0001C1F5004124E70123236555E7A9
:108950004FF0000E704605B0BDE8F08FB8F5004F3F
:10896000A8BFC8F30E0801E7B0F5004FA8BFC0F3D9
:108970000E00B9F1000F3FF408AFDAE7AFF3008063
:1089800083C8C96D305FB4402DE9F04F90F82430B2
:108990008FB00293002B00F01D82C469036B9C42D0
:1089A000C0F21D82E41A036AC4F500449C4200F33D
:1089B0001B82036904931D46ED0B436907932E4602
:1089C00046EA4345DB1301930095DDE9005655EA7D
:1089D000060340F01F83E717E50B45EA47450126EC
:1089E0000027CDE90067002CC56240F3FF81836A50
:1089F000D0F854B00992AB428CBF5B1B0023824677
:108A000058460A9308911CF069FADAF85830804603
:108A1000894606460F46002B40F0EF81BBF1000F60
:108A20000CD0A548A0FB0B3000091CF057FA00221F
:108A3000A24B804689461CF039FD18B1DFF87C92C4
:108A40004FF0000832463B46404649461CF04CFD7C
:108A500008B9B046B946BAF85C001CF03FFA0646C1
:108A60000F46DDE900011CF081FA02460B46304654
:108A700039461CF0A9FA02460B46404649461CF00E
:108A8000CDFB064620460F461CF038FA84A3D3E9F6
:108A900000231CF099FA04460D4602460B46304668
:108AA00039461CF021FD08B934463D46029B13B1FE
:108AB00005F100431D46DAE91C23204629461CF037
:108AC000D1F88046894600220023CAE91C891CF09F
:108AD000EDFCA0B174A7D7E900670024002540464B
:108AE000494632463B461CF0BDF822462B4680469E
:108AF00089461CF0DBFC0028F1D1CAE91C896AA375
:108B0000D3E90023404649461CF0E4FC90B166A539
:108B1000D5E900454046494622462B461CF0A0F8C0
:108B200022462B46804689461CF0D4FC0028F1D111
:108B3000CAE91C895EA3D3E90023404649461CF0DC
:108B400043FA1CF0F1FCB0F1000B80F279826FEA7D
:108B50000B0323F4FF4323F07F030BF5004B9B44EF
:108B6000049B079ACAF830B0D80BDAE9003440EA1F
:108B700042402546D1131C46CDE90A451CF0F6F9C2
:108B800049EC108B06460F4619F0E2FAE00B53EC65
:108B9000102B40EA4540E913CDE902231CF0E6F929
:108BA000DDE9022304460D46304639461CF00CFA36
:108BB00002460B46204629461CF054F849EC108B1F
:108BC000CDE9020119F084FCDAF80800DAF80C109B
:108BD00053EC102BC00B40EA4140C913CDE90C23E4
:108BE0001CF0C4F9DDE90C2304460D463046394635
:108BF0001CF0EAF902460B46204629461CF032F8E2
:108C0000DAE91E2380468946DDE902011CF028F8D6
:108C1000DAE9202306460F46404649461CF020F874
:108C20009DED027B04460D468AED1E7BCAE9208934
:108C3000DAE92223304639461CF014F8DAE9242315
:108C400080468946204629461CF00CF80022002365
:108C500004460D46404649461CF03CFC0022184B99
:108C6000002800F0CF81404649461BF0FBFF1CF076
:108C70005BFC074600220023204629461CF02AFC04
:108C800000220F4B002800F0B581204629461BF03A
:108C9000E9FF1CF049FC064614E000BFAFF300807A
:108CA000182D4454FB21293F182D4454FB21194011
:108CB00083C8C96D305FB440CDCCCCCC0000F03F50
:108CC0000000E03F38461CF019F902460B464046CA
:108CD00049461BF0C5FFCAE9220130461CF00EF9D7
:108CE00002460B46204629461BF0BAFFCAE924017A
:108CF000584600F0FBF9079B0499DAF814B0C51741
:108D000000FB03F301FB0533A0FB01011944DDE97E
:108D10000A344FEAD03848EA414813EB08034FEAD7
:108D2000E13944EB0904DAF81010DAF83000029166
:108D30009846A146DAE9024500F0C4F90299C31742
:108D400000FB0BFB01FB03BBA0FB01015944C20B61
:108D500042EA4142CB13A4189AF82410DAF81C0016
:108D60005D41CAE90E89CAE91045DAF830300029B8
:108D700000F039819842AABFC31A1B1AC3F50043F9
:108D8000DAF82020934200F3B380DDE900894A46F7
:108D9000DD1703FB02F208FB0522A3FB084515447F
:108DA000E20B42EA4542022BCAF82C2040F3A38092
:108DB000089B1F60099B1E60DAF84820DAF84C30E7
:108DC00017441E44CAF84870CAF84C6001200FB01E
:108DD000BDE8F08FC369046BA3427FF7E3AD1C1BB2
:108DE000036A9C427FF7E5AD0023C3620023184667
:108DF0000B6013600FB0BDE8F08FDAF860000493E9
:108E00001CF06CF8049BCDE9020118461CF066F8D2
:108E100002460B461BF026FF06460A980F461CF03A
:108E20005DF802460B46304639461CF0CDF8DDE9C8
:108E3000022306460F46104619461CF0C5F80246A6
:108E40000B46304639461BF00DFF41EC100B19F074
:108E5000A1FBDAF864008DED020B1CF03FF8CDE9C0
:108E60000401DAF858001CF039F802460B461BF0F2
:108E7000F9FE064628460F461CF030F802460B461F
:108E8000304639461CF0A0F8DDE9042306460F46BB
:108E9000104619461CF098F802460B4630463946F3
:108EA0001BF0E0FE41EC100B19F074FBDDE902232E
:108EB0004046494657EC106B1CF016FB002800F0AA
:108EC000B780DDE9028932463B46404649461CF000
:108ED0000BFB002800F0AF809AF824300293DAF8F8
:108EE00010300493DAF81430DAF854B0079395E5AB
:108EF0000023CAF82C3000F0F9F88046DAF81C009C
:108F000000F0E0F8DAF81460DAF81010DAF84870D7
:108F1000424608FB06F44FEAE079D31700FB06F659
:108F200001FB034401FB0966A8FB0123DAE9008980
:108F300023444FEAD23B4BEA434B1BEB0804A0FB14
:108F400001014FEAE33C4CEB09053144DAE90289BF
:108F5000E60B46EA45464FEAD03B089B09984BEAA8
:108F6000414BF71B1F601BEB08024FEAE13C4CEB47
:108F70000903DAF84C10D70B47EA4347791A016026
:108F8000DAF81C00CAF84860CAE90E45CAE910239D
:108F9000CAF84C70CAF830001BF0B0FF2CA3D3E91C
:108FA00000231CF011F8CAE91C0130461BF0A6FF93
:108FB000CAE91E0138461BF0A1FF0023089CCAF82D
:108FC0002C30246800220023CAE92001CAE92223A8
:108FD000CAE9242394BB09980068003018BF012017
:108FE0000FB0BDE8F08F9842D6BF1B1AC31AC3F565
:108FF0000043C5E6204629461BF032FE1CF094FAD9
:1090000006465FE6404649461BF02AFE1CF08CFAF5
:1090100007462FE63346A846E71704FB03F308FB91
:109020000733A4FB08671F44F50B45EA4745DAE41C
:10903000CDE9028945E746464F464DE70120C6E6A1
:10904000BBF5004FA8BFCBF30E0B89E5AFF3008053
:10905000182D4454FB21293F836C0B60C36C1360B3
:10906000704700BF30B40022002300240025C0E96F
:109070001A23C0E91C23C0E91E23C0E92023C0E94C
:109080002223C0E9242300230122C0E90045C0E9CE
:109090000245C0E90445C0E90E45C0E9104580F825
:1090A00024208361C36103628362C36203638364B8
:1090B000C364036543658365A0F85C30036643665B
:1090C00030BC7047C0F349114B1C074AC3F3090376
:1090D00000F01F0052F8233052F821209B1A00FBA9
:1090E00003F002EB60107047ACF0030000F5005095
:1090F000C0F349114B1C074AC3F3090300F01F00DA
:1091000052F8233052F821209B1A00FB03F002EBA7
:1091100060107047ACF00300A14B42F20262F0B461
:109120009A611A699207FCD59E4A9F4B5363536814
:1091300013F08003FBD1D2F888009A4963F38610BC
:10914000C2F88800D1F888305B06FBD4D1F88830AB
:10915000944A052060F30303C1F88830D1F88830C1
:1091600043F04003C1F88830536813F0140FFBD16B
:109170008B4B7722102042219A64D8641A4683F8D8
:1091800044101369DF01FCD4864A4FF484731362E0
:10919000536813F00403FBD18448824901244471CD
:1091A000D2F8840063F38610C2F88400D1F88430CA
:1091B0005E06FBD4D1F884307A4A052060F30303BD
:1091C000C1F88430D1F8843043F04003C1F88430D2
:1091D000536813F01403FBD1714872495F261025C0
:1091E00002244663856380F83040D2F8800063F340
:1091F0008610C2F88000D1F88030C3F38013002BB2
:10920000F9D1674C6A48674A2377086353685D065B
:10921000FCD4664B674951625869674E674D684C8C
:10922000604940F480505861986940F480409861EA
:10923000586940F480605861986940F080009861F6
:10924000986940F400709861D86940F02000D861B6
:10925000186940F480401861D86940F00400D86172
:10926000186A40F001001862186A40F0080018629D
:10927000186A40F480701862D86940F04000D861E4
:10928000586940F480405861186A40F02000186224
:1092900001274FF47003B760C5F8883094634B68BA
:1092A00013F48073FBD1474ACA63D1F890003D4A5A
:1092B00063F38610C1F89000D2F890305C06FBD4BE
:1092C000D2F890303749062060F30303C2F890309B
:1092D000D2F8903043F04003C2F890304B6813F05E
:1092E0001803FBD1D1F8A4002E4A63F38610C1F80D
:1092F000A400D2F8A4305806FBD4D2F8A4302949EF
:10930000062060F30303C2F8A430D2F8A43043F07F
:109310004003C2F8A4304B6813F01803FBD1D1F816
:10932000F800204A63F38610C1F8F800D2F8F8304C
:109330005906FBD4D2F8F8301A49062060F303032B
:10934000C2F8F830D2F8F83043F04003C2F8F830F1
:109350004B6813F01803FBD1D1F81C01114A63F3D9
:109360008610C1F81C01D2F81C315B06FBD4D2F880
:109370001C310C49062060F30303C2F81C31D2F8FB
:109380001C3143F04003C2F81C314B6813F0180F36
:10939000FBD1044A5368002BFCD1F0BC704700BFDE
:1093A00000100040001C00400103190000080040AC
:1093B00007010200010B32000060004100ED00E0F7
:1093C00008013A0008010C0070B40E4A00F10804CC
:1093D00052F8243003F00F03012B01D070BC70470A
:1093E00052F82460084DB5FBF1F189B261F31F46D4
:1093F00042F8246083405168C1F38B011942FAD1CD
:1094000070BC7047001C004040787D0138B51149A0
:10941000114B124A01600025044642608360C5601A
:109420000561456105832946C8221C301EF00EFBEC
:1094300084F8E45084F8E55084F8E650A4F8E85045
:10944000C4F8EC5084F8F05084F8F150A4F8F250CD
:10945000204638BDAC000400CC000400BC00040071
:1094600030B4124AD2F8FC306FF38613C2F8FC30E5
:10947000D2F8FC30C3F38013002BF9D1D2F8FC00F2
:109480000B490C4C0C4D63F30300C2F8FC00D2F8FE
:10949000FC3043F04003C2F8FC305368CB6943F022
:1094A0008003CB61256030BC704700BF001C0040CA
:1094B00000080040001C004200000307F8B590F8C7
:1094C000E530002B38D0294A60235371136913F01B
:1094D0004003FBD1D569028B90F8E61080F8F010BC
:1094E000AA1A12B20446A0F8F2202DB229BB258395
:1094F00004F10C03BFF35B8F53E8006F164443E89D
:1095000000610029F8D1BFF35B8F94F8E430184D67
:1095100004EB83070133F96985FB0325DA17701A19
:10952000C2EB25126421322501FB00F105FB123349
:109530006161FE6184F8E430F8BDC668BFF35B8FFB
:10954000B0F9E820B0F91800A16884F8E630324498
:10955000121A0848C4F8EC2091F90310006801229F
:10956000F4F748F9B4F9F220C1E700BF001C00424B
:109570001F85EB51E41B0020F0B50D78C5F34114B5
:10958000012C83B052D1304E8C883378A34202D064
:109590007378A3424AD12B06174606460C4638D4A8
:1095A000CD8800F07FFC6378202B01460FD0222B62
:1095B00028D100231A461946184600F007FC234B11
:1095C0001B681BB360889847002003B0F0BD072DCF
:1095D00036D17FB31E4B006800901B688A8889795A
:1095E0008DF806106C46ADF8042013B16846984714
:1095F00060B194E80300174B0A0C186099809A71C7
:10960000002001E06FF00C0003B0F0BD002003B0BB
:10961000F0BD012AFAD04B78212BF3D1CA88072A52
:109620000ED100230B4900F0D1FBEDE76FF00900EC
:1096300003B0F0BD3B462A46304600F0C7FBE3E7E7
:109640004FF0FF30E0E700BF602E0020682E0020C2
:109650006C2E0020702E002001292DE9F8431646BB
:1096600008D014D302290CBF6FF01A006FF00C0061
:10967000BDE8F8838468002A47D013685B7903F05B
:10968000F703022B41D06FF00900BDE8F88313689F
:109690008768002BF7D007F1FF3807F101095A79E5
:1096A000997802F0F702022AEDD118F8012F9142C1
:1096B00061D0FF2A5BD188F8001018467168052236
:1096C00000F000FC044680B941E02B064CBF88F84E
:1096D00002503D71284600F0AFFE3460207871687A
:1096E000204400F009FC044688B363792279A57808
:1096F000E17802EB032292B2284600F04BFE0028EC
:10970000E3D06FF01300BDE8F8832378FF2B07D078
:10971000A078FF25A842257002D000F071FEA57048
:109720006378FF2B07D0E078FF25A842657002D050
:1097300000F066FEE5702079FF2803D000F060FE9F
:10974000FF2323710F4B00205871BDE8F883336865
:10975000716818780422184400F0B4FBC145034630
:109760000DD1084B01225A710020BDE8F8836FF03B
:109770001B00BDE8F8836FF01100BDE8F883002BF3
:109780008DD180E7602E002008B500F091FB012804
:109790000DD8084B084A0949596018469A6000F0EC
:1097A00061FB0749012000F01FFB002008BD6FF09E
:1097B000100008BD542E0020602E00205996010094
:1097C00004010020084B10B45C793CB10A465DF8F6
:1097D000044B01461879002300F0F8BA6FF010002E
:1097E0005DF8044B704700BF602E0020084B10B49A
:1097F0005C793CB10A465DF8044B0146D8780123F8
:1098000000F0E4BA6FF010005DF8044B704700BF41
:10981000602E002010B5044CE07800F0CBFE2079DB
:10982000BDE8104000F0C6BE602E002008B5032839
:109830001BD8DFE800F0120A06020D4B1960002069
:1098400008BD0C4B1960002008BD0B4B0A46D878A8
:10985000022100F005FF002008BD074B0A461879D9
:10986000022100F0FDFE002008BD6FF00C0008BDD5
:10987000682E00206C2E0020602E0020014B5879AD
:10988000704700BF602E002000487047702E0020F7
:10989000054B10B55C682CB1636803B19847246828
:1098A000002CF9D110BD00BF782E002038B5154628
:1098B00089B101290DD1234B9C6854B16368012201
:1098C0002946002013B198470A3002D12468002CA1
:1098D000F4D1002038BD1378002BFAD15378052B32
:1098E00014D0092BF5D15288164BDA763ABB0325F2
:1098F0002A46DC689A76002CEBD063682946012062
:1099000003B198472468002CF7D1E2E75088C0B231
:1099100000F0F0FC6B887BB902252A46094BDC6815
:109920009A76002CD5D063682946012003B1984768
:109930002468002CF7D1CCE703252A46EEE704255E
:109940002A46D6E7782E00202DE9F041B64FBC68B4
:1099500086B006460D465CB1636800222946304653
:109960001BB1984770B10A3008D12468002CF3D19C
:109970002B7813F0E00225D0802A07D0002006B013
:10998000BDE8F081012006B0BDE8F0816A780A2ABE
:10999000F4D801A151F822F0B79A01007D99010095
:1099A0007D9901007D9901007D9901007D9901005B
:1099B0006B9A01007D990100499A01007D9901008F
:1099C000019A01006A78013A0A2AD7D801A151F810
:1099D00022F000BFCF9B01007D9901009F9B0100F9
:1099E0007D990100819B01007D9901007D99010015
:1099F0007D9901005B9B01007D990100FF9A0100A8
:109A00007B7FAA88134113F0010300F08E813C692B
:109A10001CB9B3E72468002CB0D063682A46022141
:109A2000204698470028F5DB7B6918707B69039313
:109A30000124002303A804948DF814308DF8153008
:109A400000F024FD20469AE77B69FA7E1A707B6954
:109A500003930124002303A88DF8146004948DF867
:109A6000153000F013FD204689E76B881A0A022A98
:109A700000F00A81032A00F0F080012A7FF47EAF13
:109A80003B68EC8893E80300122C28BF122400F0F6
:109A900019FA034600283FF471AF002203A803938C
:109AA00004948DF814608DF8152000F0EFFCB0FAE6
:109AB00080F0400963E703F01F01012940F2918023
:109AC00002297FF45BAFA888C0B200F091FD031EAD
:109AD000FFF654AF03F0010301937B69BDF8042046
:109AE0001A807B6903930222002303A88DF8146077
:109AF00004928DF8153000F0C9FC01203FE73B6867
:109B0000FA7E6C88AD8893E8030000F00FFA002815
:109B10003FF434AF0190C178837803EB012310FA4E
:109B200083F319460422029300F0CCF900283FF495
:109B300025AF8378AB424FF0040203D1C378A34230
:109B400000F0C980019B02991878034418460193DC
:109B500000F0B8F90028ECD110E76A88D2B2002AE8
:109B600042D13C693CB163682046002201219847FC
:109B70002468002CF7D103AD28460023012202E01F
:109B80000023012203A88DF81460039304938DF839
:109B9000152000F07BFCB0FA80F04009EFE6022BC4
:109BA0007FF4ECAEEF88002F7FF4E8AEA8880121A7
:109BB000C0B200F01DFD012403A8039704978DF89F
:109BC00014608DF8154000F061FC2046D7E6022BAA
:109BD0007FF4D4AEEF88002F7FF4D0AEA88839464A
:109BE000E6E70023019378E73B6893E8030000F081
:109BF0009DF900283FF4C2AEC178827802EB0122C1
:109C000010FA82F319460422049300F05BF90390E2
:109C10000028B0D0FF2403AD90F80280A04510D0FA
:109C20003C692CB992E000BF782E0020246834B142
:109C300063682A460021204698470028F6D10398F9
:109C4000444603780499034418460422039300F021
:109C500039F903900028DFD18EE73A68EC883D7F20
:109C600092E80300DAB200F08DF9034600283FF4D1
:109C700085AE01788C427FF610AF013D25420CBFC6
:109C8000012200220C4609E73A68EC883D7F013347
:109C900092E80300DAB200F049F9024600283FF4E6
:109CA0006DAEC178837803EB01239BB29C424BD904
:109CB000013D25420CBF012100211C4603A803924F
:109CC00004948DF814608DF8151000F0DFFBB0FAE5
:109CD00080F0400953E63E69019026B94EE63668A9
:109CE000002E3FF44BAE736801AA0121304698471D
:109CF0000028F4D1014601AA73683046984700282D
:109D00007FF43CAE2CB17B7F012202FA05F52B4398
:109D10007B77002303A8039304938DF814308DF808
:109D2000153000F0B3FB012029E67A6913707A69D7
:109D30000392012403A88DF814308DF81530049493
:109D400000F0A4FB20461AE60021B7E7444678E776
:109D500070B538B3012824D1194D2C693CB1636822
:109D600020460022012198472468002CF7D10024C6
:109D700020460226EC766C77AE7600F041FB287F19
:109D800000F0BAFA214620460E4A00F069FC20464F
:109D900031460D4A00F064FC2046BDE8704000F0FA
:109DA0004BBB70BD064BDC680D4644B16368294669
:109DB000002003B198472468002CF7D170BD70BD16
:109DC000782E002049990100AD98010000B585B0BA
:109DD0008DF80C0001A8019102928DF80D3000F071
:109DE00055FB05B05DF804FB012809D005D3022816
:109DF00002D1054800F066BC7047044800F062BC20
:109E0000034800F05FBC00BF842E00207C2E0020A1
:109E1000802E002038B50546003018BF012040F2E2
:109E200055320C4900F04AFC00F0DCF900280FDB49
:109E3000094C2022002120461DF008FE07496561DB
:109E4000002000F051FA0120054900F04DFA0020F1
:109E500038BD00BFDC000400782E0020919801007E
:109E6000519D01000146014800F02CBC882E0020C5
:109E700010B50A4B9C7E54B960B102681860D27963
:109E80001A7701229A7600F031FA204610BD6FF061
:109E9000030010BD6FF0080010BD00BF782E002039
:109EA00000F026BA014B5869704700BF782E002099
:109EB000034B987E10F0100F18BF1020704700BFA2
:109EC000782E0020884214D20378012B11D910B4C7
:109ED0004478944206D109E00378012B05D94478EF
:109EE000944203D018448142F6D800205DF8044B18
:109EF00070470020704700BF884213D20378012BBF
:109F000010D94278042A0DD0052A08D10CE0037834
:109F1000012B07D94278042A04D0052A03D018441B
:109F20008142F4D800207047704700BF884226D293
:109F30000378012B23D910B44478022C06D112E007
:109F40000378012B05D94478022C0CD018448142A7
:109F5000F6D800205DF8044B70470378012BF8D940
:109F60004378022BF5D143799342F3D0C4788378B8
:109F700003EB042310FA83F08142EED8E9E70020D6
:109F8000704700BF884216D230B4002505E04478FF
:109F9000032C08D01844814202D90378012BF6D84B
:109FA000002030BC70479542FBD01844814205F137
:109FB0000105F2D8F4E70020704700BF0020704789
:109FC000F0B50F4F00F00F0E3A4600235478A04230
:109FD0001E4603F1010308D0157820320DB97445EF
:109FE00003D00D2BF2D14FF0FF3607EB4616B378B6
:109FF000032B01D00020F0BDB369BDE8F040184745
:10A00000982E00202DE9F043DFF83091074688466E
:10A0100087B000F00F01002348464478A7421E464F
:10A0200003F1010308D0057820300DB98C4203D02C
:10A030000D2BF2D14FF0FF367601B8F1000F10D1A1
:10A0400009EB060419F8063084F803802BB30123CA
:10A050004146A3704E443846F369984707B0BDE8BF
:10A06000F083B8F1010F0BD0B8F1020F09EB060332
:10A0700025D0B8F1030F1DD006219970D970E9E7FA
:10A0800009EB060419F806104FF0020884F8038063
:10A09000E9B105234146A370DCE7A3780C36032B16
:10A0A00009EB06021FD0E369607841469847022316
:10A0B000A370D3E7002005219870D970CAE719F87A
:10A0C00006000421D97058B101209870C2E73846C3
:10A0D00084F80280019206F0BFF8E178019AB9E7AE
:10A0E00083F80280BAE7E369607894F90C500121A3
:10A0F000984760B1607805220223002DA270E370BA
:10A10000A8BF40F08000012106F0A6F8A6E70423CE
:10A11000A3706378CDF80C80002DACBF43F08003B2
:10A1200003F00F03012203A8CDF810808DF814303E
:10A130008DF8152006F04CF990E700BF982E00200E
:10A140002DE9F041264F044600F00F063A46002361
:10A1500051788C421D4603F1010332D01078203231
:10A1600008B9B1422DD00D2BF2D16FF013064FF08C
:10A17000FF353E443146204606F000F9C0B20828BB
:10A180000AD00121204606F067F844F08000012142
:10A19000BDE8F04106F060B807EB45150021204608
:10A1A00044F0800806F058F801270021404606F0E8
:10A1B00053F83146AF706B692046984720B1BDE82F
:10A1C000F0816E010C36D4E7052339462046AB708A
:10A1D00006F042F839464046BDE8F04106F03CB88A
:10A1E000982E002010B505F033FD002870DB394CA7
:10A1F0004FF4D072002120461DF028FC364B374921
:10A200006361FF22627084F8212084F8412084F881
:10A21000612084F8812084F8A12084F8C12084F88A
:10A22000E1200020A361E3616363A363E3636365EB
:10A23000A365E3656367A367E367C4F89430C4F874
:10A240009830C4F89C30C4F8B430C4F8B830C4F8BE
:10A25000BC30C4F8D430C4F8D830C4F8DC30C4F80A
:10A26000F430C4F8F830C4F8FC3084F8012184F8E4
:10A27000212184F8412184F8612184F88121C4F8E6
:10A280001431C4F81831C4F81C31C4F83431C4F89E
:10A290003831C4F83C31C4F85431C4F85831C4F8EA
:10A2A0005C31C4F87431C4F87831C4F87C31C4F836
:10A2B0009431C4F89831C4F89C3106F0C1F90849CA
:10A2C000012006F0BDF90220064906F0B9F9002088
:10A2D00010BD00BF982E0020BD9F010041A10100CC
:10A2E000C19F010005A0010006F098B905F050BD1E
:10A2F00005F07EBD05F086BD70B5254E7378002B48
:10A3000043D096F82130002B3FD096F84130002BF7
:10A310003BD096F86130C3B396F88130ABB396F872
:10A32000A13093B396F8C1307BB396F8E13063B3B4
:10A3300096F801314BB396F8213133B396F8413199
:10A340001BB396F8613103B396F88131EBB1334614
:10A3500000245978FF290AD01D7820330DB90F2920
:10A3600005D001340D2CF4D16FF0140070BD002124
:10A370000246084605F04CFD002805DB6401331950
:10A3800000205870305570BD70BD6FF0130070BD67
:10A39000982E0020F8B5194C00F00F0C04F5D07E73
:10A3A000274623465D78A84224D01E7820330EB974
:10A3B00065451FD09E45F5D100256378FF2B0AD057
:10A3C000267820340EB90F2B05D001350D2DF4D190
:10A3D0006FF01400F8BD0E46044605F019FD002884
:10A3E00007DB6D017B1906F003067E555C700020CB
:10A3F000F8BDF8BD6FF01300F8BD00BF982E002027
:10A4000070B50C4E00F00F05334600245A78904288
:10A4100008D01978203309B9AA4203D001340D2C91
:10A42000F4D170BD06EB441405F064FDFF236370A6
:10A4300070BD00BF982E002070B5134D00F00F06C0
:10A440002B460022597888420AD01C7820330CB958
:10A45000B14215D001320D2AF4D16FF0110070BD58
:10A460005201AB5C002B14BF012302231544AB70D7
:10A4700005F0D2FD002800DB70BD0023AB7070BD7D
:10A4800052010223F2E700BF982E00202DE9F04F81
:10A49000DFF81C81057A87B0434605F00F070022DC
:10A4A00059788D420CD01C7820330CB9B94207D0B2
:10A4B00001320D2AF4D16FF0110007B0BDE8F08F22
:10A4C0005401064608EB040B02A896F809A0D6F83A
:10A4D000049006F0D3F89BF802308DF807309DF811
:10A4E0000770FFB2012F11D002A806F0CFF89DF837
:10A4F0000730DBB2052B40D0062B22D0002B0CBF3F
:10A500006FF01200012007B0BDE8F08F032302A80E
:10A510008BF8023006F0BAF818F80420B2B99BF8AC
:10A5200013109BF8123003EB01239BB24BBB0422A8
:10A530008BF8022004933268337A039243F080034D
:10A5400011E06FF00F0007B0BDE8F08F1AF10007BF
:10A550003368039318BF01272A06CDF81090337A89
:10A56000ECD403F00F0303A88DF814308DF81570A8
:10A5700005F02EFF07B0BDE8F08F022007B0BDE860
:10A58000F08F9BF90C1099454F4628BF1F460029B4
:10A5900005DB3368049703931746337AE1E7BB4240
:10A5A00032680497039294BF00270127337AC5E7E6
:10A5B000982E002070B50D4E00F00F053346002494
:10A5C0005A78904208D01978203309B9AA4203D0AA
:10A5D00001340D2CF4D170BD06EB441405F0C6FF18
:10A5E00001220423A270E37070BD00BF982E0020EA
:10A5F00070B50C4631B1012918BF0221BDE8704089
:10A6000005F02ABE154E0546334600F00F005A7875
:10A6100095420AD01978203309B9824205D0013415
:10A620000D2CF4D16FF0110070BD0221284605F009
:10A6300013FE00B970BD0021284605F00DFE00286C
:10A64000F8DB06EB441403210123A3702846E170D4
:10A65000E36900229847002070BD00BF982E0020BB
:10A66000F0B5DFF854E000F00F07734600245D7882
:10A67000A84208D01E7820330EB9BD4203D0013461
:10A680000D2CF4D1F0BD0B4B002A08BF1A4601294E
:10A6900003D00AD3022904D0F0BD0EEB4414A2610A
:10A6A000F0BD0EEB4414E261F0BD0EEB44146261A8
:10A6B000F0BD00BFBD9F0100982E002000B900BE74
:10A6C000704700BF70B5046806460D4644B18C4221
:10A6D00015D0234601E09D4211D01B68002BFAD112
:10A6E00001204F220849FFF7E9FF33680BB908E062
:10A6F0001C462368002BFBD125602B6070BD002019
:10A70000EFE735602B6070BDF4000400F8B51F4D15
:10A710002C6814F0010402D01D4B1868F8BD742099
:10A7200010F004F91A4E046003460C214FF0FF307C
:10A73000032701225C6058669C609866DC601C847C
:10A740001C615C625C611C859C61DC62DC611C8656
:10A750005C631C87DC63A3F840405C64A3F848405A
:10A76000DC64A3F850405C65A3F85840DC6583F8CE
:10A77000604083F861401C6783F86E7083F86C104A
:10A7800083F86D10184633602A60F8BD3830002019
:10A7900070300020F0B5BD4B05460FCB85B004AC42
:10A7A00004E90F000C21009885F86C10032385F84C
:10A7B0006E3085F86D1045F2C3032B842B852B86F4
:10A7C0002B87A5F84030A5F84830A5F85030A5F8FB
:10A7D000583090F9013000224FF0FF3485F86020A6
:10A7E00085F861202A676C66AC66DB01817803F12D
:10A7F000824202F5004202EB5102CF0792F830008C
:10A800004FF0010454BF64F3030064F3071082F8AF
:10A8100030009F4A13440B44012493F8401041F048
:10A82000010183F84010019B997893F90130DB0115
:10A830001A4402EB5102CE0792F8300054BF64F381
:10A84000030064F3071082F83000914A13440B446C
:10A85000012493F8401041F0010183F84010029B5D
:10A86000997893F90130DB011A4402EB5102CF07CA
:10A8700092F8300054BF64F3030064F3071082F8C9
:10A880003000834A13440B44012493F8401041F0F4
:10A89000010183F84010039B997893F90130DB01A3
:10A8A0001A4402EB510203F1824392F83000CE07C2
:10A8B00003F500430B444CBF64F3071064F303003B
:10A8C00082F8300093F84010724A41F0010183F899
:10A8D0004010D2F824316FF38613C2F82431D2F835
:10A8E00024315F06FBD4D2F824316A49042060F396
:10A8F0000303C2F82431D2F8243143F04003C2F8F4
:10A9000024314B68DE06FCD46349644A0B6A43F485
:10A9100080730B62138843F001031380136B13F0F1
:10A920000103FBD195F86D100A2900F0E7800C298E
:10A9300000F0DF80082900F0D580584B1A880121EB
:10A9400061F30A221A809A8892B242F4004242F0DD
:10A9500004029A801C6B14F00404FBD1204601F021
:10A9600079FC0646204601F07FFC3368012123F084
:10A9700002033360024631603368012BFCD0484B40
:10A9800033604849484F40F6011300200824D06046
:10A990005760012054809160138001F05BFC0368D4
:10A9A000012223F00203036002600368012BFCD044
:10A9B0003E4B0360012001F057FC0023C360374A7F
:10A9C0003B4E3C49466041F201630824448081606B
:10A9D0000380936B43F001039363136B5C07FCD418
:10A9E000936B2E4943F000439363137A43F0830340
:10A9F00013720B6BD806FCD41F23284CCB72206B30
:10AA000010F04000FBD1E37843F00103E37001F064
:10AA100021FC02460120136843F00203136001F099
:10AA200019FC03681D4A43F002030360A388C3F3C3
:10AA30000E03A380238843F002032380136B99073E
:10AA4000FCD4002001F006FC03689A07F9D4012029
:10AA500001F000FC03689B07F9D4104A92F82F30EC
:10AA600013F00103FAD1144E144CEB6242F2FF5181
:10AA700046F2F80201202980EB6329826B646B8027
:10AA8000EB646B826B65AA801AE000BF14010400BE
:10AA900000800041001C00400008004000200043EE
:10AAA000004620004C30002040200043004720009A
:10AAB00070300020342000430000FF250000F860C3
:10AAC000EB65AA826E62EB806C63EB8285F86000B6
:10AAD0002B812B836B816B83AB81AB83EB81EB830E
:10AAE00005B0F0BDD38843F01803D38085F86C100F
:10AAF00023E7D08863F3C400D080F7E7D38802202F
:10AB000060F3C403D380F1E72DE9F84390F8603097
:10AB1000002B00F0AB80894B044693F82F0010F017
:10AB2000010000F0A580236F94F86E20013393425A
:10AB3000236702D3012384F86130238C666A21885D
:10AB4000E56A208D83FB0667F20B42EA474289B231
:10AB500002EB014201FB03F1A2EB4102130C238241
:10AB60006688626280FB05894FEAD833B2B243EA55
:10AB7000494302FB00F003EB0243A3EB4003218EA9
:10AB8000626BE362180C6082A088268FB4F8405094
:10AB900081FB0223D20B80B242EA434200FB01F167
:10ABA00002EB0042A2EB4100E36B6063020CA28265
:10ABB000E188B4F8480086FB03894FEAD83389B2AC
:10ABC00043EA494301FB06F603EB0143A3EB4601CD
:10ABD0000B0C666CE3822389E16385FB0667F20B4D
:10ABE0009BB242EA474203FB05F502EB0342A2EBAC
:10ABF0004502130CE66C23836189626480FB06675F
:10AC0000F30B8AB243EA474302FB00F003EB024333
:10AC1000A3EB40031A0C6283E364A089B4F85030BC
:10AC2000626DB4F85810E66D83FB02894FEAD832A2
:10AC300080B242EA494200FB03F302EB0042A2EB7E
:10AC40004302130CA38381FB0667E0896265F30B63
:10AC500082B243EA474302FB01F103EB0243A3EB59
:10AC600041031A0CE365E283BDE8F883BDE8F8838D
:10AC700001F0F0FA0368C3F34003DEB2002E7FF464
:10AC800052AF266784F861300125DFF8BC802C4F75
:10AC90000FE038F8163094F86C209BB2C2F10F0127
:10ACA0008B409BB2072D24F816302E460CDC013564
:10ACB000EDB2012DEDD14FF0FF31386804F088F886
:10ACC0000307E6D52E46F2E794F86D309A4205D098
:10ACD0000A2B2CD00C2B24D0082B1AD0A26E194B87
:10ACE0006266D3F81031A366002001F0B3FA024681
:10ACF0000120136843F00203136001F0ABFA03680C
:10AD00000E4A43F0020303609388C3F30E0393805B
:10AD100013E70A49CA8842F01802CA8084F86C30E6
:10AD2000DCE7064AD1886FF3C401D180F6E7034A15
:10AD3000D188022060F3C401D180EFE700200043F6
:10AD40005C310020102C00203C300020072933DC2F
:10AD500030B5012B83B0054633D036D3022B2DD12D
:10AD600010460C1D1AF0CAF80B4602461A4900207C
:10AD70001AF054FA1AF020FC9FED180A00EE900A1F
:10AD800017F064FCDFED166A9FED167AF6EE007A96
:10AD9000E0EE267A0120F4EEC77AF1EE10FA49BF10
:10ADA000FCEEE77A47F6FF73CDED017ABDF804308B
:10ADB00025F8343003B030BD00207047002003B0C8
:10ADC00030BD02EB820290B2CBE70431012025F8BE
:10ADD000312003B030BD00BF0000F03F0AD7233C54
:10ADE0000000004700FEFF46F8B5FFF78FFC0F4A52
:10ADF0000F4B106004210522062707260825092489
:10AE00000A2019809A8048F20B0100221F819E813E
:10AE10001D829C82188399835A80DA805A81DA8154
:10AE20005A82DA825A83DA83F8BD00BF4C300020A0
:10AE30005030002090F83D00704700BF8079704787
:10AE4000042070478079C31E012B83BF0638B0FAF7
:10AE500080F040090120704730B583B09DF81C4058
:10AE6000069D0094044600F0FBFC95F90130054A6C
:10AE700023662260AA78044B62662046A36603B06C
:10AE800030BD00BF6C0104000000A40638B53A4A8A
:10AE9000D2F828316FF386130446C2F82831D2F86D
:10AEA00028315D06FBD4D2F828313349042060F301
:10AEB0000303C2F82831D2F8283143F04003C2F826
:10AEC00028314B68D806FCD42C4A2D49D0692D4B2B
:10AED000072565F31340D0610A6A42F400720A62E2
:10AEE0001A7842F001021A709A68D207FCD45A7894
:10AEF00042F001025A705A7842F006025A709A895A
:10AF000042F002029A819A89052161F30B229A810B
:10AF10009A89022161F383029A811B8A9BB223BB27
:10AF2000194B1D684FF4EE712846F8F7C1F84FF43D
:10AF3000EF71A4F868002846F8F7BAF8B4F868305A
:10AF400080B2B3F5006FA4F86A001A4603DB002351
:10AF50001A46A4F868301044B0F5006F04DBC3F55E
:10AF6000D4630433A4F86A3038BD064A936813F0FA
:10AF70000403FBD11382D3E7001C004000180040FB
:10AF80000008004000240043242E002070B42E4A04
:10AF9000B0F86810138A9BB2994203D093685D079A
:10AFA000FCD41182C36829490469274A01EBC31301
:10AFB000234493F8404044F0010483F84040036E7A
:10AFC000446E01EBC313234493F8401041F0010198
:10AFD00083F8401093689C07FCD41378990707D432
:10AFE0001378194943F0020313708B689A07FCD455
:10AFF000154AD3799B07FCD00279154B02F00F015B
:10B000005A18002482F88D408468B3F87460D3F82D
:10B01000E800012203EB81058A4020433243C3F854
:10B02000E800A3F87420C5F8A040F433BFF35B8FA9
:10B0300053E8002F42F4801243E800210029F7D1A1
:10B04000BFF35B8F70BC7047002400430080004159
:10B05000102C00208379062B05D8012202FA03F375
:10B0600013F0540F00D1704700F030BCF8B583796D
:10B070008B426ED08A1E0C460546042A0DD8DFE8A6
:10B0800002F01103110C1100022100F0D7FA28463A
:10B09000FFF77CFF0323AB712346E01AB0FA80F080
:10B0A0004009F8BD2C4BBFF35B8F53E8002F22F40F
:10B0B000801243E800210029F7D1BFF35B8F2A7982
:10B0C00033F8807CE868AE682449F43B02F00F0254
:10B0D0004FF0010E0EFA02FE03EB820227EA0E0782
:10B0E000A3F874702F69C2F8A060D3F8E82001EBD0
:10B0F000C010384422EA0606C3F8E86090F84030F1
:10B10000174A6FF3000380F840302B6E686E01EB36
:10B11000C313034493F840106FF3000183F8401009
:10B12000936813F00203FBD11178890707D51078D3
:10B130000B4963F3410010708B689B07FCD42146D8
:10B14000284600F07BFAAB79E01AB0FA80F04009AB
:10B15000F8BD0120F8BD00BF042D00200080004193
:10B16000002400438379062B05D8012202FA03F359
:10B1700013F0540F01D10020704700F0ADBC00BFA8
:10B180008379023B042B3CD8DFE803F03903393BD9
:10B19000390021EAE171F0B589B240F2FF74A142B1
:10B1A00028BF21460779194D194E1A4AC1EB0123D0
:10B1B00085FB03E507F00F071D443E44DB17C3EB97
:10B1C000A52386F88D30B0F86A50B0F86830124880
:10B1D00001FB05F1A2FB0152891A02EB510103EBBD
:10B1E000912189B2038AA14228BF21469BB299428C
:10B1F00009D083685B07FCD401820120F0BD00F018
:10B20000C1B9002070470120F0BD00BF01021080CD
:10B21000102C0020010420000024004338B504460F
:10B220000D46FFF733FE2046294600F075FC2069E5
:10B23000C20721D5E168C90101F1824202F500424D
:10B2400002EB5002012192F8303061F3071382F8CB
:10B250003030616ECB0721D4236EDB0103F18243D2
:10B2600003F5004303EB5103012193F8302061F310
:10B27000030283F8302038BDE268D20102F1824334
:10B2800003F5004303EB5003012193F8302061F3F1
:10B29000030283F83020616ECB07DDD5226ED20128
:10B2A00002F1824202F5004202EB5102012192F8C2
:10B2B000303061F3071382F8303038BD8079704741
:10B2C000032070470020704700207047F8B583794D
:10B2D0008B4272D001290C4605463CD0022935D15B
:10B2E000374E036BBFF35B8F56E8002F1A4346E8D7
:10B2F00000210029F8D1BFF35B8FF43E96F80831A6
:10B3000043B1304B296B1A68536E0B42FCD0284670
:10B31000F1F7C4FE2B79B6F87410AF68D6F8E820C0
:10B3200003F00F030120984021EA000106EB83039C
:10B33000A6F87410022022EA07020021C3F8A070C8
:10B34000C6F8E8200346A87185F84010E01AB0FA64
:10B3500080F04009F8BD036B194EBFF35B8FDB43F0
:10B3600056E8002F1A4046E800210029F8D1BFF323
:10B370005B8FF43E96F80831AC711BB195F8403004
:10B38000002BFBD02B79B6F87420AD68D6F8E81006
:10B39000012003F00F0306EB830700FA03F31A43BF
:10B3A0000346E01A2943B0FA80F0C7F8A050C6F867
:10B3B000E810A6F874204009F8BD0120F8BD00BFD0
:10B3C000042D00204C30002070B5044616461A4665
:10B3D0009DF81050F1F730FE0023054A266384F8EB
:10B3E00034502260A363E36384F84030204670BD8C
:10B3F0009C0104008279012A04D0022A01D1F1F7CC
:10B400006BBD7047174A016B12680346506E0842C5
:10B4100026D193F8401070B491B9996B93F83440E9
:10B420000888072C80B207DC000402EBC40608344D
:10B43000050C706222F81450012283F8402000E0CD
:10B44000996B0A8818790849C2F3C81300F00F02F3
:10B45000D8B20A440228D8BF002382F88D3070BCCD
:10B46000704700BF4C300020102C0020294B70B5D5
:10B4700004461D680E46284694F834100123022223
:10B48000FFF764FC94F834305B0003F110022B44A6
:10B490001544A3633146E5632046F1F7B7FC236802
:10B4A0001D4A5B68934230D1A379012B2CD0236BCA
:10B4B0001A4ABFF35B8FDB4352E8001F194042E892
:10B4C00000100028F8D1BFF35B8FF43A92F80831EE
:10B4D0000121A1711BB194F84030002BFBD02379DE
:10B4E000B2F87460A468D2F8E80003F00F010123F9
:10B4F00002EB81058B4033432043C5F8A040A2F8FE
:10B500007430C2F8E80070BD70BD20460121BDE86E
:10B51000704018474C300020CDB20100042D0020AF
:10B520008279012A05D0022A01D1F1F75BBC002003
:10B5300070470B4B10B50446186803F04FFC58B920
:10B54000084BE26B1B68108893F86C3080B2C3F133
:10B550000F03184100B210BD4FF0FF3010BD00BF07
:10B560005C3100204C30002080797047012070470A
:10B57000807904281DBF0638B0FA80F04009012008
:10B58000704700BF82790023042A80F8593080F880
:10B590005B302AD0062A26D18BB2B3F5807F90F893
:10B5A0003C3028BFFF2170B4C9B2002B40D00D46FB
:10B5B000026C90F84430D61896F83040AC4208D06F
:10B5C000002B0CBF4024802413692342FCD186F851
:10B5D00030500279184B02F00F021344012083F817
:10B5E0008D1070BC7047184670470B1C90F84520B2
:10B5F00018BF01239A4204D00C2280F8453080F80D
:10B60000582021B1B0F85C10B1FA81F1490990F8E5
:10B610003C30826B8B42036B4FEAC31303F18243CE
:10B6200003F500434FF0010014BF9A615A6170475F
:10B63000CD43EDB2BCE700BF102C002083798B42D4
:10B6400000F0CB802DE9F041042982B004460D467C
:10B6500000F08780062908D0022933D0E81AB0FA12
:10B6600080F0400902B0BDE8F0810368794A5B6967
:10B67000A171934240F0B380016C90F8446090F85F
:10B680003C300022881983F0010384F8592084F8A3
:10B690005B205B4290F83020DBB29A4208D0002E4B
:10B6A0000CBF402680260A693242FCD180F8303037
:10B6B000B4F90410684E01F00F02B318002083F8AB
:10B6C0008D0093E0002390F83C20A17180F8593060
:10B6D00080F85B30036B816BDB01002A77D103F1CB
:10B6E000824202F500425161B4F904105A4E676B70
:10B6F000B6F87480D4F808C0D6F8E80003F18243A5
:10B7000001F00F024FF0010E03F500433B440EFA27
:10B7100002F728EA0707A6F8747006EB82026FEAC0
:10B720000C073840C2F8A0C0C6F8E80093F84020E3
:10B730006FF3000283F8402094F83D30002B00F0B6
:10B740008680D6F8F03045480EFA01F100221F40FD
:10B7500084F83D200068C6F8F07003F033FDA3794B
:10B760007CE70C22036880F858200026A1715B69F1
:10B7700090F84510A0F85C60984722793649206B14
:10B78000636BB1F8747002F00F024FF0010E03EB1F
:10B79000C0130EFA02F027EA0007D4F808E0D1F847
:10B7A000E800A1F8747001EB820203F1824303F513
:10B7B000004320EA0E00C2F8A0E0C1F8E80093F8C8
:10B7C000402066F3000283F84020A37946E703F1A6
:10B7D000824202F50042916186E701207047002114
:10B7E0009847B4F904101C4E01F00F02D6F8E83067
:10B7F000606B0193236BA768B6F8748000EBC313EA
:10B800004FF0010C01980CFA02FE03F1824306EBA3
:10B81000820203F500434EEA080E3843A6F874E0AE
:10B82000C2F8A070C6F8E80093F8402042EA0C0283
:10B8300083F8402094F83D30002B90D0D6F8F030BB
:10B8400006480CFA01F1002223EA070780E70223E9
:10B8500004E700BF85B50100102C00205C310020FA
:10B8600070B51D4604469DF81060F1F7E5FB95F9AB
:10B870000130144A23632260AA7862630123934053
:10B88000002284F83C60A36384F83D20EB7A84F8BE
:10B8900044300C2384F8583084F84520A264E264D4
:10B8A0002265626584F8592084F85A2084F85B2068
:10B8B000A4F85C20AA7A044B53F822302364204673
:10B8C00070BD00BFCC010400F4010400F8B50446CB
:10B8D000F1F702FBA379042B2DD1B4F85C305BBBEC
:10B8E00094F84530002B40F09D8094F83D300C22B8
:10B8F00084F858209BB1754DA768D5F8F030B4F99D
:10B90000041073480022012623EA070384F83D202F
:10B9100006FA01F10068C5F8F03003F053FC94F822
:10B92000593043B1B4F8543003B3B4F856209A42B6
:10B930001CDB934270D0F8BD013B9BB2A4F85C3095
:10B94000002BECD194F8452094F83C309A42236BBC
:10B95000A26B4FEAC31303F1824303F5004314BF04
:10B960009A615A610C2384F85830D8E794F85A3019
:10B970005BBB94F85B30002B4ED1564A206D1368A8
:10B98000E16C1B1A8B42D6D3B4F85C3094F83C10AF
:10B9900012682265B3FA83F35B098B42236B4FEA8B
:10B9A000C31303F1824303F500434FF00C0284F804
:10B9B00058204FF00100A26B84F85A0014BF9A611E
:10B9C0005A61012384F84530F8BD424A206D13685E
:10B9D000A16C1B1A8B42AED3126894F83C302265DE
:10B9E00000210C2284F85A1084F85820002B5BD1D7
:10B9F000236BA26BDB0103F1824303F500435A6121
:10BA0000B4F8563094F85B2001330021A4F8563086
:10BA100084F84510002A8ED0002384F8593084F829
:10BA20005B30F8BD2046F1F72BFB00287FF45DAFBB
:10BA300094F85830002B3FF472AF013BDBB284F82E
:10BA40005830002B7FF46BAF94F83D60E6B91F4A85
:10BA50001F49D2F8F000A3680F68B4F9041001255B
:10BA6000034384F83D5005FA01F13846C2F8F0303E
:10BA70002A4603F0A7FBB4F9042005FA02F238467F
:10BA80003146D2B203F0F2F994F83C30ABB9236BF3
:10BA9000A26BDB0103F1824303F500435A614FF4CB
:10BAA000FA73A4F85C303AE7236BA26BDB0103F175
:10BAB000824303F500439A61A2E7236BA26BDB018B
:10BAC00003F1824303F500439A61E8E7102C00205C
:10BAD0005C310020302E00208379042B14D0062BFB
:10BAE00005D0022B01D000207047F1F77BB9036C21
:10BAF00073B190F8442090F83C10134493F8300050
:10BB000029B9C0F1FF00704790F8450070477047B1
:10BB10004FF0FF30704700BF38B5456B0022EB0790
:10BB2000044680F8452080F83D2080F8592080F8B0
:10BB30005B201AD4026BD20102F1824303F5004369
:10BB400003EB5503042093F8302060F3030283F8DD
:10BB500030202046F1F75AF9236BA26BDB0103F189
:10BB6000824303F500439A6038BD006BC00100F1C9
:10BB7000824202F5004202EB5502042092F8303076
:10BB800060F3071382F83030E3E700BF8079704735
:10BB9000052070478079043804288CBF00200120DC
:10BBA000704700BFF0B583B09DF82C400094044668
:10BBB000089D099EBDF92870FFF752FE00230F492A
:10BBC000A4F8603040F6CC42A4F862306366A36605
:10BBD000E36684F8703084F8823084F883306567D7
:10BBE000A667A4F880702160A4F85E202A7B044B2D
:10BBF00053F82230E367204603B0F0BD1C02040076
:10BC00004402040010B50368124A1B6880F88210D1
:10BC1000934282B0044615D18079082805D80123C3
:10BC200003FA00F010F4D07F01D102B010BD236BF5
:10BC3000A26BDB0103F1824303F5004331B15A618A
:10BC400002B010BD019198470199E6E79A6102B0F0
:10BC500010BD00BF8DBB01008279072A014608D8BC
:10BC60000123934013F0540F12D113F0A00002D11E
:10BC7000704700207047CB6F586C1A6C1B6CA0EBA0
:10BC80005200C0EBC030B0FBF3F040F34F00704700
:10BC9000FFF722BF10B58379C46F023B226C052BDE
:10BCA0002AD8DFE803F02529250325130079134B53
:10BCB00000F00F0011F5004F03441BBF81EAE17053
:10BCC000A0EBE170FF20C01183F88D00C2F34F029A
:10BCD0000B4B01FB02F183FB01030B449B13C917C0
:10BCE000581AC91A1044114420676167012010BD19
:10BCF000BDE81040FFF746BC002010BD102C00200E
:10BD000003000180B0F96230B0F9601090F8702043
:10BD100070B50B4402B390F87020042A1CD004467E
:10BD2000C3F30E002368A4F862005D690EF0E2FD23
:10BD3000B4F85E10414B11FB00F19D4241F3CF314D
:10BD400077D1A379E06F023B026C052B1ED8DFE8A8
:10BD500003F06B1D6B4A6B5A8279072A17D0C16FAB
:10BD6000364C4B6A43F001034B6203685B69002564
:10BD7000A342A0F8625032D10B6C023A5B08042A4D
:10BD800004D8DFE802F02703271B270070BD47F621
:10BD9000FE729342C3DDC16F284A4B6A43F0010330
:10BDA0004B6203685B6900249342A0F8624016D19D
:10BDB0000B6C5B089BB20B674B6770BD0079204A28
:10BDC00000F00F0002449BB2002082F88D000B6748
:10BDD0004B6770BD0021BDE87040FFF7D3BB002169
:10BDE000BDE8704018472479154B04F00F0411F595
:10BDF000004F23441BBF81EAE174A4EBE174FF24EC
:10BE0000E41183F88D40C2F34F020E4B01FB02F1A7
:10BE100083FB01430B449B13C9175C1AC91A1444D2
:10BE200011440467416770BD2046BDE87040FFF7CC
:10BE3000A9BB20462B46BDE87040184795BC0100C1
:10BE4000102C0020030001808379023B052B04D8CD
:10BE5000DFE803F00403040304067047FFF736BD70
:10BE600090F87030032BF0B42CD0042B03D0022BAD
:10BE70004CD0F0BC70473749446E0B68C26E1B1B38
:10BE80009342F6D9C46F032380F87030A26A324B14
:10BE900042F00102A262027909688568B3F8746011
:10BEA000D3F8E840416602F00F01012203EB810064
:10BEB0008A4032432C43C0F8A050A3F87420C3F842
:10BEC000E840D6E72349446E0B68826E1B1B934201
:10BED000CFD9214A037909688668B2F87450D2F83C
:10BEE000E840416603F00F030121994002EB830310
:10BEF00025EA0105042724EA060480F87070A2F8F8
:10BF00007450C3F8A060C2F8E840B2E7114B416E2C
:10BF10001B68826E5B1A9342ABD90F4A037986681D
:10BF2000D2F8E810B2F8744003F00F0301259D40E9
:10BF300002EB830324EA050421EA0601002580F8C8
:10BF4000705080F88350A2F87440C3F8A060C2F823
:10BF5000E8108EE7302E0020102C002070B504462B
:10BF6000FFF7DAFD0023E26F84F88230136843F0B4
:10BF700001031360936813F00103FBD101215363A4
:10BF800091771579244B254E254845F0020515710A
:10BF9000D56B45F00505D563556A0D4355621B68A1
:10BFA000A6FB0353DB0B013B1364136C5364136C4C
:10BFB0009364636F93F901209D7800EBC21201FA3C
:10BFC00005F65661A46F94F90130A478DB0118449A
:10BFD000A1408161966002EB5502816092F83010B9
:10BFE00003F182430520ED0703F500434CBF60F3E6
:10BFF000071160F3030103EB540382F8301093F848
:10C0000030200521E0074CBF61F3071261F3030202
:10C0100083F8302070BD00BF000100203BC637BE52
:10C020000080004182798A427AD00829F8B50D460D
:10C0300067D8012202FA01F313F0540F044671D1BC
:10C0400013F4907F5FD001795D4A01F00F0194F8FD
:10C050008230002B40F09E80236BA66BDB0103F146
:10C06000824000F500408661606B03F1824303F576
:10C070000043034402EB810693F840006FF3000095
:10C0800083F84000A368C6F8A030052D00F08B802F
:10C09000B2F87400D2F8E860012707FA01F120EA4B
:10C0A0000101A2F8741026EA0303616FC2F8E830B8
:10C0B00091F90130434A897802EBC3130B44012103
:10C0C00093F84000084383F84000A06F90F90130D6
:10C0D000807802EBC313034493F840200A4383F8AB
:10C0E0004020E26F1368C3F340038B4206D013680D
:10C0F00061F34103136093689B07FCD4A571012091
:10C10000F8BD0020F8BD1A06FBD501792C4AB0F91C
:10C110005E3001F00F015018DB1180F88D3096E78A
:10C1200001207047264F0379D0F808E0B7F874C0B3
:10C13000D7F8E86003F00F039A4007EB83032CEA7B
:10C14000020226EA0E06A7F87420C3F8A0E0C7F89A
:10C15000E860FFF773FA0028D3D0616F194B91F9AB
:10C160000120897803EBC2120A44002192F84000B2
:10C170006FF3000082F84000A26F92F901009278FC
:10C1800003EBC013134493F840206FF3000283F8CD
:10C190004020A6E7236BA66BDB0103F1824000F58C
:10C1A0000040466160E7B2F87470D2F8E8000126FA
:10C1B00006FA01F13943A2F87410034375E700BF92
:10C1C000102C00200080004110B5074C2368DB07CD
:10C1D00002D5064B186810BD01200EF0A7FB034ADC
:10C1E00001231060236010BD743000204431002012
:10C1F00070B4134A13491369012043F400731361A7
:10C200000A46088013889BB2012BFBD00E4B0F4DC2
:10C210000F4C4FF00040402640F60271C3F88000FA
:10C2200083F81F63556394631180517B41F00101D2
:10C2300051731860136923F03F03136170BC70479A
:10C240000008004000A0004100E100E08030002034
:10C25000E03000200528DABF024B03EB001000207D
:10C26000704700BF40A000410528DABF024B03EB36
:10C2700000100020704700BF8030002008B5FFF795
:10C28000A3FF014B186008BD4031002020B119B157
:10C290000022082302600372704700BF30B10368B8
:10C2A0008B4214BF6FF00F00002070476FF00F003B
:10C2B000704700BF2DE9F04F83B00193002800F0D4
:10C2C0008B8016468346002A60D04BB9037A042B34
:10C2D0000AD00068118909F061FB304608F0AEFB16
:10C2E000019803B0BDE8F08FB0F806A081881789E7
:10C2F000BAEB010348BF03F51673C3F51673BB42CF
:10C3000066DB6FB336480AF1010380FB0324DD17B7
:10C31000C5EBA4154FF4167808FB1535ADB28D4268
:10C3200054D08146002403E0BBF80430AB4223D054
:10C330002146304608F0DCFD691C89FB013E0134D2
:10C34000CB17C3EBAE13A4B20BEB0A0E08FB13130F
:10C35000A742AA468EF80900ABF806509DB2E3DC6E
:10C36000DBF80000394609F019FB304608F066FB9F
:10C37000019803B0BDE8F08F2746DBF8000039468E
:10C3800009F00CFB304608F059FBF1E70C4620465B
:10C39000114609F0B3FF3146204609F0ABFF3246A3
:10C3A0003146204609F0B0FF3146204609F09AFF99
:10C3B0003146204609F09AFF204609F00FF808237D
:10C3C000CBF8006001968BF8083089E70027C7E7B3
:10C3D0006FF00103019383E76FF00F0301937FE791
:10C3E000B5814E1B014A4160026070476002040043
:10C3F00070B50D46044601212846164609F05EFE3A
:10C40000002C60D0002E5ED14FF4197101201AF07B
:10C4100001FC064600285CD02368056004220272F5
:10C42000002B38D06268231DB2B3A26804F1080360
:10C4300092B3E26804F10C0372B3226904F11003B1
:10C4400052B3626904F1140332B3A26904F1180310
:10C4500012B3E26904F11C03F2B12846002109F08D
:10C460004DFF2846002109F045FF002211462846CD
:10C4700009F04AFF2846002109F034FF0021284630
:10C4800009F034FF284608F0A9FF30461AF08EFE66
:10C490004FF0FF3070BD23466A8B1E6042F04003B0
:10C4A0006B833146284609F019FF2846164909F0E2
:10C4B00019FF2846154909F01DFF2846144909F0BF
:10C4C00015FF002070BD284608F088FF6FF00F00B0
:10C4D00070BD0146284609F011FF3146284609F093
:10C4E00009FF32463146284609F00EFF31462846FC
:10C4F00009F0F8FE3146284609F0F8FE284608F013
:10C500006DFF4FF0FF3070BDB5C201008DC201005C
:10C510009DC2010038B504460D46002109F0EEFE2B
:10C520002046002109F0E6FE00221146204609F0CF
:10C53000EBFE2046002109F0D5FE2046002109F03F
:10C54000D5FE204608F04AFF1DB1002208232A60CC
:10C550002B7238BD2DE9F84F0446674207F00307F8
:10C56000D1F84C31C0F8C030C7F10D0908464FEA88
:10C570009909012101F084FF09F101090026012236
:10C5800094F824304FEA890AC7F1110B35469046DA
:10C59000022B00F01B82032D00F35981A3B1012B64
:10C5A000FCD1DAB1002E40F08D8026606660A66076
:10C5B000E660102304F112022146A06A02F00AF894
:10C5C00094F824300022E3E7002A53D04FF0FF33E1
:10C5D00023606360A360E3601023EBE7002E40F06C
:10C5E000A280A27CFF2A40F02881E27CFF2A40F052
:10C5F0002481227DFF2A40F02081627DFF2A40F0C5
:10C600001C81A27DFF2A40F01881E27DFF2A40F0C4
:10C610001481227EFF2A40F01081627EFF2A40F0C2
:10C620000C81A27EFF2A40F00881E27EFF2A40F0C2
:10C630000481227FFF2A40F00081627FFF2A40F0C0
:10C64000FC80A27FFF2A40F0F880E27FFF2A40F0C2
:10C65000F48094F82020FF2A40F0EF8094F82160C5
:10C66000FF3E18BF01260135EDB2032D4FF0010248
:10C6700094DDECE0A27C02BBE27CF2B9227DE2B95F
:10C68000627DD2B9A27DC2B9E27DB2B9227EA2B9E1
:10C69000627E92B9A27E82B9E27E72B9227F62B9CD
:10C6A000627F52B9A27F42B9E27F32B994F820206A
:10C6B0001AB994F82120002AD5D084F824800125C5
:10C6C000002672E7002F00F0BA80AA23012F237002
:10C6D00004F1010100F0DB80022F637004F102011C
:10C6E00000F0D380A370E11C0E224FF0AA33E35177
:10C6F000E31904334FF0AA30B9F1030F1860586002
:10C7000000D09860D345A2EB0A0201EB0A0008D0E2
:10C71000AA23012A01F80A3003D0022A437000D06C
:10C720008370112346E7A17CAA2900F0AA80E27C4D
:10C73000AA2A40D0237DAA2B00F0A580637DAA2BD6
:10C7400000F0A780A37DAA2B00F01881E37DAA2B1F
:10C7500000F0A180237EAA2B00F01281637EAA2B19
:10C7600000F01081A37EAA2B00F00E81E37EAA2B9D
:10C7700000F00281237FAA2B00F00881637FAA2B9F
:10C7800000F01C81A37FAA2B00F01A81E37FAA2B63
:10C7900000F0188194F82030AA2B00F0158194F84D
:10C7A0002130AA2B00F0088194F82230AA2B08BF70
:10C7B000102340F0ED800022022584F82450A2745A
:10C7C000E27422756275A275E27522766276A276AF
:10C7D000E27622776277A277E27784F8202084F8E5
:10C7E000212084F8222084F823205B10DDB2012769
:10C7F000DA0084F82C5007FA02F294F82C60013A1F
:10C800001046D117F2B2BA42C8BF42FA07F7C4E9DC
:10C810001C0184F82D70002B3FD16D4BD4F8C01053
:10C82000D3F8EC20C94311406A4AC3F8EC101368EE
:10C83000C4F8C8302846BDE8F88F012613E7234620
:10C840004FF0AA3243F8042B2146112252E7624AE4
:10C850001068012384F892300822022102F006FBBE
:10C860005B4AD4F8C000D2F8EC305A4923EA0003FE
:10C870000968C2F8EC300025C4F8C8102846BDE8A5
:10C88000F88F134697E7022395E70F222DE7102232
:10C890002BE703238FE705238DE7C3F10801CE00C3
:10C8A0004FF0FF30C6F1200200FA02F220FA06FE35
:10C8B000A6F1200720FA07F74EEA020E22464EEABA
:10C8C000070EF0400026C4F858E0E06502F8016B5E
:10C8D000CC27667004F1120856709670D6701671E7
:10C8E00056719671C3F109025B00C4F809E0424435
:10C8F00001332144C4F80D0027726674A06A01F068
:10C9000069FE3146A06A01F0BBFD94F82C30C3F1FA
:10C9100008030121E7542672A06A01F0B1FD94F8E2
:10C920002C30A06AC3F10902C3F108010127424477
:10C9300007EB4303214401F04DFE3146A06A01F0AC
:10C940009FFD94F82D20224B84F82E20D3F8F02060
:10C95000D4F8C010D3F8EC00A4F8906022EA0102E9
:10C960004FF000084FF0000984F89260C4E926896E
:10C970000143C3F8F02057E709231CE704231AE713
:10C98000062318E7072316E7082314E70A2312E70C
:10C99000002384F82C3094F82C300F4ADBB2012BA2
:10C9A0004FF000004FF00001CCBF5B100123C4E941
:10C9B0001C0184F82D304BE70F23FCE60B23FAE62D
:10C9C0000C23F8E60D23F6E60E23F4E600230CE72D
:10C9D000102C0020302E00205C3100202DE9F8437F
:10C9E000424F3C6814F0010403D0414B1868BDE885
:10C9F000F8834FF42D600DF099FF0346064603F8C7
:10CA0000014B4FF0FF384FF0FF39002274705C701B
:10CA10009C70DC701C715C719C71DC710023747201
:10CA2000B472F47234737473B473F47334747474CE
:10CA3000B474F47434757475B475F47534767476AE
:10CA4000B476F47634777477B477F47786F8204048
:10CA5000C6E91689C6E90C23C6E90E23C6E91023E8
:10CA6000C6E91223C6E91423C6E91823C6E91A2326
:10CA7000C6E91C23C6E91E23C6E92023C6E92223F2
:10CA8000C6E92623C6E92823C6E92A23C6E92C23BA
:10CA9000C6E92E23012386F8214086F8224086F835
:10CAA000234086F82440B46286F82C4086F82E4055
:10CAB000A6F8904086F89240C6F8C040C6F8C84034
:10CAC00086F82D3086F8C43006F1D00406F52D65C1
:10CAD0002046283400F08AFCAC42F9D1044A0123F4
:10CAE000166030463B60BDE8F88300BF4831002047
:10CAF0005031002070B5064600F1D00540242B6867
:10CB000021B2013428465B6AA4B29847802C05F113
:10CB10002805F4D196F82430022B0BD096F89230E9
:10CB2000002B3CD1204A00231268C6F8C820B3620B
:10CB3000C6F8C03000210120002200234FF0FF344E
:10CB40004FF0FF3586F82C1086F82E1086F82D0051
:10CB5000A6F8901086F89210C6E91C23C6E90C23AB
:10CB6000C6E90E23C6E91023C6E91223C6E9142339
:10CB7000C6E91823C6E91A23C6E91E23C6E92023FD
:10CB8000C6E92223C6E92623C6E92823C6E92C23C1
:10CB9000C6E92E2386F8C400C6E9164570BD96F88E
:10CBA000C430002BBED1C5E7302E002040398BB2F7
:10CBB0003F2B0FD8426C006CC9B2C1F1200302FABE
:10CBC00003F3C8402039184322FA01F1084300F06A
:10CBD00001007047002000F001007047816A0029C1
:10CBE00000F0848090F82C30002B7FD090F89220B9
:10CBF000002A7BD12DE9F04FD0E91EAB5AEA0B0495
:10CC000091B000F0A380D0E92045CDE90245002491
:10CC1000002590464FEAC30C9646CDE90445CDE980
:10CC200000450122002326462F46069137E0B1F841
:10CC3000F680D1F8EC50B1F8F440C1F8F05008F1AA
:10CC40000105ADB2A54246EA020647EA0307A1F88C
:10CC5000F65006DB2CB1DDE9004514431D43CDE958
:10CC60000045D0E9224504EA020805EA030958EA2A
:10CC700009010BD024EA020425EA0305C0E9224594
:10CC8000DDE9004514431D43CDE900450EF1010ED9
:10CC90005FFA8EFE92185B41E645F04627DA0AEA13
:10CCA00002040BEA030554EA0501EFD008EB8808FB
:10CCB00000EBC801D1F8F040013CC1F8F040002C75
:10CCC000E4D1DDE9024514401D402C43AFD1D0E949
:10CCD000224504EA020805EA0309CDE9084558EAB5
:10CCE000090400F01581DDE90845C3E77047D0E984
:10CCF00012890699CDE90689DDE90489DDE9024555
:10CD000042464B4622432B4314461D4642464B4661
:10CD1000DDE90689F643FF4348EA020849EA0309C8
:10CD200004EA060205EA0703DDE900452AEA0404ED
:10CD30002BEA0505A246AB4608EA060409EA070500
:10CD4000C0E92023C0E91EABC0E9124590F82E507F
:10CD5000013DEDB280F82E5015B111B0BDE8F08F55
:10CD6000044690F82D3080F82E30084601F0B4FCCF
:10CD70002946A06A01F084FB94F82CC00CF1090349
:10CD80002344D4E90E019A7C9D74CC2A00F04E8194
:10CD9000B4F890305A1C92B2043B16460B929BB2E8
:10CDA0004FF6FB729342A4F8906040F2C6810022D5
:10CDB0000023CDE90801CDE90223D4E91A2322EAB0
:10CDC000000023EA0101D4E92623CDE9060110463B
:10CDD00019464FEACC0ECDE90C01BCF1000F00F072
:10CDE000D381CDE904010022002000211346CDE9C2
:10CDF00000014FF001084FF000094FF00C0A38E035
:10CE00009900C81804EBC000B0F8E6B00BF1FF3B86
:10CE10001FFA8BFBA0F8E6B0BBF1000F07D126EAA2
:10CE2000080627EA0907C4E90C67A0F8E4A0DDE9D1
:10CE3000026706EA080607EA0907194456EA0700E6
:10CE400004EBC1014ED0B1F8E030A1F8E2303BB9BB
:10CE5000DDE9000140EA080041EA0901CDE90001ED
:10CE60000132D2B218EB080849EB0909964513467E
:10CE700059DDD4E90C0106460F4600EA080001EA34
:10CE800009010143BCD1DDE9060100EA080001EA1D
:10CE9000090101434FEA830101EB030004EBC000E9
:10CEA0002BD0B0F8E4B0BBF1000FC0D00BF1FF3BCA
:10CEB0001FFA8BFBA0F8E4B0BBF1000FB7D146EA34
:10CEC000080647EA0907C4E90C67DDE9046746EA92
:10CED000080647EA0907CDE904674FF4FA76A0F897
:10CEE000E660A4E7B1F8E2000028B9D0013880B2CA
:10CEF000A1F8E2000028ABD0B2E7DDE9046726EA3A
:10CF0000080627EA0907CDE90467A0F8E4A08EE740
:10CF1000D1F8E840C1F8F040DDE9044514431D4371
:10CF2000CDE90445B2E6DDE90023D4E910ABDDE943
:10CF3000080180EA0A0081EA0B0102400B4082EA04
:10CF40000A0883EA0B09D4E92C2328EA0A0029EA13
:10CF50000B0140EA020641EA0307D4E92E23CDE99A
:10CF600000892AEA08082BEA090943EA090142EA8A
:10CF70000800DDE900890B9BC4E91089C4E92C672E
:10CF8000C4E92E01002B00F08380D4E91267D4E9B4
:10CF90001423D4E90C0103EA070929EA010102EA92
:10CFA00006088B46CCF1080C002128EA000003BAE1
:10CFB0001A469BFA8BF341EA03084FEACC03D143AC
:10CFC0008246C3F120056FEA080001FA05F520FA50
:10CFD00003F22A43A3F1200521FA05F52A43C4E907
:10CFE0001867D4F80D50D4F80960C4F8092021FA64
:10CFF00003F3CC22C4F80D30E565C4E91AABA6658D
:10D0000004F80C200121A06A01F03AFA94F82C30BF
:10D01000A06AE21AC3F1080101251B32214405EB85
:10D02000430311B0BDE8F04F01F004BBD4E916236F
:10D03000D4F81F70D4F81B60BB4208BFB2427FF423
:10D04000A7AED4F81320D4F81730A4F89050CCF140
:10D050000806F6006FEA03096FEA0208C6F1200726
:10D0600028FA06F309FA07F7A6F1200229FA02F2D4
:10D070003B431343089329FA06F30993DDE9082398
:10D08000C4E90E2342404B40CDE902230B9594E6C0
:10D09000D4E91C23DDE90467D4E9280116401F40C8
:10D0A00040EA060241EA0703C4E92823DDE90C232C
:10D0B000BB42B046B94608BFB242CDE90E893FF443
:10D0C00064AF58EA0903C4E92689D4F8C07053D084
:10D0D000DFF8C8E0D4E92A01DEF8F0603E43CEF87C
:10D0E000F06029EA010728EA000656EA07033FF440
:10D0F0004CAF48EA000249EA0103C4E92A23BCF123
:10D10000000F3FF442AF244E0B9A012705E0013592
:10D11000EDB265452A46BFF638AF10AB2B4413F885
:10D12000083C002BF3D007FA02F2D2B20321306898
:10D1300001F09CFE94F82CC0E9E7012184F89210DC
:10D14000A06A01F09DF91449002300220868C4E98F
:10D1500026230221082201F089FE104BD4F8C020BA
:10D16000D3F8F000D3F8EC10D24310400A40C3F8D3
:10D17000F000C3F8EC20F0E5084AD2F8F03023EADA
:10D180000703C2F8F03000E7CDE9042300220023B2
:10D19000CDE90023C9E600BF5C310020102C00203F
:10D1A000816AC1B190F89220AAB190F8C42092B1DE
:10D1B000094A30B41268D0F8C85041F28834521B82
:10D1C000A24207D9002290F8924080F8242030BC77
:10D1D000FFF7C0B930BC7047302E00200E4AF0B4C3
:10D1E000D0F8C060D2F8E810D0E92645F3431940E2
:10D1F000002780F82470C2F8E81054EA050115BF32
:10D20000D2F8F030D2F8F01033430B40C2F8F030CF
:10D21000F0BCFFF76FBC00BF102C002090F824304A
:10D22000022B05D090F892302BB190F8C43013B98E
:10D2300090F82C007047816209B1FFF78BB9044B5D
:10D24000C0F8C0101B68C0F8C8300846704700BF5F
:10D25000302E002040398BB23F2B9DBF01EB810166
:10D2600000EBC100D0300020704700BF08B5FFF7C9
:10D27000B5FB014B186008BD4C3100208079704728
:10D28000092070478079A0F10400B0FA80F04009CD
:10D29000704700BF704700BF70B4A1F14005012284
:10D2A000A1F16003C5F1200422FA04F402FA03F3A9
:10D2B0002343AA400226074D81800C240021867159
:10D2C000056144618260C3608161C1610162416244
:10D2D00070BC70470300010083798B422FD0022974
:10D2E0002DE9700314D004290BD1164B1E68D0E928
:10D2F0000245D6E914232B432243C6E914230B46E7
:10D300008171C81AB0FA80F04009BDE87003704717
:10D310000C4B1E68D0E90223D6E91445D6E91E89D4
:10D32000D243DB4314401D4002EA080203EA09032A
:10D33000C6E91E23C6E914450B468171E1E70120C9
:10D34000704700BF4C3100208379022B10D0042B92
:10D350000CD10B4B1B68D0E90201D3E91223024028
:10D360000B40134314BF012000207047002070477A
:10D37000034B1B68D0E90201D3E91023EFE700BF9C
:10D380004C310020064B1B68D0E90201D3E926236B
:10D3900002400B40134314BF01200020704700BF20
:10D3A0004C3100208379042B1CD130B40E4B69B969
:10D3B0001968D0E90223D1E9124524EA020225EADC
:10D3C00003030120C1E9122330BC70471968D0E97A
:10D3D0000245D1E9122322432B430120C1E9122344
:10D3E00030BC7047002070474C310020D0B5044657
:10D3F000EFF718FE084B0949236000260023002799
:10D400000C22C4E9026721616261A361E3612362C6
:10D4100063622046D0BD00BF6C020400030001001F
:10D4200030B583B0069D9DF81C40009501940446DC
:10D43000002500F0BBFF094B236084F844512046CF
:10D44000012101F011F82A462946204601F052F840
:10D45000204600F09FFF204603B030BD04EC0300DF
:10D4600090F82900704700BF0023C0F83C31A0F8B5
:10D47000B030C0F838317047026900230421C0F889
:10D4800034310386C0F8303191757047D0F83411CB
:10D49000D0F83021914212D030B4D0F83021D0F8F9
:10D4A00030110469034601321831042502F03F02AD
:10D4B00030F91100C3F83021A57530BC70474FF02A
:10D4C000FF307047D0F83421D0F830319A421DBF78
:10D4D000D0F83031183330F913004FF0FF30704777
:10D4E000D0F83431D0F83001181A48BF40307047B6
:10D4F000D0F83831D0F83C21581E801A48BF40304F
:10D50000704700BF024690F82900B8B1D379012BCB
:10D5100015D070B4D2F83C41013404F03F04D2F885
:10D5200038319C42FBD0D2F83C3115695833012682
:10D5300022F81310C2F83C41AE7570BC7047002051
:10D54000704700BFC37913B1012B0ED07047D0F8DC
:10D550003821D0F83C319A42F9D10269137ED807BC
:10D56000F4D4137E9907FCD5704790F82E30072B22
:10D57000ECD090F82F30072B10B5044605D094F866
:10D58000293013B1E379012B00D010BD94F82E009F
:10D59000FEF760FE03689B07F1D4F6E72DE9F84338
:10D5A000026A416293780F4692F90110026903EB17
:10D5B000C11303F1824303F50043166893F840104A
:10D5C0006FF3000183F84010136899070446C6F30F
:10D5D000400603D513686FF341031360D36913F05A
:10D5E0000203FBD122683A481168814265D1C4F830
:10D5F0003C31A4F8B030C4F838315368354A93420E
:10D6000062D1256900230422C4F834312386C4F88A
:10D610003031AA75E079012824D12F4B3B44B3FB6C
:10D62000F7F3013BFF2B92BFDBB2FF2300202B73EC
:10D63000B6B12B6843F002032B60EB699B07FCD467
:10D64000226A92F90110937803EBC11303F182432C
:10D6500003F5004393F8402042F0010283F8402094
:10D66000BDE8F883384617F039FC00221B4B17F051
:10D67000ABFC1B4B80461868894617F02FFC02460E
:10D680000B464046494617F0C9FD02460B460020AE
:10D69000144917F0E5FA0022134B17F095FC17F028
:10D6A0008BFF17F03DFC0022104B17F0DBFA17F050
:10D6B00063FF80B2A8810120BAE72046884722682C
:10D6C0005368044A93429CD0204698472569A1E7B5
:10D6D00069D4010079D401003F4B4C000000304078
:10D6E000000100200000F03F0000F0400000E03F9B
:10D6F00090F8293003B9704770B505683E4AEB6A67
:10D700009342044657D1C379002B3FD0012B56D00A
:10D710002269A069394990F90130867801EBC31379
:10D720000120B0405860206A90F90130807801EB08
:10D73000C313034493F840106FF3000183F84010C3
:10D7400013689B0703D513686FF341031360D36914
:10D7500013F00203FBD12A6829498A4224D1C4F874
:10D760003C31A4F8B030C4F838316B68254A934294
:10D770001ED1226900230421C4F834312386C4F861
:10D7800030319175002384F8293070BDD4F83821E8
:10D79000D4F83C319A42F9D12269137ED807B8D423
:10D7A000137E9907FCD5B4E7204690472568DCE74F
:10D7B00020469847E6E7984722692568A9E790F848
:10D7C0002E000728A4D094F82F30072BA0D0FEF706
:10D7D00041FD03689A07EFD594F82930002BEBD070
:10D7E000E379012BE8D194F82E00FEF733FD0368AE
:10D7F0009A07F1D4E0E700BF45D501000080004161
:10D8000069D4010079D4010038B5C3790171012BC5
:10D8100001D1002038BD016A026991F901408B787D
:10D82000156803EBC41303F1824303F50043C5F30A
:10D83000400593F840106FF3000183F8401013681F
:10D84000990703D513686FF341031360D36913F08D
:10D850000203FBD10268044611682548814242D187
:10D86000C4F83C31A4F8B030C4F838315368214AC8
:10D87000934234D1226900230421C4F83431238631
:10D88000C4F8303191752379022B23D0116801201F
:10D8900060F31B611160516863F34D315160BDB19C
:10D8A000136843F002031360D3699B07FCD4226A18
:10D8B00092F90110937803EBC11303F1824303F54E
:10D8C0000043012093F84020024383F8402038BDF4
:10D8D000012038BD13686FF31B631360DFE7204638
:10D8E00098472269CFE7204688472268BEE700BFF5
:10D8F00069D4010079D40100F8B54B1F042B5DD821
:10D90000C379012B56D0026A817192F90140937854
:10D91000026903EBC41303F1824303F50043156866
:10D9200093F840406FF3000483F8404013689C076D
:10D93000C5F3400503D513686FF341031360D36942
:10D9400013F00203FBD102680F46166821498E428C
:10D9500004463BD1C0F83C31A0F8B030C0F83831B3
:10D9600053681D4A93422DD1226900230421C4F833
:10D9700034312386C4F830319175536867F302035C
:10D980005360EDB1136843F002031360D3699B0742
:10D99000FCD4226A92F90110937803EBC11303F1CE
:10D9A000824303F50043012093F84020024383F8AB
:10D9B0004020F8BDA1F10803012BA4D90020F8BD37
:10D9C0000120F8BD204698472269D6E7B047226873
:10D9D000C6E700BF69D4010079D40100F8B54C1E38
:10D9E000E4B2012C01D90020F8BDC57941710DB117
:10D9F0000120F8BD016A026991F901708B781668FF
:10DA000003EBC71303F1824303F50043C6F340065B
:10DA100093F8401065F3000183F8401013689907EC
:10DA200003D5136865F341031360D36913F0020350
:10DA3000FBD10268054611681D48814230D1C5F806
:10DA40003C31A5F8B030C5F838315368194A9342D3
:10DA50002AD12A6900230421C5F834312B86C5F860
:10DA600030319175536864F386135360002EBFD034
:10DA7000136843F002031360D3699B07FCD42A6A3E
:10DA800092F90110937803EBC11303F1824303F57C
:10DA90000043012093F84020024383F84020F8BD62
:10DAA000284688472A68D0E7284698472A69D9E750
:10DAB00069D4010079D401002DE9F04F05692B6884
:10DAC00043F0010389B004462B60EB6913F00103B6
:10DAD000FBD12268DFF8D4801168414553D1C4F8E6
:10DAE0003C31A4F8B030C4F838315368284A934226
:10DAF00022D10022C4F8342123692286C4F83021BF
:10DB0000244A0421934299751CD0234A934200F081
:10DB10001083224A934200F04183B3F1864F00F014
:10DB20009A831F4A934243D01E4A934200F0728365
:10DB3000002009B0BDE8F08F204698472369154AB8
:10DB40009342E2D1032284F82F20174A0792A2F5CC
:10DB5000807206924FF400320292312205924FF405
:10DB6000803201923022022001264FF02E090492C9
:10DB70004FF4804284F82E003746CDF80C904FF0D9
:10DB8000070A00922FE0204688472268ADE700BFD1
:10DB900079D40100003000400020014100400141E3
:10DBA00000040043000C00430005200069D401007C
:10DBB0004FF400120792069220220292452205920B
:10DBC000102201924422072002264FF042090492BB
:10DBD000042284F82E0084F82F003746CDF80C90EC
:10DBE0004FF0230A0092216A91F9012091F802B0C6
:10DBF000D20102F1824202F500424FF0010E0EFA0C
:10DC00000BFCC2F818C0C2F808C094F807C0F4456D
:10DC100040F09D81C44DC54A07F1200E2036009F7B
:10DC200045F82E70019F45F82670029F45F8267032
:10DC30000AF1200E52F82E506FF3861542F82E503E
:10DC400052F82E506D06FBD452F82E50B74E4FF0BE
:10DC5000070C6CF3030542F82E5052F82E5045F095
:10DC6000400542F82E50756815F01C05FBD11A6866
:10DC7000032666F384021A601A68267A66F35D72D8
:10DC80001A601A68667A66F31C721A601A6865F37D
:10DC90001B621A6062691E68527A62F315561E6032
:10DCA000497A1A6800290CBF0021022161F3114250
:10DCB0001A605A68A17961F302025A601A6865F322
:10DCC0009E721A601A6842F480721A605A6842F4AE
:10DCD00000525A605A6842F400325A60A36994F8BC
:10DCE00028609A7893F90130DB0103F1824101F554
:10DCF000004101EB5201D70791F830504CBF66F359
:10DD0000071566F3030581F83050A17A012940F226
:10DD10002F8202290AD103F1824303F50043134401
:10DD200093F8402042F0010283F84020072831D0C8
:10DD300094F82F30072B2DD0FEF78CFA03680122C0
:10DD400023F00203036002600368012BFCD0069BF2
:10DD5000036094F82E00FEF787FA0023C36023695E
:10DD60002833436094F82F00FEF774FA0368012209
:10DD700023F00203036002600368012BFCD0079BC1
:10DD8000036094F82F00FEF76FFA0023C360236945
:10DD9000283383602068664A0369D4F8249093424C
:10DDA00040F0BD81216A226991F901508B78166893
:10DDB00003EBC51303F1824303F50043C6F34006AA
:10DDC00093F840106FF3000183F84010136899072F
:10DDD00003D513686FF341031360D36913F0020393
:10DDE000FBD10268424540F01182C4F83C31A4F8EE
:10DDF000B030C4F8383143684E4A934240F0028252
:10DE0000256900230422C4F834312386C4F8303154
:10DE1000AA75E379012B40F05081474B4B44B3FB8B
:10DE2000F9F3013BFF2B28BFFF23DBB22B73002E3E
:10DE300000F06F812B6843F002032B60EB699B07B6
:10DE4000FCD4226A92F901309078DB0103F182421E
:10DE500002F50042024492F8401041F0010182F8BC
:10DE60004010A669354A96F90110B77802EBC11146
:10DE70000126BE408E60616994F8286091F802C066
:10DE800091F901E01CF0010F4FEACE1E00F008816D
:10DE9000724402EB5C0206F00F0692F8301066F353
:10DEA000071182F83010254901EB0E0202EB0C0E2F
:10DEB000012707FA0CF74FF003088EF840805760EF
:10DEC000E269947892F90120D201114401EB5401E6
:10DED00014F0010F91F8307014BF66F3071766F362
:10DEE000030781F8307015490A442244194401247B
:10DEF00001EB500182F8404091F8302003F1824359
:10DF0000C40703F500434CBF66F3071266F3030230
:10DF1000034481F83020012283F840202B6843F02D
:10DF200002032B600CE000BF00E100E0001C004099
:10DF30009DD5010079D401003F4B4C000080004189
:10DF4000EB699B07FCD4012009B0BDE8F08F29687C
:10DF50006EF38401296029686FF34F3129602968C5
:10DF60006FF31C71296029686EF315512960BCF1AB
:10DF7000000F04D194F82910002940F0AF816B689C
:10DF8000A27962F302036B602B6843F080432B603D
:10DF90002379022B00F07C812A68012161F31B6246
:10DFA0002A606A6863F34D326A6063796A68013B8C
:10DFB00063F386126A606B6843F400336B606B68CE
:10DFC00043F480336B606B6884226FF349236B608A
:10DFD000AA75EB695B07FCD4BDF80C20A285B74B92
:10DFE000049A1A441046059A03EB09011A44BE46E6
:10DFF0001546009F43F82E70202281F800230199D6
:10E0000043F8261080F80023029A43F826204FF0A8
:10E01000E00E85F800E3A36994F828509A7893F904
:10E020000130DB0103F1824101F5004101EB5201B6
:10E03000D60791F830004CBF65F3071065F3030075
:10E0400081F83000E17A012940F2C78002290AD123
:10E0500003F1824303F50043134493F8402042F058
:10E06000010283F840200AF1200E954A52F82E3022
:10E070006FF3861342F82E3052F82E30C3F380131C
:10E08000002BF9D152F82E1063F3030142F82E1041
:10E0900052F82E3043F0400342F82E30536879E6B0
:10E0A00002EB0E0101EB5C0106F00F0691F8302047
:10E0B00066F3030281F83020F5E6484616F00EFFBD
:10E0C0000022804B16F080FF7F4B804618688946FF
:10E0D00016F004FF02460B464046494617F09EF8EC
:10E0E00002460B460020794916F0BAFD0022784B13
:10E0F00016F06AFF17F060FA16F012FF0022754B57
:10E1000016F0B0FD17F038FA80B2A881002E7FF427
:10E1100091AE226A92F901309078DB01A1E649467E
:10E1200020469847226A256992F901309078DB01F0
:10E1300097E64FF40012079206924FF00072029297
:10E14000392205924FF08072019238220720012671
:10E150004FF0360904924FF4800284F82E0084F8C0
:10E160002F003746CDF80C904FF0170A00923AE591
:10E17000002940F0928003F1824101F50041012520
:10E1800095408D6103F1824303F50043134493F8F6
:10E1900040206FF3000283F84020C7E54FF40012DF
:10E1A000079206924FF0005202923D2205924FF0E4
:10E1B000805201923C22072001264FF03A09049236
:10E1C0004FF0806284F82E0084F82F003746CDF897
:10E1D0000C904FF0180A009205E5002965D103F173
:10E1E000824101F5004101209040886103F18243A2
:10E1F00003F50043134493F840206FF3000283F8C3
:10E20000402030E720469847256902E6204690479F
:10E210002068F0E5052284F82F204FF40052029286
:10E220004D222D4905924FF4805201924C22042038
:10E2300002264FF04A0907910492A1F580714FF42C
:10E240008062069184F82E003746CDF80C904FF08E
:10E25000250A0092C7E44FF4001207920692412269
:10E26000059240220126072002214FF03E09049228
:10E270004FF0804237460196029184F82E0084F8D0
:10E280002F000E46CDF80C904FF0220A0092AAE41F
:10E290002B686FF31B632B6087E603F1824101F566
:10E2A0000041012595404D616CE703F1824101F584
:10E2B000004101209040486198E700BF00E100E084
:10E2C000001C004000003040000100200000F03F32
:10E2D0000000F0400000E03F001320005A4418689E
:10E2E00092F840106CF3000182F840101A68C0F3F5
:10E2F000400B900703D51A686CF341021A60DA6983
:10E3000012F00202FBD121680B6843453BD1C4F8EF
:10E310003C21A4F8B020C4F838214B681C4A934231
:10E320002DD1226900230421C4F834312386C4F896
:10E3300030319175217B136800290CBF0021022127
:10E3400061F311431360BBF1000F3FF418AE136883
:10E3500043F002031360D3699907FCD4236A93F94D
:10E3600001209B7803EBC21303F1824303F50043C2
:10E3700093F8402042F0010283F84020FFE5204658
:10E3800098472269D6E7204698472168C5E700BF2D
:10E3900079D4010090F829202AB9C27901218A4252
:10E3A00080F8291000D97047FFF786BBF8B50446FE
:10E3B000204F8261C361204DA760069FDFF880C0B7
:10E3C0009DF81C006560072300250E4627624FF468
:10E3D000165180274FF6FF7284F82E3084F82F30C4
:10E3E000C4F800C0616284F82800A28529463A4634
:10E3F0006661257384F8295084F82A5004F13000AE
:10E4000019F024FB3A46294604F1B00019F01EFB2E
:10E41000C4F83051C4F84051C4F83451C4F83851EC
:10E42000C4F83C51327A054B53F822302361204620
:10E43000F8BD00BF0001000202010800E402040070
:10E440009C020400436A074903F543424F320868BF
:10E45000B2FBF3F2022A38BF02220B681B1A9A425F
:10E46000FBD87047302E0020012901D900207047C9
:10E4700090F82920C1710AB1FFF71EBB0120704737
:10E480000129817214D9022910D1826992F90110EF
:10E49000937803EBC11303F1824303F5004301209A
:10E4A00093F84020024383F84020704700207047D3
:10E4B000826992F901309278DB0199B103F18241CE
:10E4C00001F5004101209040486103F1824303F5CA
:10E4D00000431344012093F840206FF3000283F8B7
:10E4E0004020704703F1824101F500410120904036
:10E4F0008861EAE738B5C3790172012B427200D016
:10E5000038BD016A026991F901408B78156803EB07
:10E51000C41303F1824303F50043C5F3400593F8A8
:10E5200040106FF3000183F840101368990703D57A
:10E5300013686FF341031360D36913F00203FBD137
:10E540000268044611682148814236D1C4F83C3142
:10E55000A4F8B030C4F8383153681D4A934230D122
:10E56000236900220421C4F834212286C4F8302112
:10E570009975217A1A6861F35D721A60617A1A6876
:10E5800061F31C721A60002DBAD01A6842F00202C0
:10E590001A60DA699207FCD4226A92F90110937822
:10E5A00003EBC11303F1824303F5004393F84020CA
:10E5B00042F0010283F8402038BD20468847226897
:10E5C000CAE7204698472369D3E700BF69D4010012
:10E5D00079D4010070B4044690F8290020B1E079A4
:10E5E00001284FF0000001D070BC7047002BFBDD0C
:10E5F0002569B9B14E1C0978A96203E094F8291085
:10E600000029F1D0297E4907F8D5297E8907F5D55B
:10E6100052B10130A96A1170984202F1010207D08B
:10E620003146E5E70E46E7E701308342A96AF7D1B4
:10E630001846D9E72DE9F84390F829502DB190F804
:10E640000780B8F1010F03D000252846BDE8F88304
:10E6500090F82EE0BEF1070FF6D090F82F40072C6F
:10E66000F2D01646044670461F468946FDF7FCFD6B
:10E6700036B33E4440F6010386600380BEB2468056
:10E6800094F82E00FDF7E6FD036843F002030360F3
:10E6900094F82F00FDF7E8FDB9F1000F15D04F44B5
:10E6A00040F2014347600380468094F82F00FDF755
:10E6B000D1FD036843F0020303602846BDE8F883F8
:10E6C000044B8360A0F80080D8E7024B436001232D
:10E6D0000380E9E75431002090F82E30072B16D044
:10E6E00090F82F30072B10B5044605D094F8293048
:10E6F00013B1E379012B01D0012010BD94F82E0055
:10E70000FDF7A8FD03689B07F0D4012010BD012090
:10E71000704700BFC379012B22D0D0F83821D0F840
:10E720003C3101699A4219D00B7EDA0703D418E014
:10E730000B7EDB0714D5D0F83831D0F838215832A9
:10E74000013330F912208A6203F03F03C0F83831F8
:10E75000D0F83821D0F83C319A42E9D101230B7529
:10E7600070477047C379012B00D1704710B401691D
:10E7700091F8203003B30023C0F83431C0F83031B1
:10E78000D0F8343103F118024BF6BD540133C0F810
:10E79000343120F812400B7E43F080030B760BE0FF
:10E7A000D0F830219A420FD0D0F834218C6A183238
:10E7B00020F81240C0F83431D0F834310A7E0133E9
:10E7C000520703F03F03EBD4D0F830219A4202D035
:10E7D0005DF8044B704704230B75F9E7C379012BEF
:10E7E000036922D01A7ED2091ED080221A765A8B53
:10E7F000920709D55A8B42F002025A8390F84021C1
:10E8000042F0010280F840215A8BD10710D45A8B74
:10E81000520709D55A8B42F004025A8390F84031CE
:10E8200043F0040380F84031704780221A76704725
:10E830005A8B42F001025A8390F8402142F00202C2
:10E8400080F84021E3E700BF90F84A01704700BF1D
:10E85000A0F5A270F8E700BF07207047A0F5A270EE
:10E86000FAE700BF03681B6B184700BFA0F5A27052
:10E87000F8E700BF08B503681B6B984700B208BDF6
:10E88000A0F5A270F6E700BF00207047A0F5A270C7
:10E89000FAE700BF704700BFA0F5A270FAE700BF1B
:10E8A0002DE9F04182B088460C9D9DF834400095DA
:10E8B000019409A9044617461E460EC9089DFFF794
:10E8C00075FD04F5A270EEF7ADFB094B84F84B81A2
:10E8D00003F1080220467C33C4F84C71C4F850613F
:10E8E000C4F854512260C4F8443102B0BDE8F0814C
:10E8F0000403040038B50446FEF750FE94F82930AE
:10E90000054613B12046FFF79DFD284638BD00BFE0
:10E9100038B590F84A318B420DD0102B0D46044685
:10E9200000F08C80A5F10D03032B00F28C80DFE852
:10E9300003F06931064F0125284638BD9847D4F8C1
:10E940005421424BBFF35B8FD24353E8001F114069
:10E9500043E800100028F8D1BFF35B8FD4F85021B2
:10E96000BFF35B8F53E8001F114343E800100028FA
:10E97000F8D1BFF35B8F012184F84A512046FFF79D
:10E9800073FD94F82950002DD5D02046FFF75AFD8D
:10E99000284638BD2D4BD4F85421BFF35B8F53E884
:10E9A000001F114343E800100028F8D1BFF35B8F2C
:10E9B000D4F85021BFF35B8FD24353E8001F1140BE
:10E9C00043E800100028F8D1BFF35B8F0021D3E7A4
:10E9D000012200212046FFF78DFD01212046FFF78F
:10E9E0004FFD23681A4A1B691A4993422046A5D154
:10E9F000FEF7D4FD94F82930002BA0D02046FFF775
:10EA000021FD9CE7D4F85421104BBFF35B8FD24318
:10EA100053E8001F114043E800100028F8D1BFF36D
:10EA20005B8FD4F85021BFF35B8FD24353E8001FB4
:10EA3000114043E800100028C6D0F7E7064B1868DD
:10EA4000FEF7CCFB6EE7002576E700BF042D002023
:10EA5000F5E8010020A107004C310020A0F5A270CC
:10EA6000FFF756BF10B50446FEF7FAFC00B110BD23
:10EA70002046FFF78FFC2046FFF7E4FC0C4BD4F850
:10EA80004C21BFF35B8F53E8001F114343E8001094
:10EA90000028F8D1BFF35B8F94F84A31102BE6D1F0
:10EAA000044B21461868BDE81040FEF7B7BB00BF15
:10EAB000042D00204C31002010B50446FEF7D0FC98
:10EAC000A8B194F84A31102B12D02046FEF710FE60
:10EAD000D4F84C31094ABFF35B8FDB4352E8001F87
:10EAE000194042E800100028F8D1BFF35B8F10BD39
:10EAF000034B1868FEF772FBE7E700BF042D002008
:10EB00004C3100200368374ADB68934210B5044655
:10EB1000A0F8481150D1FEF7A3FCA8B194F84A31EF
:10EB2000102B59D02046FEF7E3FDD4F84C312E4A85
:10EB3000BFF35B8FDB4352E8001F194042E800102F
:10EB40000028F8D1BFF35B8F2368284ADB6C93421F
:10EB500038D194F84A310D2B28D0102B37D0D4F867
:10EB60005421214BBFF35B8FD24353E8001F114068
:10EB700043E800100028F8D1BFF35B8FD4F8502190
:10EB8000BFF35B8FD24353E8001F114043E80010EE
:10EB90000028F8D1BFF35B8F0D2384F84A3120465B
:10EBA0000021FFF761FC94F8293003B910BD20461D
:10EBB000BDE81040FFF746BC984723680B4ADB6C62
:10EBC0009342C6D020460D21BDE810401847084B9F
:10EBD0001868FEF703FBC2E7054B1868FEF7FEFA5C
:10EBE000A0E700BFB9EA0100042D002011E90100EF
:10EBF0004C310020A0F5A270FFF784BF10B5036868
:10EC0000044609BB264ADB6893421AD1FEF728FC6A
:10EC1000A8B194F84A31102B3CD02046FEF768FD8D
:10EC2000D4F84C311F4ABFF35B8FDB4352E8001F1F
:10EC3000194042E800100028F8D1BFF35B8F012093
:10EC400010BD9847012010BD174A9B689342F8D128
:10EC5000FEF706FC0028F2D12046FFF79BFB20467A
:10EC6000FFF7F0FB0F4BD4F84C21BFF35B8F53E859
:10EC7000001F114343E800100028F8D1BFF35B8F59
:10EC800094F84A31102BDAD1084B21461868FEF768
:10EC9000C5FAD4E7054B1868FEF7A0FABDE700BF38
:10ECA000B9EA0100042D002065EA01004C31002082
:10ECB000A0F5A270A2E700BF80797047A1F104001F
:10ECC000B0FA80F040097047022070470120704779
:10ECD00000207047704700BF042381808371704714
:10ECE000044B1A68BFF35B8F83681A4214BF01207C
:10ECF00000207047042D0020836871B9BFF35B8F3B
:10ED00000D4ADB4352E8001F194042E8001000287A
:10ED1000F8D1BFF35B8F01207047074ABFF35B8FC9
:10ED200052E8001F194342E800100028F8D1BFF351
:10ED30005B8F0120704700BF042D002038B50446CA
:10ED40000D46EEF76FF9024BA5602360204638BDF3
:10ED5000B0030400F8B5194D2C6814F0010402D07A
:10ED6000174B1868F8BD44200BF0E0FD144A154F0E
:10ED7000154E16490460012344608460C460046138
:10ED800044618461C461446280F8284080F82A406C
:10ED900080F82B40046280F829408485C48504866D
:10EDA00080F8324080F8334080F8404080F841409D
:10EDB00047638663C16310602B60F8BD5831002043
:10EDC00060310020FA00C4098813EC2C8813C409B0
:10EDD0004068BFF35B8F0840704700BF4068BFF3D7
:10EDE0005B8FC0F30020704708B50023016280F8F4
:10EDF000403003600248F5F7D3FE012008BD00BF94
:10EE0000102C002080F8411051B9174B0422C3F890
:10EE1000042193F8422142F0010283F84221704715
:10EE2000031DBFF35B8F53E8002F42F0080243E855
:10EE300000210029F7D1BFF35B8FBFF35B8F0C304C
:10EE400050E8003F43F0080340E80032002AF7D1C1
:10EE5000BFF35B8F044B0422022183F84211C3F8F5
:10EE60001821C3F80821704700800041014491F83F
:10EE700024301A4381F82420704700BFCBB2DA0750
:10EE800010B5044605D590F8252042F0020280F81E
:10EE90002520980705D594F8252042F0010284F832
:10EEA00025205A0705D594F8262042F0010284F85F
:10EEB0002620D80605D594F8252042F0040284F8CF
:10EEC0002520C1F30721CA0605D594F8262042F073
:10EED000020284F82620144A126892F8612012B1C6
:10EEE00011F00C0F18D11B0605D594F8263043F00D
:10EEF000080384F8263004F1240001F0CDFB94F8D7
:10EF000029300A4A94F8321082F80A11003318BFE7
:10EF1000012382F8093110BD94F8262042F0040242
:10EF200084F82620DFE700BF402E0020102C0020B0
:10EF30002DE9F04182B000230193984B4468BFF360
:10EF40005B8F1A68964F138ADFF87482E1B2CE079E
:10EF500005469BB24CBF42F6534043F2A820834281
:10EF60009DF804008F4ED4BF0023012363F30000FB
:10EF70008DF80400138A366888079BB24CBF41F2B3
:10EF8000691040F6D37083429DF80400CCBF002383
:10EF9000012363F341008DF80400938A9DF8040077
:10EFA000C9069BB24CBF45F2447144F692518B4264
:10EFB000CCBF0023012363F304108DF80400D7F8BD
:10EFC000A03095F841C092F861E09DF8052076499F
:10EFD000764F0968DB43C0B263F382006EF3000230
:10EFE000C3B28DF805206CF3C303D7F8F0208DF879
:10EFF00004008DF8043091F892E00032D1E9260146
:10F000009DF8041096F85C3018BF012262F3451198
:10F010009DF805208DF8041083F0010363F341028D
:10F020008DF80520CBB296F85D1096F85E60D2B2EE
:10F0300061F382028DF805206EF3C7135C4A8DF8E8
:10F0400004309DF8041092F844219DF805300032F8
:10F0500060F3861157488DF8041018BF012266F33B
:10F06000C30362F304130268534E92F8062262F35C
:10F0700045138DF8053028460199FFF7FFFE3068EB
:10F0800003681B68434540F08480807904280CD0D5
:10F090009DF8043013F0040FD7F8F03014BF43F09C
:10F0A000080323F00803C7F8F030706803681B6892
:10F0B000434570D1807904280CD09DF8043013F0BA
:10F0C000040FD7F8F03014BF43F0040323F0040317
:10F0D000C7F8F030019ABFF35B8F019B6A6024EAA6
:10F0E000030305F11002BFF35B8F52E8001F1943C1
:10F0F00042E800100028F8D1BFF35B8F019ABFF3FC
:10F100005B8F05F10C0322EA040453E8002F22432D
:10F1100043E800210029F8D1BFF35B8F05F1080314
:10F12000019ABFF35B8F53E8001F114343E80010BF
:10F130000028F8D1BFF35B8F019BBFF35B8F55E8CD
:10F14000002F1A4345E800210029F8D1BFF35B8F57
:10F15000297995F8403041EAD10101F001018B4253
:10F1600085F8401012D0154C04F1100754F8040B28
:10F17000EFF7ACF8BC4295F84010F7D13068FCF7D7
:10F1800041FD95F840107068FCF73CFD02B0BDE809
:10F19000F08198477AE798478DE700BF4C30002010
:10F1A00000800041402E00204C310020102C002017
:10F1B000C42A0020242E0020A8EC0300B0EC030099
:10F1C0008DBB0100C3694AB923EA01014269836921
:10F1D000C1610A4319434261816170471943F5E7F0
:10F1E00008B5FFF7B7FD014B186008BD5C31002082
:10F1F00030B583B09DF81C40069D019400950446EF
:10F20000FFF7D4F8044B236020460021FFF72CF9C8
:10F21000204603B030BD00BF54EC0300002070470F
:10F220002DE9F0410546807C0F4600F00F040029CF
:10F230004FD0554BB5F810E003EB441340F2FF36C6
:10F240005B69B645C3F30D0399B200F095800EF1EA
:10F25000FF3295F813C01A4092B20CF00708630110
:10F2600003F18243022683F80761AB686E68194494
:10F27000B142A96035D2761A1CF0200FB6B25ED02A
:10F280002B68E868764528BF76461944324618F060
:10F29000DFFA3D4BE8686201991808611344596927
:10F2A00066F30D01596159696FF39B31596147B993
:10F2B00002F18243B8F1010F14BF4A224E2283F8B3
:10F2C0000921640104F18244802384F80531BDE8FA
:10F2D000F08195F813C0B5F810E00CF007080A4665
:10F2E000C3E71CF0100F1AD16401B8F1010F04F14B
:10F2F00082440CBF4B234A23964584F808312CD016
:10F30000FF2828D0EB7C5A0625D56FF386131F49BA
:10F31000EB74AA680B69BDE8F04100211847E97C4D
:10F320001B4B620113446FF30411E97459686FF3C6
:10F330000D01596059686FF39B315960B7E7124B63
:10F34000286862019D180144B6F5005F28BF4FF49C
:10F3500000562961A2E7BDE8F081EB7C0B4A6FF310
:10F360008613EB74D36898470028F4D1EB7CA87C13
:10F3700043F04003EB74C3E795F813C0C1F30902EF
:10F380000CF007086BE700BF543400202432002043
:10F39000643400202DE9F04F857C83B004460F468D
:10F3A00005F00F05002900F08580764B068A4FEAAC
:10F3B0004518434440F2FF3259685B689642C1F3F6
:10F3C0008D3AC3F30D0900F0D780013EC27CB6B27E
:10F3D00009EA060302F0070B690101F182410120ED
:10F3E00081F80701910612D5D4F804E0BEF1000FB0
:10F3F00048D0A0680193AEEB000292B29A4228BFB7
:10F400001A462368E168184418F022FA019B6268E2
:10F41000002A36D0002F5BD1A36853449A42A360E0
:10F4200060D9E17CD21A880692B240F18B80268A9C
:10F430005449E36841F80830B24228BF3246C2F36B
:10F440000D0201EB0803586862F39B3058605A685C
:10F450006FF30D025A605FB9BBF1010F08BF414461
:10F4600008F182480ABF2D2325238F7688F80931B9
:10F470006D0105F18245402385F8043103B0BDE8F4
:10F48000F08FE27CD6064BD5E37C3E49E26803F080
:10F49000EF0343F02003E37441F8082001EB080375
:10F4A000208A5A6860F39B325A605A686FF30D02E3
:10F4B0005A60D0E7068AC27C40F2FF339E4237D1C1
:10F4C000BA4602F0070B3B46B9464FEA451889E7B2
:10F4D000218A9942A0D9E27CA3686FF304124B44BD
:10F4E000E274A360BBF1010F08F182480CBF2D2329
:10F4F000252388F8083115B9224BE2681A60A07CF0
:10F50000FF28BBD0E37C5A06B8D56FF386131E499B
:10F51000E3740B69A268002103B0BDE8F04F1847FF
:10F5200017B1228A9A42D6D8A3685344A360D9E778
:10F53000013EB6B202F0070B8A460B4689464FEAF7
:10F5400045184FE7208A824205D9B2F5005F0ED9EF
:10F550004FF4005205E03CBF41F02001E174C2F3DA
:10F560000D0220680749034441F8083069E722EAA0
:10F570000602C2F30D02F4E7C27CC9F3090302F0EC
:10F58000070B29E754340020243200202DE9F04FE6
:10F590004FF0824281B0168CB6B2002E00F02C8162
:10F5A000C44D00240127A87CFF2830D000F00F03B1
:10F5B00007FA03F232422AD04FEA431E0EF1824884
:10F5C000724698F8071198F809310B40C1461ED0D1
:10F5D000B9494FEA840A0AEB040C01EB8C0C9CF845
:10F5E00027B00BF04701012900F0F4801BF0800FD9
:10F5F00015D113F020015AD113F0040F40F0988078
:10F60000D90700F1E2800BF00701012958D001343D
:10F610001B2C05F11405C6D101B0BDE8F08F13F025
:10F62000400140F0438113F0080F40F089819907B1
:10F6300000F137810BF007010129E8D1590700F1EA
:10F640004182DB06E3D51BF0400F11D09A490AEB4B
:10F65000040301EB83034FF0800E93F827106FF340
:10F66000861183F82710402388F804E188F80531D3
:10F67000914B0AEB040103EB8101904B91F827C0F9
:10F6800003EB020E6FF3C30C02F1824381F827C033
:10F690004FF0000C6F218EF80AC08EF81AC088F85F
:10F6A000071183F80811844B9B689847AFE7AA6855
:10F6B000202389F80831804B01211B699847A6E770
:10F6C000190700F1FD80DB06A1D51BF0400F11D01A
:10F6D00079490AEB040301EB83034FF0800E93F8A2
:10F6E00027106FF3861183F82710402388F804E170
:10F6F00088F80531704B0AEB040103EB81016F4B75
:10F7000091F827C003EB020E6FF3C30C02F18243A2
:10F7100081F827C06F2200218EF80A108EF81A1087
:10F7200088F8072183F80821634B9B6898476EE7A8
:10F73000624B98F800C19E440CF0070C9EF80A300A
:10F74000BCF1020FDBB27CD013F0020332D09EF882
:10F750000A106FF341018EF80A1002F182430BF098
:10F7600007010422012988F8072183F808217FF482
:10F770004EAF1BF0400F3FF44AAF4F490AEB040273
:10F7800001EB82022032D179C9093FF440AF4A210E
:10F790004FF0800E88F804E188F8071183F808110B
:10F7A000D179454B6FF38611D1711B69AA6800218D
:10F7B00098472CE74149881802F18242042183725C
:10F7C00088F8071182F8081121E701212846FFF780
:10F7D000E1FD1CE713F0100F40F0E0805A0600F145
:10F7E000E7809B067FF513AF2023AA6888F80831CD
:10F7F000314B1B6998470AE7918B138B9BB20B40E7
:10F8000013F0040040F0DC8013F4007140F0E0805D
:10F81000180600F1408113F0700440F0918113F05C
:10F82000080140F09E81DB077FF5BAAE40F201236C
:10F8300021489383446893827025042015832346CE
:10F84000DEE013F0010F3FF47FAF9EF80A301BF0AB
:10F85000400F61F300034FF004018EF80A3088F87E
:10F86000071188F808113FF4D2AE134B0AEB0401DC
:10F8700003EB810102F182434FF0250E402288F80C
:10F88000052188F807E183F808E191F827200A4B61
:10F890006FF3861281F827201B69AA680421984714
:10F8A000B5E601212846FFF7BBFCB0E6AA68402375
:10F8B000FFE600BF383200202432002054340020FC
:10F8C000C34B98F800119E44C1F302119EF81A3000
:10F8D0000229DBB200F0988013F0020353D09EF8A7
:10F8E0001A1002F182436FF3410108228EF81A10B8
:10F8F00088F8072183F808211BF0400F3FF487AEFA
:10F90000B44A0AEB040E02EB8E0E0EF1200E9EF8A6
:10F910000710C9097FF47BAE25224FF0400C88F810
:10F9200005C188F8072183F808219EF80720A94B14
:10F9300061F386128EF807201B69AA68984766E66D
:10F94000A34B98F800C19E44CCF3021C9EF81A30D9
:10F95000BCF1020FDBB27AD013F0020313D09EF891
:10F960001A1002F182430BF007024FF0080C6FF3FC
:10F970004101012A8EF81A1088F807C183F808C1DE
:10F980007FF445AEB8E79249881802F18242082117
:10F99000837688F8071182F8081138E60BF0070320
:10F9A000012B7ED0102388F8073188F808312EE625
:10F9B0004023AA6888F80831864B1B69984726E6D9
:10F9C0000421844B91831B6801B0BDE8F04F1847B8
:10F9D00040F2012170247E4B9183918214831A8915
:10F9E00002F00F02032A00F028811A8D02F00F02A4
:10F9F000032A18BF014600F01F81764B5B68032085
:10FA000001B0BDE8F04F1847D9077FF565AF9EF804
:10FA10001A1002F182436FF3000108221BF0400F1D
:10FA20008EF81A1088F8072183F808213FF4EFAD0B
:10FA3000684A0AEB040102EB81014FF0800E4A2272
:10FA400088F804E188F8072183F808211DE713F0FE
:10FA5000010F81D09EF81A301BF0400F61F30003B4
:10FA60004FF008018EF81A3088F8071188F808114D
:10FA70003FF4CDAD574B0AEB040103EB810102F1DA
:10FA800082434FF04A0E802288F8042188F807E16B
:10FA900083F808E1F9E64F4B80205B6890830520EE
:10FAA000AEE71BF0400F3FF4E3AD9CF827306FF357
:10FAB00086138CF827308021402388F8041188F8B9
:10FAC0000531D5E5424B98F800119E4401F007013D
:10FAD0009EF80A300229DBB200F0808013F00203A6
:10FAE0003FF468AE9EF80A1002F182436FF34101C1
:10FAF00004221BF0400F8EF80A1088F8072183F8C3
:10FB000008213FF484AD334A0AEB040102EB810182
:10FB10002031CA79D2093FF47AAD4A224FF0800EE3
:10FB200088F804E188F8072183F80821CA79294B6D
:10FB30006FF38612CA711B69AA680021984766E5AF
:10FB4000702340F2012024499383938210830B6C2D
:10FB500003F00303032BFAD11E4B00215B68022044
:10FB60004EE71C4E82F800410820702140F201232C
:10FB7000908327469182354613834FF0FF0807E0B4
:10FB80001B2C85F8268085F8277005F1140516D002
:10FB900095F8260004EB840306EB8303FF2803F1AA
:10FBA000200304F10104EBD0DA795106E8D56FF3B4
:10FBB0008612DA71EA69336903219847E0E7002188
:10FBC0006022034817F042FF73680021012017E705
:10FBD000543400202432002000100040D9077FF563
:10FBE0007DAF9EF80A1002F182430A466FF30002CD
:10FBF00004211BF0400F8EF80A2088F8071183F8C3
:10FC000008113FF404AD114A0AEB040E02EB8E0E0C
:10FC10004FF0400C252288F805C188F8072183F8A9
:10FC200008219EF82720094B6FF386128EF82720B3
:10FC30001B69AA689847EAE4012003EB40100023FF
:10FC400001890381C1F30A11D7E600BF24320020E5
:10FC50002DE9F0414FF082429378DB0751D54FF008
:10FC600082439C7814F00104FBD1454B454A1A604D
:10FC70001E461D465A609A60DA601A61A046FF2748
:10FC800007E01B2C85F8267085F8278005F1140500
:10FC90001DD095F8260004EB840306EB8303FF28B0
:10FCA00003F1200304F10104EBD0DA795106E8D521
:10FCB0006FF38612DA71EA693369032198471B2CC6
:10FCC00085F8267085F8278005F11405E1D16022BA
:10FCD00000212D4817F0BAFE2C4B1B68C3F34410CB
:10FCE000C3F3822213F01F0327D01F2B25D09B01C3
:10FCF00038B31F2825D080B232B3072A24D011038D
:10FD000024E093789F07FCD113789E070DD51378D4
:10FD100003F0FD0313704FF0824293789D07FCD1EE
:10FD20004FF0824293789C07FCD44FF0824201232B
:10FD3000137093789807FCD191E74FF41073002863
:10FD4000D7D11920002AD8D14FF4C0414FF08242B8
:10FD500003430B431385D37843F00303D370D37865
:10FD6000042143F00C03D37013461170987810F0FF
:10FD70000300FBD1044A5A6201221A81BDE8F081D6
:10FD8000243200201DF20100543400208400800041
:10FD90004FF0824293789B0724D170B493789807F0
:10FDA000FCD11378DBB2990707D443F00203137038
:10FDB0004FF0824293789B07FCD10C4B4FF082426C
:10FDC0004FF480304FF400364FF480254FF4002478
:10FDD00040F28D2198609E609D609C6011830020A0
:10FDE00070BC70476FF01000704700BF00E100E08A
:10FDF0004FF08242138923F001031B041B0C138173
:10FE0000704700BF4FF0824340F080009872704707
:10FE10002DE9F04110F00F054FFA80FC2AD0BCF11B
:10FE2000000FB4BFAB1C2B46022D01F0030159D8C3
:10FE30009C00DFF8B8E0E6180EEB860696F8266020
:10FE4000FF2E4BD1D1B1BCF1000F3ADB6F007E1910
:10FE5000DFF89C8058F826604EBB23440EEB8303EA
:10FE6000013183F8271083F826001E629A8400204F
:10FE7000BDE8F08101F003012B46D9E725B1BCF1C3
:10FE8000000F01DBAE1C00E02E4606EB86060EEBF3
:10FE9000860696F82660FF2E20D16F007E19DFF8C7
:10FEA000508058F8266046B1BCF1000F0CDB3D4491
:10FEB00008EB85052D899542CFDA6FF01200BDE879
:10FEC000F081DFF82C806F002F4408EB87077D68F6
:10FED00015B17E899642F0DB2E46BEE76FF0130027
:10FEE000BDE8F0816FF01100BDE8F0812432002000
:10FEF000D80304002DE9F04710F00F0782B04FFA45
:10FF000080F909D0B9F1000FB4BFBE1C3E46022FE4
:10FF100003D902B0BDE8F0873E464FEA86083D4D62
:10FF200008EB060305EB830393F82610FF29F0D0B6
:10FF300093F827304A2204468DF8052025205A06DA
:10FF40008DF804001BD403F00703012B50D0B9F146
:10FF5000000F54DB600100F1824090F8003103F0A3
:10FF6000F80380F80031464405EB86050022FF23A4
:10FF700085F8272085F8263002B0BDE8F08701F02B
:10FF80000F0303F108025001B9F1000F00F18240A4
:10FF9000B5BF4FF0800E4FF0400E80F804E080F8BF
:10FFA00005E00DF1080E50010EEBD97E5A0100F16B
:10FFB000824002F1824208EB060305EB83031EF840
:10FFC00004EC80F807E082F808E193F827E0DA69AA
:10FFD00003F1200A6FF3861E2B698AF807E00846B2
:10FFE000032198479AF8073003F00703012BAED19D
:10FFF000600100F18240002380F80031B3E77F0107
:020000022000DC
:1000000007F1824797F8003103F08F0387F800313A
:10001000A9E700BF24320020F0B546B210F00F006F
:1000200045D04201002E02F18242B4BF831C034638
:1000300092F80041844A591C01EB81010228E4B284
:1000400002EB810100F29F8003EB830302EB830349
:1000500093F82620FF2A00F0968093F827207B4D06
:1000600002F0070E4001BEF1010F05EB000728D09A
:10007000002E65DB610740F0A480998C744B02F080
:10008000070200F182462243B1F5007F86F8002185
:1000900003EA81327AD94FF0E0412B180A43402419
:1000A00000217A6086F8054199720846F0BD4FF04C
:1000B0008243684993F80041A1F11402E4B2034677
:1000C000C2E714F0770F7CD19B8C614A00F1824625
:1000D0001124B3F5007F02EA833286F800414CD93F
:1000E0004FF0E044C3F30D03234322434FF0800E4F
:1000F00040247A607B6186F8054186F804E18A7CB9
:100100000F8AD1F80CE002F00F022B1851010020E9
:1001100098726E18987645F801E0736867F39B3320
:100120007360726801F1824360F30D02B0271025FD
:10013000726083F8047183F8054183F80951F0BDBA
:1001400014F0700F3DD19B8C120102F0700200F18F
:1001500082462243B3F5007F86F80021C3F30D01E8
:100160001AD94FF0E0422B180A43802400217A610B
:1001700086F8044199760846F0BDB3F5807F23D90F
:100180004FF0C044AEE76FF01100F0BDB1F5807FD5
:1001900008D94FF0C04180E7B3F5807F07D94FF011
:1001A000C042E0E7802907D94FF0A04175E7802BD6
:1001B00014D94FF0A042D6E7402914D94FF080411E
:1001C0006BE76FF01300F0BD802B02D94FF0A04415
:1001D00088E7402B0CD94FF0804483E7402B0CD9A3
:1001E0004FF08042BFE720290CD94FF0405154E72F
:1001F000202B0CD94FF0405474E7202B0CD94FF032
:100200004052B0E710290CD94FF0005145E7102BB0
:100210000DD94FF0005465E7102B0ED94FF0005266
:10022000A1E7082994BF00210121090735E7082B20
:1002300094BF00240124240754E7082B94BF002313
:1002400001231A078FE700BF243200205434002016
:1002500000C0FF0F3832002043B210F00F00F0B59D
:100260004FEAD3751ED0002BB4BF831C03465C1C21
:10027000404A04EB8404022802EB84026DD8012971
:1002800014D089B3937C03F00F035B0103F1824325
:10029000102293F8061102FA05F30B4214BF012055
:1002A0000020F0BD0129344A0346EAD1314903EB6D
:1002B000830301EB8301102491F8262002F00F0242
:1002C0005001202300F18240AC40AB40E4B2DBB2ED
:1002D00080F8054180F8093191F8273043F0080390
:1002E00081F827300020F0BD9E00224CF21804EB6C
:1002F0008202102092F8262002F00F02510101F133
:100300008241A84091F8067107421BD05201202774
:1003100002F18242AF40C0B25FFA87FE81F8040169
:1003200082F808E191F807213A420DD1334404EBF9
:1003300083042034E37903F00702012A10D06FF31D
:10034000C303E3710020F0BD012202FA05F5EDB20E
:1003500081F807E181F80451E8E76FF01100F0BD82
:1003600091F8060110F03000ECD160F3C303E371A3
:10037000F0BD00BF243200203832002070B400F0FD
:100380000F00124A4301D418D55864680228C4F3F8
:100390000D0418D8B9B103F1824393F80021112A52
:1003A0000ED193F8072112F0100007D06A682E686A
:1003B0004A6010220E60204683F8072170BC704707
:1003C0006FF01200FAE76FF01100F7E754340020E5
:1003D0002DE9F04F037A4FFA83F913F00F0387B03A
:1003E0003AD0B9F1000FB4BF9D1C1D465D4E05EB20
:1003F000850206EB820205F10108928C40F2FF3182
:1004000008EB88088A4206EB880850D0571EBFB216
:100410004168022B07EA010700F291800368B3F1FB
:10042000005F23D24FEA850B0BEB050306EB83033A
:100430001B6A002B00F092804FF0010A0BEB0504C1
:1004400006EB840404F1200294F827301B0730D512
:10045000022007B0BDE8F08F424EB28C40F2FF316F
:100460008A421DD006F114081D46CFE73E4C03EB2F
:10047000010EA645D6D813F00303D3D1B9F1000F6E
:1004800060DB8A42CED8002F60D04FEA850B0BEBA1
:10049000050206EB8202126A002A50D09A46CDE786
:1004A00041681D46C1F3090706F11408B6E717466F
:1004B000AEE7019005A8029200F0E0F8029A019BD5
:1004C000D07910F0400131D140F0400E82F807E0C1
:1004D00005A803930291019200F0D8F8039B019ABA
:1004E000186892F807E060614FEAD97060F3C71EA0
:1004F0006AF3451E58680299A06182F807E0E1613D
:100500005B7AC3B91F465D4406EB8506B9F1000F5F
:1005100096F8273067F3041386F8273040464FF0EB
:10052000000117DBFEF736FF002092E705A800F078
:10053000ADF801208DE7B7FA87F77F09E3E76FF0A1
:10054000110086E79A464FEA850B77E7BA464FEAED
:10055000850B73E7FEF764FE00207AE76FF0120068
:1005600077E700BF24320020FF1F032043B210F0C2
:100570000F0017D1F0B58100274D0A1805EB820254
:1005800083B092F8264025268DF80460FF2C4FF0AA
:100590004A068DF8056003D092F82720520608D449
:1005A00003B0F0BD002BB4BF821C0246022831D933
:1005B000704704F00F0202F108067701002B07F1E3
:1005C0008247B5BF4FF0800E4FF0400E87F804E031
:1005D00087F805E002AF07EBD373760152010144BF
:1005E00006F1824602F1824205EB810113F8040C08
:1005F000F07182F8080191F827602D69CA696FF3DC
:10060000861681F82760204602212B4603B0BDE8FC
:10061000F04018471046ADE724320020064B002971
:1006200008BF1946012803D008B9044B1960704768
:10063000024B5960704700BF1DF2010024320020B8
:10064000084B002908BF194630B1012807D00228FD
:1006500004BF054B19617047034B99607047024B0B
:10066000D96070471DF2010024320020FEF78EBFD2
:10067000FEF78CBFFEF78ABFFEF788BFEFF310834B
:10068000036072B6BFF35F8F704700BFBFF35F8F29
:10069000036883F310887047437930B4082B10D86F
:1006A000DFE803F0253B4D60748AA1051100038942
:1006B000013B9BB2038123B9428A837308230281E1
:1006C000437130BC70470389013B9BB20381002B0F
:1006D000F7D18189013989B28181002900F0B38085
:1006E000438A03810122072382734371E9E701787A
:1006F000002940F089804178002940F0CB80837840
:10070000002B40F01A81C378002B40F01881037948
:100710000425002BD5D0415D77E00389013B9BB2D6
:100720000381002BCDD1028AC37301240221C38A25
:100730000281B3FBF2F3847341714381C1E7038902
:10074000013B9BB20381002BBBD14389827B013BE0
:100750009BB282F0010243818273002B6DD0038A29
:100760000381AEE70389013B9BB20381002BA8D133
:10077000C279018A438A0181013201250424B3FB35
:10078000F1F382818573447143819AE70389013BC8
:100790009BB20381002B94D14389827B013B9BB2A6
:1007A00082F0010243818273002BD8D1428A837385
:1007B00005230281437184E70389013B9BB20381D6
:1007C000002B7FF47EAF8389013B9BB2838173B39F
:1007D000028A438A028101240421B3FBF2F3847369
:1007E000417143816DE70389013B9BB20381002B7B
:1007F0007FF467AF8379428A0281013301210722A6
:100800008381817342715CE7002511F0010349D1B6
:100810000133DBB241FA03F2D407F9D5848AC571FA
:1008200000210122837104818173427149E7428B67
:10083000837306230281437143E7028B837303238F
:10084000028143713DE78379C2790133DBB2072B23
:1008500085BF0132D2B219460B46042A15461BDD6C
:100860000478012254FA01F5C2731DD00022E90771
:1008700052D401250133DBB244FA03F1C907F9D59B
:10088000C2718371002D49D1028B857303230281CC
:10089000437116E70125B8E7845C54FA01F129D0C9
:1008A000C57BEBE70023B9E7437883BB02210B4606
:1008B000C35C002B45D14A1CD2B2052A0DD0835C03
:1008C0002BBB8A1CD2B2052A07D0835CFBB9CB1C98
:1008D000DBB2052B01D0C35CC3B9027812B124E0AE
:1008E000835C23BB0132D2B2AA42F9DD00238373B9
:1008F0004371E6E60132D2B2042AEED8835C33B902
:10090000A91CC9B205290B46D2D1E6E70422194633
:100910001C46C57B0023B1E7C2718371838A0381C2
:100920000022012382734371CBE6134600221D4649
:100930000123C3732C46002399E70225EBE6032528
:10094000E9E60A46E3E700BF40BA80B2704700BF5D
:1009500000BA70472DE9F04F87B00301DFF8A49289
:10096000019303441B0109EB0304009094F83B201E
:1009700009EB8202D2F88054002D00F0858009EB4B
:1009800003054035284617F01BFD00F1120189B21E
:100990004FF42072362003F0A5FE8046002800F0B8
:1009A0002B810023208F049303930593FFF7CCFF43
:1009B000ADF80C0001204FF480738DF80E0003A9F0
:1009C0000C224046ADF8103004F046F9013D0C26EB
:1009D0004FF6FE7B6B782E2B05F1010700F0C480EB
:1009E000002B00F0C6803D46002400E02BB115F836
:1009F000013F01342E2BE4B2F8D1A5EB070A1FFA10
:100A00008AFA234633445B4500F3A58022463146EB
:100A1000404604F07FFA731C5246344439469BB278
:100A2000404604F041F9A4B22A78661CB6B2002A06
:100A3000D0D13146404604F06DFA06A94FF00123AB
:100A400041F8103DA31C9BB20422404604F02CF94F
:100A50009DE80C00134409EB0313694A93F83F1017
:100A600093F83B3009EB810902EB8302D9F870045B
:100A70003523414608F0C0FB0446404603F0DEFF44
:100A8000204607B0BDE8F08FD9F80060403426B1A9
:100A900099F80830834200F0A780D9F80C302BB1C8
:100AA00099F8142000998A4200F09580D9F81830FE
:100AB0002BB199F8202000998A4200F08380D9F860
:100AC000243023B199F82C2000998A4271D00199E1
:100AD000009A8B1809EB031393F83F3032B199F861
:100AE0003A20022A5BD0009A012A06D099F84A21BE
:100AF000022A4FD0009A022A06D099F85A22022AD6
:100B000052D0009A032A03D099F86A23022A34D0DB
:100B1000032B14D809EB8303D3F8700408F040FCCE
:100B20009DE80C00134409EB0313042193F83F20C4
:100B300083F83F1009EB82030022C3F870249DE87C
:100B40000C001344002409EB0319204689F83A40AD
:100B500007B0BDE8F08F404603F070FF6FF005046A
:100B6000204607B0BDE8F08F00239A461C463D465C
:100B700048E79A461C463D4644E799F86F239A4257
:100B8000C6D19DE80C00134409EB0313042283F83B
:100B90003F20D4E799F84F219A42ABD1F1E799F879
:100BA0003F209A429FD1ECE799F85F229A42A8D160
:100BB000E7E72046D9F82820002198470023C9F804
:100BC000243084E7D9F81C200021204698470023D0
:100BD000C9F8183073E7D9F810200021204698474B
:100BE0000023C9F80C3061E7D9F8042029462046D3
:100BF000B047C9F8005050E74FF0FF3440E700BF5E
:100C000034390020B43400202DE9F0410401824D34
:100C1000231805EB0313064693F83A20022A44D022
:100C2000032A38D0012A1CD0BDE8F0812A8F9A42CD
:100C300017D095F84A21022A03D1B5F848219A42E3
:100C40000FD095F85A22022A03D1B5F858229A42B9
:100C500007D095F86A23022A0FD1B5F868239A4283
:100C60000BD116F085FF95F83A20022A83B2DDD029
:100C700095F84A21022AE4D1DFE734446749684AFB
:100C8000240125440C442B873046C4F80220BDE8DB
:100C9000F041FFF75FBE1A6BF2B9344405EB04155F
:100CA000002385F83A30BDE8F08193F83C20013A02
:100CB000D2B283F83C20002AB6D193F83D2001320D
:100CC000D2B2042A83F83D200CD083F83C20304671
:100CD000BDE8F041FFF73EBE013A1A63002ADCD0BE
:100CE000BDE8F08193F83B20002A4AD04D4BD5F85F
:100CF0000080A21903EB021303F11007B8F1000FF3
:100D000002D02B7AB34256D0EB6813B12A7DB2429F
:100D100058D0AB691BB195F82020B24259D06B6A0C
:100D20001BB195F82C20B2423ED0A31905EB03135A
:100D300093F83F308EB395F83A20022A61D0012E05
:100D40002BD195F85A22022A60D0032E03D095F8B1
:100D50006A23022A44D0032B9FD805EB8303D3F8E0
:100D6000700408F01DFBA31905EB0313042193F88D
:100D70003F2083F83F1005EB82030022C3F8702464
:100D80008BE7D5F884140029B0D0012183F83D20E9
:100D900083F83B1083F83C1099E795F84A21022A22
:100DA0002AD0022ECDD1D2E73846AA6A0021984730
:100DB00000236B62B9E76A6800213846C047002308
:100DC0002B60A1E72A690021384698470023EB6091
:100DD0009FE7EA690021384698470023AB619EE708
:100DE00095F86F239A42B6D14FF4887303FB0653EC
:100DF000042283F83F2050E795F84F219A42D0D142
:100E0000F2E795F83F209A4299D1EDE795F85F22F5
:100E10009A429AD1E8E700BFB4340020EC340020B5
:100E200002000100E4340020704700BF012800D90F
:100E30007047074B29B103EB80000A68C0F8802493
:100E40007047044A03EB80001368C0F88034EFE772
:100E5000B43400200004040008B50020FFF7D4FEDD
:100E60000120FFF7D1FE0220FFF7CEFE0320BDE8F0
:100E70000840FFF7C9BE00BF08B503F0EBF803F068
:100E80004DFA03F09BFA07F045FF04F097FAFFF7DD
:100E9000CBFFBDE8084007F0D9BE00BF2DE9F843FD
:100EA000002800F09480002900F091800546174644
:100EB0000E464FF420724FF49A713620984603F094
:100EC00011FC8146002800F08280032F1FD0B379E7
:100ED000002B68D03F4B1868D9F8044030604FF4BD
:100EE0009A720021204616F0B1FD01232370637031
:100EF00095F83430A3703068FFF72AFD042F606046
:100F00001DD0FB1F012B1AD9032F1AD113E07379BF
:100F1000032BDCD044684FF49A720021204616F06F
:100F200095FD01232370637095F83430A370306809
:100F3000FFF70EFD60607379043B012B01D86B68ED
:100F4000E36004F1200305F12E01994295F82E305B
:100F5000237795F82F30637705D205F1320304F13A
:100F60001C02934224D82B6BC4F81E3063236FF00D
:100F70007D0553203521012284F8F27084F8EC308D
:100F800084F8EF3084F8ED5084F8EE0084F8F01027
:100F900084F8F120B8F1000F02D00323A8F8003044
:100FA0004846BDE8F88316F0E3FD0A4B186093E766
:100FB00095F83030A37795F83130E37795F83230F3
:100FC00084F8203095F8333084F82130CEE74FF0A4
:100FD0000009E5E740390020002875D0416A002962
:100FE00072D010B58B6A00225C1C82B04A820BD092
:100FF000A2F177321E33A2FB03235B09B3F5803FD6
:1010000044D203B901238B82CB6A5A1C44D0364A9E
:101010001E33A2FB03235B09B3F5803F32D2002BC2
:101020005BD101234B810A6BCB81541C38D02E4CF1
:101030001E32A4FB02425209B2F5803F40D2002A80
:101040004ED101228A819A420A822ED9CB79002B75
:1010500030D00B6A00934A6A019222B9CA691340E0
:1010600043F0807301934B790A2B04D000230A22AA
:101070004A718B710B811C3101AB6A4603F040FA57
:1010800002B010BD4FF6FF734B81CCE74FF6FF73F4
:101090008B82CB6A5A1CBAD10A6B4B89541CC6D1BD
:1010A0008A899342D2D3002AD0D000234B81CB79B6
:1010B000002BCED10B7F1A0607D4FF230093CAE77B
:1010C0004FF6FF728A81BEE77047BF2B8CBF6FF06F
:1010D0007F434FF6FF730093BDE79BB24B81A2E7BE
:1010E00092B28A81AFE700BF8988888870B5254DA4
:1010F000EA78002382B004460362436212B1224BB5
:10110000DB6883622B7913B11F4B1B6901E0A36A73
:101110005B086A79E36212B11B4B5B6903E0A36A67
:10112000C3EBC303DB082363AB790A69E2613BB11C
:10113000154B9869FFF70CFC01232062E37100E076
:10114000E371EB7923B1104BD869FFF701FC6062C2
:101150002B7AA3B10C4E306AFFF7FAFB02AC44F8CD
:10116000040D00202146FFF761FE6B7A3BB1706AE7
:10117000FFF7EEFB214601900120FFF757FE02B07A
:1011800070BD00BFDC3B0020E83B00202DE9F047AC
:10119000456A6B79032B84B0074604D000230322F1
:1011A0006A71AB712B810DF10E030322294638467B
:1011B000FFF774FE0646002800F0B380BDF80E402D
:1011C000436804F1010E03F1F008A01CE11C221D8C
:1011D0001FFA8EFE80B2631D4FF0390C08F804C070
:1011E00089B24FF0020C92B29BB208F80EC04FF0D9
:1011F000040A08F800C04FF0400E322008F801E061
:1012000008F8020008F803A004F106091FFA89F99A
:10121000E869ADF80E90FFF79BFBE21D92B204F176
:101220000803010E4FEA104E9BB208F8091008F8A7
:1012300002E004F109014FEA102E08F803E089B238
:1012400004F10A0204F10B0392B29BB204F10C0EFA
:1012500008F801001FFA8EFE04F10D00372108F88E
:10126000021004F1100C08F803A080B204F10E0182
:1012700004F10F0204F11103012408F80E4089B2B1
:10128000032408F8004092B21C249BB21FFA8CF091
:1012900008F80140432B4FF006044FF0FF0108F817
:1012A0000240ADF80EC008F800103DD800215A1CCD
:1012B00092B2442A08F803101346F8D1F03291B2E2
:1012C000304603F0F1FA194B00975868184A432347
:1012D000314607F0F5FE0446304603F0AFFBAB792C
:1012E000FF2B18D00133DBB2092BAB7113D8C3EB42
:1012F000431203EB8203DB009BB20E4A03F2F313AB
:1013000082FB0312DB17C3EB62139BB220462B81D7
:1013100004B0BDE8F087142320462B8104B0BDE85B
:10132000F0874FF0FF34DAE71A46C7E7403900206C
:10133000FC030400D34D62102DE9F04784B000286F
:1013400000F0F480456A002D00F0ED806B79012BF0
:1013500004D0002301226A71AB712B810DF10E03C1
:10136000032229460646FFF799FD0746002800F0AC
:10137000BC80BDF80E404268631C02F1F0089BB2CD
:101380000222392108F8041008F80320A018B6F842
:101390002CE0E11C221D80B2631D4FEA1E2C89B295
:1013A00092B29BB208F800C04FF0040A322008F84D
:1013B00001E008F8020008F803A004F106091FFA8A
:1013C00089F9E869ADF80E90FFF7C2FAE21D92B212
:1013D00004F10803010E4FEA104E9BB208F8091001
:1013E00008F802E004F109014FEA102E08F803E0C2
:1013F00089B204F10A0204F10B0392B29BB208F81D
:101400000100362108F8021008F803A004F10C09C5
:101410001FFA89F9A869ADF80E90FFF799FA04F15F
:101420000D0292B204F10E03010E4FEA104E9BB270
:1014300008F8091008F802E004F10F014FEA102E35
:1014400008F803E089B204F1100204F1110392B22A
:101450009BB204F1120E08F801001FFA8EFE04F18F
:101460001300372108F8021004F1160C08F803A045
:1014700080B204F1140104F1150204F117030124F0
:1014800008F80E4089B2032408F8004092B21C24E8
:101490009BB21FFA8CF008F80140432B4FF0060472
:1014A0004FF0FF0108F80240ADF80EC008F8001038
:1014B0003FD800215A1C92B2442A08F80310134660
:1014C000F8D1F03291B2384603F0EEF91A4A1B4BCC
:1014D0005068019300964323194A394607F06CFD82
:1014E0000446384603F0AAFA01E04FF0FF34AB7926
:1014F000FF2B16D00133DAB2052AAA7111D84FF4A6
:101500007A7393409BB20F4A03F2F31382FB0312E8
:10151000DB17C3EB62139BB22B81204604B0BDE8FE
:10152000F0877823F8E76FF00504F6E76FF00F0413
:10153000F3E71A46C5E700BF403900200004040065
:10154000FC030400D34D62102DE9F041456A6A792D
:101550000023062A82B00646EB6103D00622AB7157
:101560002B816A714FF420724FF49A71362003F088
:10157000B9F8074600287CD0AB79DFF86C81002BE6
:1015800000F09780D8F800007C6828604FF49A72C9
:101590000021204616F05AFA01232370637096F852
:1015A0003430A3702868FFF7D3F906F13203606086
:1015B00004F11C02934296F82E30237796F82F30D0
:1015C000637705D904F1200306F12E02934275D802
:1015D000336BC4F81E300122352384F8F03084F8D0
:1015E000F12084F8F2206323786884F8EC3084F8E2
:1015F000EF306FF07D01532384F8ED1084F8EE3066
:101600003921022380F8F31080F8F430B38D80F88C
:10161000F6301B0A4FF0370C4FF0040E80F8F5300F
:1016200080F8F920FF231C210622032480F8F7C04C
:1016300080F8F8E080F8FD3080F8FB1080F8FC209E
:1016400080F8FA4036220021FE3016F0FFF94FF400
:101650009A71384603F028F9204B0193D8F804001A
:10166000009643231E4A394607F0A6FC384603F08D
:10167000E5F9AB79FF2B16D00133DAB2052AAA714E
:1016800011D84FF47A7393409BB2164A03F2F313C6
:1016900082FB0312DB17C3EB62139BB200202B818A
:1016A00002B0BDE8F081782300202B8102B0BDE8B4
:1016B000F08116F05DFAC8F8000065E796F8303062
:1016C000A37796F83130E37796F8323084F82030FB
:1016D00096F8333084F821307DE700BF0004040021
:1016E000FC030400D34D621040390020B24B2DE9B9
:1016F000F04FD3F804A0DAF824908BB09346B9F1F8
:10170000000F09D099F8043033B153892B2B03D93A
:1017100053681A78022A05D0584603F08FF90BB0A7
:10172000BDE8F08F9AF834204AB3187F9AF82E104B
:101730008842F1D1012A22D9587F9AF82F10884285
:10174000EAD1022A1BD0987F9AF830108842E3D160
:10175000032A14D0D87F9AF831108842DCD1042AA9
:101760000DD093F820009AF832108842D4D1052A7F
:1017700005D093F821109AF833209142CCD15868C3
:10178000FFF7E6F8D9F800309842C5D18B4B8B496A
:1017900000225A601A81BBF80A300A602B2BBBD991
:1017A0000492BBF80820CDF80CB04FF0F008CDF84B
:1017B00018A0CDF81C909346039D00E06B8943452B
:1017C000A8EB0301ABEB030209D82D681FFA81F8DF
:1017D0001FFA82FB002DF1D1DDF80CB09CE76A689E
:1017E0000192D84580F0458112F80810FF29424641
:1017F00000F03F8108F10206B6B24645ECD3C2467E
:10180000CDF81480CDF808B00AF1010098420746DF
:1018100080F22581019C224452783B2900F20E81FE
:10182000DFE811F03C005F000C0102010C010C012B
:10183000DC000C010C010C010C010C010C010C0171
:101840000C010C010C010C010C010C010C010C0130
:101850000C010C010C010C010C010C010C010C0120
:101860000C010C010C010C010C010C010C010C0110
:101870000C010C010C010C010C010C010C010C0100
:101880000C010C010C010C010C01F900D000C60088
:10189000BD000C010C010C01B500AC001FFA80FA70
:1018A0009A45C0F0E280029AAAEB030AD31A9BB2CF
:1018B0001FFA8AFA9A4502938ED22D68002D8BD09A
:1018C0006B680193019B13F80A10FF29524600F040
:1018D000D0800AF10206B6B25645FFF47DAF6B899F
:1018E00092E7042A7FF478AF0AF1040714464FF018
:1018F00006094FF6FD739F423FF76EAF0AF1020AE9
:1019000012FA8AFA1FFA8AFA2C4B13F809300022CD
:101910000992002B40F0D980284B03EB0908284B93
:1019200003EB890B1DE0042C40F2C080A2077FF47A
:1019300053AF4FF0010308F8013B0998FFF708F88F
:10194000331D9BB2043CB3424BF8040BE4B2FFF4EA
:1019500043AF98F8002009F101091E46002A40F023
:10196000B480042C274628BF04273A46334609A9E9
:10197000284603F039F9B842D5D02DE7042A7FF480
:101980002BAF0AF1040714464FF00509B1E7042A0A
:101990007FF422AF0AF1040714469146A9E7042A0E
:1019A0007FF41AAF0AF1040714464FF00209A0E7CA
:1019B000012AF1D010E700BF8CB50020DC3B0020ED
:1019C000E83B0020012A7FF407AF059BF02B7FF452
:1019D00003AF14464FF000098BE7002291077FF414
:1019E000FBAE082A144628BF082494423FF6F4AE02
:1019F00002EB0A004FF6FD7188423FF7EDAE0AF1A7
:101A0000020A12FA8AF21FFA82FA002C3FF448AF57
:101A10004FF0080978E7042A7FF4DEAE0AF10407E4
:101A200014464FF0030964E7032A7FF6D5AE02EBB4
:101A30000A074FF0070904245BE7002200293FF45E
:101A40002DAF02EB0A004FF6FD7188423FF7C4AE9E
:101A50000AF1020A12FA8AF21FFA82FA20E72A68C9
:101A6000002A34D052681278D7E6029B9A45FFF4D8
:101A700029AF994B1B7863B1984B97491B6800229B
:101A8000012B0A7000F0A280022B06D0032B00F07D
:101A90009B80049B002B00F0A280002304934FF056
:101AA0006C0B4FF02C08039B5B8985E600F093805C
:101AB000012C7FF491AE9DF82400874B4FF001027A
:101AC00003F80920854B43F829006B89E8E63B2998
:101AD000B3D801A252F821F09D180200D9170200D4
:101AE0003B1A0200D91702003B1A02003B1A0200FF
:101AF000DB1902003B1A02003B1A02003B1A0200EB
:101B00003B1A02003B1A02003B1A02003B1A020079
:101B10003B1A02003B1A02003B1A02003B1A020069
:101B20003B1A02003B1A02003B1A02003B1A020059
:101B30003B1A02003B1A02003B1A02003B1A020049
:101B40003B1A02003B1A02003B1A02003B1A020039
:101B50003B1A02003B1A02003B1A02003B1A020029
:101B60003B1A02003B1A02003B1A02003B1A020019
:101B70003B1A02003B1A02003B1A02003B1A020009
:101B80003B1A02003B1A02003B1A02003B1A0200F9
:101B90003B1A02003B1A02003B1A02003B1A0200E9
:101BA0003B1A0200D9170200D9170200D917020008
:101BB000D91702003B1A02003B1A02003B1A02002E
:101BC000D9170200D9170200012304934FF0EC0B40
:101BD0004FF06C0867E70998FEF7BAFE6DE73E4BD9
:101BE000DDF818A05B78DDF81C90DDF80CB0002B58
:101BF0003FF492AD394ADBF804401379052B1DD030
:101C0000062B2CD0022B7FF487AD99F80530062BDC
:101C10007FF482AD304B9B78002B3FF47DADDAF83A
:101C20002450BDF8103090682B81FEF791FEA8611A
:101C30002369EB615046FFF77FFB6DE599F80530AE
:101C4000012B28D0033B022B3FF666AD2146DAF884
:101C50002400FFF74BFA5046FFF7BEF95CE599F810
:101C60000530DA1E022A02D9012B7FF455ADDAF8CD
:101C700024305A790C2A04D000220C2159719A710F
:101C80001A81174B50461A46194602F039FC504645
:101C9000FFF75AFC40E52146DAF82400FFF726FA60
:101CA0009AF835301B07D6D5DAF824406379082B2B
:101CB00004D00499A1710823218163715046002248
:101CC00004F11C0101F084FDA379FF2B1CBF01333B
:101CD000A371012323811FE5DC3B0020E83B0020AA
:101CE00000040400436A53B15A790A2A0CD8DFE889
:101CF00002F0060B0B0707070B0B0B0B07007047D7
:101D000000229A71FFF742BA00229A71FFF71CBCB9
:101D1000002800F09D802DE9F043456A83B015B19D
:101D20006B79082B02D003B0BDE8F0830A68EB6939
:101D30009A42F8D100230C226A710446AB712B81C0
:101D40004FF420724FF49A71362002F0CBFC80469B
:101D5000002875D0AB79DFF82C91002B79D0D9F819
:101D60000000D8F8046028604FF49A7200213046D1
:101D700015F06CFE01233370737094F83430B37037
:101D80002868FEF7E5FD6168F160706004F13203D8
:101D900006F11C029A4294F82E30337794F82F30D3
:101DA000737705D206F1200304F12E02934255D831
:101DB000236BC6F81E3004233521012286F8F0106B
:101DC00086F8F12086F8F230D8F80470632286F89D
:101DD000EC2086F8EF20532132226FF07D0086F848
:101DE000ED0086F8EE1087F8F43087F8F320E86904
:101DF000FEF7AEFDFF23010C020A060E87F8F9304C
:101E000087F8F80087F8F61087F8F72000213A22C3
:101E100087F8F56007F1FA0015F018FE4FF49A7193
:101E2000404602F041FD154B0193D9F8040000949F
:101E30004323134A414607F0BFF8404602F0FEFD37
:101E4000AB79FF2B1CBF0133AB7114232B816AE7E5
:101E5000704715F08DFEC9F8000082E794F8303025
:101E6000B37794F83130F37794F8323086F8203035
:101E700094F8333086F821309DE700BF0004040059
:101E8000FC03040040390020F0B5446A6379052B57
:101E900085B0054604D0002305226271A371238119
:101EA0000DF10E03032221462846FEF7F7FF0646F2
:101EB00000287FD0BDF80E3040685A1CF03092B236
:101EC00002213927C75481545A18B5F82CC0DF1C99
:101ED00092B24FEA1C2EBFB2191D00F802E089B27F
:101EE0005A1D00F807C092B203F1060E4FF0370CEE
:101EF00000F801C01FFA8EFEDF1D4FF0040C00F841
:101F000002C0BFB203F108014FF0010C00F80EC08F
:101F100089B203F109024FF0030C00F807C003F186
:101F20000A0E92B21C270B3347549BB21FFA8EF154
:101F300006278754432B4FF0FF02ADF80EE04254C2
:101F40003BD800215A1C92B2442AC1541346F9D1FD
:101F5000F03291B2304602F0A7FC194B0095586858
:101F600004F118024323314607F0AAF8054630462B
:101F700002F064FDA379FF2B17D00133DBB2092BEC
:101F8000A37112D8C3EB431203EB82031B019BB274
:101F90000C4A03F2F31382FB0312DB17C3EB621349
:101FA0009BB22846238105B0F0BD28232846238113
:101FB00005B0F0BD4FF0FF35DCE71A46C8E700BFBB
:101FC00040390020D34D62102DE9F047446A84B0B7
:101FD00064B3627952B3A36903930A2A4FF00003F2
:101FE0000546A361E361236263622363E362A36244
:101FF000C4F80E30C4F8123020D0043A012A1DD99A
:102000005A4B28461A46194602F07AFA63791BB1F0
:1020100000236371A371238123793BB1544E357A38
:10202000013DEDB2357225B10023237104B0BDE846
:10203000F087706807F0B4F97560F5E74FF4207227
:102040004FF49A71362002F04DFB80460028D7D01D
:10205000A379DFF81C91002B00F08380D9F80000F1
:10206000D8F8046020604FF49A720021304615F0D1
:10207000EDFC01233370737095F83430B370206831
:10208000FEF766FC6968F160706005F1320306F1E5
:102090001C029A4295F82E30337795F82F307377DB
:1020A00005D206F1200305F12E0293424AD82B6B8C
:1020B000C6F81E3035210122072386F8F01086F875
:1020C000F12086F8F2306323D8F8047086F8EC30FB
:1020D00086F8EF300DF1100A6FF07D02532386F879
:1020E000ED2086F8EE303622042387F8F32087F8B7
:1020F000F4305AF8040DFEF72BFC030E020C87F89F
:10210000F80087F8F530000AFF2387F8F93087F8E0
:10211000F62087F8F7003A2207F1FA00002115F0BF
:1021200095FC40464FF49A7102F0BEFBD9F80400CA
:10213000009552464323414606F0C2FF404602F056
:102140007DFC5DE795F83030B37795F83130F37763
:1021500095F8323086F8203095F8333086F8213003
:10216000A8E715F005FDC9F8000079E700040400B0
:102170004039002000286ED0F8B590F83530DB07E4
:1021800066D5838D456AB3F5107F5ED30646F5B1FB
:10219000324F2B793C7A1BB3013CE4B23C72002CE9
:1021A00043D034220021284615F050FC01232B7126
:1021B00096F83530013413F004003C722FD16B795E
:1021C000022B30D00223A8716B712881F8BD342016
:1021D00002F028F80546002837D0204F70623C7A7C
:1021E00034220021284615F031FC002CDED107F006
:1021F000FDF8786048B3427A194942F020024272F1
:10220000442206F063FE43221549786807F098F8E7
:1022100022461449786807F0BFF83C7AC6E7304692
:10222000FFF792F970B90020F8BD786807F0B8F8A8
:102230007C603C7A34220021284615F007FC002CF3
:10224000B4D1D4E73046FFF7BFFE4FF0FF30F8BD02
:102250006FF00F00F8BD6FF00F007047403900209D
:1022600000040400ED1602002DE9F0476F4B1D68D5
:1022700084B0F5B16E4EDFF8C0816E4F6C6AACB1C0
:10228000617999B1A28A2AB1638A01339BB29A42D9
:10229000638211D0238A1BB15A1E012B228212D0D5
:1022A000E3891BB15A1E012BE28115D02D68002D48
:1022B000E4D104B0BDE8F0872846FFF785FE284644
:1022C000FFF758FFF2E701F0FB03012B15D00A29B5
:1022D00013D00429EAD115E001F0FB03012B01D052
:1022E0000A29E3D12846FFF7CFFDA389628A9B1A0A
:1022F000012BC4BF5B10E381D8E700230422627185
:10230000A37123810DF10E03032221462846FEF717
:10231000C5FD8146002866D0BDF80E3040685A1CC5
:10232000F03092B202214FF0390E00F803E08154F0
:102330005A18B5F82CA003F1030C92B24FEA1A21F7
:102340001FFA8CFC03F1040E81541FFA8EFE591DF6
:1023500000F80CA089B29A1D4FF0370A00F80EA0C1
:1023600092B203F1070C4FF0040A00F801A01FFA23
:102370008CFC03F1080E4FF0010A00F802A01FFACE
:102380008EFE03F1090103F10A024FF0030A0B3339
:1023900000F80CA092B24FF01C0C89B29BB200F86E
:1023A0000EC0432B4FF0060C4FF0FF0E00F801C09B
:1023B000ADF80E2000F802E005D800215A1CC154E7
:1023C00093B2442BFAD1F03399B2484602F06CFA3A
:1023D000D8F80400009543233A46494606F070FEBB
:1023E000484602F02BFBA379FF2B1CD00133DBB254
:1023F000092BA37117D8C3EB431203EB8203DB0055
:102400009BB203F2F31386FB0312DB17C3EB6213D9
:102410009BB2A28A618A2381531A012B7FF746AFB0
:102420005B10238242E71423F3E700BF60B500206E
:10243000D34D6210FC03040040390020F8B5264B50
:102440001C6804B30026012703E0013B2B812468AC
:10245000CCB1656A002DFAD02B89012BF5D8F6D1C5
:102460006B792E810C2B16D0062B14D0012B0BD0A0
:10247000082B1AD0032BEAD1AB79012B204628D99F
:10248000FFF762F8E3E7F8BDAB79052B204606D8E5
:10249000FEF752FFDBE72046FFF756F8D7E7FFF7D6
:1024A00093FD2046FFF766FED1E7AB79012B03D9F8
:1024B0002046FEF791FDCAE7002205F11C012046E7
:1024C00001F086F9AB792F81FF2B1CBF0133AB7173
:1024D000BDE7FEF75BFEBAE760B5002058B1406A81
:1024E00048B140790A2805D0043801288CBF002063
:1024F00001207047012070472DE9F04F83B08C46D2
:102500000192D24C002A00F0B283002800F0FF8133
:10251000217D002961D0056863689D4200F05F82DB
:10252000012900F079814FF0000B4FF00A0E618A0B
:10253000DA465E46F04694F82C90B9F1000F40F070
:10254000088294F844900123B9F1000F57D194F810
:102550005C90B9F1000F40F0C88094F87490B9F124
:10256000000F40F0A98094F88C90B9F1000F40F072
:10257000EF8094F8A490B9F1000F40F0CF8094F868
:10258000BC90B9F1000F40F0FC8094F8D490B9F100
:10259000000F40F0108194F8EC70002F40F0238180
:1025A0001CF0020F40F0D6820A2B019D81465DD0BF
:1025B0001F467900B9F1000F05D0CA1904EBC20219
:1025C000D9F800005060394404EBC1040022A56032
:1025D0006282184603B0BDE8F08F94F82C90B9F1F0
:1025E000000F24D14946CB46CA464B4694F8449046
:1025F0004FF00A0E7646F046B9F1000FA7D00568F5
:10260000626B954200F0F281B9F1010F00F0108188
:10261000B4F842708F4201D3394602260A2B94F84F
:102620005C9096D1B9F1000F60D1032395E74FF08C
:102630000A0E05688B468A460B467646F046E769E1
:10264000BD4200F0C581B9F1010F00F0DA80678D5D
:102650008F4224BF394601260A2B94F844907FF418
:1026600073AFB9F1000FCBD1022370E71CF0010F5B
:1026700000F070820A2E08D1B8F10A0F40F04581AF
:10268000BEF10A0F00F0668276464FEA460808EB74
:10269000060A4FEACA0A374654F80A0020B102F087
:1026A000CDF9002344F80A30B04404EBC8080022F6
:1026B000334688F814207CE70568626E954200F086
:1026C000AB81B9F1010F00F0C380B4F872708F4292
:1026D00001D3394604260A2B94F88C907FF445AF39
:1026E000B9F1000F35D1052343E70568E26C954247
:1026F00000F08381B9F1010F00F0B780B4F85A708F
:102700008F4201D3394603260A2B94F874907FF444
:1027100026AFB9F1000FD0D1042324E70568D4F81F
:102720009420954200F07081B9F1010F00F0AA8069
:10273000B4F8A2708F4201D3394606260A2B94F8CA
:10274000BC907FF41EAFB9F1000F1BD107231CE72B
:102750000568E26F954200F06681B9F1010F00F063
:102760009F80B4F88A708F4201D3394605260A2B20
:1027700094F8A4907FF4FFAEB9F1000FCFD10623F7
:10278000FDE60568D4F8AC20954200F05481B9F11B
:10279000010F00F09280B4F8BA708F4201D339462D
:1027A00007260A2B94F8D4907FF4F1AEB9F1000F0C
:1027B00002D10823EFE60568D4F8C420954200F062
:1027C0004281B9F1010F00F08680B4F8D2708F42D7
:1027D00001D3394608260A2B94F8EC707FF4DDAE5D
:1027E00017B90923DCE60568D4F8DC20954200F02F
:1027F0003281012F7DD0B4F8EA508D4228BF0926DE
:10280000CEE6A769002F00F00483678D5745FFF4DB
:1028100023AFBA46CE461FE72168002900F0DE82CA
:1028200000210A268B468E46B046B4F812A082E6F6
:10283000276B002F00F0C982B4F842705745FFF4AF
:10284000EDAEBA464FF0020EE8E600BF4C3900206C
:10285000276E002F00F0D482B4F872705745FFF451
:102860003AAFBA464FF0040E35E7A76C002F00F0E0
:10287000BE82B4F85A705745FFF446AFBA464FF0DF
:10288000030E41E7D4F89070002F00F08382B4F873
:10289000A2705745FFF452AFBA464FF0060E4DE70F
:1028A000A76F002F00F08882B4F88A705745FFF4B4
:1028B0005EAFBA464FF0050E59E7D4F8A870002F66
:1028C00000F07182B4F8BA705745FFF46AAFBA46A7
:1028D0004FF0070E65E7D4F8C070002F00F0A0821B
:1028E000B4F8D2705745FFF476AFBA464FF0080EF1
:1028F00071E7D4F8D810002900F09B82B4F8EA10F0
:10290000514528BF4FF0090E4AE64646BDE6237DF5
:102910000BB3012B00F021814FF00A0E658AF046BF
:1029200081460746064694F82C30002B00F087813C
:10293000012B00F0C883638D9D4240F227850A2356
:102940000A2B94F8441015D1002940F0AE800223E0
:1029500013E00A2373E694F82C30002B40F07181C9
:102960004FF00A0E7646F046054681460746034676
:1029700094F84410002940F0988094F85C100029E5
:1029800040F0818094F8741000296CD194F88C1078
:10299000002940F09B8094F8A410002940F0B880F2
:1029A00094F8BC10002940F0A28094F8D4100029BB
:1029B00040F0BF8094F8EC1000293FF4F1AD0129FC
:1029C00000F01681B4F8EA10A94228BF0926E7E50D
:1029D000276A019ABA427FF436AE0123F9E5A3686B
:1029E000019A9A427FF49CAD0023F2E5A26B019F0D
:1029F00097427FF409AE0223EBE5226D019F9742D7
:102A00007FF478AE0323E4E5D4F89820019F974241
:102A10007FF48AAE0623DCE5A26E019F97427FF425
:102A200050AE0423D5E5D4F88020019F97427FF46F
:102A300094AE0523CDE5D4F8B020019F97427FF4F2
:102A4000A6AE0723C5E5D4F8C820019F97427FF4BE
:102A5000B8AE0823BDE5D4F8E050019AAA427FF44D
:102A6000C8AE0923B5E5012900F08280B4F87210E0
:102A7000A94201D30D4604260A2B94F88C1087D165
:102A800021BB052387E7012900F08B80B4F85A1099
:102A9000A94201D30D4603260A2B94F874107FF443
:102AA00073AF0029DFD1042370E701296DD0B4F89A
:102AB0004210A94201D30D4602260A2B94F85C105D
:102AC0007FF45DAF0029DED103235BE7012900F02D
:102AD0008280B4F88A10A94201D30D4605260A2B3C
:102AE00094F8A4107FF459AF91B9062358E701294F
:102AF00000F08A80B4F8BA10A94201D30D46072627
:102B00000A2B94F8D4107FF452AF91B9082351E7FF
:102B1000012953D0B4F8A210A94201D30D460626CC
:102B20000A2B94F8BC107FF43DAF0029DFD10723B6
:102B30003BE7012976D0B4F8D210A94201D30D4663
:102B400008260A2B94F8EC107FF436AF00293FF4E6
:102B500048AE34E74FF0FF333BE52368002B00F02D
:102B6000B5820A26678AB046054681468646DAE679
:102B7000216E002900F08B83B4F87210B942FFF483
:102B80007BAF0F464FF0040E76E7216B002900F073
:102B90007583B4F84210B9428FD30F464FF0020E3E
:102BA0008BE7A16C002900F0D982B4F85A10B94221
:102BB000FFF472AF0F464FF0030E6DE7D4F890109C
:102BC000002900F0C282B4F8A210B942A8D30F467F
:102BD0004FF0060EA4E7A16F002900F06283B4F85D
:102BE0008A10B942FFF47BAF0F464FF0050E76E72F
:102BF000D4F8D810002900F05E82B4F8EA10B94287
:102C000028BF4FF0090ECBE4D4F8A810002900F03B
:102C10005183B4F8BA10B942FFF472AF0F464FF0C7
:102C2000070E6DE7D4F8C010002900F0A082B4F8B8
:102C3000D210B94285D30F464FF0080E81E7012329
:102C400096E6012B40F09D804FF00A0E7646F04646
:102C50000546814682460346A169002900F0DD81D0
:102C6000678D5745C0F005814FF0010E68E6237D62
:102C7000002800F07A81002B5BD0056861688D42E6
:102C80003FF4B2AE012B00F02A82019E678A4FF01A
:102C90000A0EF046B146B24694F82CB0BBF1000FD4
:102CA00000F0CF800A23E1698D423FF496AEBBF17C
:102CB000010F00F0F081618DB94201D30F4601266A
:102CC0000A2B94F8441044D1002945D1022394F8EA
:102CD0005C10002940F0B78094F87410002940F08F
:102CE000CA8094F88C10002940F0DB8094F8A4107E
:102CF000002940F0EC8094F8BC10002940F0FE80E0
:102D000094F8D410002940F0108194F8EC100029B8
:102D10003FF446AC0568D4F8DC2095423FF4A1AE00
:102D2000012900F0C381B4F8EA10B94228BF09268E
:102D300036E494F82CB04FF00A0EBBF1000F40F0CF
:102D40000C81019B7646F0461F4699469A4694F8B8
:102D500044100029BBD00568626B95423FF44BAE2E
:102D6000012900F08B81B4F84210B94201D30F461B
:102D700002260A2B94F85C10ABD1002964D10323FE
:102D8000AAE74FF00A0E658DF046814607460346D6
:102D90000126D5E5B4F8A2705F45FFF4CFACBB4681
:102DA0004FF00608CAE4B4F8BA705F45FFF4F9AC16
:102DB000BB464FF00708F4E4B4F88A705F45FFF4AF
:102DC000D6ACBB464FF00508D1E4B4F842705F457D
:102DD000FFF424ACBB464FF002081FE44FF00A0E8C
:102DE0008A4688467646B4F812B0FFF7A4BBB4F81A
:102DF0005A705F45FFF488ACBB464FF0030883E48C
:102E0000B4F872705F45FFF466ACBB464FF004083F
:102E100061E4678D5F45FFF41FACBB46C8461BE409
:102E2000B4F8D2705F45FFF4D6ACBB464FF008084B
:102E3000D1E4B4F8EA10594528BF4FF00908FFF76C
:102E4000AFBB012383E70568E26C95423FF4DAAD3E
:102E5000012900F05F81B4F85A10B94201D30F463E
:102E600003260A2B94F874107FF438AF21B9042399
:102E700037E7574664E50568626E95423FF4D1AD89
:102E8000012900F0EE80B4F87210B94201D30F4668
:102E900004260A2B94F88C107FF425AF11B9052372
:102EA00024E70568E26F95423FF4C3AD012900F0C5
:102EB000CB80B4F88A10B94201D30F4605260A2BFD
:102EC00094F8A4107FF414AF11B9062313E7056832
:102ED000D4F8942095423FF49DAD012900F0A680DE
:102EE000B4F8A210B94201D30F4606260A2B94F873
:102EF000BC107FF402AF11B9072301E70568D4F8CD
:102F0000AC2095423FF49DAD012900F01081B4F84A
:102F1000BA10B94201D30F4607260A2B94F8D410F1
:102F20007FF4F0AE11B90823EFE60568D4F8C420A9
:102F300095423FF48EAD012900F0DE80B4F8D21046
:102F4000B94201D30F4608260A2B94F8EC107FF4FF
:102F5000DEAE00293FF445ACDDE6019B0568764610
:102F6000F0461F4699469A469DE6002B47D0012B16
:102F700000F093824FF00A0E658AF04607468146BC
:102F8000064694F82C30002B40F09D81012394F8E4
:102F90004410002940F0618194F85C10002940F051
:102FA0004A8194F87410002940F0338194F88C1011
:102FB000002940F01C8194F8A410002940F00581FC
:102FC00094F8BC10002940F0EE8094F8D410002949
:102FD00040F0D68094F8EC1000293FF4E1AA0129D2
:102FE0007FF4F0ACD4F8D810002900F06082B4F877
:102FF000EA10494528BF4FF0090EFFF7D1BA94F8FF
:103000002C30002B40F07281019B4FF00A0E764667
:10301000F0461D461F469946B9E7618D4945FFF4C4
:1030200028AF894657464FF0010889E4D4F890103C
:10303000002900F08881B4F8A2105145FFF456AF82
:103040008A464FF0060E51E7A16F002900F08C81EF
:10305000B4F88A105145FFF432AF8A464FF0050E9E
:103060002DE7216E002900F08881B4F872105145D7
:10307000FFF40FAF8A464FF0040E0AE7216B0029D8
:1030800000F02582B4F842105145FFF472AE8A4632
:103090004FF0020E6DE6A169002900F02182618DDA
:1030A0005145FFF40DAE8A46DE4609E6D4F8D81045
:1030B00000297FF423ACB4F8EA10494528BF4FF04B
:1030C0000908FFF76DBABA460A23C5E54FF00A0EA4
:1030D0007646B4F8129005460746804623E42368F6
:1030E000002B00F00582DDF804E0B4F812A00A26F7
:1030F000B0467746F146CFE5D4F8C010002900F07D
:103100000B82B4F8D2105145FFF41EAF8A464FF03F
:10311000080E19E7A16C002900F0F581B4F85A10E7
:103120005145FFF49EAE8A464FF0030E99E6D4F85F
:10313000A810002900F09F81B4F8BA105145FFF49F
:10314000ECAE8A464FF0070EE7E6B4F8A210494508
:10315000FFF4E6AC89464FF00608E1E4B4F85A10F3
:103160004945FFF499AC89464FF0030894E4B4F85C
:10317000D2104945FFF4E5AC89464FF00808E0E479
:10318000012900F06C81B4F8D210A94201D30D4698
:1031900008260A2B94F8EC107FF41EAF00297FF468
:1031A0001EAFFFF71EBB012900F03B81B4F8BA1037
:1031B000A94201D30D4607260A2B94F8D4107FF4B8
:1031C00006AF0029DCD1082304E7012900F01D81A6
:1031D000B4F8A210A94201D30D4606260A2B94F892
:1031E000BC107FF4EFAE0029DDD10723EDE6012905
:1031F00000F0E580B4F88A10A94201D30D460526F7
:103200000A2B94F8A4107FF4D8AE0029DDD1062350
:10321000D6E6012900F0C880B4F87210A94201D3A3
:103220000D4604260A2B94F88C107FF4C1AE0029B9
:10323000DDD10523BFE6012900F0AB80B4F85A10B8
:10324000A94201D30D4603260A2B94F874107FF48B
:10325000AAAE0029DDD10423A8E6012969D0B4F87B
:103260004210A94201D30D4602260A2B94F85C10A5
:103270007FF494AE0029DED1032392E6B4F8421025
:103280004945FFF41AAC89464FF0020815E4B4F83A
:1032900072104945FFF4F0AB89464FF00408FFF780
:1032A000EBBBB4F88A104945FFF419AC89464FF0DE
:1032B000050814E4B4F8BA104945FFF421AC894676
:1032C0004FF007081CE4012B00F02F81638D9D4215
:1032D0009DBF1D4601260A230A230A2B94F8441099
:1032E0007FF457AE0029B8D1022355E6012B10D147
:1032F0004FF00A0E7646F0460546074681460346DD
:10330000A16979B1618D4945E7D389464FF0010E36
:10331000E3E74FF00A0EF046658D07468146034607
:103320000126DAE7618DB942D7D30F464FF0010885
:10333000D3E7216B81B1B4F84210494595D3894652
:103340004FF0020E91E7B4F8A2104945FFF4CEAD5C
:1033500089464FF00608C9E5B4F84210B94284D353
:103360000F464FF0020880E7B4F88A104945FFF491
:10337000A6AD89464FF00508A1E5B4F8721049459D
:10338000FFF487AD89464FF0040882E51D460A2305
:10339000FEE4A16CF1B1B4F85A104945FFF454AF02
:1033A00089464FF0030E4FE7216EE1B1B4F8721079
:1033B0004945FFF437AF89464FF0040E32E7A16F5D
:1033C000D1B1B4F88A104945FFF41AAF89464FF0DD
:1033D000050E15E7B4F85A10B942FFF435AF0F46A1
:1033E0004FF0030830E7B4F87210B942FFF41AAF97
:1033F0000F464FF0040815E7B4F88A10B942FFF4FD
:10340000FFAE0F464FF00508FAE6D4F89010A1B1D0
:10341000B4F8A2104945FFF4E1AE89464FF0060E1C
:10342000DCE6D4F8A81089B1B4F8BA104945FFF425
:10343000C3AE89464FF0070EBEE6B4F8A210B942FB
:10344000FFF4CCAE0F464FF00608C7E6B4F8BA104A
:10345000B942FFF4B1AE0F464FF00708ACE6D4F81E
:10346000C01089B1B4F8D2104945FFF492AE894634
:103470004FF0080E8DE6B4F8BA104945FFF44DAD93
:1034800089464FF0070848E5B4F8D210B942FFF476
:1034900080AE0F464FF008087BE623687BB10A2612
:1034A000B046B4F8129005460746864669E5B4F87A
:1034B000EA10B94228BF4FF00908FFF771B84FF082
:1034C0000A0E7646678A05468146804659E5B4F875
:1034D00042104945FFF44DAC89464FF0020848E4DC
:1034E000618D4945FFF4ECAB8946D846FFF7E8BB50
:1034F000DDF80480B4F812904FF00A0E7646474685
:10350000C246FFF7C9BBB4F85A104945FFF4A9AC4D
:1035100089464FF00308A4E4B4F8D2104945FFF4FB
:1035200013AD89464FF008080EE50A23E8E600BF10
:103530002DE9F04F3C4CDFF8F88085B004F1F00540
:103540000026277D77B1638A01339BB2B3F5967F5E
:1035500063820FD2012F0BD0032F15D0042F01D17E
:10356000022323751834AC42EBD105B0BDE8F08FCF
:10357000042B0FD9206810B101F060FA266026757F
:103580001834AC42DDD1F0E7042323751834AC4283
:10359000D7D1EAE74FF420721C210E20D4F808900E
:1035A00001F0A0F809F12E02834603920028D9D039
:1035B0003846DBF804A0FDF7C7F9039AAAF806001D
:1035C0001168CAF80810194B9188AAF80C101868ED
:1035D0009988CAF81200AAF81610D9F80410CAF887
:1035E0000E106168CAF8181004218AF805104FF00F
:1035F000080E062040F606018AF804008AF802E068
:103600008AF800608AF801708AF8036043460091E6
:103610004846594605F064FF1834584601F00EFA42
:10362000AC428ED1A1E700BF4C390020B4050400A4
:10363000AC050400002978D02DE9F04746683388AE
:10364000B3F5807F84B00D46044605D0204601F0D6
:10365000F5F904B0BDE8F0873379062BF6D173791C
:10366000042BF3D17388082BF0D12846314606F09D
:10367000CDF96F68D6F80E000390B36906F108081B
:10368000002F54D0BB4251D10127BA46002840D068
:10369000294600F05BFC814600283AD1039B03F0E9
:1036A000F003E02B35D051462A4603A8FEF724FF4D
:1036B00000282EDBDFF814E100EB4001C9000EEB1F
:1036C00001024FF0020A4FF0180C0C2382F814A0EC
:1036D000956010FB0C33D8F800004EF803007344DB
:1036E000B8F8040098805EF801A0A2F81290BAF130
:1036F000000F0ED04FF40063009305F12E024EF838
:10370000019043465146284605F0EAFE504601F036
:1037100095F9F388B3F5807F0CD0B3F5007F95D190
:10372000284603A9FEF7F4FA90E7704700274FF008
:10373000020AABE7002F89D04FF420721C210E2023
:1037400000F0D0FF05F12E09074600283FF47EAFB8
:1037500002207E68FDF7F8F8F080D9F80030B360F9
:10376000B9F80430B381D8F80030C6F81230B8F890
:103770000430F3826A68039BC6F80E20B361062208
:10378000042373713271AA880E4B33604FF6A9631C
:103790009A420CD040F60601009143464A4628461C
:1037A000394605F09DFE384601F048F94EE740F6EF
:1037B000060300934A462846034B394605F090FE1F
:1037C000F1E700BF00010800AC0504004C390020FF
:1037D0002DE9F04F0D4685B004460146286817468E
:1037E00000F0B4FB002840F0A4802B6803F0F00246
:1037F000E02A00F09E80002B00F09B8022460121F1
:103800002846FEF779FE002871DBC6B24FEA46096A
:10381000DFF8608109EB060308EBC30304F12E0A0D
:103820001A7D52B1002F00F08980012A4FF0FF303D
:103830004CD860D005B0BDE8F08F012018754FF46A
:1038400020721C219C600E2000F04CFF8346002853
:1038500000F08880DBF8043003930120FDF774F852
:10386000039B424AD880DAF800109960BAF8040045
:10387000116892889881C3F81210DA826268C3F8DE
:103880000E202A689A6101225A704FF0080E002516
:103890000620042140F6060283F802E018715971EF
:1038A0001D70DD705946324B00922046524605F09D
:1038B00017FE584601F0C2F82846002FBAD009EB8F
:1038C000060308EBC3031A7D012AB2D9182303FBB0
:1038D00006834FF400655246394620460C33009566
:1038E00088F8F06005F0FCFD05B0BDE8F08F40B24F
:1038F00005B0BDE8F08F57B13B7B59062AD43B4653
:1039000002E01A7B520625D41B68002BF9D13846F9
:1039100001F0D6F8DFB109EB060358F8330008B11F
:1039200001F08CF84E44002048F8367005B0BDE830
:10393000F08F6FF00F0005B0BDE8F08F4FF42072EC
:103940001C210E2000F0CEFE8346002882D14FF0CD
:10395000FF306FE73A464FF420710E2001F0F6F980
:103960000746D7E74FF0FF30A7E700BFB4050400D4
:10397000AC0504004C3900202DE9F04F054687B016
:103980000E4610682946914600F0E0FA002840F003
:103990008680D9F8002002F0F003E02B00F0A3802D
:1039A0006B68A96853400B420FD093B24FF6A961E0
:1039B0008B420AD07368DB689BB28B4205D0EA6801
:1039C000002A00F0188105F10C09B64C94F8F0704B
:1039D0004FEA470808EB070304EBC303187D0128EF
:1039E00002D999688D4267D0237D012B03D9A16844
:1039F0008D4200F0908094F82C30012B03D9216A7D
:103A00008D4200F08F8094F84430012B03D9A16BD4
:103A10008D4200F08E8094F85C30012B03D9216D2B
:103A20008D4200F08D8094F87430012B03D9A16E83
:103A30008D4200F08C8094F88C30012B04D9D4F89E
:103A400080108D4200F08A8094F8A430012B04D9B4
:103A5000D4F898108D4200F0888094F8BC30012B87
:103A600004D9D4F8B0108D4200F0878094F8D43097
:103A7000012B04D9D4F8C8108D4200F08E8094F840
:103A8000EC30012B03D9D4F8E0108D427DD03246C2
:103A900049462846FFF79CFE07B0BDE8F08F824BF1
:103AA0004FF400620092314605F12E02284605F0DF
:103AB00017FD07B0BDE8F08F5968914294D10228F4
:103AC00000F04581182303FB074404F10C0905F1BC
:103AD0002E0A4FF400644B46524631462846009465
:103AE00005F0FEFCD8E799F8013099F8021099F832
:103AF00003208DF8110003F07F0301245E208DF870
:103B000013308DF810408DF812008DF814108DF8D8
:103B1000152004ABC4E7616891427FF46CAF0022CA
:103B2000174641E0E1698A427FF46DAF01221746F2
:103B30003AE0616B8A427FF46EAF0222174633E0AF
:103B4000E16C8A427FF46FAF032217462CE0616E6E
:103B50008A427FF470AF0422174625E0E16F8A4263
:103B60007FF472AF052217461EE0D4F894108A4203
:103B70007FF473AF0622174616E0D4F8AC108A42E1
:103B80007FF474AF072217460EE0D4F8DC109142A0
:103B90007FF47DAF0922174606E0D4F8C4108A42AC
:103BA0007FF46DAF08221746022B84F8F02010D066
:103BB00007EB470704EBC70404F10C0305F12E08DB
:103BC0004FF40064424631462846009405F088FCD4
:103BD00062E74FEA470909EB0703DB00E218528A64
:103BE000B2F58E7F64D8B2F5877F07D20C332344B9
:103BF00005F12E08E4E76FF003004DE74FF4207263
:103C00001C210E2003F10C0A029300F06BFD029BB5
:103C10000433A2448346039305F12E08002800F0E4
:103C20004181DBF8042002920120FCF78DFE029A0C
:103C30001E49D080D8F800009060B8F804E0086809
:103C40008988A2F80CE0C2F81200D1826968039B4F
:103C5000C2F80E10E35893610621042311715371C9
:103C6000A8880121517000234FF6A9618842137082
:103C7000D3704FF0080E40F6060382F802E0594672
:103C8000009342460CBF084B534628464F4405F06C
:103C900027FC04EBC704584600F0D0FE032253462D
:103CA00022758DE74C390020AC050400B4050400F2
:103CB0004FF420721C210E20029300F013FD029B92
:103CC00082469B461A1D05F12E08002800F0EC8064
:103CD000DAF80430039201200293FCF735FE029BD0
:103CE0007549D880D8F800009860B8F804E00868F2
:103CF0008988A3F80CE0C3F81200D9826968039A96
:103D0000C3F80E10A2589A610621042219715A7143
:103D10004FF0080E00220121597083F802E01A705A
:103D2000DA7040F606034246514600932846634B3C
:103D300005F0D6FB504600F081FE09EB070204EBCC
:103D4000C2020BF10C0303212344117538E75B8A8F
:103D5000B3F58E7F56D8B3F5877FFFF4B3AE07EB8C
:103D60004703DB0003F10C094FF4207204331C21DC
:103D70000E20029300F0B6FCA144834605F12E0A02
:103D800000283FF4A6AEDBF8043003930120FCF7D3
:103D9000DBFD039B484AD880DAF800109960BAF836
:103DA000040011689288C3F812109881DA826A6858
:103DB000C3F80E20029AA2589A61062104221971B2
:103DC0005A71A888012159704FF0080E00224FF651
:103DD000A961884283F802E01A70DA7040F606039F
:103DE000009352460CBF354B4B4659462846474434
:103DF00005F076FB04EBC704584600F01FFE0322D3
:103E0000227566E61C214FF420720E2000F06AFC39
:103E100007EB47094FEAC909834609F1040105F197
:103E20002E0A002843D0DBF80430039101200293CE
:103E3000FCF78AFD029B204AD880DAF800009860DF
:103E4000BAF804E010689288A3F80CE0C3F81200F6
:103E5000DA826A680399C3F80E2062589A610621D3
:103E6000042219715A714FF0080E00220121597075
:103E700083F802E01A70DA7040F60603524659469B
:103E8000009328460D4B05F02BFB584600F0D6FD5D
:103E900008EB070204EBC20209F10C090321A1445B
:103EA000117516E653468BE60C33234488E609F178
:103EB0000C09A1440DE600BFB4050400AC050400E4
:103EC0002DE9F0414FF4207282B0064688460E205C
:103ED0001C2100F007FC90B3054601206C68FCF73C
:103EE00033FD06F12E07E0803A68164BA260B988D0
:103EF0001A689B88A181C4F81220E3827368C4F811
:103F00000E30D8F80030A361042363710622002329
:103F100022712370E3700122082040F606036270CC
:103F2000A0703A4600932946074B304605F0D8FA70
:103F3000284600F083FD002002B0BDE8F0814FF07C
:103F4000FF30F9E7B4050400AC050400431E033359
:103F500014D891F8353013F002030DD04B68984215
:103F60000AD08A684340134206D1D24332EA0003A2
:103F70000CBF0120002070470020704701207047CF
:103F80002DE9F04182B002AE036846F8043D2F4DA2
:103F90002F4C0DF1080C00274FF02E0E96F80080E4
:103FA000002000E01046A4FB0831C90801EB8103A2
:103FB000A8EB43030DF108088044303303F0FF03FE
:103FC000421C08F8083CD2B201F0FF080029E9D1F0
:103FD00006F8018B2AB30F2F07F101011DDC421EE9
:103FE0002B70D3B26A1CF0B10F2907F1020814DC60
:103FF00002AA1A44023812F8082C6A70C0B2AA1C2D
:104000000BB3B8F10F0F07F1030106DC02AB034459
:10401000EA1C13F8083CAB7028B1002002B0BDE8E0
:10402000F0812A4639460F2901F10107F5DC664582
:1040300082F800E002F10105B0D1044800231370BA
:1040400002B0BDE8F0814146EDE700BF403A0020F4
:10405000CDCCCCCC0A4B0B4A70B423F0030303F550
:1040600080514FF48056002501241E601D714FF0D1
:1040700010200C71516008601360936070BC704731
:10408000133C0020503A0020002866D0830764D1FA
:10409000334B1968A0F108028A425ED32DE9F04340
:1040A0005C6800F10C05AC4258D310F8045C002D9C
:1040B00054D030F8085CB5F5805F4FD830F806EC86
:1040C000BEF5805F4AD8A2EB010C1FFA8CFCF445C8
:1040D00001EB0E0703D031F80E6066453ED14E1954
:1040E000B44203D0B6F80280E04537D1D3F8088057
:1040F0004FF00009424500F8049C01D29A609046B6
:10410000B24217D096F80490B9F1000F12D1B44220
:1041100010D0358820F8085C3488464508BF9A607E
:10412000B4F5805F06D00C44A4F802C030F806EC69
:1041300001EB0E07BA4211D03E797EB99E683D80F0
:10414000B24208BF9F6030F8083CB3F5805F05D0ED
:104150001944A1F802E0BDE8F0837047BDE8F083A0
:10416000503A0020CB1C23F003039BB20B2B3AD90F
:10417000B3F5805F51D899424FD8F0B5284D2A68E1
:1041800082422FD8696888422CD2A0F1080130F809
:10419000086C891A89B2A6F10804641AA4B29C4278
:1041A0001FD31FD002EB060E9EF80470EFB103F18F
:1041B0001407A74216D801F1080423449BB2AF6844
:1041C000D418A74288BFAC6000252571D652618003
:1041D00020F8083CD15AB1F5805F03D00A445380DF
:1041E000F0BD0020F0BD0C23C5E701F10807AC6865
:1041F00032F806C03B449BB2744502EB030408BF8F
:10420000AC600025A4F800C06180257120F8083C4E
:104210002188B1F5805FE1D1E4E70020704700BF5D
:10422000503A0020002851D02DE9F041C61C26F05C
:104230000306B6B20B2E27D9B6F5805F21D8B0425F
:104240001FD82B4FD7F808E03968AEEB0105ABB2A9
:10425000C6F5805C63451D4613D26FF0070806E083
:10426000CB5A1A44964211D99C451D4609D9C81803
:10427000A8EB03020479002CF2D0CD5A2B469C45C2
:10428000F5D80020BDE8F0810C26D8E706F1140C23
:10429000624507D201241A460471864517D00830BA
:1042A000BDE8F08106F108022A4492B28E184FF060
:1042B000010C34718B527580028080F804C08B5AD7
:1042C000B3F5805FE9D00B445A80E6E770477C681D
:1042D000A04205D10346BB60E1E7A34205D01A889E
:1042E0008B181A79002AF8D1F5E72346F3E700BFC7
:1042F000503A002038B501FB00F4A3B29C420AD129
:104300001846FFF78FFF054618B12246002113F02B
:104310009DFB284638BD0025284638BDF0B5134F13
:10432000134B144D07F1240CA7F10C0204244FF099
:10433000000E033323F00303C5F800E064B100214D
:1043400016880A4600E003460132A242196003EBD8
:1043500006002B601946F6D1BC4505D057F8042F4E
:10436000956853685488E4E7F0BD00BF100404006A
:10437000244C00205C3A0020092809D8054B03EBA7
:104380008000C3689B68186818B102681A6070479B
:104390000020704704040400092808D839B1044BF0
:1043A00003EB8000C3689B681A680A601960704755
:1043B000040404006FF00B00704700BF704700BF9B
:1043C0002DE9F04182B0099F00287FD0002F7DD0D9
:1043D000DFF82481089DDFF824E1064644480C46B6
:1043E00098F8001086F83810002A08BF024600210D
:1043F0007160B160F16086F835107162B162126867
:1044000035628C4208BF04460A9DB1858B4208BFC5
:104410000346F16135612168C6F814E0002A59D0DD
:10442000B2601B6803B1F36069BB3046B84700282F
:104430004CD1304F96F838103C68FF2904BF86F8FD
:104440003800002164B194F838308B4214D02346F0
:1044500003E093F838208A420ED01B68002BF8D175
:10446000FE290ED04B1CDBB23046346088F8003099
:104470003E6002B0BDE8F0810131C9B286F8381063
:10448000DBE70023F0E72368002BCED0002201A950
:1044900068468DE80C0001F099FF01A9684604F018
:1044A000B3FF01A9684600F0D5FD96F835302268C3
:1044B000726003F00501052910D0F369002BB4D018
:1044C000304698473046B8470028B2D0002002B0A6
:1044D000BDE8F0811B68002BA5D1A5E7002AECD030
:1044E0001B07EAD5311D3046FFF7EAFCE5E700BFC0
:1044F0000004040060B50020843A0020B5430200A7
:10450000F0B53D4D002914BF0E462E4604463068D6
:10451000002A14BF17462F4683B0002B18BF1D4634
:1045200070B13B68A26893424FF000012AD0A360AB
:104530002B68E268934200D0E36049B303B0F0BD5A
:104540006368CBB101A901906846009301F03EFF7A
:1045500001A9684604F058FF01A9684600F07AFDF9
:1045600094F835203368636002F00501052939D0DD
:10457000E3690BB1204698473B68A26893424FF02D
:104580000101D4D12B68E2689342D5D10029D5D15D
:10459000636832689A42D1D001A9684601920093BB
:1045A00001F014FF01A9684604F02EFF01A9684636
:1045B00000F050FD94F835203368636002F0050187
:1045C000052906D0E369002BB8D02046984703B0F0
:1045D000F0BD002BF6D01307F4D5211D2046FFF7C0
:1045E0006FFCEFE7002BC3D01207C1D5211D204679
:1045F000FFF766FCBCE700BF00040400014B186035
:10460000704700BF64B50020F0B110B590F83520B8
:10461000D10704460CD4C36942F0010280F835206A
:1046200013B1984794F8352002F00503052B00D00C
:1046300010BD6368002BFBD01307F9D5211D204660
:10464000BDE81040FFF73CBC704700BF00B310B599
:1046500090F835205107044600D510BD42F0040201
:1046600080F83520FDF73EFB204605F023F994F84D
:10467000353003F00502052AEFD16268002AECD03C
:104680001B07EAD5211D2046BDE81040FFF718BCE6
:10469000704700BF68B1084B1A6812B907E012688A
:1046A0002AB192F838300133DBB29842F7D1104684
:1046B000704702461046704760B50020074A084B15
:1046C000106800221A7010B906E0C06820B1436F6C
:1046D000002BFAD001F0CABE704700BF70B50020B1
:1046E00068B50020412A2DE9F8431446894663D075
:1046F0005BD9B2F5C17F87B22BD0B2F5207F56D1FE
:10470000FB1CCA1C22F0030223F0030313449BB2D8
:104710000546934203F1100080B248D3824246D846
:10472000FFF780FD8046002843D0002143190A4648
:1047300069F30F024A48C8F80C00133323F003034F
:1047400069F31F4288E80A00C8F808204046BDE81F
:10475000F8830026434DB04640F2EC5409E0306047
:10476000A9EB03031FFA83F900270646B9F1000FEE
:104770001FD00920FFF700FEFB1C23F00303E31A00
:104780009BB2074413374B4528BF4B46002227F006
:10479000030730B380E88400A0F808904381C56027
:1047A000B8F1000FDBD18046DAE7012A04D04FF0E0
:1047B00000084046BDE8F8830820FFF7DDFD80468D
:1047C0000028F6D00023012204734373C37382735D
:1047D000A0F80890A0F80A90036043604046BDE846
:1047E000F883214B01221A70B8F1000FDFD098F83E
:1047F0000E30013BDBB288F80E30002BD7D198F891
:104800000D30D8F800409B0717D498F80C3003F00F
:104810000F03022B1AD0012B1DD09BB1002CC6D048
:10482000A37B013BDBB2A373A046002BBFD198F85A
:104830000D30D8F800409B07E7D5D8F81030404637
:104840009847EBE74046FFF71FFCE7E741460920A2
:10485000FFF7A2FDE2E741460820FFF79DFDDDE7F7
:10486000800001008200010068B5002070B40330B0
:1048700020F00300BDF81050039C0E18AE420FD874
:1048800004B104441846022601250023027346732E
:104890008573C373446001814181036070BC7047BC
:1048A000002070BC704700BF38B503898B4239D9EE
:1048B00042890D469542A3EB0101044689B201D815
:1048C00008E023895B1A23812468AD1A6289ADB29E
:1048D000AA42F6D3237B190704D1954202D0637B09
:1048E0009A0730D5206865812581C0B1837B013B63
:1048F000DBB283739BB9437B05689B0716D4037BAC
:1049000003F00F03022B14D0012B17D05BB135B18C
:10491000AB7B013BDBB2AB732846002BEBD0002313
:10492000236038BD38BDFFF7AFFBF0E70369984758
:10493000EDE701460920FFF72FFDE8E701460820D3
:10494000FFF72AFDE3E763681B1BE918204689B2DD
:10495000FFF708FC0446C5E758B1B1F5803F08D21F
:1049600009B90846704703898AB213449BB29A4238
:1049700001D90120704730B490F90C40002C02DBC3
:10498000012030BC7047446800F11005611AA9424B
:10499000F6D3448941602244038142810020F0E73C
:1049A00098B1B1F5803F10D289B143898AB29A4259
:1049B0000BD830B4456804899B1A2944A21A438154
:1049C0004160028130BC00207047012070470846DA
:1049D000704700BF002930B404DB58B391B9002000
:1049E00030BC704730B3494243898AB29A4221D8D9
:1049F000456804899B1A2944A21A438141600281B7
:104A00000020EDE703898AB213449BB29A4211D881
:104A100090F90C40002C07DB4468611A448941601E
:104A2000224403814281DAE7456800F11004691AE3
:104A3000A142F3D2012030BC704700BF38B578B333
:104A4000857B013DEDB285738DB129E0037B03F0D9
:104A50000F03022B1AD0012B1DD0A3B10135EDB2EB
:104A60007CB1A37B013BDBB2A37320464BB9437BF4
:104A700004689B07EAD5036901359847EDB2002C1D
:104A8000EFD1284638BDFFF7FFFAE7E701460920D6
:104A9000FFF782FCE2E701460820FFF77DFCDDE737
:104AA0000025284638BD00BF38B100230068013317
:104AB0009BB20028FAD1184670470346FBE700BFB7
:104AC00010B1837B01338373704700BF98B191B1FC
:104AD000026830B40AB90FE0224603890D891468D0
:104AE0002B4403811046002CF6D130BC0889138971
:104AF00011600344138170470246F6E7B8B1A9B1CB
:104B0000026830B40AB918E0224603890D89146896
:104B10002B4403811046002CF6D1138908891160BB
:104B20000344138130BC8B7B01338B7370470029A6
:104B3000FCD08B7B01338B7370470246EDE700BFDF
:104B400000284DD02DE9F0410D46002944D00289BE
:104B50000B899A4206463FD300274C89B846738991
:104B600069687068E21BA3EB0804944228BF1446EE
:104B700040443944224612F06BFE6B8927449F4221
:104B8000738928BF2D68A04428BF002798450DD001
:104B900095B16C892B899C4215D0328973899A42D0
:104BA000DDD1336893B95DB16C89D8E736688EB1D1
:104BB0004FF00008002DECD1328973899A42F0D071
:104BC0002846BDE8F0812B68002BE6D06FF0050089
:104BD000BDE8F081002DF3D06FF00F00BDE8F0814B
:104BE0006FF00F00704700BF2DE9F041074650B34A
:104BF0000E4661B3154662B34FF0000806EB08009D
:104C00007A8953B19A42A3EB020106D83F688BB26E
:104C1000002FF3D14046BDE8F081D41AA4B2AC42D3
:104C200028BF2C4679682D1B224619444444ADB256
:104C300012F00EFE1FFA84F83F68002DEAD0002320
:104C4000002FDBD1E6E780464046BDE8F08188468C
:104C5000E0E79046DEE700BF18B32DE9F041884653
:104C6000D9B1038993421646054612D300276AB18B
:104C70006C896868B44228BF344608EB07012246B5
:104C800012F0E6FD361B27442D68F1D10020BDE867
:104C9000F0814FF0FF30BDE8F0816FF00F00BDE80C
:104CA000F0816FF00F007047002847D02DE9F041E8
:104CB0001646428993420F46044603D20BE06289AE
:104CC0009A4208D824689B1A9BB2002CF7D14FF067
:104CD000FF30BDE8F081208999198842F7DBD21AAC
:104CE0009642606822DD95B2761B2A461844394602
:104CF000B6B212F0ADFD3D44EEB127680FB305B377
:104D00003B89B342E3D34FF000087C897868B44212
:104D100028BF344605EB0801224612F099FD361BE8
:104D2000A0443F68F1D10020BDE8F081324618442C
:104D3000394612F08DFD0020BDE8F0814FF0FF30C4
:104D400070476FF00F00BDE8F08100BF41292DE9E9
:104D5000F04717460C46B2F808906DD065D9B1F50A
:104D6000C17F1FFA80FA31D0B1F5207F5FD10AF1FF
:104D7000030309F1030222F0030223F003031344A7
:104D80009BB20546934203F1100080B24FD382429A
:104D90004DD8FFF747FA8046002848D04319002134
:104DA00013330A4623F0030369F30F0288E80A006D
:104DB00069F31F424B48C8F80820C8F80C00394670
:104DC0004046FFF7BDFE4046BDE8F0870024464E52
:104DD000A04640F2EC550AE02060A9EB03031FFA5D
:104DE00083F94FF0000A0446B9F1000FE7D009201B
:104DF000FFF7C2FA0AF1030323F00303EB1A9BB295
:104E000082440AF1130A4B4528BF4B4600212AF081
:104E1000030240B380E80600A0F808904381C66012
:104E2000B8F1000FD8D18046D7E7012904D04FF060
:104E300000084046BDE8F0870820FFF79DFA80464D
:104E40000028F4D000230122A0F80890A0F80A90CE
:104E50000473036043604373C373827339464046EF
:104E6000FFF76EFEAFE7214B01221A70B8F1000F79
:104E7000DDD098F80E30013BDBB288F80E30002B05
:104E8000D5D198F80D30D8F800409B0717D498F882
:104E90000C3003F00F03022B1AD0012B1DD09BB155
:104EA000002CC4D0A37B013BDBB2A373A046002B34
:104EB000BDD198F80D30D8F800409B07E7D5D8F859
:104EC000103040469847EBE74046FFF7DDF8E7E74C
:104ED00041460920FFF760FAE2E741460820FFF764
:104EE0005BFADDE7800001008200010068B5002068
:104EF00058B14389994203D208E043898B4205D8CF
:104F00000068C91A89B20028F7D170474368585C15
:104F1000704700BF58B14389994203D208E04389E2
:104F20008B4205D80068C91A89B20028F7D17047AA
:104F300043685A54704700BF2DE9F84F434FDFF8DC
:104F40001091396880467869FFF700F8D8F8043086
:104F5000D9F800405D7A002C72D0002833D1064683
:104F600007F1100A03E0E368264613B31C46237CCE
:104F7000AB42F8D1227AF2B9236813B17A6993422D
:104F8000F1D1637CDA0703D53A6963689A42EAD1C2
:104F9000D4F814B0BBF1000FE5D053464246214689
:104FA000A069D847002840D1E36802202646002B9C
:104FB000DCD1BDE8F88F7B6893F838300133DBB281
:104FC0009A42D0D1D8E70020064607F1100A03E044
:104FD000E3682646FBB11C46237CAB42F8D1227A1B
:104FE000DAB92368002BF3D1637CDB0703D5626851
:104FF0003B699A42ECD1D4F814B0BBF1000FE7D072
:10500000534642462146A069D84770B9E36802205A
:105010002646002BDFD1BDE8F88F7B6893F8383047
:105020000133DBB29A42D3D1DBE766B1E268D9F84B
:105030000030F260C9F80040E3600120BDE8F88F5D
:105040002046BDE8F88F0120BDE8F88F8CB5002020
:10505000883A0020A0B1026892B189B10B687BB197
:10506000084B1B6863B110B400E002681C68A242E0
:1050700004BF0A681A60DB68002BF6D15DF8044BA8
:10508000704700BF883A002070B50646806F18B19F
:10509000FFF7D4FC0023B367746F6CB163682568B5
:1050A00018460BB1FFF7CAFC21460420FFF774F93C
:1050B0002C46002DF2D17567F46E4FF6FF733386E0
:1050C00064B16368256818460BB1FFF7B7FC214649
:1050D0000420FFF761F92C46002DF2D1346F64B142
:1050E0006368256818460BB1FFF7A8FC2146042029
:1050F000FFF752F92C46002DF2D10023F3663367F7
:10510000A6F8683070BD00BF30B5037D85B0044699
:1051100019B1042B13D0072B11D0012B00F09E8066
:1051200048D3022B34D0042B00F0C480072B00F0AE
:10513000E480032B00F0BE80002005B030BDA26FDC
:10514000002A49D0238BE08A626A216D0293231DD5
:10515000019000932046234603F0AEF8237D012BF7
:1051600004D90A2B02D02046FFF78EFF674B1A683E
:10517000944242D0002A42D0D3689C4200F0AD80D5
:10518000002B3CD0DA68944200F0A8801346F7E781
:105190005E4B1A6894423FD0002A3FD0D3689C42AD
:1051A00000F09F80002B39D0DA68944200F09A809A
:1051B0001346F7E7E38ACBB1554B1A68944211D0F6
:1051C00092B1D3689C4200F094806BB1DA6894424B
:1051D00000F090801346F8E7218D41F2D0629142B1
:1051E000B0D19AE7E2681A600023E360214602200A
:1051F000FFF7D2F8002005B030BDE2681A60454BD9
:10520000454A1B68012100259C421170E560EDD1E3
:1052100002F05AFB284690E7E2681A600023E36038
:105220002046FFF731FF237D0A2B0AD0012B08D03F
:10523000638BDA0705D543F002036383204603F04E
:105240002FF90025344B25750122E58221460220E5
:105250001A70FFF7A1F8284605B030BD2F4900208D
:1052600001F10C0551F8043B1B6833B1DA6F94422D
:1052700008BFD867DB68002BF8D1A942F2D1284BD0
:105280001A68944209D052B1D3689C422DD033B1F0
:10529000DA6894422AD01346F9E7E2681A600025DA
:1052A000E5602575E58221460320FFF775F828465D
:1052B00005B030BD204602F0A1FE28B905232375B4
:1052C000204603F0EDF837E7431C7FF436AF638BDD
:1052D00043F00803638300202FE71346E268DA6097
:1052E0008DE71346E268DA6098E71346E268DA6011
:1052F000D5E71346E268DA6076E7204602F07EFEE4
:105300000028E1D109232375DAE700BF70B500203A
:105310007CB5002084B500206CB50020A8040400F2
:1053200078B50020002946D0F8B56AB3088D1589F4
:105330000544ADB241F2D0639D4221D91D460846D5
:105340004E6AC96A05851446428E40F66837BA42ED
:1053500094BF8A18CA1933449A1A002A23DB5B1AAD
:1053600040F2B3529342458505D9438B43F0020383
:10537000438303F095F82046FFF760FB0020F8BD5B
:10538000A842DBD82B46DAE7002BF7D10B7D012BA7
:1053900003D04B8B43F010034B830846BDE8F84025
:1053A0000121FFF7B1BE731A002B02DD00234385F4
:1053B000E1E78B1BFBE76FF00F00704708B512F0B9
:1053C000D7FB034B6FEA80406FEA9040188008BD1E
:1053D0000C01002001460220FEF7DEBF002800F08D
:1053E0000A8130B5037D012B85B0044659D0428B2C
:1053F000042B42F0100242831BD0072B19D0002B44
:105400006FD0022B40F0BC807C4B1A68944200F0B5
:105410009580002A00F09480D3689C4200F0DC80E4
:10542000002B00F08D80DA68944200F0D68013469D
:10543000F6E7A26F002A6BD0238B626A216D02937C
:10544000E38A0193231D00932046234602F034FF94
:10545000237D012B04D90A2B02D02046FFF714FE2E
:10546000664B1A68944200F0AC804AB1D3689C4203
:105470004AD02BB1DA68944247D01346002BF9D1B9
:105480005F4B604A1B68012100259C421170E5605A
:1054900000F09A8002202146FEF77EFF002005B032
:1054A00030BD5949002001F10C0551F8043B1B683F
:1054B00033B1DA6F944208BFD867DB68002BF8D1AC
:1054C000A942F2D1514B1A6894422AD0002A2AD01C
:1054D000D3689C427CD033B3DA68944279D01346C7
:1054E000F9E7E38A002BD5D0494B1A6894427FD064
:1054F000002A63D0D3689C425DD0002B5ED0DA686E
:10550000944259D01346F8E71346E268DA60B7E7E9
:10551000218D41F2D06291428ED1002B7FF471AF88
:10552000DFE7E2681A600025E5602575E58221461F
:105530000320FEF731FF284605B030BDE2681A604F
:105540000023E3602046FFF79FFD237D0A2B0AD04E
:10555000012B08D0638BDA0705D543F00203638380
:10556000204602F09DFF0025264B25750122E5828D
:10557000214602201A70FEF70FFF284605B030BD05
:10558000042B05D0072B2BD0032B01D0002086E75E
:10559000204602F033FD28B905232375204602F08A
:1055A0007FFFF3E7431C7FF47AAF638B43F008037C
:1055B0006383002073E71346E268DA600023E36048
:1055C00068E7E2681A605BE702F07EF9284666E762
:1055D0001346E268DA60A6E71346E268DA60AFE7EE
:1055E000204602F00BFD0028DCD109232375D5E706
:1055F000E2681A60E2E76FF00F00704770B50020B4
:1056000084B500206CB50020A804040078B5002003
:105610007CB500202DE9F04F87B00591002865D0BA
:10562000017D0A29044600F0A980D0F850A0D0F8E6
:1056300024B0D0F89080D0F81090002959D1C68AB3
:10564000002E3FD10596276F67B17B683D681846ED
:105650000BB1FFF7F3F939460420FEF79DFE2F4604
:10566000002DF2D1E76E67B17B683D6818460BB13B
:10567000FFF7E4F939460420FEF78EFE2F46002D91
:10568000F2D1676F67B17B683D6818460BB1FFF7D1
:10569000D5F939460420FEF77FFE2F46002DF2D1C2
:1056A000059B002B52D121460220FEF775FEB8F172
:1056B000000F1BD048466FF00C01434607B0BDE811
:1056C000F04F18473E4B1A68904273D04AB1D368E6
:1056D000984247D02BB1DA68944244D01346002B4D
:1056E000F9D100231E46E3600593ACE707B0BDE89F
:1056F000F08F344BC68A1A68904209D052B1D368F1
:10570000984237D033B1DA68944234D01346F9E77F
:10571000C2681A6000230129E36010D02046FFF719
:10572000B3FC237D0A2B0AD0012B08D0638BDA0748
:1057300005D543F002036383204602F0B1FE224AFE
:105740000023012111702375E3827CE7238B0293F0
:10575000231D8DE848005A4651462346204602F054
:10576000ABFDA0E71346E268DA6000231E46E36063
:10577000059368E71346E268DA60CBE7134B1A68D3
:1057800090421AD05AB1D368984205D03BB1DA683A
:10579000944202D01346F9E71346E268DA60002328
:1057A00021460220E3602375E38207B0BDE8F04F95
:1057B000FEF7F2BDC2681A6093E7C2681A60EEE7AE
:1057C0007CB5002070B500206CB5002080B50020AD
:1057D00008B508460121FFF71DFF6FF00C0008BD5A
:1057E0000121FFF717BF00BFF8B5304B002908BFF4
:1057F0001946002857D0037D002B51D11AB32C4EE7
:1058000006F1100756F8043B1B6813B90DE0DB687E
:105810005BB1DC8A9442FAD11C681CB10D680DB1F1
:10582000AC42F4D16FF00700F8BDBE42EAD10B687C
:1058300003B103601F4BC2821A68C260186003F094
:10584000CBF90020F8BDDFF870E0DFF870C0BEF8DB
:1058500000204FF480464FF6FF77013292B2144D8C
:10586000BA4208BF4FF4404255F8043B1B6813B9D5
:105870000DE0DB685BB1DC8A9442FAD1013EB6B23E
:10588000002EEAD1AEF800206FF00100F8BDAC4563
:10589000EAD1AEF80020002AC9D16FF00100F8BDAE
:1058A0006FF00500F8BD6FF00F00F8BD00040400B4
:1058B000A40404007CB500200C010020B404040002
:1058C00070B500283BD0067D002E38D10446032059
:1058D000FEF752FD0546002831D02269E38A0261B5
:1058E0000122C3820275627D4275627A427206723B
:1058F000E27AC272A27A8272226802608BB1134B82
:105900001A68944209D052B1D3689C421AD033B17C
:10591000DA68944217D01346F9E7E2681A60002368
:10592000E36021460220FEF737FD094B094A19685A
:10593000E960AA611D6003F04FF9284670BD00259B
:10594000284670BD1346E268DA60E8E77CB50020BF
:1059500078B50020D1570200F0B4058DC46A418E9D
:10596000466A2B1B40F66837B942024603EB060035
:1059700094BF431AC31B002B02DB5585F0BC704754
:10598000331B002B04DD002318465385F0BC704701
:10599000A41B54850020F0BC704700BF48B3028DA3
:1059A000114489B241F2D063994270B422D91946A8
:1059B000456AC46A428E018540F66836B24294BF99
:1059C000A218A2192B449A1A002A0CDB1B1B40F2C6
:1059D000B352934241850BD9438B43F00203438377
:1059E00070BC02F05DBD2B1B002B07DD002343853F
:1059F00070BC70478A42DAD80B46D9E7631BF6E7DA
:105A00002DE9F04FDFF8C882DFF8C8A2D8F80020EF
:105A10009AF80030DFF8C0B20132013387B0C8F81D
:105A200000208AF80030A54B1C68002C75D04FF080
:105A300000099AF80030A27F9A4200F0D180227DBE
:105A4000A377022A94F8423000F0D7800B2B00F2A3
:105A5000C48094F89970002F00F0408194F89A3037
:105A60000B2B00F2BA80964B1F4494F89830F97BC8
:105A7000994200F2AB81B4F86070002F40F0898049
:105A8000204602F061FF002800F08A80227D01217B
:105A9000062A00F09680667A16F0080600F0AB80C1
:105AA000042A00F0E080072A00F0DD80002305933F
:105AB000666F56B1D8F80020206AB4F94030121A47
:105AC00003EB4303B2EB430F49D2237D032B57D0A3
:105AD000092B00F09980002F40F06F81237F627FB7
:105AE000E5680133DBB29A42237712D8D4F88C20D0
:105AF000002323778BF80030002A00F044812146F0
:105B0000206990479BF80030002B8CD1002800F0D2
:105B10003A81A1462C46002C8BD16A4E3468002570
:105B2000D4B1D8F80030226A9B1AF02B5ED9237DBD
:105B3000012B04D90A2B02D02046FFF7A5FA002D2D
:105B400000F05181E368EB60E768214602203C46A3
:105B5000FEF722FC002CE4D107B0BDE8F08F73689B
:105B6000356818460BB1FEF769FF31460420FEF791
:105B700013FC2E46002DF2D1237D6567032BA7D1A0
:105B8000D8F80030226A9B1A282B43D8002FA5D0C2
:105B900040E03946204602F097F9002800F02681BF
:105BA00094F899300027062B84F898703FF66EAF72
:105BB000227D0133062A84F899304FF001017FF4E9
:105BC0006AAF638BDB067FF571AFD8F80030226ACD
:105BD0009B1A282B88BF0F4668E70221012757E749
:105BE000A146E468002C7FF424AF96E72546E468DC
:105BF000002C96D1B0E705965AE7052B7FF629AF22
:105C000000230593012753E7D8F80030226A9B1A36
:105C1000F02BBBD9D4F890502046FFF735FAE36853
:105C2000B9F1000F00F0DC80C9F80C30059B002BA7
:105C300040F0B680214602202669E468FEF7ACFBFE
:105C400000238BF80030002D3FF465AF30466FF035
:105C50000C01A8479BF80030002B7FF4E4AE002C29
:105C60007FF4E7AE59E7D4F89450D8F80020206AC2
:105C7000154E05F5242303F6B843A6FB0363121A59
:105C8000B2EB531F00F28880104994F89B3001FB5F
:105C900003530D49A1FB0313B2EB531F7FF606AF6D
:105CA000204602F0E3FD00287FF400AF94F89B301B
:105CB0000590013384F89B30FAE600BF70B50020F0
:105CC000A404040080B50020D34D6210F824010024
:105CD00074B500208C3A00206CB50020B4F9303047
:105CE000002B06DB47F6FF718B4207D001331BB256
:105CF0002386B4F9401099423FF7C9AE204602F01E
:105D000021FA38B1236F002B7FF4C0AEE36E002B75
:105D10003FF4BCAE237D022B15D094F842203848C6
:105D2000B4F93C10B4F93E300C2A94BF80180C3002
:105D300003EBE103017E47F6FF728B409342A8BF5D
:105D40001346A4F84030B4F84820B4F86030618EAF
:105D5000A4F84810934228BF13464A0092B25B0849
:105D60009342A4F84A304FF000004FF00003208621
:105D700038BFA4F84A20A4F86A30204602F034FD67
:105D8000227D012184E62046A1462C4602F088FBB4
:105D9000002C7FF44EAEC0E601230F46059387E644
:105DA000238B626A216D0293E38A0193231D009382
:105DB0002046234602F080FA3CE7012BD4F89050AD
:105DC0007FF62DAF0A2B3FF42AAF25E70133DBB274
:105DD000994284F898307FF64EAE0121002757E6AD
:105DE000084A136022E7E7683760AEE6204602F013
:105DF00057FB00287FF4D4AE0746227D012147E6F9
:105E0000A404040070B500202DE9F84FDFF8748178
:105E1000DFF8749198F80030013388F8003041F2CF
:105E2000D06B574B1C68002C6CD098F80020A37FD7
:105E3000934230D0638BA277D90748D41A0732D463
:105E4000A56FE76815B3D4F8846095F80DA000231A
:105E500089F80030A367002E56D02A4621462069D3
:105E6000B047E0B91AF0200F0CD0238D5B4501D06C
:105E700001332385D4F8845025B100231A462146E6
:105E80002069A84799F80030002BCAD13C46002C65
:105E9000CBD1BDE8F88FE468002CC6D1F9E70D300E
:105EA00018BFA567EEE7227D23F00803042A638369
:105EB00003D0072A1ED0032AC2D1204602F09EF842
:105EC00088B905232375204602F0EAFAB8E743F0C3
:105ED00002036383204602F0E3FA638B23F003039B
:105EE0009BB26383AAE70130AAD1638B43F0080316
:105EF0006383A5E7204602F081F80028F3D1092347
:105F00002375E0E7BDE8F88F228D2B8913449BB2FF
:105F10005B451BD941F2D0610B46666AE06A628E2E
:105F2000238540F6683E724594BF821800EB0E024E
:105F300031448A1A002A18DB0A1A40F2B3518A4205
:105F4000638507D82846FEF779FD8BE79A42E1D8AA
:105F50001946E2E7638B43F002036383204602F0B5
:105F60009FFA2846FEF76AFD7CE7331A002BD4BF60
:105F7000831B002363852846FEF760FD72E700BFA0
:105F800070B500208C3A00206CB5002008B5FFF7F2
:105F90003BFF064A53780133DBB25370DB0700D472
:105FA00008BDBDE80840FFF72BBD00BF8C3A0020BC
:105FB00000285DD0F8B5856FD0F884606F7B002332
:105FC0000446836756B301462A460069B04768B164
:105FD0000D3020D0A5676FF00400F8BD331A002BF8
:105FE00049DD002363852846FEF728FDBB0610D552
:105FF000238DD4F8845041F2D06293421CBF013308
:10600000238535B100231A4621462069A8470D3063
:1060100001D00020F8BD6FF00C00F8BD018D2A8979
:106020000A4492B241F2D0639A421DD91A46666A76
:10603000E06A618E228540F6683E714594BF411842
:1060400000EB0E013344591A0029C7DB1B1A40F23A
:10605000B3518B426285C6D9638B43F002036383DD
:10606000204602F01DFABEE79142DFD81346DEE774
:106070006FF00F007047831BB4E700BF78B138B5ED
:1060800004466368256818460BB1FEF7D7FC214625
:106090000420FEF781F92C46002DF2D138BD70475F
:1060A00058B110B50446406808B1FEF7C7FC214658
:1060B0000420BDE81040FEF76FB9704700B141758C
:1060C000704700BF38B505460420FEF755F9044671
:1060D00050B168682968AA68EB6860602160A260B6
:1060E000E3606068FEF7ECFC204638BD2DE9F8431C
:1060F00005460220FEF740F9044650B39C220021D9
:10610000204611F0A3FC6B4A6B4B16686B48657513
:1061100040F6683593F800E069496A4A6A4B26629E
:10612000FF274FF40676A4F86450A0624FF00615DE
:106130004FF6FF7084F81EE0E7726686C4F83E50A2
:106140002086A164C4F88420C4F894302046BDE8B9
:10615000F8835E4E34682CB34FF005084FF0090900
:1061600001E03C46F7B1638BE7681A07F9D5227D59
:1061700023F00803042A638303D0072A3FD0032AAD
:10618000EFD1204601F03AFF28B984F81480204668
:1061900002F086F9E5E70130E3D1638B43F00803B1
:1061A0006383DEE74A4B1B688BB1424A196A146865
:1061B0001846611A05E01A6AA21A8A4224BF1146DB
:1061C0001846DB68002BF6D10121FFF723FA0220E5
:1061D000FEF7D2F80446002890D13168D9B1354B8A
:1061E0002246186801E0C96889B10B7D092BFAD1F4
:1061F0000B6AC31A934224BF1A460C46F3E72046A3
:1062000001F0FCFE0028C6D184F81490BFE714B159
:106210002046FFF7FFF90220FEF7AEF804460028FB
:106220007FF46CAF316899B1224B2246186801E0C7
:10623000C96849B10B7D082BFAD10B6AC31A934286
:1062400024BF1A460C46F3E714B12046FFF7E2F9E3
:106250000220FEF791F8044600287FF44FAF2B068A
:1062600025D4E5B12B46134932680E68013BDBB2F9
:1062700000207AB1577D9F4205D2116A701A3B46C1
:106280001446D268F5E7FCD1116AA6EB010E8645EB
:10629000F7D3F3E71CB120460121FFF7BBF9022039
:1062A000FEF76AF8044600283FF450AF26E77F2344
:1062B000D9E700BF74B500208C3A0020D016D01664
:1062C0000100680B2553020000DD6D0070B5002051
:1062D00080B500204020FFF709BF00BF00B1016179
:1062E000704700BF08B1C0F88410704708B1C0F80B
:1062F0008010704708B1C0F89010704718B1037D46
:10630000012B08BF8161704710B1C0F88C10427733
:10631000704700BF30B1037D012B03D90A2B01D098
:10632000FEF7B2BE704700BF02688A4210B50C4645
:106330002FD04AB1D368994227D02BB1DA68944262
:1063400024D01346002BF9D1237D0022E2605BB1FB
:106350000A2B0CD0012B0AD02046FEF795FE237D98
:106360000A2B04D0012B02D0638BDA0703D400235D
:106370002375E38210BD43F002036383204602F0DD
:106380008FF800232375E38210BD1346E268DA60BC
:10639000DAE7CB680360D7E7034B044A5868126812
:1063A00010445860704700BF0C01002074B50020F5
:1063B00051B18B8D43B1282B05D9283B9BB2984214
:1063C00028BF184670470020704700BF08B1026818
:1063D00002B97047F8B5224B1C6805460E46ACB1B1
:1063E00021688A424FF6A96705D0E46874B12A682B
:1063F00021688A42F9D192B2BA4220464FF0010197
:10640000F3D0E468FFF706F9002CF0D1154B1C68B7
:106410004FF6A96734B1226829688A4212D0E4682D
:10642000002CF8D1D6B133685BB10F4B1B6843B178
:1064300019682A68914204BF32681A60DB68002B31
:10644000F6D1F8BD92B2BA4220464FF00101E6D033
:10645000E468FFF7DFF8002CDDD1E3E7F8BD00BF0B
:1064600070B500207CB5002078B5002070B5446F71
:1064700074B106466368256818460BB1FEF7DEFA6C
:1064800021460420FDF788FF2C46002DF2D17567C8
:1064900070BD00BF2DE9F041C368054698890F46DD
:1064A000FAF752FAC20748D4002F36D0F968254EC1
:1064B000D1F804E02B8930683A89A3EB0E0303443A
:1064C0009A1A002AB8BF3C4612DA2AE03C683846DD
:1064D000FFF7E6FD0CB3E16830682B89D1F804E0E2
:1064E00022890344A3EB0E039A1A002A19DB2746DC
:1064F0008889FAF729FAC307E8D5D5F80C80012076
:10650000B8F80C40FAF720FA20433C68A8F80C00D1
:106510003846FFF7C5FD002CDDD100242C60BDE816
:10652000F081002BFADDAEEB000081B229816868B2
:10653000FEF7BAF92C60BDE8F0813846FFF79EFD02
:106540000024EBE7903A00202DE9F04F4D4EB6F8CD
:1065500004E0BEF1000F4FD0B789D6F810800022BA
:106560008246B068F280144613465FFA87F940F21B
:10657000B35B002842D003F114054544A3EB0901A5
:106580009E4503F1010CC9B235D99F428CBF2A78D0
:10659000425C012A1FFA8CF451D03ED3022A3FD12B
:1065A000991CA74289B256D8A4EB0904E4B2025D53
:1065B000042A63D14A1C724560DADA1C92B20028C0
:1065C0004CD08F4252D8A1EB0901C9B20433445CCC
:1065D0009BB22402974246D8A2EB0901C9B2425CA1
:1065E0002243511E89B240F2B454594588BF224615
:1065F000AAF8002020E082B9BDE8F08F03F1130172
:1066000041449E4503F1010CF5D911F8015F0122C7
:1066100095421FFA8CF42FD019D2F480BDE8F08F88
:106620009A1CA74291B20FD8A4EB0904E4B2025D10
:10663000012A23D913449BB201221C4699E7013554
:1066400023469BE79A1C91B24444227DF0E7022D39
:10665000F8D1991C89B24444227DA9E7414404330E
:106660000C7D9BB224024244127DB9E741440433BD
:106670000C7D9BB22402ADE72346C2E7F180BDE862
:10668000F08F00BF903A0020438BDB0610B5044624
:1066900006D4D0F890301BB16FF00E010069984716
:1066A00021460448FFF740FE2046FEF793FE0120F6
:1066B00010BD00BF70B500202DE9F843AB4D2B7D18
:1066C0000446D80623D5636D2A68B4F860E0A06D4F
:1066D000991A002951DB9342AB6900F08E809842F1
:1066E00000F0928076468446616C5F1A002F56DD7A
:1066F000226D9A1A002A40F38E80204601F052FE45
:10670000636B23B1A969A26B511A002952DBAB8BD1
:1067100013B1227D062A13D92A68636AD11A002987
:1067200006DB218DC3F101035B1A1344002B05DD49
:10673000638B43F002036383BDE8F883BDE8F8830D
:10674000626A2868111A012906D4C0F10106F31AF9
:106750001344002B40F38C81831A002B48DB00F19B
:10676000010C218DACEB02035B1A002B40F3F2808D
:106770002046BDE8F84301F015BE2969AB69CE8912
:10678000B4F86210A4F86060B142616C38BFA4F83C
:1067900062605F1A002F6265A3659C46A8DCAF8B20
:1067A00027B970446644B04200F08A82002384F81E
:1067B0004330A5E76E49B4F93C200968C91AA1EB3A
:1067C000E20189B208B20028B4F93E300A44BCBFE5
:1067D000494208B2A3EBA303034412B29BB2A287BF
:1067E000002103EBE202A4F84020E38761638EE717
:1067F000638B43F002036383BAE7C11A0029BFF633
:106800006EAF2969CE89BBE72B69DE89B64580F07A
:10681000B6810346B4E7628B51070AD522F0040221
:1068200092B2B4F84A0062830021A4F84800A4F8A8
:106830006A10E18FB4F93C60207D6364032801EBAA
:10684000E6034FF00001A4F8403084F8421084F8C9
:10685000431000F29881276FA7B961E278683E681B
:10686000FEF722F9B4F86620E98B101AA4F8660046
:106870003B8938460B44EB83FFF712FC002E00F0F7
:106880004F823746FB685868FAF762F8FB68B7F83A
:10689000088006469889FAF757F8AB6910F00300AC
:1068A000A6EB030618BF0120464430440028D5DD7E
:1068B000E66E2767A6B928E270683768FEF7F4F835
:1068C000B4F86620E98B101AA4F8660033893046C4
:1068D0000B44EB83FFF7E4FB002F00F015823E46EC
:1068E000F3685868FAF734F8F368B6F80880074692
:1068F0009889FAF729F8AB6910F00300A7EB0307B2
:1069000018BF0120474438440028D5DD276FE666CC
:10691000B7FA87F35B095942002221862277B4F83F
:106920006420E88B618B0244A4F864200A057FF59B
:10693000E7AE002B40F03282FB68E66C5868FAF74D
:1069400007F8301A00283FF7DBAE638B23F40063AF
:106950006383D5E6824200F0AB80666F002E00F0C4
:106960004882002700F1FF3812E000BF903A002073
:1069700074B50020FA685268A8EB0202002A03DB13
:10698000BEF1000F40F3EE8132683746BAB11646C9
:10699000F1684B689842ACEB030E00F0C381002F06
:1069A000E8D1C21A002AEFDA9D48FFF78BFB0028D6
:1069B0003FF4DEAE60673146FFF76CFDD8E6C31AE0
:1069C000002B7FF7D5AE8889F9F7BEFFC2073FF5E8
:1069D000CFAE9348FFF776FB306000283FF4C8AE97
:1069E000F368328959682B680A44D21A002A05DDF7
:1069F0005B1A99B231817068FDF756FFAB8B28683E
:106A0000616A228D03445B1A9B1A002B7FF7B0AE9C
:106A10003368DB689889F9F797FFC30710D53368A7
:106A2000D3F80C80B8F80C703846F9F78DFF00F0F9
:106A30003E00F9F789FF27F47C570743A8F80C704C
:106A40002868218D626A3368091A114489B2198154
:106A50005868FDF729FF3368DA681E899089F9F7CD
:106A600073FF10F0030018BF01200644AE837FE6D9
:106A7000686A2E8D0289438989B2521A761A8B422E
:106A800092B22E8508D20026468102810068C91A7A
:106A9000438989B28B42F7D3FDF782FF238DE96AE0
:106AA000626A4A60C3F10103002B2A603FF760AEBF
:106AB000EB6A2E8D9889F9F747FF10F0030318BF92
:106AC00001233344228D9BB29A42AB83C0F0BB8139
:106AD000626F002A7BD0EB6A9889F9F735FFC1070E
:106AE00071D4676F002F00F0EB81F868AB8BD5F89D
:106AF0000080D0F804E03A8903EB0801A1EB0E0C0A
:106B0000ACEB0202002A18DA78E13E683846FFF75B
:106B1000C7FA002E00F0C081F068AB8BD5F800807A
:106B2000D0F804E0328903EB0801A1EB0E0CACEBCA
:106B30000202002AC0F2638137468089F9F704FF18
:106B4000C207E2D5EB6A9889F9F7FEFE8307DCD429
:106B5000D5F82C900120B9F80C80F9F7F5FEEB6A16
:106B60002E8D48EA0000A9F80C009889F9F7ECFE90
:106B700010F0030018BF01200644AE83C5E7764637
:106B800084460346B0E5B4F84810B4F84A308B4266
:106B9000BFB240F2D78012F4006F638E0CBF0222A6
:106BA000012213FB02F39BB2BB4294BFCF18CF1953
:106BB000BFB2B94200F2D180A4F848704BE6036836
:106BC0006367FFF76DFA606F0028F8D1AB8B296817
:106BD0001944228D6162D31A23852046FEF7BCFE3C
:106BE0006B6A1A8912B100222B636A62EB6A988978
:106BF000F9F7AAFEC00705D595F8343043F0200315
:106C000085F83430666F002E00F0D780F368616A33
:106C10005A688A4240F0D18000274FF0070825E0EB
:106C2000B03A0020FDF752FF7760F3689889F9F7D2
:106C30008BFE10F0010F30460AD095F83430227DDB
:106C400043F02003042A85F8343008BF84F8148008
:106C500033686367FFF724FA666F002E00F0AD809B
:106C6000F368616A5A688A4240F0A7802A6098896E
:106C7000B6F80890F9F768FE636AF26810F003004E
:106C80004B4418BF0120184460629089B6F8089000
:106C9000F9F75AFE10F00300238D18BF0120484475
:106CA000181A20852046FEF757FE73681A89002AB5
:106CB000BBD02A6B19461046002AB3D12B63B3E729
:106CC000B4F930000028FFF671AD99427FF46EAD43
:106CD00094F84300431CDBB298423CBF184684F84A
:106CE0004330032840F2D180B4F84820638E134427
:106CF0009BB24FF6FF719A4288BF0B46A4F848300A
:106D0000204601F085FAFBE4276FB7FA87F35B09A9
:106D100000265A422286E6662677A4F86860FEE5D9
:106D20000027C5E52A8D33899A427FF621AD674851
:106D3000FFF7C8F900283FF41BAD002F00F0B0802A
:106D4000386038E6B4F86A201744BBB29A423ED89D
:106D500099423ED9A4F86A307DE54FF6FF73A4F856
:106D6000483078E55948FFF7ADF9804600283FF4F0
:106D7000FFACFA683B8951682A680B449B1A002BC8
:106D800005DD521A91B239817868FDF78DFDC7F89B
:106D9000008031464046FFF77DFBE9E44EB1F368E1
:106DA000E66C5868F9F7D4FD301A00283FF7A8AC14
:106DB000618B21F400616183A2E4638BD90713D551
:106DC00023F0010343F002036383BDE8F8834FF629
:106DD000FF73628E0A4492B25B1A9142A4F86A3041
:106DE000BBD8A4F8482036E543F001036383BDE82F
:106DF000F8833648FFF766F96067B9E43E46BCF1B0
:106E0000000F1EDDAEEB080EEB6AA5F828E09889AE
:106E1000F9F79AFD8707298D02D5013989B22985AD
:106E2000686AFDF741FDEB6A2F8D9889F9F78CFDB3
:106E300010F0030318BF01233B4429689BB2AB83C6
:106E400019446667C5E6EB6A9889F9F77DFDC607C0
:106E500028D4228DEB6A2A859889F9F775FD800779
:106E6000298D02D5013989B22985686AFDF71CFD93
:106E7000EB6A2E8D9889F9F767FD10F0030318BFB0
:106E8000012333449BB2AB8322E63FF439AF636BFB
:106E9000002B3FF442AC36E4AB8B29681944D0E7B1
:106EA000606788E5EF6ABE893046F9F74DFD00F06E
:106EB0003E00F9F749FD26F47C560643BE81C8E73B
:106EC000AB8B29683E461944BBE700BFB03A0020AF
:106ED0002DE9F04F4389AF4D42682A61132B89B0E9
:106EE000044605D9AC4E31687069FDF72FF828B11A
:106EF000204609B0BDE8F04FFDF7A0BD736903F06F
:106F0000F003E02BF4D006F1140106F110072289FA
:106F100000913B460621204602F0A2FB8046002855
:106F2000E6D12B699889F9F70FFD810A01F0FC0180
:106F30001329DDD922898BB29A42D9D36089C5F849
:106F40000880A3F1140292B29842AA80C0F0B380E4
:106F50002046AA81FDF724FDD5F81080B8F800007E
:106F6000F9F7F2FCD5F81090A8F80000B9F8020083
:106F7000F9F7EAFCD5F81080A9F80200D8F8040067
:106F8000F9F7E6FCD5F81090C8F804002860D9F8A5
:106F90000800F9F7DDFCD5F81080C9F80800A861F1
:106FA000B8F80E00F9F7D0FC2B69A8F80E00988904
:106FB000F9F7CAFCC2B202F03F0391072B75B4F88F
:106FC00008C040F0DE80A5F81CC0CDF810C0DFF886
:106FD000D4B12B69DBF80090B9F1000F00F08B8081
:106FE0003169069171690791D6F804E00592C846A7
:106FF00000210BE09EF838000130C0B2824209D077
:10700000D8F80C004146002874D0804698F8082033
:10701000002AEFD1B8F818A018888245F0D1B8F846
:1070200016A058888245EBD1D8F80400069A904201
:10703000E6D1D8F80000079A9042E1D1059A31B123
:10704000D8F80C00C860CBF80080C8F80C9000217C
:10705000EB621307A5F828C06C622962296385F8E2
:107060003410E98303D5637B43F001036373D8F8DD
:107070007830002B00F098804046FEF799FF0D30E5
:1070800008D0D8F87830002B00F08E80AB8B002B26
:1070900000F08A80B8F82A30002B00F095823F4E2D
:1070A000686A002434602C6310B1FDF7C7FC6C6281
:1070B00009B0BDE8F08F14212046FDF771FC61890D
:1070C000B5F80480A9812046A8EB0108FDF768FC0B
:1070D000206843891FFA88F84345FFF409AF4368E5
:1070E000AB604146FDF75CFC2389A3EB0808A4F8DC
:1070F000088031E7059A2A490868002800F0D68000
:10710000D6F804C0D6F810A0D6F81490114609E0BD
:107110009CF838200132D2B2964508D0C0680028C9
:1071200000F0C38090F808E0BEF1000FF0D1028BB0
:10713000B3F800E09645F1D1C28AB3F802809045D9
:10714000ECD142685245E9D102684A45E6D14B0785
:107150003FF5CEAE8E0740F103832A68436AD31A07
:1071600004D4018D5B1A002B40F30183049B002B98
:107170003FF4BEAE438B43F00203438301F090F92A
:10718000B6E60CF101039BB29C450493AB833FF63A
:10719000AFAE1CE7903A00208CB5002084B50020EB
:1071A00080B5002070B500202C7DBC4E6007C6F86D
:1071B000008025D598F81430022B00F00982D8F809
:1071C00024202B689A4200F009829B1A04D4B8F854
:1071D00028209B1A002B1DDD95F834301C0720D584
:1071E000D8F8903023B16FF00D01D8F8100098470F
:1071F0004146AB48FFF798F84046FEF7EBF84FE7FB
:1072000014F0020900F0F18098F81430023B012BD1
:1072100040F2EB80B8F81A3043F00203A8F81A30B5
:10722000DAE7EA8B5AB1D8F8803033B14146D8F862
:10723000100098470D303FF433AF0023EB8395F8EF
:107240003430D80600F1EC812A6BB2B1B8F81A30AC
:1072500013F0100340F0EB81D8F88440002C00F0CC
:10726000AE824146D8F81000A04710F10D0F3FF450
:1072700017AF10B12B6BC8F8783095F834309906F9
:1072800008D5D8F87830002B00F081825A7B42F084
:1072900020025A7395F8343000223260DA0600F189
:1072A000DB81404601F0FCF8FAE60A467D49D1F858
:1072B00000A0BAF1000F00F09E81D6F804E0D6F8E5
:1072C00014C00592D14600200CE09EF83810013120
:1072D000C9B28A420AD0D9F80C104846002900F0F9
:1072E0008A81894699F80820002AEED1B9F816104B
:1072F000B3F802808845EED1D9F80080E04502D08D
:10730000B8F1000FE7D1059A8E4638B16549C1F84A
:107310000090D9F80C10C160C9F80CA051073FF5D6
:10732000E7AD12F0100840F0898197077FF5E0ADD6
:1073300099F81500FEF7DAFE0746002800F0AA814A
:1073400029692B6891F801E00A78316942EA0E2236
:107350000133B9F816E00283726902600326A0F8CF
:1073600016E041604362C3620675FFF715F82B68AB
:10737000D9F810203A61013BB86538657864F86542
:107380007B65C7F87C9099F80930DBF80020CBF8D2
:10739000007003F00C037B7299F808303B72FA60BE
:1073A00001F01AFC404B012207F132001A70FFF77E
:1073B000CBF82B697E8EDB89A7F860303D1DA7F8DE
:1073C0006230284602F092FC2A4601463046FEF71B
:1073D000EFFF12217886384600F06AFE002840F060
:1073E0005481384601F05CF882E5B8F81A30D906C5
:1073F00003D42E4B1B68C8F82030002388F89B303C
:1074000088F89A3008F13200FFF79EF898F81430A7
:10741000023B072B3FF6E0AEDFE803F0B47B699850
:107420004A691D044046FFF747F92B7DDF067FF5CB
:10743000D3AED8F85020AB699A427FF4CDAED8F8DD
:107440006C30002B7FF4C8AE95F8343043F0100355
:1074500085F83430C0E64046FFF72EF92B7DDB0679
:107460007FF5BAAED8F85020AB699A427FF4B4AE3B
:10747000D8F86C30002B7FF4AFAE4046FEF74AFFE1
:10748000DBF80030984500F0F881002B00F0A08177
:10749000DA68904500F099811346F6E784B500203C
:1074A00070B5002078B500206CB5002074B50020C0
:1074B0004046FFF701F995F834309A067FF58CAE17
:1074C000B8F81A3043F00203A8F81A304046FEF725
:1074D00021FFDBF80030984500F0CF81002B00F051
:1074E0007781DA68904500F070811346F6E74046F0
:1074F000FFF7E2F895F834309C067FF56DAEB8F8EA
:107500001A30072243F00203A8F81A3088F8142032
:1075100062E6E30640F16B81D8F84430A969DB43A9
:10752000CB4205D4D8F85030CB1A002B40F36E81F3
:107530002B69A88B1A8802922A685B8801930244FF
:107540000097BD4B404600F0B7FE45E64046FFF7CA
:10755000B3F895F8343013F0200F2B7D00F08380C2
:10756000D80605D5D8F85020AB699A4200F06C8156
:10757000B8F81A30082243F00203A8F81A3088F845
:10758000142029E604F01203122B00F08F80E2068B
:107590007FF522AE2B69A98B1A8802922A685B8834
:1075A000019300970A44A44BA969404600F084FE69
:1075B00098F84230052B3FF60FAE0023A8F8303084
:1075C000404601F01BF907E6404600F0EBFE66E599
:1075D000D8F85020AB699A427FF4FEAD95F834207C
:1075E000B8F81A3042F0080223F0010385F834207D
:1075F000A8F81A30F0E59889F9F7A6F910F0040018
:107600007FF476AC2B69A98B1A8802922A685B8872
:10761000019300970A44884BA96900F04DFE67E486
:107620004046FFF731F800287FF43AAD0CE61046EB
:10763000FDF704FA4046FEF7D3F831E52A681B88C7
:1076400002938DE880404846049BA96913441A467A
:10765000794B00F031FE4BE44046FFF715F8002867
:107660007FF41EAD1DE6D9067FF5B6ADD8F85020E3
:10767000AB699A427FF4B0ADD8F86C30002B7FF440
:10768000ABAD062388F81430A6E541463846FDF731
:10769000C1FF2DE4D9F81830002B3FF429AC014686
:1076A0004FF0FF32D9F81000984721E4D8F8442071
:1076B000AB6901329A427FF46AAF2B682969C8F836
:1076C00044205A1CC8F82420C8F82C20CA89A8F8DD
:1076D0006020042108EB0104013BC8F85430A8F8ED
:1076E000622088F814102046B8F8327002F0FEFAD2
:1076F000224601463846FEF75BFE41F21C1342006B
:107700009A4214464FEA800138BF1C46A142A8F8AD
:10771000320038D28BB2B8F86620D8F87000A8F8DA
:107720004830531EA8F8663038B30368C8F8703084
:10773000FEF7B6FCD8F87030E3B1002388F8423089
:10774000D8F88840A8F83030002C3FF463AD002210
:107750004146D8F81000A0470D307FF45BAD9FE4A0
:10776000CD077FF503AD354B1B680362FEE48DE862
:10777000804169E74FF0FF33E2E7D8F86C00036817
:10778000C8F86C30D4E79A4288BF93B2C3E7B8F820
:107790002830D8F8844041F2D06293421CBF0133B4
:1077A000A8F82830002C3FF475AD00231A46414656
:1077B000D8F81000A0470D307FF46CAD70E423467C
:1077C00020464146FDF7AEFD4FE5D8F80C20DA60C3
:1077D0001B4B1C4A1968C8F80C100A20012188F8B4
:1077E0001400C3F80080117001F0F6F9F4E4B9F167
:1077F000000F3FF4F1ACD8F824302A68013B9342E3
:107800007FF4EAAC404600F0CDFCE5E4D8F87C30EB
:10781000042288F81420002B3FF40CAF9B69002B46
:107820003FF408AF00224146D8F81000984748B30B
:107830000D307FF4FFAE33E4A0B5002074B5002016
:1078400080B500206CB50020D8F86C30002B7FF498
:107850008FAEB8F81A3043F00203A8F81A30404649
:10786000FEF758FDDBF80030984506D0002BAFD06E
:10787000DA689045A9D01346F8E7D8F80C30CBF871
:107880000030A5E74046FEF717FFEB8B0BB1013B3D
:10789000EB83B8F8322041F21C135100994208469C
:1078A0004FEA820238BF1846824208D293B295F856
:1078B0003420A8F8483097067FF58EAC1FE6994231
:1078C00088BF8BB2F3E700BF034A92F8343043F02D
:1078D000100382F834307047903A00202DE9F84FB9
:1078E0009DF82CB00BF00104002C81464FF00400F1
:1078F000884615461E460BBF4FF4A0474FF4C047BD
:107900004FF0000A8246FCF737FD044600283BD0C2
:1079100080F80AB02B894560A3EB0A034FF0000AF8
:10792000038114212846C4F800A0FDF715F8054688
:1079300028BB6368B9F80000D3F80490C4F80C9031
:10794000F9F702F8A9F80000B8F80000D4F80C80A4
:10795000F8F7FAFFA8F802000A98D4F80C80F8F7B4
:10796000F7FFC8F8040047EA0600E668F8F7ECFFFE
:10797000E368B0819D74DD742046BDE8F88F204631
:10798000FEF78EFB5446F7E72846FDF757F8F3E776
:10799000002800F058822DE9F04FB0F86240458E83
:1079A0006408AC428FB02E4628BF2C46002C18BF6E
:1079B00026460396002900F03F82047D072C07D05D
:1079C000023C022C04D96FF00A000FB0BDE8F08F22
:1079D00007460B9308920591002A00F09A80B0F8B0
:1079E00064309342C0F0D581B0F86660072E00F293
:1079F000D081C36E0793002B00F097801A461B6856
:107A0000002BFBD19846937AB7F86810079213F0D1
:107A1000010F1289039B06910846A3EB02030CBFDA
:107A2000002104215B1A9BB21D460A93014670B3E4
:107A300003460898814228BF03461C46AC42A8BFB3
:107A40002C460898091B2B1B89B29BB2A0420691B9
:107A50000A9322D8002C00F03482DDF81C90CDF877
:107A60002880CDF83080D9F80450002D00F03E81F8
:107A70002B892A6823442B81002A00F0298115468E
:107A80002B892A6823442B81002AF8D120E1089B06
:107A9000002B00F0C08104462B46002B00F015811E
:107AA000002A00F08981089AA2EB04089845A8BF33
:107AB00098460B9BD8071FFA88F500F18181079B38
:107AC0005B6800E013461A68002AFBD10C921A7B0F
:107AD00012F0C00F06D15A895B681344059A9A4286
:107AE00000F0B481012229460020FCF7FBFD0C9038
:107AF000002800F04E81059B23444360FCF7D4FF2F
:107B000000230644B6B20A9325440D94089BACB2F8
:107B100011E0C36E0793B0F86660002B7FF46EAF80
:107B2000DDF82080A7F86880B6E106930A930D93EC
:107B30001C460C931346A34240F2BD810B9ADDF81C
:107B4000209002F001034FF00008029302F00203BC
:107B5000CDF804800993CDF8108085E0AA4240F268
:107B6000FA80099B4BB97B8B5B0600F1F480049B88
:107B70001BB9FB6E002B00F0EA80039B05F2B751A6
:107B800021F00301994228BF194689B24FF42072AF
:107B90003620FCF7A7FD8246002800F00381B0F8EC
:107BA0000AE0059B0581AEEB050E191945811FFA08
:107BB0008EF32A46406806930FF04AFE5046FCF7C3
:107BC00073FF0644B6B2082E79D8FA6D042004EB90
:107BD0000208FCF7D1FB8346002870D00021817297
:107BE000BAF80800ABF808008BE8020450461421EC
:107BF000FCF7B2FE8246002840F0B280DBF80410A9
:107C0000F88A4968CBF80C100091F8F79DFE0099AE
:107C10000880388BDBF80C100091F8F795FE00997E
:107C200048804046DBF80C80F8F792FEC8F8040064
:107C30004FF4A040DBF80C80F8F786FEDBF80C1060
:107C4000049BA8F80C0081F812A081F813A0002B67
:107C500000F08380019BC3F800B02C44A4B2A1457E
:107C6000CDF804B040F21B81039A029BA9EB0405F6
:107C7000ADB2954228BF1546ADB2002B7FF46EAF72
:107C8000012229463620FCF72DFD8046002800F011
:107C90008980059B0299234443604FF4207236206B
:107CA000FCF720FD824600287FD04146FCF70EFFFE
:107CB0005046FCF7F9FE0644B6B2082E85D9504668
:107CC000DDF81080FCF7BAFE4FE00D940C9335E719
:107CD0006B8968680599224618440FF0B9FD6B89D5
:107CE0002A6823446B81002A7FF4C9AEB9F80830B2
:107CF0001C44A9F808400C9CBDF81830A7F868305F
:107D0000002C00F0A5802146D9F80400FCF7DEFE27
:107D10002289B9F808301344A9F80830C9F800805E
:107D2000B7F864300898FA6DA7F86660A3EB000A0C
:107D3000079BA7F864A00244FA65002B7FD0DD689A
:107D40001DB10B9B13F002046ED000203DE63B6F8B
:107D5000002B7FF412AF294618E7CDF810B07CE76E
:107D60005846DDF81080FEF79BF97B8B43F08003CB
:107D70007B830C9B13B11846FCF760FEB8F1000F33
:107D80000BD04046FEF77AF94FF0FF300FB0BDE858
:107D9000F08F7B8B43F080037B834FF0FF300FB07D
:107DA000BDE8F08FDDF81080DFE7C1464846DDF81A
:107DB0001080FCF743FED8E70A920C920D94BDE6C2
:107DC0000A9B9D423DD20B9B990702D47B8B5A069E
:107DD00037D41FFA88F10A9B01F2B75121F0030151
:107DE000994228BF194689B24FF420720020FCF74F
:107DF00079FC0C900028CCD04389059905815B1B48
:107E000045819BB21FFA88F22144406806930FF027
:107E10001FFD0C9872E6DDF81C900693BDF8182043
:107E2000A7F86820079379E70820AE89F8F78CFD5A
:107E30003043A8812046C8E56FF00F00C5E518461D
:107E4000C3E52946D0E76FF00F0070470A955BE65F
:107E50000A9BEBB1D9F804100A681C460AB914E071
:107E600002460B89106823440B8111460028F7D184
:107E70000A9DB9F8083010895189284429442B44B7
:107E800010815181A9F8083048E70A461D46F0E7FD
:107E9000B9F1000F7FF442AFC7F86C8040E7DDF81E
:107EA00010800D9CDDF81C90CDF81CB00D9B002BB4
:107EB0003FF421AFD7E50D9CDDF81C904FF0000892
:107EC000F4E7079B9946A9E72DE9F04FC66E83B00A
:107ED0004EB3002900F08E803289914228D296F864
:107EE0000A80521A18F0010718BF042794B20D46F1
:107EF000E119814689B24FF420723620FCF7F2FB7B
:107F0000824680B1706832890389DAF804109B1ABE
:107F10002B449BB239442246FCF766FE84420BD0C8
:107F20005046FCF78BFD4FF0FF3003B0BDE8F08FFB
:107F3000002003B0BDE8F08FF3689889F8F704FDDE
:107F4000C0B210F0080B4FD100F03F070123FA0731
:107F500048BF9B46F368586848BF07F0FE07F8F72C
:107F6000F7FC28448DE801015B46524609F11801EF
:107F700009F11600FFF7B2FC05460028D0D0706862
:107F8000FCF792FD7268B9F866301189181A091B5E
:107F900089B2A9F866001046FCF786FC3389D6F84A
:107FA0000C801C1B34813846B8F80C40F8F7CCFC28
:107FB0002043A8F80C007068FCF776FDB9F866302D
:107FC0001844A9F866006868FCF76EFDB9F86630D9
:107FD00032681844A9F866002A60356028680028CD
:107FE000A6D1A9F86800A0E700F0370709234FF0F1
:107FF000080BACE76FF0050097E700BFF0B5C46E63
:1080000083B005460CB90AE01C462368002BFBD15F
:10801000E3689889F8F798FC10F0070631D04FF420
:10802000207200213620FCF75DFB002839D0EB6D73
:108030000093002201920123024605F1180105F187
:108040001600FFF74BFC60B3EA6E0AB927E01A4648
:108050001368002BFBD11060EA6D6B8B406843F016
:108060002003013200246B83EA65A5F86840FCF721
:108070001BFDB5F866300344A5F86630204603B012
:10808000F0BDE7680120BC89F8F75EFC6B8B2043EC
:10809000B88143F0200330466B8303B0F0BDE8663F
:1080A000DAE76B8B43F080036B834FF0FF30E6E73A
:1080B00070B50D4611F0020182B0044618BF0421CC
:1080C0004FF420724FF036000CBF0E460126FCF72D
:1080D00009FB00282FD0E36D0093024601962B4642
:1080E00004F1180104F11600FFF7F8FB18B3E26E73
:1080F0000AB91EE01A461368002BFBD1106000235A
:10810000AA07A4F8683002D0E36D0133E365EB07FA
:108110000AD44068FCF7C8FCB4F866301844A4F8E8
:108120006600002002B070BD638B43F020036383C0
:10813000EFE7E066E3E7638B43F0800363834FF090
:10814000FF30EFE7026F52B3F8B515466B682C6845
:108150009B7B2CB1012B2546F8D06FF00500F8BDB4
:10816000012BFAD1438BE968064643F40063C06EE5
:1081700028607383F26634674868F8F7E9FBEB68B8
:108180002D8907469889F8F7DFFB10F003002F448C
:1081900018BF01203844F06474632046F8BD6FF0C6
:1081A00005007047F8B5066F1EB173689B7B012B05
:1081B00002D06FF00500F8BDC36E32680267074653
:1081C00000F16C051BB90FE02D682B6863B1DB680B
:1081D0005868F8F7BDFBF36804465868F8F7B8FB31
:1081E000201A0028F0DB2B6833602E6033685BB107
:1081F00097F84230FF2B18BF01334FF0000018BF33
:1082000087F842307863F8BDA7F86830F0E700BF20
:10821000F8B5076F17B1428B530700D5F8BD7B68DF
:108220009B7B012BFAD1C36E39680167064600F1CA
:108230006C0523B911E02D682B68002B37D0DB6863
:108240005868F8F785FBFB6804465868F8F780FB28
:10825000201A0028EFDB728B2B683B602F603B6895
:108260003BB396F84230B6F84810FF2B1CBF0133E1
:1082700086F84230B6F86030994238BF4B08718EAC
:108280004FF0000028BF5B08706348008342A6F8E7
:108290004A3001443CBF83B2A6F84A3042F004029F
:1082A0000B440021A6F8483072833186F8BD728BEA
:1082B000D3E7A6F86830D4E72DE9F04F85B006463D
:1082C0000846914698460E9FBDF83C40BDF840B028
:1082D000F8F73EFB4FF42072824614212220FCF76F
:1082E00001FA002842D0054620466C68F8F72CFBBE
:1082F00020805846F8F728FBC4F804A06080484660
:10830000F8F726FBA06045F21400F8F71DFBA081EA
:108310004DF21600F8F718FB0023E0812374637414
:10832000A374E3745EB3307A18BB384601F0DEFC08
:108330000446A8B1D5F804902A890097434606213F
:10834000284601F08DF9A9F81000F37AB67A029464
:108350000620019000963A464146284601F01CFE50
:10836000284605B0BDE8F04FFCF768BB05B0BDE896
:10837000F08FFCF78FF904460028DBD1F0E7384690
:1083800001F0B4FC04460028EAD0D5F804902A890C
:10839000009743460621284601F062F9FF23A9F819
:1083A0001000D4E72DE9F047044684B0006DF8F7DB
:1083B000CFFA4FF42072814614212220D4F8248071
:1083C000E58AB4F818A0678DFCF78CF900285DD019
:1083D000064628467568F8F7B7FA28805046F8F739
:1083E000B3FAC5F8049068804046F8F7B1FAA8607F
:1083F00045F21000F8F7A8FAA8813846F8F7A4FA71
:1084000000232B746B74AB74EB74E881628D636A28
:10841000207A1344E362251DA0BB284601F066FCC8
:10842000074617B33289D6F8048000952346062103
:10843000304601F015F9A8F81000A07AE37A029707
:1084400006218DE803002A462146304601F0A4FDAE
:1084500005463046FCF7F2FA65B9638B284623F0EF
:108460000303638304B0BDE8F0873046FCF7E6FA07
:108470006FF00305638B284643F00303638304B066
:10848000BDE8F087FCF706F90746CAE7638B6FF093
:10849000010543F003032846638304B0BDE8F08779
:1084A000B84B1B68834200F07A812DE9F04FB0F899
:1084B0004830B0F86080C56E984587B0044628BF44
:1084C0009846002D00F05481007A04F1040A002837
:1084D00040F06081504601F009FC05900346002BF6
:1084E00000F05F81236813B9059B5B682360EB682C
:1084F0005868F8F72DFA2B89626C9B1A184440458E
:108500000FD9B4F86030434500F05B81628B91076E
:1085100000F1688122F080026283002007B0BDE88C
:10852000F08F266F002384F899300EB903E01E46C1
:108530003368002BFBD14FF00009574619E0236F39
:10854000C5F80090002B00F0BC80EB685868F8F785
:10855000FFF9F36883465868F8F7FAF9ABEB0000C7
:108560000028C0F2B18035602E46E56E002D00F087
:108570001B81EB685868F8F7EBF9636C2A89C01A1D
:108580001044404500F21681236F63B1638B13F0F2
:10859000440F1A4607D1E16E002900F0D780086821
:1085A000002800F0CD80237D022B0AD0D5F80CA046
:1085B0001020BAF80CB0F8F7C7F94BEA0000AAF897
:1085C0000C006B689B7B012B2FD0237D2A68E26611
:1085D000022B03D0638B23F003036383EB6858689B
:1085E000F8F7B6F9EA68B5F808A083469089F8F775
:1085F000ABF910F00300236DD34418BF0120584499
:108600001B1A002BEB68B8BF20659889B5F808B035
:10861000F8F79AF910F0030018BF012010EB0B0FC8
:108620008DD12846FDF73CFD9FE7606AD5F80CB078
:10863000F8F78EF9CBF80800608DD5F80CB0F8F794
:1086400083F9628D636AABF80E001344E362AB7A80
:10865000D5F80CB0DB0764D4B4F93030002B636B71
:10866000B8BFA4F83090002B50D0686843680289E6
:108670004189C0F804B0ABEB03039BB2D21A92B2AB
:10868000CB1A4381028123468BF810908BF811900E
:108690000621009700F0E4FFABF81000A27AE37A1D
:1086A00068680599009206220291019221463A4695
:1086B00001F072FC002888D0638B43F08003638351
:1086C0002CE725672E4650E7236F04F1700ACBB1E3
:1086D00022465446924603E024682368002B55D076
:1086E000DB685868F8F734F9EB6883465868F8F7A0
:1086F0002FF9ABEB00000028EEDB5346A2461C46E8
:10870000DAF800302B60CAF800502EE71E4B1B68C9
:108710006363DBF80400F8F71BF9D5F80CB0A0632D
:10872000A3E73A46059940F2B450FDF741FE40F008
:108730000170F8F70DF9CBF81400D5F80CB08BE701
:10874000B1F808E0608E8645BFF42DAFB4F8640040
:1087500000283FF428AFB4F8660007283FF623AF9F
:1087600013F0A00F7FF41FAF00297FF4D3AE1CE0FD
:10877000428B95077FF5CEAE07B0BDE8F04FFFF70F
:1087800011BE00BF84B5002074B500205246A24639
:108790001446B7E7FBF77EFF059003469FE60020EF
:1087A00070476FF00300B9E6638B00211A46A4F806
:1087B0006810AFE6638BE16E1A4600297FF4AAAE1B
:1087C000F3E7236F002B7FF4A1AE94F89930002BD0
:1087D0007FF49CAE012284F8983084F89A3084F8B3
:1087E000992093E62046C7E790F84230FF2B1CBF44
:1087F000013380F84230FFF753BE00BF026F002AFA
:1088000032D0F8B51446636825689B7B1DB1012BF7
:108810002C46F8D0F8BD012BFCD1438BE16806460D
:1088200043F40063C06E20607383F2663567486866
:10883000F8F78EF8E368248907469889F8F784F8F2
:1088400096F84230756310F0030018BF01202744EA
:108850003844FF2BF06402D0013386F842303046B2
:10886000BDE8F840FFF71CBE704700BF2DE9F04798
:108870000446006D84B00138F8F76AF84FF42072AE
:10888000814614212220D4F82480E58AB4F818A067
:10889000678DFBF727FF002847D0064628467568F6
:1088A000F8F752F828805046F8F74EF8C5F80490CB
:1088B00068804046F8F74CF8A86045F21000F8F7D9
:1088C00043F8A8813846F8F73FF800232B746B74FF
:1088D000AB74EB74E881628D636A207A1344E362BF
:1088E000251D40BB284601F001FA074647B33289EF
:1088F000D6F80480009523460621304600F0B0FEED
:10890000A8F81000A17AE37A009106202146019090
:1089100002972A46304601F03FFB04463046FCF7FA
:108920008DF8204604B0BDE8F0874FF0FF342046B4
:1089300004B0BDE8F087FBF7ADFE0746002FD6D1A7
:108940006FF00304EAE700BF2DE9F04FC56E87B072
:10895000002D00F08B8090F89A30FF2B1CBF013364
:1089600080F89A30EB6804469889F7F7EDFF10F02D
:1089700001007FD105901521EB68D4F82480D3F84D
:108980000490B4F816B0B4F818A0678D4FF42072B4
:108990002220FBF7A7FE0646002800F08C805846F0
:1089A000D6F804B0F7F7D0FFABF800005046F7F761
:1089B000CBFFCBF80490ABF802004046F7F7C8FFB6
:1089C000CBF8080045F21000F7F7BEFFABF80C003B
:1089D0003846F7F7B9FF618D626AD6F80480ABF8C4
:1089E0000E0000238BF810308BF811308BF812300A
:1089F0008BF81330059B0A44E262002B43D0112010
:108A0000B8F90C70F7F7A0FF27F47C573843A8F8A3
:108A10000C00EB685868F7F79BFF236D01301B1AB9
:108A2000002B3BDB207A251D00283CD1284601F095
:108A30005DF90746002F3BD03289D6F804800095B7
:108A400023460621304600F00BFEA8F81000A17A5C
:108A5000E37A009106202A4601900297214630468B
:108A600001F09AFA05463046FBF7E8FF284607B0C2
:108A7000BDE8F08F2B89002B15BF002301231521A2
:108A80001421059378E768682A8903899B1A08F1FD
:108A900014019BB20122FCF7A7F8BAE72065207AFF
:108AA000251D0028C2D0FBF7F5FD0746002FC3D1D6
:108AB0006FF00305D7E74FF0FF35284607B0BDE854
:108AC000F08F00BF38B5FDF761FA174B1B6803B391
:108AD000EAF7B0FC00F1FA040720FBF74DFCF0B117
:108AE000124A134D1168446000230360C36085601F
:108AF000B9B14B68E31A002B05DA11E05A68A21AE3
:108B0000002A03DB19460B68002BF7D103600860CD
:108B100038BD084B1B68002BDAD1044A536038BDBE
:108B20000160106038BD00BF70B50020C83A002059
:108B3000C58A020080B5002070B50546244E436802
:108B40009847EAF777FC2B68B4681C44211A00297F
:108B50001FDB0720FBF710FCB8B131681D4BC56067
:108B6000002280E81400836089B14B68E31A002B6F
:108B700005DA0BE05A68A21A002A03DB19460B68D3
:108B8000002BF7D10360086070BD70BD01603060DC
:108B900070BD02460720D418FBF7EEFB0028F4D086
:108BA00031680C4BC560002280E814008360002906
:108BB000EDD04B68E31A002B05DAE7E75A68A21AF2
:108BC000002ADFDB19460B68002BF7D1DAE700BF7C
:108BD000C83A0020398B020038B5184D6B6843BB8A
:108BE000174B1B680BB301236B60EAF723FC00F102
:108BF000FA040720FBF7C0FBD8B12968114A44608A
:108C000000230360C3608260A9B14B68E31A002BA4
:108C100005DA0FE05A68A21A002A03DB19460B682E
:108C2000002BF7D10360086038BD074B1B68002B91
:108C3000D9D138BD0160286038BD00BFC83A0020D6
:108C400070B50020C58A020080B500202DE9F041F2
:108C5000DFF86080154F164D08F1300658F8084FC0
:108C6000EAF7E8FB04440720FBF786FBB0B129686C
:108C700087600023C0F80C8080E8180099B14B6829
:108C8000E31A002B05DA0DE05A68A21A002A03DB6A
:108C900019460B68002BF7D1036008604645DDD10B
:108CA000BDE8F08101602860F8E700BF398B020061
:108CB000C83A0020700504002DE9F041EAF7BAFB3C
:108CC000124E134C074612E0236807201946C3B121
:108CD0005A68BD1A002D14DBD3F808801D68256082
:108CE000A260DD68FBF758FBB8F1000F0BD13378B9
:108CF000002BE9D0FBF7E2FC236807201946002B84
:108D0000E6D1BDE8F0812846C047F0E768B500200D
:108D1000C83A002008B50EF02BFF034B6FEA8040E5
:108D20006FEA9040188008BD140100202DE9F04F33
:108D30004389072B87B0064640F290805F4FD0F8FA
:108D400004B0786989463968FBF700F90546BBF835
:108D50000000F7F7F9FD8046BBF80200F7F7F4FDD5
:108D6000574B1B6805931C46002B72D04FF0000C2C
:108D70003A69D7F804A0D7F814E003926346CDF817
:108D800010B004E0E2682346002A5DD01446628AEF
:108D90008242F7D1217A29B19AF838200132D2B231
:108DA0009142EFD1002D3ED1226812B17245E9D136
:108DB0007246217C490706D4BCF1000F61D015B181
:108DC000BEF1FF3F50D0A28A4245DBD1626812B1AA
:108DD00003998A42D6D1DDF810B02BB1E268384948
:108DE000DA60059B0C60E360BBF8063043B1354B9D
:108DF000328900931121043B304600F031FC68BBFE
:108E000008213046FBF7CCFD40BB002C3FD0A569C4
:108E100025B3E0692C4BCDF8008032462146A847A7
:108E200007B0BDE8F08F2268002AC2D0BEF1FF3F34
:108E3000BFD0D9F8081082EA0E0B1BEA010FB8D098
:108E4000E2682346002AA1D1DDF810B0BCF1000F82
:108E50002FD1D9F804207B699A422CD0304607B034
:108E6000BDE8F04FFBF7EABDD9F804B0DCF800101C
:108E70005945A8D05A4508BFA446A28A424581D187
:108E8000A4E7A28A4245A4467FF47CAF9EE7002D6A
:108E9000E4D17B6903F0F003E02BDFD0B98908311E
:108EA00009B23046FBF796FD0321304600F092FEF2
:108EB000D4E7644698E7002496E700BF8CB500200D
:108EC00088B50020A0B500209CB50020374B0029B4
:108ED00008BF1946002866D02DE9F041344F3E689E
:108EE000EEB1B0424FD0344601E0A0424BD0E4682E
:108EF000002CFAD1B2B10D68334615B93AE0DB68FF
:108F00006BB39842FBD0598A9142F8D11968A942B3
:108F100001D00029F3D16FF00700BDE8F081002AED
:108F20003DD13446DFF88CC0BCF800204FF4804EB1
:108F30004FF6FF7842451ABF013292B24FF44042D9
:108F400056B1738A934220D0334602E05D8A95423F
:108F50001BD0DB68002BF9D10D68ACF80020056050
:108F600042826CB9C66038600020BDE8F081DB68E1
:108F7000002BF4D09842FAD0598A9142F7D1CAE72F
:108F80000020BDE8F0810124B4E70EF1FF3E1FFA96
:108F90008EFEBEF1000FCDD1ACF80020BBE70B6810
:108FA00003604282DEE76FF00F00704700040400A8
:108FB00088B50020140100202DE9F04F85B0DDF8C0
:108FC00038B0DDF83CA0002876D0002974D0002A03
:108FD00072D0BAF1000F6FD0BBF1000F6CD0174602
:108FE000428A044699460D46002A49D02A8902F150
:108FF00008039BB29A425CD808212846FBF7ACFCD8
:1090000078BB2E46608AD6F80480F7F79DFCA8F856
:1090100000004846F7F798FC0023A8F8020088F8FB
:10902000063088F807303089F7F78EFCA8F804007E
:10903000237CDB072ED51122E37A0192CDF808B00C
:10904000A27A009251463A46304601F02BF8AE42E1
:10905000804602D03046FBF7F1FC404605B0BDE843
:10906000F08F4FF4207208212220FBF73BFB0646CD
:10907000F8B12B89002BC5D02946FBF73FFDC1E78E
:109080000146FFF723FF80460028AFD0404605B0D9
:10909000BDE8F08F3289009753461121304600F029
:1090A000DFFA4FF6FF73002808BF1846A8F806003D
:1090B000C1E74FF0FF38D0E76FF00F08CDE700BFF2
:1090C0002DE9F04F85B0DDF83890002800F0908051
:1090D000002900F08D80002A00F08A80B9F1000F8D
:1090E00000F086800468002C44D11646428A09F1BB
:1090F000040A04469B460D46002A4BD02A8902F1F9
:1091000008039BB29A426DD808212846FBF724FC3D
:10911000002849D12F46608AD7F80480F7F714FC5D
:10912000A8F800005846F7F70FFC0023A8F8020043
:1091300088F8063088F807303889F7F705FCA8F872
:109140000400237CDB073ED51122E37A0192CDF89F
:109150000890A27A009251463246384600F0A2FFAB
:10916000BD42804602D03846FBF768FC404605B059
:10917000BDE8F08F04F0F005E02DB6D0D9F804502A
:10918000AC4232D11646428A824604469B460D4680
:10919000002AB3D10146FFF799FE80460028ADD0E2
:1091A000404605B0BDE8F08F4FF420720821222020
:1091B000FBF798FA0746A8B12B89002BABD02946BC
:1091C000FBF79CFCA7E73A890096534611213846E5
:1091D00000F046FA4FF6FF73002808BF1846A8F8BB
:1091E0000600B1E74FF0FF38C0E76FF00308BDE7B6
:1091F0006FF00F08BAE700BF2DE9F04F85B00028E7
:1092000000F09B80002900F09880002A00F09580F3
:109210000446007A994616460D4600285BD0FBF7B7
:1092200039FA8246BAF1000F5CD02368002B5FD078
:1092300003F0F002E02A5BD0DAF80420934251D127
:10924000628AA346002A58D02A8902F108039BB2F9
:109250009A426FD808212846FBF77EFB002854D09D
:109260004FF4207208212220FBF73CFA0746002821
:1092700060D02B89002B59D1608AD7F80480F7F78A
:1092800063FBA8F800004846F7F75EFB0023A8F848
:10929000020088F8063088F807303889F7F754FB61
:1092A000A8F80400237CDB0731D51122E37A019270
:1092B000CDF808A0A27A009259463246384600F00E
:1092C000F1FEBD42804602D03846FBF7B7FB404670
:1092D00005B0BDE8F08F104600F008FD8246BAF1F7
:1092E000000FA2D16FF00308404605B0BDE8F08F33
:1092F000628A0AF1040B002AA6D121462046FFF714
:10930000E5FD804600289FD0E1E72F46B4E73A8983
:1093100000965B461121384600F0A2F94FF6FF7324
:10932000002808BF1846A8F80600BEE72946FBF744
:10933000E5FBA1E74FF0FF38C9E76FF00F08C6E77C
:1093400028B321B370B51646428A04460D46C2B111
:109350001049237C0A682868606043F00403A682F1
:10936000237442B194420AD0134601E09C4206D0D5
:10937000DB68002BFAD1E2600C60002070BD002099
:1093800070BD0146FFF7A2FD0028E1D070BD6FF06F
:109390000F00704788B5002008B18161C261704735
:1093A00000B3114A1368984216D053B1DA6842B13B
:1093B000904203D109E0984208D01A46D368002BA6
:1093C000F9D101460120FAF7E7BF1A46C368D36016
:1093D00001460120FAF7E0BFC3681360014601208F
:1093E000FAF7DABF704700BF88B5002010B501203A
:1093F000FAF7C2FF044628B1202200210EF026FB16
:10940000FF23E372204610BDA0B1026892B189B17A
:109410000B687BB1084B1B6863B110B400E00268B5
:109420001C68A24204BF0A681A60DB68002BF6D1F0
:109430005DF8044B704700BF88B5002043890E2BB0
:1094400070B504461FD9C37B0E461BB991F838305E
:109450000133C373606803788589D9070AD5012B66
:1094600030D006221D490EF0C3F918B9637B43F0D2
:1094700008036373082D0BD0B5F5C16F03D196F8BF
:1094800035301B0713D42046FBF7D8FA002070BDF7
:1094900096F835301A07F6D50E212046FBF780FAEC
:1094A0000028F0D13146204600F058FCEEE70E21AE
:1094B0002046FBF775FA0028E5D131462046FAF739
:1094C000B9F8E3E74378002BD4D183785E2BD1D170
:1094D000637B43F010036373CCE700BFAC0504006B
:1094E0002DE9F0410546BDF818000C4616461F460A
:1094F000F7F72AFA0E2180462046FBF72DFA88B9A5
:109500006168A1F80C803B680B60BB888B80336876
:10951000C1F80630B3884B81AB6921462846BDE8C7
:10952000F04118476FF00100BDE8F0812DE9F04FE0
:1095300083B01C680C9D2B681D0C15FA83F313FA7D
:1095400084F303EB14439FB207EB13439CB29046A2
:1095500004EB1347002859D04FF0000EF44643683F
:109560004289ADF806C013F00109924662D0002A84
:1095700074D002F1FF3A1C788DF80740BAF1010F60
:1095800003F1010B5ADD53465D46002435F8026BAA
:10959000023B012B3444F9DCAAF1020A2AF0010350
:1095A0000AF0010A0233BAF1010F5B444CD11B7877
:1095B0008DF80630BDF8063023449CB204EB13440A
:1095C000A3B203EB1444B9F1000F04D023029BB201
:1095D000C4F307241C4317FA84F4A7B2D30707EB9C
:1095E000144707D53B029BB2C7F307248EF0010E48
:1095F00043EA040700680028B1D1BEF1000F05D08E
:109600003B029BB2C7F3072443EA04070846F7F777
:109610009BF904464046F7F797F904443C44A0B24E
:1096200000EB1444A0B200EB1440C04380B203B07E
:10963000BDE8F08FBAF1010F9B46A4DCBAF1010F2F
:109640005B464FF00004B2D0BDF8063023449CB214
:1096500004EB13439CB204EB1344B4E71446B5E7A0
:10966000FFF764BF70B483B0002310F00106ADF8BB
:10967000063005D029B303788DF807300139013061
:10968000012934DD0B460446002234F8025B023B1C
:10969000012B2A44F9DC023921F00103023318447A
:1096A00001F00101012916D103788DF80630BDF8CB
:1096B00006100A4491B201EB124291B201EB124141
:1096C00026B10B029BB2C1F307211943C94388B2EB
:1096D00003B070BC7047BDF806301A4493B203EB78
:1096E000124399B201EB1341002EEAD1EEE70022BA
:1096F000D8E700BF00286BD02DE9F043002783B0E6
:10970000BC46BE4643684689ADF806E013F0010842
:1097100035464FD0002E53D0751E1A788DF807208D
:10972000012D03F1010948DD2B464946002231F89D
:10973000024B023B012B2244F9DC023D25F00103E0
:1097400002334B4405F00105012D04BF1B788DF851
:109750000630BDF8063013449AB202EB134293B2BE
:1097600003EB1242B8F1000F04D013029BB2C2F314
:1097700007221A431CFA82F21FFA82FCF3070CEB51
:10978000124C08D54FEA0C239BB2CCF3072287F08A
:10979000010743EA020C00680028B3D197B14FEAF1
:1097A0000C20CCF3072280B21043C04380B203B038
:1097B000BDE8F083012D9946B6DC4B460022C3E795
:1097C0003246D2E76FEA0C0290B203B0BDE8F083F4
:1097D0004FF6FF70704700BFF8B590F83530856AD6
:1097E000DB0750D52F4B1A4619460446FAF788FE78
:1097F000002D4BD000232B716B712B72A66AEB806E
:109800002B60638E28481844F7F7A2F8F7F7A0F802
:10981000737A264A184480B240F0294040F47E0012
:1098200090421BD9224B984288BFA0F57E40F7F7A3
:109830008FF8A26A2860557A94F8306094F8313035
:1098400094F8327094F83340012100200A2D1171F0
:10985000507106D94FF41673D380F8BD00F57E40E1
:10986000E5E71B0443EA04633B4343EA06232B4436
:1098700001F1CC31A1FB0341C90801EB8101A3EB4C
:109880004103D380F8BD6FF00F00F8BD0C2101201B
:10989000FAF730FD054610B1A0620646B1E74FF079
:1098A000FF30F8BD000404000001FEA9FF00FEA97E
:1098B000FFFEFEA9836AABB11A799AB1F0B45C7A63
:1098C00090F8305090F8312090F8326090F8337072
:1098D000002101200A2C1871597104D94FF4167215
:1098E000DA80F0BC7047120442EA0762324342EA6F
:1098F00005222244A1F13331A1FB0201C90801EB89
:109900008101A2EB4102DA80EBE700BF2DE9F041D3
:109910003C4B1D6882B0002D30D0DFF8EC8014265F
:1099200003270AE02279013B9BB2012AE38028D079
:10993000022A00D183B12D6805B3AC6A002CFAD09D
:10994000237A0BB1013B2372E388002BEAD1237900
:10995000012B18D0022BEED1291D2846FAF7B0FAB8
:109960006379E6800133DBB2012B6371E3D9002315
:10997000277163712D68E380002DDED102B0BDE850
:10998000F081002BD7D16379022B12D902AB0022D0
:1099900043F8042D022222714FF6FF7E6A462146CB
:1099A0002846CDF800E0FAF7ABFD0123E6806371AD
:1099B000C1E721462846FAF783FA63790133DBB21F
:1099C000032B63711BD095F8313095F8332095F84F
:1099D000320095F830101B0443EA0263AA6A03437D
:1099E00043EA012302B1527A1344A8FB0312D208BE
:1099F00002EB8202A3EB42030A33E3809BE7E6809B
:109A000099E700BF60B50020CDCCCCCC30B5856ADD
:109A100083B085B12B7973B10246044652F82E0FFC
:109A200000909288ADF80420012BD1F80E202B680D
:109A300003D09A4218D003B030BD9A420BD0002A0E
:109A4000F9D18A699A42F6D10831684606220DF0AA
:109A5000CFFE0028EFD06B7A204601336B7203B043
:109A6000BDE83040FFF7B8BE0831684606220DF069
:109A7000BFFE0028DFD02B7A002BECD1211D204621
:109A8000FAF71EFA64232B72D5E700BF806A28B16B
:109A90000B680068181AB0FA80F04009704700BFE0
:109AA0002DE9F047494EB7683C7804F00F04A40054
:109AB000132C84B0054677D94389032B74D94368A6
:109AC0001B78082B70D1706900F0F003E02B6BD08D
:109AD00088463168FAF73AFA002865D12B89072BB6
:109AE00062D92846FFF706FE00285DD104F10E0A70
:109AF000514628461FFA84F9FAF72EFF002859D05C
:109B00002B8909EB030189B28B424DD84FF42072A7
:109B10000E20FAF7E7FD8246002845D0428904F17D
:109B200008039A424DD33946224640680DF090FE14
:109B300021465046FAF734FF002842D129465046C4
:109B4000FAF7FEFF00283CD12846FAF777FF554682
:109B5000214628466F68FAF7FFFE28BB6C687269D9
:109B600033692361E2607B8838704FF6F772934265
:109B70008CBF0933083399B200264FF0FF0A798071
:109B80002046494684F808A0A672E672FFF76AFDEF
:109B9000012160815346019100963246CDF808803C
:109BA0000B49284600F0F8F9284604B0BDE8F04714
:109BB000FAF744BF51462846FAF7F2FE0028F3D1DF
:109BC000C6E75046FAF73AFFEEE700BF8CB5002033
:109BD000A0B500202DE9F0414FF4207286B0074671
:109BE0000E4622202421FAF77DFDA8B344687B6845
:109BF0006670032200262270666059689F68D3F859
:109C00000CE005461868A060E1602761C4F814E024
:109C100018699F695969E1612762A06106AFDB6835
:109C200047F8043D384600F061F8804688B16989FC
:109C3000A670E6702046FFF715FD012360803A46C6
:109C40000193CDF8088000963146FF23284600F0A6
:109C5000A3F92846FAF7F2FE06B0BDE8F08100BF8E
:109C60002DE9F0414FF4207286B007460E462220BF
:109C70002421FAF737FDA8B344687B6866700B228D
:109C800000262270666059689F68D3F80CE005468C
:109C90001868A060E1602761C4F814E018699F6942
:109CA0005969E1612762A06106AFDB6847F8043DAE
:109CB000384600F01BF8804688B16989A670E670C6
:109CC0002046FFF7CFFC012360803A460193CDF890
:109CD000088000963146FF23284600F05DF92846AB
:109CE000FAF7ACFE06B0BDE8F08100BF30B4194B06
:109CF0001B68ABB193F8352002F005010529F7D1B7
:109D000059680029F4D004689D686140294204D054
:109D10009207EDD4DA689442EAD1184630BC704715
:109D20000D4B1B68002BF8D093F8352002F005028C
:109D3000052A08D15A6852B102787F2A08BF002349
:109D4000184630BC70470023184630BC7047134695
:109D5000E3E700BF60B5002064B500202DE9F047BF
:109D6000466833781A09042A044605D02046FAF7D3
:109D700065FE0020BDE8F08703F00F0370889D00AA
:109D80000F46F6F7E1FD2389834280461FFA85F9E5
:109D900030D863894B45E9D323894345E6D3B9F1EC
:109DA000130FE3D949463046FFF75CFC0028DDD1AC
:109DB0003369DFF8DC9103F0F002C9F81430F06881
:109DC000C9F81000E02A1AD097F83520D20740F1E0
:109DD0008F807A68002A00F08B80934205D0184665
:109DE0003946FAF7B3F8002878D0B846D9F8100009
:109DF000A0B166E001462046FAF756FDC9E797F89C
:109E00003530D90740F1A0807B68002B00F09C80A2
:109E1000002855D1B846B8F1000FA7D0F38823F039
:109E2000C00333B1204600F0BBFA04460028A0D09E
:109E30004668C9F80080C9F80470C9F8086033782A
:109E400003F00F039B0039462046A9F80C30FBF7BE
:109E500073F80128824625D029462046FAF7A0FD4E
:109E6000737A062B00F08580112B7DD0012B76D0E4
:109E7000BAF1020F13D04146D9F81400FAF766F888
:109E800068B9D9F8143003F0F003E02B07D0294665
:109E90002046FAF79FFD02212046FFF79BFE204651
:109EA000FAF7CCFD0023C9F80030C9F80430C9F82E
:109EB0000830A9F80C30C9F81030C9F8143058E748
:109EC000B8463946FAF742F800287FF44FAFD9F880
:109ED000103003F0F003E02B9DD147E709F11401A6
:109EE0003846FFF7D3FD00287FF47FAFD9F8143050
:109EF000DBB27F2B28D0254BD3F80080B8F1000FC0
:109F000022D0DFF890A0474519D098F83530DB070C
:109F100015D5D8F8043093B1D9F8142093424146AE
:109F200010463FF463AFFAF711F800287FF45EAFF4
:109F300051464046FFF7AAFD00287FF457AFD8F8F6
:109F40000080B8F1000FDED1737A112B16D0D9F84A
:109F5000100000283FF40AAF4FF00008B1E739467F
:109F60002046FFF79DFD9DE739462046FEF7DEFEC1
:109F700098E739462046FCF7ABFF93E773195B88F7
:109F8000B3F5884FE3D1B84645E700BF60B5002080
:109F90008CB50020A0B500202DE9F04F85B09A4681
:109FA00006469DF838509DF83C30109F002A5CD042
:109FB0008946904609B10A680AB907F104091421D3
:109FC00030460193FAF7C8FC019B024600285ED197
:109FD0007468019284F808A06372D8F80010657064
:109FE00045202D0220700543080C43EA0A2310FA8D
:109FF00081F04FEA232A216105443089DFF8A0B0BF
:10A000004AEA032AF6F7A0FC019A6080034615FA93
:10A010008AFAA271E271BBF800009A44F6F794FC48
:10A02000BBF80030A08001335044ABF80030B9F1E8
:10A03000000F2FD0D9F80030E36010FA83F000EB66
:10A04000134083B203EB104000EB1040C04360812B
:10A05000BB8D13B132899A4211D8424631467B6991
:10A060003846984705B0BDE8F08F4389132B0ED9C9
:10A0700073680DF110081B6948F8043DE8E7424693
:10A080003946304600F05AFB05B0BDE8F08F6FF05E
:10A090000100E7E7014B1B68CEE700BF00040400A6
:10A0A000D43A00202DE9F04F85B0064601939DF883
:10A0B00038809DF83CA0109D002A55D08946142177
:10A0C0001746FAF749FC019B002861D1746801909A
:10A0D000237284F809A0386884F8018045214FEA8A
:10A0E00008284AEA032348EA01082170010C11FA02
:10A0F00080F120611812414440EA03283089DFF8DA
:10A100009CB011FA88F8F6F71FFC019A60800346AC
:10A11000A271E271BBF800009844F6F715FCBBF899
:10A120000030A08001334044ABF80030B9F1000F9B
:10A130002BD0D9F80030E36010FA83F000EB134025
:10A1400083B203EB104000EB1040C0436081AB8D45
:10A1500013B132899A4210D83A4631466B69284683
:10A16000984705B0BDE8F08F4389132B10D9436899
:10A1700004AF1B6947F8043DE9E73A4629463046F3
:10A1800000F0DCFA05B0BDE8F08F034B1B68D2E7A6
:10A190006FF00100E5E700BF00040400D43A00209E
:10A1A00010B50446406908B1FAF748FC214606207C
:10A1B000BDE81040FAF7F0B82DE9F04F83B0002366
:10A1C000DFF80CA1019181460093DAF80030002BF2
:10A1D00058D00027B84639463D46D9F80C000BE068
:10A1E0000137CDB1EA7FDC7F94429CBF88461D4693
:10A1F0001C681946B4B123465A698242F0D1D9F895
:10A2000010209C699442EBD19C89B9F804209442B7
:10A21000EED00137002DE5D11C6888461D46194651
:10A22000002CE8D145B36E6873689A8872B373687E
:10A230003046D3F800B0FAF737FC044430465E46A7
:10A24000A4B2FAF7FBFB002EF1D1DAF800309D4200
:10A250002B6818BFC8F8003029464FF0050008BF2A
:10A26000CAF80030FAF798F8BAF80430009A1B1BC5
:10A2700022440092AAF80430009B019A934201DA2A
:10A28000012FA2DC009803B0BDE8F08F1A686A6065
:10A290002A46012152F8080F9468D2F804E0D2F857
:10A2A0000CC0C3F80CC09C601860C3F804E01069CF
:10A2B00018613046FFF7D4FC3046FAF7F5FB044648
:10A2C0003046FAF7BBFB6E68002EB0D1BDE700BF89
:10A2D000D83A00202DE9F047304FD7F800A0BAF166
:10A2E000000F0DD04FF000089AF81F4054B1013C08
:10A2F0008AF81F40D046DAF800A0BAF1000FF3D177
:10A30000BDE8F087DAF80450DAF800906B689A88B4
:10A3100012B36B6828461E68FAF7C6FB0444284649
:10A32000A4B23546FAF78AFB002EF2D13B685345BA
:10A33000DAF8003018BFC8F8003051464FF0050079
:10A3400008BF3B60FAF728F8BB88CA461C1BBC80D4
:10A35000BAF1000FC8D1D3E71A68CAF804205246F0
:10A36000012152F8080F94685668D2F80CE0C3F83F
:10A370000CE09C6018605E60106918612846FFF769
:10A380006FFC2846FAF790FB04462846FAF756FB7E
:10A39000DAF80450002DBCD1C8E700BFD83A00203D
:10A3A0002DE9F04FD0F8049099F8003003F00F0336
:10A3B000052B83B0064640F0E280B9F80600F6F7B8
:10A3C000C3FA0546B9F80200F6F7BEFA99F800306C
:10A3D00003F00F039B009842C0F0D180C31A9BB2D8
:10A3E000A14F00933046FAF75FFBBB8803440A2B6A
:10A3F000804600F3CD803C68002C00F09280D9F8B4
:10A400000C2003E02468002C00F08B8063699342E9
:10A41000F8D1D9F81030A1699942F3D1A189B9F8DE
:10A4200004309942EED1B9F80600F6F78DFAC0F380
:10A430000C00002800F0E080B9F80630C5F30C05E8
:10A4400013F020034FEAC50501930AD1009BEB18D6
:10A450009BB29D4200F287804FF6EB72934200F26E
:10A460008280D6F80490B9F80200F6F76DFA99F8F0
:10A4700000A00AF00F0A4FEA8A0A504573D3A0EBF6
:10A480000A0AB9F80600F6F75FFAC0F30C00C0003C
:10A490001FFA8AFAD6F804B0824400231FFA8AFA17
:10A4A0008BF800308BF801308BF802308BF80330DA
:10A4B0005045ABF806A0ABF80400636854D8002BF5
:10A4C00076D0D3F804E0BEF8042090426CD356D086
:10A4D000BEF806C0604552D34FF001090EE0536844
:10A4E00099888842C0F0A18049D0DA88904246D34A
:10A4F000614518BF4FF000099E469446DEF80020E3
:10A50000002AECD16045CEF8006054D0019B002BAE
:10A510005FD0A37FDB075CD4BB889844A7F8048096
:10A5200030E00520F9F728FF0446002800F0858078
:10A530002022002120460DF089FA3B6823600F227B
:10A54000E277D9F80020D9F804E0D9F80800D9F862
:10A550000C106161A260C4F80CE02061D9F81020F1
:10A560003C60A26168E763684BB93A68944240F086
:10A57000CE8023683B6021460520F9F70DFF304669
:10A58000FAF75CFA4FF00008404603B0BDE8F08FE0
:10A5900001464846FFF710FE0028F0D0BB88434430
:10A5A0000A2B7FF728AFEAE79245CBF80030E6D8D0
:10A5B00066604FF00109019B13B1A37FDA07ABD5A9
:10A5C000B9F1000F05D063681BB15B689B88002B55
:10A5D00041D0BB889844019BA7F80480002BD1D1BF
:10A5E0009946A37F009A43F001031544B9F1010F86
:10A5F000A583A3774AD0C5E7E089F6F7A5F9C0F3AC
:10A600000C0000283FF418AFD9F80020D9F804E076
:10A61000D9F80800D9F80C106161A260C4F80CE008
:10A620002061D9F81020A26106E76045CBF8002030
:10A63000A5D38A457FF666AFA1E741464846FFF7B6
:10A64000BBFD80459BDC0520F9F796FE04460028FB
:10A650007FF46EAF93E7DBF8003083B15B689A88D4
:10A66000524509D0B5E700BFD83A00205268D988D2
:10A6700093889942ADD113461A68002AF6D1BB8857
:10A680009844019BA7F80480002BAAD02346616858
:10A6900053F8082F4E68D3F804C0D3F808E0D968FF
:10A6A000A08B3568C6F804C0C6F808E0F1603260D7
:10A6B0001A693261143080B2F6F746F900237080CF
:10A6C000B371F371B372F37230461421FEF7CAFF0F
:10A6D000D4F8048070815DB16E6814212846FAF7C1
:10A6E0005FF929464046FAF7F1F93568002DF3D1B4
:10A6F0003A6894421FD04AB113689C420AD02BB1E9
:10A700001A68944207D01346002BF9D1002322681F
:10A710001A60FFDE134622681A6021460520F9F709
:10A720003BFE4046FAF7C0F9BB88181AB88040468D
:10A7300003B0BDE8F08F23683B60EEE72DE9F04FF2
:10A74000D0F804B08B8D9BF800608DB006F00F063A
:10A750000A92B3F1140248BFA3F10D02B600C2F38E
:10A76000CF03142E06910546089340F0B980438923
:10A77000132B40F2B580BBF80600F6F7E5F8B5F804
:10A7800008A0C0F30C02AAF1140A1FFA8AF305927A
:10A7900000F4005203930B92002B00F09380089B6F
:10A7A000DB009BB2099300244FF4207214210E2089
:10A7B000F9F798FF099B039A934228BF13468146F5
:10A7C0000493002800F091804368DBF80020DBF858
:10A7D0000400DBF80810DBF80C70DF601A605860CA
:10A7E0009960DBF810201A61049BD9F804200792C5
:10A7F00073B31F4601E02D6800266C89A41BA4B228
:10A80000BC4228BF3C46002CF5D00620F9F7B4FD29
:10A810004122804603462146002859D001946868A9
:10A82000304400900020FAF721F8824600284BD0EF
:10A830002846FAF745F93F1B2D4BC8F81450C8F8C5
:10A84000103051464846BFB2FAF740F9002FD2D136
:10A85000069B059A9B8DC2F30C00039A133B26447A
:10A860009342B6B201DD0B9B0BB140F40050F6F7FA
:10A870006BF8049B079F1433F88098B2F6F764F8DE
:10A8800000237880BB72FB7238461421FEF7EAFE83
:10A89000B846069F0A9A7B69A8F80A0049463846D6
:10A8A00098474846FAF7CAF8039A049B0899D31ABE
:10A8B0009BB21A460393059B0B449BB20593002A57
:10A8C0007FF472AF002008E041460620F9F764FDEE
:10A8D0004846FAF7B3F84FF0FF300DB0BDE8F08FFF
:10A8E0006FF005000DB0BDE8F08F4FF0FF30F4E7DA
:10A8F000A1A1020082090C4900F03F00400231F999
:10A90000123010B40132C0F5004403FB04F31B0CF9
:10A9100031F812205DF8044B1B0410FB023040F3A9
:10A92000CF3020F001007047BC05040010B50028AE
:10A9300014BF0446012420460CF030FC00B110BDC9
:10A9400000F0C8F908B18047F5E7042000F0A2F84C
:10A95000024B0360024A034900F046F9100A040062
:10A9600085A90200EC09040008B51B220249022057
:10A9700010F028F800F0EEF8C00904000048704715
:10A98000DC09040010B5034B0360044600F0BEF878
:10A99000204610BD100A040010B5054B03600446A4
:10A9A00000F0B4F82046042100F004F8204610BD61
:10A9B000100A040000F0C0BAF0B41B4C50F8087C38
:10A9C0006168A0F10806C9B1F519A9421BD04A680F
:10A9D0002AB3954203D322E09D4205D21A4653681A
:10A9E0000C1D1146002BF7D111685518AE4213D03B
:10A9F00040F8043C23685E60F0BC704740F8041CDB
:10AA00006660F0BC70470B684A6840F8042C1F442D
:10AA100040F8087C6660EFE70F441760ECE71346E8
:10AA200004340A46E0E700BFE03A002030B4184C96
:10AA300000F108016368082938BF082113B3073102
:10AA40001A6821F00701914204D81DE00268914282
:10AA500005D9034658680028F8D130BC7047043344
:10AA6000521A072A0AD9451844686C601C6842507B
:10AA700021601D6004F1080030BC704742681A6014
:10AA80000446F7E71846E8E71846231DE8E700BF45
:10AA9000E03A002038B500F1800528460CF07EFB36
:10AAA000044638B18022002120460CF0CFFF04F18B
:10AAB000800038BD2846FFF7B9FF04460028F1D1D1
:10AAC00000F048F8064A93688038984205D9D26861
:10AAD0001344984201D2FFF76FBF0CF067BB00BF71
:10AAE000E03A002038B5084C4FF41E652846E56072
:10AAF0000CF054FBA06020B100236060056043604F
:10AB000038BDE060606038BDE03A0020704700BFAB
:10AB1000704700BF004870471C0A040010B50421AC
:10AB20000446FFF747FF204610BD00BF08B5804729
:10AB30000CF068F800F06CFB0CF064F80D4604466D
:10AB400000F0A4FB013501D000F0F8F9204600F038
:10AB5000EFFA00BF08B5034B1868BFF35B8FFFF730
:10AB6000E5FF00BF1C01002008B58047FFF7F2FF9A
:10AB700008B5034B1868BFF35B8FFFF7F5FF00BF05
:10AB800018010020024B1868BFF35B8F704700BFAD
:10AB90001C010020024B1868BFF35B8F704700BF99
:10ABA00018010020012810B51AD8BFF35B8FA1F15E
:10ABB000280353E8002F013A43E800200028F8D189
:10ABC000BFF35B8F5AB951F81C3C01F158040BB12B
:10ABD000204698472046BDE81040FFF773BF10BDE0
:10ABE00051F8140CFFF7A2FFF8B504460F461646BD
:10ABF00000F096FB436801252B44436044F8787CC1
:10AC000044F8746C44F8805CFFF7C4FF44F8700C9F
:10AC1000FFF7B8FF472343224FF04E0E104904F8C8
:10AC2000583CA4F158052B235527002644F86C0CFA
:10AC300004F857EC44F8501C04F8552C04F8542C34
:10AC400004F8533C04F8523C04F8567C04F8516C68
:10AC500028460BF0BBFD284600F0DAFAFFF77AFF32
:10AC6000A5AB020010B500F05BFB4268046801323E
:10AC7000426064B194F82020472A0AD00022026082
:10AC8000203420460BF0C6FD204600F0C1FAFFF745
:10AC900061FF94F821204E2AF0D194F82220552A01
:10ACA000ECD194F82320432AE8D194F82420432AB5
:10ACB000E4D194F825202B2AE0D194F826202B2AE1
:10ACC000DCD194F82720012AD8D862695242626107
:10ACD000D6E700BF024B1868BFF35B8F704700BF19
:10ACE000F03A002010B5034B0360044600F0CAF8A8
:10ACF000204610BD0C0B040010B5054B0360044644
:10AD000000F0C0F820460C21FFF754FE204610BD8D
:10AD10000C0B040070B582B00D46069C94420646AA
:10AD200009D0B06806680694346A2946A44602B081
:10AD3000BDE87040604719460192009300F06AF840
:10AD4000009B019A0028ECD0062002B070BD00BF25
:10AD50002DE9F04F81B00E4619461F4691468346B5
:10AD60000A9CDDF82CA0DDF830800D9D00F052F833
:10AD700070B1002E2C6085F804901FDB3444A04590
:10AD80000CBF06240124AC71002001B0BDE8F08F97
:10AD9000444518D0DBF80800D0F800E00D95CDF858
:10ADA0003080CDF82CA00A94DEF81C403B464A4681
:10ADB0003146A44601B0BDE8F04F60470236E3D10A
:10ADC0000123AB71E0E75146584600F023F8002814
:10ADD000E0D0002085F8059001B0BDE8F08F00BFFD
:10ADE0002DE9F04107460C4615461E4600F062F874
:10ADF00008B1BDE8F081B86807682146BC693346F0
:10AE00002A46A446BDE8F041604700BF704700BF36
:10AE100000207047814211D008B5406803782A2B82
:10AE20000AD049680B782A2B08BF01310DF04CF984
:10AE3000B0FA80F0400908BD002008BD012070472D
:10AE400070B5036884B000249E69009410231546F1
:10AE5000029312688DF804406B460394B0479DF846
:10AE6000043003F00603062B03BF009B2B60012078
:10AE7000204604B070BD00BF009890420CBF062071
:10AE80000120704710B5034B03600446FFF7BEFF77
:10AE9000204610BD800B040010B5054B036004462E
:10AEA000FFF7B4FF20460821FFF784FD204610BDC0
:10AEB000800B040038B515461C46FFF7ABFF20B1E8
:10AEC000082206232560E260237138BD2DE9F04198
:10AED00017461C4606460D46FFF79CFF08B9032C93
:10AEE00001D9BDE8F0812B683A46314628465B69B6
:10AEF000BDE8F041184700BFF0B583B01746089D84
:10AF00000A990B9C8D4206460BD019463046FFF736
:10AF100081FF18B1012325602771A371002003B0C0
:10AF2000F0BD09990193FFF775FF18B10020677113
:10AF300003B0F0BD019BE8E70CF038B91EB400F097
:10AF400091F81EBC0BF054FCF0B50278472A83B090
:10AF50000D461F461ED00023274C01932368204630
:10AF60009B68984780B1019B1B68019302262B6860
:10AF7000214628461C6901AA0123A04730B1019B44
:10AF80003B60304603B0F0BD0126F0E70646304690
:10AF900003B0F0BD43784E2BDDD18378552BDAD149
:10AFA000C378432B19D0C378432BD4D10379432BD7
:10AFB000D1D143792B2BCED183792B2BCBD1C37914
:10AFC000012BC8D804D050F8204C58300190C5E768
:10AFD00050F8200C50F8784CF8E70379462BE2D172
:10AFE00043794F2BDFD18379522BDCD1C379002BEE
:10AFF000D9D10193014CB1E7380A0400300A0400AA
:10B0000010B5044600F08CF92378472BA4F12002F8
:10B0100004D0836823BB8260012010BD63784E2B6F
:10B02000F7D1A378552BF4D1E378432BF1D12379D1
:10B03000432BEED163792B2BEBD1A3792B2BE8D1CA
:10B04000E379012BE5D854F8043C0133012B44F893
:10B05000043CE1D1836844F8083C8260012010BDC3
:10B06000FFF778FD08B500F05BF9836883B393F8C8
:10B070002020472A04D00022826003F1200008BD6E
:10B0800093F821204E2AF6D193F82220552AF2D1A6
:10B0900093F82320432AEED193F82420432AEAD1BF
:10B0A00093F825202B2AE6D193F826202B2AE2D1EB
:10B0B00093F82720012ADED8DA69013ADA61002AFA
:10B0C000DBD19A69826000229A6103F1200008BDF9
:10B0D000FFF740FD0378472B01D0002070474378ED
:10B0E0004E2BFAD18378552BF7D1C378432BF4D16B
:10B0F0000379432BF1D143792B2BEED183792B2B81
:10B10000EBD1C07901288CBF00200120704700BF1F
:10B1100010B530B1044600F07BF82046FFF7DAFFA7
:10B1200008B9FFF717FD54F8140CFFF7FFFC00BF38
:10B130002DE9F04F85B00246FFF7CCFF60B152F821
:10B14000188C52F8145C966A176B546B104600F01A
:10B150005FF84046FFF708FD104600F059F8FFF78A
:10B1600007FD00F055F8FFF7F5FC00F051F800F08E
:10B17000D3F8036893F82720012A36D003F1780228
:10B180000DF1100A4FF0000820334AF8082D27F07F
:10B19000030B0193C146B1451BDA276807B1274469
:10B1A0005346002239460198FFF7CEFE10BB3B689C
:10B1B00014491B69009304AA012342F8040D384680
:10B1C000009FB847002818BF804609F101095C4478
:10B1D000E1E7B8F1000F0AD00420FFF75BFC0A4B4F
:10B1E00003600A4A0749FFF7FFFC1A68C8E72846C8
:10B1F000FFF79CFCFFF736FD00F048F800F046F83A
:10B20000FFF79CFE400A0400C40A040011AB0200D0
:10B2100038B5044600F084F822780368472AA4F180
:10B22000200104D083BB1C460160204638BD6278F3
:10B230004E2AF7D1A278552AF4D1E278432AF1D1E7
:10B240002279432AEED162792B2AEBD1A2792B2ADB
:10B25000E8D1E279012AE5D854F80C2C002A10DB59
:10B260000132456844F80C2C013D45608B421CBFFF
:10B2700044F8103C01602046646A0AF00BFF204647
:10B2800038BDC2F10102ECE7FFF764FC08B500F03D
:10B2900043F80246006800283DD090F82030472B44
:10B2A00006D0002313602030BDE808400AF0F4BE49
:10B2B00090F821304E2BF4D190F82230552BF0D15C
:10B2C00090F82330432BECD190F82430432BE8D175
:10B2D00090F825302B2BE4D190F826302B2BE0D1A1
:10B2E00090F82730012BDCD84369002B05DB013BAC
:10B2F00008D05A1C0DD0436108BD0133FBD1016950
:10B300001160F8E7036913602030BDE808400AF0D7
:10B31000C3BEFFF71FFC08BD00487047F43A002089
:10B3200000487047F43A00205028F8B554D000F097
:10B330000F040C2C4ED8DFE804F007394907174DED
:10B340004D4D4D1F1B071700154655F8044B44B1D2
:10B3500000F07006102E08BF11460C44020648BFCC
:10B3600024681C602846F8BD154655F8084BEEE7E2
:10B37000154635F9024BEAE700242746154615F82D
:10B3800001EB0EF07F06BE401EF0800F44EA06047B
:10B3900007F10707F3D11F2FD9D81EF0400FD6D0E1
:10B3A0004FF0FF3606FA07F73C43D1E70024274663
:10B3B000154615F801EB0EF07F06BE401EF0800F1B
:10B3C00044EA060407F10707F3D1C0E7154635F84C
:10B3D000024BBCE70BF016FC033222F0030555F8D4
:10B3E000044B1C602846F8BDFF280DD000F070000B
:10B3F000202815D00AD940280FD0502804D0302852
:10B4000008D108460BF0F8BB002070470028FBD09D
:10B410001028F9D008B50BF0F5FB08460BF0D8BBA7
:10B4200008460BF0E5BB00BFF8B50C4615460746CD
:10B43000002844D00BF0CCFB28602678FF2E04F1C6
:10B44000010432D039463046FFF7CEFF224601468E
:10B450002B1D3046FFF768FF0446601C23782B75D0
:10B46000FF2B29D0102300242B75224610F8011B36
:10B4700001F07F039340090644EA030402F1070246
:10B48000F4D40444EC6003786B7500240130224648
:10B4900010F8011B01F07F0393401C430B0602F1DF
:10B4A0000702F5D404442C61F8BD686023782B753D
:10B4B000FF2B04F10100D5D10023EB60E3E7BBE7EC
:10B4C0002DE9F04F00F0030497B00023012C8946CA
:10B4D00017460A931ED00ED3022C0AD1394648468D
:10B4E0000BF062FB002800F0A580092017B0BDE832
:10B4F000F08F0BF087FB0007F0D40123039316AA0B
:10B50000002342F82C9D1946009238460C220AF07E
:10B51000EFFD0FE010F0080400F0908016AA44F050
:10B52000020442F82C1D3846009219460C2203945E
:10B530000AF0DEFD38460BF051FB05900028CDD017
:10B5400010AB1A46059906933846FFF76DFF39464A
:10B5500004469DF85400FFF747FF0DF13C0B002314
:10B56000129019460F22CDF800B038460AF09AFD25
:10B570000F9B149A23F00103A24203F1FF3675D901
:10B580000DF1340A0DF138089DF855500021284678
:10B59000FFF72AFF2246534601462846FFF7C4FE1E
:10B5A0009DF85540054600212046FFF71DFF2A461D
:10B5B000434601462046FFF7B7FE9DF85540054635
:10B5C00000212046FFF710FF2A4601465B46204631
:10B5D000FFF7AAFE04460020024614F8011B01F002
:10B5E0007F039340090640EA030002F10702F4D406
:10B5F000109B0D9A13449E4231D2039BDB0739D531
:10B6000000250495002319460D22CDF80080384608
:10B610000A9C0AF047FD059A0E9BC9F82C20049A53
:10B62000C9F82440C9F82850C9F83020C9F820309A
:10B6300006205BE7082017B0BDE8F08F10AB009341
:10B6400006930D22234621463846D9F820500AF0A9
:10B6500029FD109B9D4212D0022303934FE70E9ABF
:10B6600013449E4259D3149BA3428DD800250495C0
:10B67000012405E1039B1B074CD5FFF76BFA16AAC3
:10B68000234642F82C9D2146009238460C220AF0AF
:10B690002FFDD9F830300493002B3BD0D9F8285037
:10B6A000D9F82C100324002DC0F206810DF1340AC4
:10B6B0000DF1380816A9002341F8289D1A4600917B
:10B6C000384619460AF014FD002319460122CDF828
:10B6D00000A038460D950AF00BFD002319460F22F5
:10B6E000CDF8008038460AF0DDFC0E9B049ACDF8B8
:10B6F000008003F0010500231543384619460F2248
:10B700000E950AF0F5FC022C00F08080072017B09F
:10B71000BDE8F08F4846FFF7FBFC0F9B04931A46E9
:10B72000002B78D100283FF4D9AE149B049A01383D
:10B730000344002A3FF4D2AE002B75D0039A12F0D6
:10B740000802099200F0F68047214E2289F8001085
:10B7500089F801205521432289F8021089F8032035
:10B7600046214F2289F8041089F805205221002231
:10B7700089F8061089F8072000220892079700250B
:10B78000294600E023461C4614F8010B00F07F0216
:10B790008A40060645EA020501F10701F2D41F2995
:10B7A00005D8420603D501228A405242154300269D
:10B7B000314613F8010F00F07F028A40070646EA7F
:10B7C000020601F10701F4D41F2905D8400603D56C
:10B7D00001238B405B421E43002D5CD05EDD9DF853
:10B7E0005400FF2800F0A48000F00703042B3FF66C
:10B7F00080AE01A252F823F063B80200F3B4020055
:10B8000069B8020063B8020041B802004846FFF779
:10B81000F7FB07206AE6119B1A440492002884D1A2
:10B82000049B002B3FF45AAE039B13F001037FF4FB
:10B8300055AE039A12F0080540F09780022439E7CC
:10B84000EB005B42139A12991A444346FFF76CFDD2
:10B850000E9999B1B9F1000F09D1002E77D0A31933
:10B860008DE7AB005B42EDE76B005B42EAE70AABBA
:10B8700000224846FFF768FB0028EED0079F03240C
:10B88000039BDA0760D4039B190766D4012C3FF4AD
:10B8900041AF059907E701230893DEE7B9F1000FEF
:10B8A00001D0099B5BB36B1CC3EB8373139A52F8F3
:10B8B0002330002BD1D1E1E7069A3846FFF7B4FDDB
:10B8C00039469DF85400FFF78FFDAA0082F003026D
:10B8D000D243139E1290B358164433B1324600231C
:10B8E00052F8041F01330029FAD10422C9F8283084
:10B8F000C9F82C00C9F83460C9F83020D6E66F1CAE
:10B90000C7EB8773139F0A9A57F823100F9207EB20
:10B91000830721B9B2E757F8041F0029AED0394494
:10B920005B4600224846FFF70FFB0028F3D094E760
:10B93000002387E799F80720012A0CBF59F8202C2B
:10B9400009F158020A9217E70DF138085AE6089BE8
:10B95000079F002B7FF468AFC0E5012C3FF48DAE4C
:10B96000002DBFF6A3AEFFF703F91D460224A1E6A2
:10B97000FFF74EFC81E600BF70B53C4B1A7882B0F1
:10B98000002A35D101241C7006F0D2FB00285BD0C0
:10B990004468374D23782A2B02AB4FF0FF3208BFA3
:10B9A000013443F8042D00221146204606F052FBD4
:10B9B0002B680646DB682F48302201210BF0AEFBD6
:10B9C000019B7BB12B682046D9680BF0D1F92B681D
:10B9D0002948DB68022201210BF0A0FB019B8BB1FF
:10B9E000FFF740F92B683046D9680BF0C1F9EEE754
:10B9F0001F4B22481B681D22DB6801210BF08EFBC8
:10BA00000BF000F930460BF0D1FBE9E701290C46B9
:10BA100027D1FFF7FDFB03689B6898472B68064614
:10BA2000DB68174821460B220BF078FB2B68304669
:10BA3000D9680BF09DF92B680A20D9680BF028F91A
:10BA4000FFF724FC0BF0DEF8094B0E481B6821467B
:10BA5000DB682D220BF062FBF4E7FFF717FCFFF722
:10BA60006DFAFFF7D5FBFFF711FCEBE7003B002079
:10BA700024010020C40B0400F80B0400A40B0400F4
:10BA80002C0C0400FC0B040070B44C1E4C2C2DD864
:10BA9000DFE804F03C3C3C3C2C2C2C2C27273C279A
:10BAA00027272727272727272727272C282828281D
:10BAB000282828283C27272727272C27283E3C2CC6
:10BAC0003C28283E2C2C2727273C3C3C3C3C273C50
:10BAD0003C273C2C2C2727272C2C2C2727273C289D
:10BAE0003C001AB144698569AC4202DB002070BC9D
:10BAF000704704EB44050669AD00013444617019D8
:10BB0000F5D071554260836070BC7047002AEDD05B
:10BB1000002BEBD044698569AC42E7DAE9E700BF66
:10BB20002DE9F047C368B2F1000A04460E461A78C0
:10BB300015BF4FF01E094FF01B094FF01D084FF0C5
:10BB40001A0814BF1C2719270D4618E0562A1FD0C3
:10BB50004B2A24D0442A2DD15A78782A27D1226B17
:10BB600002331132E36022634C2100231A4620463F
:10BB7000FFF78AFF2860C8B1E3681A78051D722AAA
:10BB8000E4D1226B01330932E36022633946ECE7EA
:10BB9000226B01330932E36022634146E5E7226B01
:10BBA00001330632E36022634946DEE70546284654
:10BBB000BDE8F087BAF1000FF9D1462AF7D1B542B6
:10BBC000F5D01D201E211C2207E01B2B0BD0192BAA
:10BBD00000D132700436B542E9D0366833781A2B7A
:10BBE000F3D13070F6E73170F4E700BF10B4C368EA
:10BBF0001C78522C0A460FD04F2C03D008465DF813
:10BC0000044B7047016B0331016320210133C36092
:10BC10005DF8044B002337E7016B023101631F21FC
:10BC2000F4E700BF002A4DD070B505460E46144615
:10BC30002378013B4C2B2BD8DFE803F03636363F18
:10BC40002A2A2727363636363636363636363636CA
:10BC50003636362A363636363636363636362F2F9E
:10BC600036362A363636362B363636362A273636A6
:10BC700036363636363636363636362A2A362B2B92
:10BC80002B2B2A36363636363600A468002CCFD118
:10BC900070BD6468002CCBD1FAE762681378052B7D
:10BCA00003D1336801333360626831462846FFF7B9
:10BCB000B9FFA468002CBBD1EAE72B6801332B60E5
:10BCC0006268F2E7704700BF7AB32DE9F0410D4694
:10BCD0000446D0F80011AF184FF0000809E00B46F9
:10BCE000BD4201F10101C4F80011E65484F8046179
:10BCF00019D0FF2915F8016BF1D1D4F8083184F877
:10BD0000FF80D4F80C2120469847D4F82431013321
:10BD1000C4F8243100230121BD42C4F80011E654C7
:10BD200084F80461E5D1BDE8F081704770B4026821
:10BD300011786E2918D0A1F13003092B1ED80026E6
:10BD40000023013203EB8303026001EB430411780B
:10BD5000A1F13005092DA4F13003F2D90EB1C4F1DF
:10BD60003003184670BC7047531C03605178A1F132
:10BD70003002092A02D81A460126E1E70023F0E73B
:10BD800043698269934210B50FDA03EB43020169FC
:10BD9000920001338C18436105D041230C308B5441
:10BDA000FFF7C4FF6060204610BD0024204610BD90
:10BDB00010B5C3681A785F2A04460DD06E2A0FD0DA
:10BDC0000C30FFF7B3FF01300AD4E3681A785F2A1A
:10BDD00006D10133E36010BD01330020E36010BDE4
:10BDE0004FF0FF3010BD00BF38B5C3681A78542A31
:10BDF00001D0002038BD0133C3600446FFF7D8FFEF
:10BE0000051EF6DBA26A6369A16901328B42A26258
:10BE1000EFDA03EB43022169920001338818636172
:10BE200002D005238B54456038BD00BF70B5044671
:10BE30000C30FFF77BFF061E4DDDE56863685B1B7A
:10BE40009E422BDCA268AB195207E36004D5AA5DC1
:10BE5000242A04BF0133E360092E0CDD08221F49A8
:10BE600028460BF0C5FC30B92B7A2E2B19D05F2B4E
:10BE700017D0242B15D06369A26993420EDA03EB25
:10BE800043022169920001338818636106D02DB105
:10BE900000238B5445608660E06270BD0020E06244
:10BEA00070BD6B7A4E2BE6D1236B6269A1691633A4
:10BEB0009E1B8A422663F1DA02EB420321699B0052
:10BEC0000132C8186261EAD00025CD54044A4260AC
:10BED00015238360E3E7002070BD00BFD01304008A
:10BEE000DC13040070B5C368C66A1A78422A044697
:10BEF0000D460FD10133E3602046FFF797FF2A4636
:10BF000003464B212046FFF7BFFDE3681A78422A1B
:10BF10000546EFD0E662284670BD00BF2DE9F0412E
:10BF20000546C0680378532B02D00020BDE8F0819D
:10BF3000431CEB604278A2B1831CEB6042785F2A1D
:10BF40005AD100232A6A9342EFD2AA6AE9690132E0
:10BF5000AA6251F82300BDE8F081A2F14103192B38
:10BF60004FD9AB6803F00803002B14BF0124002451
:10BF700001D1002969D1464B742103F1C40003E0CB
:10BF80001C338342D1D219788A42F9D15E69002EDE
:10BF90007BD06A69A9698A4263DA02EB4207D5F865
:10BFA00010E0D3F81880BF0001321EEB07006A6171
:10BFB00006D04FF0180C0EF807C04660C0F8088095
:10BFC000E862002C4AD0DE681C692B6B9142234446
:10BFD0002B6341DD02EB420329699B000132C81843
:10BFE0006A6103D01822CA5446608460EB681B78EB
:10BFF000422B38D0BDE8F081A2F13004E3B2092B26
:10C00000ABD800210DE0303B99428ED8E9680A7820
:10C01000481C1AB1E8600A785F2A14D0A2F13004F3
:10C020001946E4B201EBC103092CA2F1410002EB75
:10C030008303E8D919283FF678AF01EBC10302EB7F
:10C040008303373BE0E701337CE7EB681B78433B36
:10C05000012B98BF01248EE70020C7E75E689C682B
:10C06000B3E70020ACE701462846FFF73BFF002876
:10C070003FF45BAF2B6A6A6A9342BBDAE9695A1CE8
:10C0800041F823002A62BDE8F081A9696A6998E74E
:10C09000380C040038B5044629B9C3681A7832B19F
:10C0A0005A1CC2601978682919D0762901D000205D
:10C0B00038BD04F10C052846FFF738FEE3681A780E
:10C0C0005F2AF4D10133E3602846FFF72FFEE368CF
:10C0D0001A785F2AEBD10133E360012038BD04F107
:10C0E0000C00FFF723FEF2E7D0F810319BB10A688D
:10C0F0005B68002A9B6809DB23B907E042B19B68B3
:10C10000013A1BB119782F29F8D00023184670473F
:10C110005B68184670470122C0F81821F6E700BF97
:10C12000002941D038B505460C4623784B2B27D83B
:10C13000DFE803F02E26262626302E2B2B26262659
:10C140002626262626262626262626262E26262687
:10C1500026262626262626262626262E2626262677
:10C160002E262626262E2B2626262626262626265A
:10C17000262626262E2E2626262E2E2E26262E2E27
:10C1800061682846FFF7CCFF18B9A468002CCCD111
:10C19000002038BD211D2846FFF7A6FF0028F7D054
:10C1A00003782F2BF4D138BD00207047F0B5154629
:10C1B0005268AC684B1C1344A34283B00E4607463A
:10C1C00013D8EC680CB103B0F0BD95E80900324615
:10C1D000394618440BF03CFB2B686A6833449C5486
:10C1E0006B681E446E6003B0F0BDEA68002AEAD1B5
:10C1F0001CB9022B4FF0020402D96400A342FCD800
:10C20000214628680BF0D4FC10B12860AC60D8E758
:10C21000019028680AF0CAFF019B2B6001226B6025
:10C22000AB60EA60CFE700BF2DE9F04188B00A4675
:10C2300004461B4901A80BF015FF01A80CF0C0F83B
:10C2400050B301ADD4F800112F184FF0000809E0E9
:10C250000B46BD4201F10101C4F80011E65484F817
:10C26000046119D0FF2915F8016BF1D1D4F8083118
:10C2700084F8FF80D4F80C2120469847D4F8243164
:10C280000133C4F8243100230121BD42C4F8001158
:10C29000E65484F80461E5D108B0BDE8F08100BF40
:10C2A000F41304002DE9F04FC3681D7883B0002219
:10C2B0008D420446019200F0C6818846DFF89C94C6
:10C2C00001AE23E0662A4CD0A2F13001092900F228
:10C2D0001782204601F010FB0546002800F070810F
:10C2E000E3681B78492B00F0928067632A4600239D
:10C2F0002E212046FFF7C8FB306000285BD0E368A2
:10C300001A78424500F1080600F007810125676BA5
:10C3100065631A784C2A47D0542A51D0732AD1D158
:10C320005A78722A00F0E280702A00F0FD802046E0
:10C3300001F022FA0546002800F042812B78312BCB
:10C3400043D0322B5CD0332B7BD1E3681A785F2A41
:10C3500040F0C1800133E36045212046FFF7A2FF92
:10C36000BCE05A78702AE2D19A1CE2609A78542A8A
:10C3700069D02046FFF71CFD6FF00043984260D063
:10C38000431C5ED001306369A269934259DA226985
:10C39000591C03EB430312EB8305616151D0062165
:10C3A00002F823106860A0E7204601F0F3FE05467E
:10C3B0006763002D9AD10025284603B0BDE8F08FB1
:10C3C0002046FFF711FD0546F2E7D5F804B0236BD0
:10C3D000DBF80820DBF800A0023A13442363504640
:10C3E00049460BF071FE002800F0E680DBF80C30C7
:10C3F000032B26D8DFE813F02B0035013300A5000E
:10C400006B68032B1DD8DFE803F022661C1C204656
:10C4100000F004FC2A46034604212046FFF734FBC3
:10C420000546C5E7742A82D15B786C2B7FF47FAF19
:10C43000204600F0B9FDE3685A780546002A40F02E
:10C4400069816763B7E70333E36000209BE72A460F
:10C45000002335212046FFF717FB0546A8E7BAF170
:10C46000000FEED06B681B685A78632A00F0D28008
:10C470009AF80030662B00F0EF80204600F070F94B
:10C480008346B14950460BF01FFE002800F09D8006
:10C49000AE4950460BF018FE30B15046AC490BF097
:10C4A00013FE002840F08380204601F025FAE3685F
:10C4B0001B78492B824600F0E98053465A463821C2
:10C4C0002046FFF7E1FA2A46034637212046FFF7C8
:10C4D000DBFA05466CE7204600F042F903462A469F
:10C4E00036212046FFF7D0FA054661E70233E360C4
:10C4F000204600F059FD8246204601F0FDF9E36830
:10C500001B78492B834600F0938003462946524608
:10C510002046FFF7B9FA05464AE7019D0133284650
:10C52000E36003B0BDE8F08F0233E360204600F023
:10C5300017F9002302464A212046FFF7A5FA0546CF
:10C5400036E7BAF1000F3FF47CAF824950460BF05A
:10C55000BBFD00283FD09AF80030662B00F0BD806C
:10C560006E2B7FF46EAF9AF80130772B02D0612BDF
:10C570007FF467AF5F212046FFF794FE8246204696
:10C5800000F012FDE3681A78452A834600F0A18086
:10C59000702A00F0A680692A7FF453AF5B786C2B79
:10C5A0007FF44FAF204600F0DBF803461FE0204643
:10C5B00000F0D6F8824680E7204600F0F5FC8DE7D3
:10C5C0002846676303B0BDE8F08F45212046FFF79A
:10C5D00069FE824671E7204600F0C2F88246204696
:10C5E00000F0BEF88346204600F0BAF803465A46EB
:10C5F0003B212046FFF748FA524603463A2120469F
:10C60000FFF742FA2A46034639212046FFF73CFA53
:10C610000546CDE61B78A3F16302012A03D9723BDC
:10C62000012B3FF625AF204600F0BEFC834628E7ED
:10C63000204600F0F3FA5A46034604212046FFF74D
:10C6400023FA034662E70133C3602E21134603B089
:10C65000BDE8F04FFFF718BA204601F08DF8834689
:10C660000FE7BAF1000F3FF436AF9AF80030702BA5
:10C6700017D06D2B15D0504637490BF025FD0028FB
:10C680007FF429AF204600F065FA27E7204600F046
:10C69000C5FA5246034604212046FFF7F5F98246C3
:10C6A0000BE79AF801209A42E5D1E3681A785F2AED
:10C6B00023D0504628490BF007FD00283FD02046E4
:10C6C00000F04EF803461A4638212046FFF7DCF901
:10C6D00004E70133E360002389E7204601F04CF8CA
:10C6E0007CE75A78692A7FF4ACAE0233E3604521D7
:10C6F0002046FFF7D7FD034679E70133E360BAE749
:10C700006F2A15D0692A7FF48DAE5A786C2A7FF48F
:10C710000EAE00250233E36045212046FFF7C2FD3F
:10C720002A46034630212046FFF7AEF905463FE68C
:10C730005A786E2A7FF4FBAD0233E360C9E52046E8
:10C7400000F008FA0346BEE7FC13040000140400DE
:10C750000414040008140400F8130400EC18040086
:10C76000C1680B784C2B00F08780542B00F086803A
:10C77000732B2DE9F041044637D0662B12D0A3F17C
:10C780003002092A00F2B881204601F0B5F80546CA
:10C7900000286DD0E3681B78492B00F0888028467C
:10C7A000BDE8F0814B78702B39D0204600F0E4FFD3
:10C7B000054600285CD00378312B61D0322B25D080
:10C7C000332B55D1E3681A785F2A40F0B4810133E6
:10C7D000E36045212046FFF765FD03462A462046D3
:10C7E0003621BDE8F041FFF74FB94B78722B69D085
:10C7F000702BDAD10231C160FFF7B2FF002302468D
:10C800004A212046BDE8F041FFF73EB94368032BBB
:10C810002ED8DFE813F0710090012D002D008B1C45
:10C82000C3608B78542B63D0FFF7C2FAC34333F055
:10C8300000431DD001306369A269934218DA03EB0B
:10C8400043022169920001338D186361A7D006234A
:10C850008B546860A3E7742BA7D14B786C2BA4D1C1
:10C8600000F0A2FBE1684B780546002B40F04E81BA
:10C8700000252846BDE8F08101F08CBCFFF7B4BA72
:10C880004768236BBA683E68AC49023A1344236395
:10C8900030460BF019FC002800F0AB80FF68032F36
:10C8A000E6D8DFE817F02900FF00710031002046CC
:10C8B00000F0B4F92A46034604212046BDE8F041C1
:10C8C000FFF7E2B80231C16000F06EFB054620467A
:10C8D00001F012F8E3681B78492B064600F0AE80A1
:10C8E00003462A4620460121BDE8F041FFF7CCB8B7
:10C8F0000331C16000209EE72A46204600233521EF
:10C90000BDE8F041FFF7C0B8002EB1D08C493046E9
:10C910000BF0DAFB002871D03378662B00F0B28080
:10C920006E2BA5D17378772B01D0612BA0D15F211D
:10C930002046FFF7B7FC0646204600F035FBE368CB
:10C940001A78452A074600F09980702A00F09E80E8
:10C95000692A8DD15B786C2B8AD12046FFF700FFC6
:10C9600003463A463B212046FFF78EF832460346FF
:10C970003A212046FFF788F82A4603463921204607
:10C98000BDE8F041FFF780B8002E3FF471AF6B684F
:10C990001B685A78632A44D03378662B59D02046D6
:10C9A000FFF7DEFE0746674930460BF08DFB90B37C
:10C9B000654930460BF088FB28B1304663490BF0DF
:10C9C00083FB00284AD1204600F096FFE3681B78DD
:10C9D000492B064647D033463A4638212046FFF7D2
:10C9E00053F82A46034637212046BDE8F041FFF7B9
:10C9F0004BB8204600F0D8FA0346EFE62046FFF792
:10CA0000AFFE06462046FFF7ABFE07462046FFF77F
:10CA1000A7FE0346A5E745212046FFF743FC06464F
:10CA2000D9E71B78A3F16302012A02D9723B012BDB
:10CA3000B2D8204600F0B8FA0746B4E7204600F026
:10CA4000EDF83246034604212046FFF71DF8034661
:10CA500047E7204600F090FE0746A4E72046FFF790
:10CA60007FFE0646B7E7204600F0D8F83246034678
:10CA700004212046FFF708F80646ACE70133E360DF
:10CA800000236EE7204600F077FEBAE75A78692A5D
:10CA90007FF4EEAE0233E36045212046FFF702FC4F
:10CAA00003465EE7002E46D03378702B15D06D2BF1
:10CAB00013D00027304626490BF006FBB8B12046BC
:10CAC000FFF74EFE0346002F3FF488AE1A4638218A
:10CAD0002046FEF7D9FF034680E672789A42E8D1F5
:10CAE000E3681A785F2AE5D10133E360E1E7204685
:10CAF00000F030F80346E6E76F2B15D0692B7FF482
:10CB0000AAAE4B786C2B7FF450AE00250231E16069
:10CB100020464521FFF7C6FB2A4603463021204622
:10CB2000BDE8F041FEF7B0BF4B786E2B7FF43DAE11
:10CB30000231C16028E60027C1E700BFEC180400FD
:10CB400008140400FC13040000140400041404007E
:10CB5000F81304002DE9F043C268D0F82C80137854
:10CB6000452B83B004464ED002AE002146F8041D8A
:10CB70000127493B0F2B3ED8DFE803F038383D1B37
:10CB80003D3D3D3D3D3D3D3D3D3D3D080132D4F8FF
:10CB90003490E26067632046FFF7E2FDE368C4F883
:10CBA00034901A78452A05462AD0002003B0BDE803
:10CBB000F083204601F0EEFA054600232F212A4695
:10CBC0002046002DF1D0FEF75FFF306000F108062F
:10CBD0000028EAD0E2681378452BCAD10198C4F83E
:10CBE0002C800132E26003B0BDE8F083204600F003
:10CBF00015F80546E1E7204600F0D6F90546DCE7E2
:10CC00000133E360D9E701320023C2602F211A46C5
:10CC100003B0BDE8F043FEF737BF00BFC26813782A
:10CC2000493B012B02D80132C26093E700207047D4
:10CC30002DE9F043C26813784E3B85B005460C2BB6
:10CC400070D8DFE803F01E6F6F6F6F5B6F176F6F49
:10CC50006F6F070001320021C26000F0BDFFEB687A
:10CC600019784529064600F099800022104605B043
:10CC7000BDE8F08300F040FE0246104605B0BDE876
:10CC8000F0830132C26003A90122FEF749FF814609
:10CC90000028EAD000212846FEF7A8FFEA68B44E33
:10CCA000147880460027002C00F0E880442C00F027
:10CCB000D180A4F13003DBB21C2B40F2A880A4F198
:10CCC0006103192B40F2A880552C00F0DE80532C14
:10CCD00000F0F180492C00F0DA80542C00F01F8124
:10CCE000452C00F04B814D2C40F0C880002F00F007
:10CCF000C580531CEB6054781A46D4E75378742BE4
:10CD000031D00021FFF70AF9EB681978492902466A
:10CD1000B3D10133EB6028460192FFF71BFF019A64
:10CD2000034617E000F0E8FDEB6819784929024650
:10CD3000A3D1002A99D0296A686A814295DAEC6900
:10CD4000481C44F82120286219784939012988BFF4
:10CD50000023DED928460421FEF796FE024610463F
:10CD600005B0BDE8F0834369816902328B42C2603D
:10CD7000C0F2AB800024284600F0BEFD22460346E8
:10CD800001212846FEF780FE296BEB6803312963F9
:10CD90001978492902467FF470AFCAE75A1CEA6045
:10CDA0005978732900F0A380642900F0BC802846DC
:10CDB000FFF73EFF0446002872D00378452B00F0B1
:10CDC0009480472B00F09180EB681A785F2A40F03E
:10CDD0008C804FF0FF372846013340F80C3FFEF7B8
:10CDE000A5FF0028FFF641AF7B1C7ED06B69AA69C6
:10CDF000934255DA03EB43022969013392006B61D8
:10CE00008B184ED0462088549F605C6049E026FA1B
:10CE100003F3D9077FF553AF284600F06DFD47B304
:10CE2000012103463A462846FEF72EFE0746532CBC
:10CE30001CD0EA681478452C3FF43BAFF7B12B6A5D
:10CE4000696A8B421ADAE969581C41F82370286232
:10CE5000147828E7537803F0DF03542B28460AD0D0
:10CE600000F04AFD002FDBD10746E2E7EA681478BC
:10CE700019E70746DBE700F097F8F3E700221046D2
:10CE8000C9F8002005B0BDE8F0832846E8E7002F88
:10CE9000F4D00132EA602846FFF75CFE0421C0E7C7
:10CEA0000023324628460221FEF7EEFD02461046D8
:10CEB00005B0BDE8F08301212846FFF72FF8002FC9
:10CEC000AED1EA6807461478EDE603EB4302016948
:10CED000920001338C1843613FF44DAF00238B5413
:10CEE000244860600323A36045E72346D9E79A1CE2
:10CEF000EA609A785F2A32D06B69AA699342CFDAE6
:10CF000003EB43022969013392006B618B18C8D08F
:10CF100000248C54184858600E229A60C1E72846B5
:10CF2000FEF762FF9EE70233EB602846FEF740FF04
:10CF3000071EFFF69AAE2846FFF77AFE0446002841
:10CF40003FF454AF0378452B3FF450AF472B3FF4E9
:10CF50004DAFEB681A785F2A7FF448AF3BE728466D
:10CF6000033340F80C3FFEF7E1FE0028C4DA7CE60C
:10CF7000FF0308101C1404000C140400C9F800700E
:10CF8000002F3FF472AEB8F1000F04D0039BC8F835
:10CF90000430CDF80C801378452B7FF466AE013257
:10CFA000EA60039A69E600BF2DE9F043C26813788E
:10CFB000722B83B0044658D0562B56D04B2B54D0EE
:10CFC000442B00F09F80A3F130014A2900F28A80AF
:10CFD000DFE811F02A012A012A012A012A012A0187
:10CFE0002A012A012A012A01880088008800880075
:10CFF0008800880088000B028800520188008800A1
:10D000004C016001880088008800880088006E015B
:10D010002A018601C30188009401A201D101F30114
:10D0200088008800880088002A018800880088001D
:10D030008800880088000C010C010C010C010C0117
:10D040000C010C010C010C010C0188000C010C01FD
:10D050000C010C018800880088000C010C013E01C5
:10D060000C010C010C010C010C01002201A920464D
:10D07000FEF756FD0546002834D0E3681B78462BA2
:10D08000204634D0FFF790FF286058B303781F3B49
:10D09000012B30D9019A2AB3236A616A8B4221DAC3
:10D0A000E06940F82320019D591C2846216203B005
:10D0B000BDE8F0830123456B4363FFF751FB6563D4
:10D0C0000246002342212046FEF7DEFC0546019081
:10D0D00040B1E3681A782AB15A1CE2601B78452BEC
:10D0E00000F0AA800025284603B0BDE8F08300F0D8
:10D0F00053FD2860C9E7019A436842602A6801929B
:10D100002B60C7E75378782BAFD0531CC36053789C
:10D11000002BE7D0931CC3605378463B302BE1D8FB
:10D1200001A151F823F000BF13D60200E5D00200A0
:10D13000E5D00200E5D00200E5D00200E5D0020013
:10D14000E5D00200E5D00200E5D00200E5D0020003
:10D15000E5D00200E5D00200E5D00200E5D00200F3
:10D16000B5D00200E5D00200E5D00200E5D0020013
:10D17000E5D00200E5D00200E5D00200E5D00200D3
:10D18000E5D00200E5D00200E5D00200E5D00200C3
:10D19000E5D00200E7D50200E5D00200BBD50200D1
:10D1A0009BD5020071D5020043D50200E5D00200F4
:10D1B00015D50200F1D40200E5D00200E5D002004E
:10D1C000E5D00200E5D00200B7D40200E5D00200AD
:10D1D000A1D40200E5D00200E5D0020073D4020021
:10D1E000B5D00200E5D002003DD402006069A56917
:10D1F000BC49613B03EB8303A84201EB830380F24C
:10D200003A8200EB4001266989000130751860619F
:10D2100000F03182272070546B605968236B013213
:10D220000B44E26023635EE72046FFF701FD0546FD
:10D230000190002D3FF456AF236A626A9342BFF615
:10D2400051AFE1695A1C41F82350019D22624AE71F
:10D250000132E2602046FEF7E9FD00230246282164
:10D260002046FEF711FC05460190E2E7204600F05B
:10D2700093FC05460190DCE70132E2602046FFF7AF
:10D2800093FE0023024625212046FEF7FDFB0546BE
:10D290000190CEE70132E2602046FFF785FE0023D1
:10D2A000024626212046FEF7EFFB05460190C0E727
:10D2B0000132E2602046FFF777FE0546002800F0C5
:10D2C000BB802046FFF770FE002800F0B5800346C3
:10D2D0002A462B212046FEF7D7FB05460195A8E7F5
:10D2E0000132E2602046FFF75FFE00230246242160
:10D2F0002046FEF7C9FB054601909AE70132E2603D
:10D300002046FFF751FE0023024623212046FEF768
:10D31000BBFB054601908CE75378A3F13002092A44
:10D3200005D95F2B03D0413B192B00F2C3810021AB
:10D330002046FEF7F3FDE36801901B78492B054674
:10D340007FF4D1AE2046FFF769FC2A46034604214C
:10D350002046FEF799FB0546C0E70132E260204611
:10D36000FFF722FE0023024622212046FEF78CFB17
:10D37000054601905DE72046FEF736FDE668019020
:10D380003378492B05467FF454AFA36B002B40F054
:10D39000A98100283FF4A6AE236A626A9342BFF6D1
:10D3A000A1AEE1695A1C41F8230022622046019D8A
:10D3B000FFF734FC2A460346C9E70132E260204603
:10D3C000FEF734FDE36801901B78492B054600F019
:10D3D0007E812046FFF7E8FD019B02462121204681
:10D3E000FEF752FB0546019023E7511CE16053789C
:10D3F0005F2B00F04481303B092B00F24E810B463D
:10D400000133E3601A78303A092AF9D96269A069D0
:10D41000824211DA02EB420026698000013235189F
:10D42000626109D05A1A07D0002737546960AA6090
:10D430001A785F2A00F0908100254FE793785F2BE0
:10D4400000F08081FEF79CFC0546002D3FF446AFBE
:10D45000E3681A785F2AEFD10133E3602046FFF7D3
:10D46000A3FD2A4603462D212046FEF70DFB054667
:10D4700034E7426983699A4280F2FD800C23016996
:10D4800003FB02F3CD1802F10102426100F0F380C8
:10D49000154A2720C8546A60236B0833236322E6A9
:10D4A000FFF782FD002302464A212046FEF7ECFAF0
:10D4B00005460190BDE6426983699A4280F2DB80AD
:10D4C0000C23016903FB02F3CD1802F10102426152
:10D4D00000F0D1802720054AC8546A60236B1133BD
:10D4E000236300E6FC0C0400540F04007C0F0400CE
:10D4F000426983699A4280F2BE800C23016903FB72
:10D5000002F3CD1802F10102426100F0B48027203D
:10D51000924ABFE7426983699A4280F2AC800C2349
:10D52000016903FB02F3CD1802F10102426100F030
:10D53000A28027208A4AC8546A60236B043323637D
:10D54000D1E5426983699A4280F295800C23016992
:10D5500003FB02F3CD1802F10102426100F08B805F
:10D56000804A2720C8546A60236B09332363BAE5D5
:10D57000426983699A427EDA0C23016903FB02F354
:10D58000CD1802F10102426175D02720764AC854B5
:10D590006A60236B0A332363A5E5426983699A4273
:10D5A00069DA0C23016903FB02F3CD1802F10102D1
:10D5B000426160D027206D4AD4E7426983699A426C
:10D5C000BFF690AD0C23016903FB02F3CD1802F105
:10D5D000010242613FF487AD0020C854644A6A608A
:10D5E0000E23AB607FE5426983699A42BFF67AAD4C
:10D5F0000C23016903FB02F3CD1802F10102426121
:10D600003FF471AD0020C8545A4A6A600423AB60ED
:10D6100069E5436981698B427ADA006903EB43016A
:10D620008900013345182C2663610195465493788F
:10D63000303BDBB2092B94BF012300232B817BD924
:10D640002046FFF7B1FC019B68605B68002B3FF44C
:10D6500049AD04F10C00FEF769FBE268137813B1E1
:10D66000531CE3601378019DA3F17303B3FA83F3B2
:10D670005B096B8137E5002301935B68FFDE0025C2
:10D680000131E1602046FFF78FFC2A4603462A213C
:10D690002046FEF7F9F9054620E60123656B636332
:10D6A0002046FFF75DF86563054600283FF4C4AEE9
:10D6B000E368BDE62046FFF7BBFA05460190002867
:10D6C0003FF410AD0378182B7FF4B6AD0BE5204680
:10D6D000FFF7A4FA2A46034604212046FEF7D4F9B0
:10D6E000019076E62046D4F81490D4F82080A76AFA
:10D6F000256BFFF793FAE2681278492A0BD025636D
:10D70000E660C4F81490C4F82080A762019D90E5FB
:10D7100000231B70FFDE019B002B3FF4E3AC226A69
:10D72000616A8A42BFF6DEACE569511C45F82230D9
:10D73000019A216203460AE604F10C00FEF7F6FAAC
:10D74000019D7DE703320123466BC2604363FFF70F
:10D7500007F86663054678E6194691E7680F040006
:10D76000400F0400040F04002C0F0400180F0400E5
:10D770002814040020140400F8B5C3681E788446F9
:10D7800026B35A1CC2605A781E78002A58D09A1CB8
:10D79000C260762E044693F801E043D0632E16D182
:10D7A000BEF1760F13D1436B856BB3FA83F35B093C
:10D7B0008363FFF7F9FBA36B0246002B52D00023D3
:10D7C00034212046FEF760F9A563F8BDB646284C23
:10D7D0004320002204E094BF5A1C184682422DD0F8
:10D7E000831A03EBD37302EB6303190167186158C3
:10D7F0000D78B542EFD149787145ECD1DCF81430A1
:10D80000DCF81820934219DA03EB4302DCF810101D
:10D81000920001338818CCF8143013D031238B5484
:10D820004760F8BDAEF13005EBB2092BCFD8FEF75B
:10D83000FDFA6369A2699342014604DB0020F8BD4A
:10D840009646C4E7F8BD03EB430226699200013314
:10D85000B0186361F2D00029F0D03223B354456090
:10D860008160F8BD33212046FEF70EF9ACE700BF1A
:10D87000900F040030B5C26883B000230193137881
:10D8800043B3452B26D02E2B24D0044601AD15E002
:10D890004F2B16D0FFF788FB002302462E21C8B17C
:10D8A0002046FEF7F1F82860A0B1E268137800F195
:10D8B00008054BB1452B07D02E2B05D0522B204607
:10D8C000E6D15378452BE5D1019818B1836823B18F
:10D8D00003B030BD002003B030BD42681178272965
:10D8E000F6D15268117C0929F2D15168226B521A83
:10D8F00022634360ECE700BFF8B5C1680B78A3F181
:10D900003002092A044620D9A3F16102192A25D937
:10D91000A3F14302012A2CD94C2B00F08880552B0F
:10D9200033D14B786C2B33D0742B2ED14B1CC3606E
:10D930004B78742B5AD0422B4FF000050CD129465E
:10D940002046BDE8F840FEF7CDBAFEF76FFAE3686F
:10D950001B780546422BF2D02846F8BDFFF70CFF96
:10D96000054618B10378312B00F0B280E3681B78CC
:10D97000F0E7C56A25B12A78002A6CD0182A6AD047
:10D98000432B00F0BF80442B6FD000252846F8BD04
:10D990004B1CC3604B786C2BCDD10231C160FFF7BB
:10D9A00069FF0646F0B1E2681378452BC3D1013216
:10D9B000E2602046FEF7FCF9002813DB6369A269E8
:10D9C00093420FDA03EB43022169920001338D1871
:10D9D0006361CBD045238B546E60A860236A626A72
:10D9E00093421CDBE36800251B78B3E70231C1607A
:10D9F000FEF7DEF90028F5DB6369A2699342F1DAEC
:10DA000003EB43022169920001338D186361ADD0AD
:10DA100047238B546860236A626A9342E2DAE169C1
:10DA2000E26841F8235001332362137892E7013111
:10DA3000C160FEF7FBF905460028A6D0E26813781E
:10DA40005F2B87D12046013240F80C2FFEF76EF98C
:10DA500000288BDA99E7236BAA68134423630B78B9
:10DA6000432B4FD0442B7FF466AF4B78303B052BD4
:10DA70008BD801A252F823F0CDDA020091DA02002D
:10DA8000C9DA02008BD90200C5DA0200C1DA02004D
:10DA900002276369A269881C9342E06056DA03EBAF
:10DAA00043022069920001338618636105D0002D7E
:10DAB0004FD0082383543771B5608B78354649E7DA
:10DAC0000527E6E70427E4E70327E2E70127E0E785
:10DAD0004268236B966810681F49073333442363F9
:10DAE0000AF0F2FA00287FF441AF2046FEF79EF9D3
:10DAF0002A46034636212046FDF7C6FFE368054661
:10DB00001B7827E74B78313B042B3FF63EAFDFE82D
:10DB100003F015031B19170002276369A269881C0B
:10DB20009342E06012DA03EB430220699200013372
:10DB300086186361C1D065B10723BBE70127ECE715
:10DB40000527EAE70427E8E70327E6E78B780025BF
:10DB500000E78B78FEE600BF3814040070B5C36898
:10DB60001A784A2A04460DD071B90D462046FFF7AF
:10DB700081FE78B103462A4620462921BDE870403F
:10DB8000FDF782BF0133C3602046FFF70DFA05465B
:10DB90000028EBD1002070BDC3681A78462A01D056
:10DBA0000020704710B55A1CC2605A78592A04BF29
:10DBB0000233C36001210446FFF7D0FF014620462F
:10DBC000FEF714F8E3681A78452A01D0002010BD4A
:10DBD0000133E36010BD00BF2DE9F047C3681A7838
:10DBE000472A05461FD0542A1DD00E46FFF720F8BD
:10DBF000044610B32EB3AB68DB0722D42378A3F11D
:10DC00001C02042A40D94C2B3ED0022B16D1A3680B
:10DC10001A78A2F11C01042940F283824C2A00F0F8
:10DC20008082A3600AE0296B01F114022A631A784A
:10DC3000542A2BD0472A00F09F8000242046BDE8BC
:10DC4000F087EB681B78002BF8D0452BF6D02146E7
:10DC50000A78202A00F213811C2A80F01281042AFB
:10DC600040F001814A686AB11378082B03F1FF3153
:10DC700000F2F680072B80F0F680012902D8926826
:10DC8000002AF1D10121EFE06468B7E75A1CEA608D
:10DC90005A78002AD1D09A1CEA605B78433B332B38
:10DCA000CBD801A252F823F0E3E002003BDC0200F3
:10DCB0003BDC0200CDE002003BDC0200B7E00200EA
:10DCC000A1E002008BE002003BDC02003BDC020032
:10DCD0003BDC02003BDC02003BDC02003BDC0200E0
:10DCE0003BDC02003BDC020075E002005BE002006E
:10DCF0003BDC020041E002002BE002003BDC0200C2
:10DD00003BDC02003BDC02003BDC02003BDC0200AF
:10DD10003BDC02003BDC02003BDC02003BDC02009F
:10DD20003BDC02003BDC0200F7DF02003BDC0200D0
:10DD30003BDC02003BDC02003BDC0200D1DF0200E6
:10DD40003BDC02003BDC02003BDC02003BDC02006F
:10DD50003BDC02003BDC02003BDC02003BDC02005F
:10DD60003BDC02003BDC02003BDC02003BDC02004F
:10DD70003BDC0200ABDF02005A1CEA605A78002A42
:10DD80003FF45BAF9A1CEA605A78413A312A3FF679
:10DD900054AF01A151F822F08DDE02003BDC0200FD
:10DDA0003BDC02003BDC02003BDC02003BDC02000F
:10DDB0003BDC02003BDC02003BDC02003BDC0200FF
:10DDC0003BDC02003BDC02003BDC02003BDC0200EF
:10DDD0003BDC02003BDC02003BDC02008DDF02008A
:10DDE0003BDC020061DF02003BDC02004BDF020093
:10DDF0003BDC02003BDC02003BDC02003BDC0200BF
:10DE00003BDC02003BDC02003BDC02003BDC0200AE
:10DE10003BDC02003BDC02003BDC02003BDC02009E
:10DE20003BDC02003BDC02003BDC02003BDC02008E
:10DE30003BDC02003BDC02003BDC02003BDC02007E
:10DE40003BDC02003BDC02003BDC02003BDC02006E
:10DE50003BDC02003BDC02003BDC0200A5DE0200F2
:10DE6000342B7FF40FAF00212846FFF777FE2246C0
:10DE7000034603212846BDE8F047FDF705BE4C2ABE
:10DE8000F1D1496800297FF4E3AEEDE7002128468F
:10DE9000FFF7A2FE0023024617212846BDE8F047FF
:10DEA000FDF7F2BD05F10C00FDF740FF01287FF7FB
:10DEB000C4AEEB681A78002A3FF4BFAE5F1CEF6077
:10DEC0001B785F2B7FF4B9AE0022461E90464FF0C0
:10DED00040093B78002B3FF4B0AE242B00F02881A2
:10DEE0003C46002104E014F8013F23B1242B02D06A
:10DEF0000131B142F7DB6C69A869844280F2138179
:10DF00002869631C04EB44046B6110EB840300F08C
:10DF10000A8100F824805F609960EF680F44761AE8
:10DF2000EF60002A00F021813F212846FDF7ACFD7B
:10DF3000024600283FF481AE002ECADC28460023AA
:10DF40003E21BDE8F047FDF79FBD2846FEF770FE75
:10DF50000023024613212846BDE8F047FDF794BD93
:10DF60009A7800212846002A00F00181DA1CEA6034
:10DF70009B786E2B40F0FB80FFF72EFE00230246BD
:10DF800049212846BDE8F047FDF77EBD2846FEF74B
:10DF90004FFE04462846FDF7F3FE224603461621AF
:10DFA0002846BDE8F047FDF76FBD76212846FEF70D
:10DFB00071F800283FF441AE00212846FFF70CFE1F
:10DFC0000023024610212846BDE8F047FDF75CBD5E
:10DFD00068212846FEF75EF800283FF42EAE0021A7
:10DFE0002846FFF7F9FD002302460F212846BDE829
:10DFF000F047FDF749BD00212846FEF74BF8002801
:10E000003FF41BAE00212846FEF744F800283FF4F9
:10E0100014AE00212846FFF7DFFD00230246112140
:10E020002846BDE8F047FDF72FBD2846FEF700FE65
:10E030000023024615212846BDE8F047FDF724BD20
:10E040000F3129632846FEF7AFFF0023024609215E
:10E050002846BDE8F047FDF717BD0A312963284679
:10E06000FEF7A2FF002302460A212846BDE8F0473A
:10E07000FDF70ABD2846FEF797FF002302460D2153
:10E080002846BDE8F047FDF7FFBC2846FEF78CFFA9
:10E090000023024612212846BDE8F047FDF7F4BCF4
:10E0A0002846FEF781FF002302460C212846BDE8E2
:10E0B000F047FDF7E9BC2846FEF7BAFD002302460B
:10E0C00014212846BDE8F047FDF7DEBC2846FEF7E0
:10E0D0006BFF002302460E212846BDE8F047FDF7FE
:10E0E000D3BC2846FEF760FF044605F10C00FDF79F
:10E0F0001DFE0028FFF6A1ADEB681A785F2A7FF4B9
:10E100009CAD0133EB602846FEF74EFF2B6B591D8B
:10E1100029630246234628460B21BDE8F047FDF758
:10E12000B3BC5B6874E5EB680B44EB60002485E5E9
:10E130007B78532B27D05F2B23D0242B7FF47DAD0E
:10E1400018466969AB6999421FDA2C694F1C01EBCB
:10E15000410114EB81036F6117D004F821905860DE
:10E16000EF680237023EEF60DBE61A46E4E6FFF7AF
:10E1700033FD0023024648212846BDE8F047FDF75D
:10E1800083BC2E20DDE72F20DBE7EB680233EB605A
:10E19000002453E5F8B5C26813784C2B01D0002059
:10E1A000F8BD531CC36051785F2905463AD05A29FF
:10E1B0003FD0FEF7F9FE0028F1D00378272B46D098
:10E1C000EE6833786E2B4BD03C21452B4ED0002B84
:10E1D000E5D0334601E0002CE1D00133EB601C7840
:10E1E000452CF8D19C1B6B69AA6993422DDA03EB8D
:10E1F00043022F69013392006B61BB1825D026B30F
:10E200001CB34FF0000E07F802E05E609C6002460F
:10E210002846FDF739FCEB681A78452ABFD101334F
:10E22000EB60F8BD931CC36092785A2A18BF002097
:10E2300007D10133EB6000212846FFF7CDFCEB68E6
:10E240001A78452AEBD00020F8BD0023DFE74368A9
:10E250001A7C002AB4D05A682B6B9B1A2B63AFE749
:10E26000721CEA6073783D211646AEE70024BAE7D7
:10E270002DE9F04F044695B0002A00F0DB80D0F87D
:10E280001871002F40F0C2801378884615464D2B38
:10E2900001F2E681DFE813F05A043C043C04A403D5
:10E2A000A5048904EA048E037C03300356030A03A1
:10E2B000E4029802BE0272024C02F0012602CA0178
:10E2C000A40158017E0132010B01F200F200F200BC
:10E2D000D400D400D400D400D400D400D400D50697
:10E2E000D506D400D400A906FC0693061D07010735
:10E2F000880701077B057B0530060606E005E40973
:10E30000AD058E0654064E0085044C09DF08DF0873
:10E31000AE08AE08880848053A05E4081405BE09A9
:10E3200014099809E409CB076208F10717081304D8
:10E33000D4005205AB681B78382B7BD16A685368D0
:10E340001B685978632902F04A8105F108034146A8
:10E35000204603F0BBFB0646002857D16B681A78AD
:10E36000312A02F06B835B68C749186809F0ACFE7C
:10E37000AB6820B95A681178032902F0A5835A685E
:10E380004146204603F03EFB6F68C0497B68D3F8E6
:10E390000090484609F098FE0646002842F06F8239
:10E3A000D4F80011FF2902F04A844A1C5B23C4F808
:10E3B0000021635484F80431AB6841469A682046D2
:10E3C00002F0FAFCD4F80011FF2902F025845D2345
:10E3D0004A1CC4F80021635484F804316B681A782D
:10E3E000312A13D15B689A68012A0FD15B681B78C8
:10E3F0003E2B0BD1D4F80011FF2902F0828429238F
:10E400004A1CC4F80021635484F8043115B0BDE8F7
:10E41000F08FD4F82031002BC1F2A484002B02F03D
:10E4200032848068013B10B102782F2AF6D00FB1F8
:10E43000C4F810610123C4F8183115B0BDE8F08F9D
:10E44000D4F814C1D4F81021059514AB002143F879
:10E4500040CD0691C4F8143107926A6841462046BF
:10E4600002F0AAFC069B002B01F08983049BC4F8F0
:10E470001431002FCAD0C4F81061C7E7D0F814C116
:10E48000BCF1000FDED0624605E08B4201F0B88699
:10E490001268002AD6D090680028F9D1516809780E
:10E4A000A1F1190EBEF1020FEFD90746CAE7AF6816
:10E4B0006D68002FAAD0D0F800112F444FF000084B
:10E4C00008E00B460131BD42C4F80011E65484F85F
:10E4D00004619BD0FF2915F8016BF2D1D4F8083103
:10E4E00084F8FF80D4F80C2120469847D4F82431D2
:10E4F0000133C4F8243101210023E4E7644ED0F84D
:10E50000001106F1110A4FF0000909E00B46013134
:10E510005645C4F80011E75484F8047101F096825E
:10E52000FF2916F8017FF1D1D4F8083184F8FF9063
:10E53000D4F80C2120469847D4F824310133C4F88C
:10E54000243101210023E3E7524ED0F8001106F1F7
:10E55000190A4FF0000909E00B4601315645C4F88D
:10E560000011E75484F8047101F0A882FF2916F81D
:10E57000017FF1D1D4F8083184F8FF90D4F80C2150
:10E5800020469847D4F824310133C4F824310121BE
:10E590000023E3E7404ED0F8001106F1150A4FF0D2
:10E5A000000909E00B4601315645C4F80011E75453
:10E5B00084F8047101F05182FF2916F8017FF1D12E
:10E5C000D4F8083184F8FF90D4F80C2120469847FD
:10E5D000D4F824310133C4F8243101210023E3E7C6
:10E5E0002E4ED0F8001106F1160A4FF0000909E08E
:10E5F0000B4601315645C4F80011E75484F8047104
:10E6000001F06382FF2916F8017FF1D1D4F80831B7
:10E6100084F8FF90D4F80C2120469847D4F8243190
:10E620000133C4F8243101210023E3E71C4ED0F864
:10E63000001106F1130A4FF0000909E00B46013101
:10E64000B245C4F80011E75484F8047101F07780F2
:10E65000FF2916F8017FF1D1D4F8083184F8FF9032
:10E66000D4F80C2120469847D4F824310133C4F85B
:10E67000243101210023E3E70A4ED0F8001106F10E
:10E680001A0A4FF0000919E0FC130400F815040001
:10E6900087150400531504006F1504003B15040092
:10E6A00027150400FB1404000B4601315645C4F83D
:10E6B0000011E75484F8047101F04F80FF2916F827
:10E6C000017FF1D1D4F8083184F8FF90D4F80C21FF
:10E6D00020469847D4F824310133C4F8243101216D
:10E6E0000023E3E7B54ED0F8001106F10F0A4FF012
:10E6F000000909E00B4601315645C4F80011E75402
:10E7000084F8047101F02280FF2916F8017FF1D10D
:10E71000D4F8083184F8FF90D4F80C2120469847AB
:10E72000D4F824310133C4F8243101210023E3E774
:10E73000A34ED0F8001106F1110A4FF0000909E0CC
:10E740000B4601315645C4F80011E75484F80471B2
:10E7500001F00A80FF2916F8017FF1D1D4F80831C1
:10E7600084F8FF90D4F80C2120469847D4F824313F
:10E770000133C4F8243101210023E3E7914ED0F89E
:10E78000001106F1150A4FF0000909E00B460131AE
:10E790005645C4F80011E75484F8047100F0B387BB
:10E7A000FF2916F8017FF1D1D4F8083184F8FF90E1
:10E7B000D4F80C2120469847D4F824310133C4F80A
:10E7C000243101210023E3E77F4ED0F8001106F148
:10E7D000120A4FF0000909E00B460131B245C4F8B6
:10E7E0000011E75484F8047100F09B87FF2916F8A4
:10E7F000017FF1D1D4F8083184F8FF90D4F80C21CE
:10E8000020469847D4F824310133C4F8243101213B
:10E810000023E3E76D4ED0F8001106F1100A4FF027
:10E82000000909E00B4601315645C4F80011E754D0
:10E8300084F8047100F06E87FF2916F8017FF1D18A
:10E84000D4F8083184F8FF90D4F80C21204698477A
:10E85000D4F824310133C4F8243101210023E3E743
:10E860005B4ED0F8001106F10D0A4FF0000909E0E7
:10E870000B4601315645C4F80011E75484F8047181
:10E8800000F05687FF2916F8017BF1D1D4F8083142
:10E8900084F8FF90D4F80C2120469847D4F824310E
:10E8A0000133C4F8243101210023E3E7494ED0F8B5
:10E8B000001106F1180A4FF0000909E00B4601317A
:10E8C000B245C4F80011E75484F8047100F0E386FF
:10E8D000FF2916F8017FF1D1D4F8083184F8FF90B0
:10E8E000D4F80C2120469847D4F824310133C4F8D9
:10E8F000243101210023E3E7374ED0F8001106F15F
:10E900000B0A4FF0000909E00B460131B245C4F88B
:10E910000011E75484F8047100F0CA87FF2916F843
:10E92000017BF1D1D4F8083184F8FF90D4F80C21A0
:10E9300020469847D4F824310133C4F8243101210A
:10E940000023E3E7254ED0F8001106F1080A4FF046
:10E95000000909E00B460131B245C4F80011E75443
:10E9600084F8047100F0C886FF2916F8017FF1D100
:10E97000D4F8083184F8FF90D4F80C212046984749
:10E98000D4F824310133C4F8243101210023E3E712
:10E99000D0F80011FF2901F07C844A1C7E23C4F8C2
:10E9A0000021635484F804314146AA68204602F0ED
:10E9B00003FA2BE5AA6802F0FFF927E51715040012
:10E9C000E7140400E3140400BB140400CF14040093
:10E9D000AC14040087140400701404007B140400B9
:10E9E0000022D0F81431C0F814216E680093002E74
:10E9F00000F04C860DF11009D0F810C1174696466C
:10EA00004B4631781A60A1F11C02042A5E60C3F8FB
:10EA100008E0C3F80CC007F1010718461A4640F297
:10EA20002A864C2900F027860429C4F8143101F005
:10EA3000BB8702291AD1D6F808B09BF80030462BC4
:10EA400002F035802B4609EB071E01965D4676469F
:10EA5000A2469B462B78A3F11C02042A41F25D805A
:10EA60004C2B01F05A80019E54465D46AA684146EF
:10EA7000204602F0A1F93378042B02F0208009EB44
:10EA80000719202659F8085C013F85B9D4F8001110
:10EA9000FF2902F043804B1CC4F8003159F80C2CBC
:10EAA00066542046414684F8046102F095F9A9F1C4
:10EAB0001009002FE6D1009BC4F81431A6E4D14E12
:10EAC0006A6802F079F906F1050AD4F800114FF0EE
:10EAD000000909E00B460131B245C4F80011E754C2
:10EAE00084F8047100F0D186FF2916F8017BF1D17A
:10EAF000D4F8083184F8FF90D4F80C2120469847C8
:10EB0000D4F824310133C4F8243101210023E3E790
:10EB10006A6802F051F918F0040901F0AA82D4F8E9
:10EB20000011FF2901F09A854A1C2E23C4F8002108
:10EB3000635484F80431AD682B78462B01F0CC8304
:10EB40002A464146204602F037F95FE411F00408F6
:10EB500041F08B80AF686D68002F3FF457ACD0F860
:10EB600000112F4409E00B460131BD42C4F80011E9
:10EB7000E65484F804613FF449ACFF2915F8016BB1
:10EB8000F1D1D4F8083184F8FF80D4F80C21204664
:10EB90009847D4F824310133C4F8243101210023EB
:10EBA000E3E70123C0F8183130E4D0F81C31002B22
:10EBB00041F00681291DFDF797FA00283FF43AAC91
:10EBC00003782F2B01F0FC83D4F810512B68C4F884
:10EBD000103102464146204602F0EEF8C4F81051CA
:10EBE00014E40023D0F81491D0F84471C0F8143123
:10EBF000C0F8445111F0040F6E6805D033781BB98A
:10EC0000B268062A01F03C8532464146204602F0B1
:10EC1000D3F894F804313C2B01F07482D4F800311D
:10EC2000FF2B01F08984591C3C22C4F80011E254E6
:10EC300084F804214146AA68204602F0BDF894F801
:10EC400004313E2B01F03982D4F80031FF2B01F062
:10EC50006084591C3E22C4F80011E25484F8042157
:10EC6000C4F81491C4F84471FFF7D0BB6F68002F4B
:10EC700001F08280644DD0F8001105F106094FF0D3
:10EC8000000809E00B460131A945C4F80011E6541B
:10EC900084F8046100F08287FF2915F8016BF1D137
:10ECA000D4F8083184F8FF80D4F80C212046984726
:10ECB000D4F824310133C4F8243101210023E3E7DF
:10ECC000524ED0F8001106F10A0A4FF0000909E08F
:10ECD0000B4601315645C4F80011E75484F804711D
:10ECE00000F00187FF2916F8017BF1D1D4F8083133
:10ECF00084F8FF90D4F80C2120469847D4F82431AA
:10ED00000133C4F8243101210023E3E7D0F80011D6
:10ED10002D79FF2901F0AB824B1CC4F800316554FA
:10ED200084F80451FFF772BB6A6802F045F8AA68DC
:10ED30004146204602F040F8FFF768BB344E6A684F
:10ED400002F03AF806F1080AD4F800114FF0000971
:10ED500009E00B4601315645C4F80011E75484F828
:10ED6000047100F00885FF2916F8017FF1D1D4F86D
:10ED7000083184F8FF90D4F80C2120469847D4F845
:10ED800024310133C4F8243101210023E3E76A6808
:10ED90000AB102F011F8AB68002B3FF437ABD4F89E
:10EDA0000061FD2E01F2BC811A4F4FF0000A07F1FD
:10EDB000020B314609E00B4601315F45C4F80011F2
:10EDC000E65484F8046100F0C186FF2917F8016B4E
:10EDD000F1D1D4F8083184F8FFA0D4F80C212046F2
:10EDE0009847D4F824310133C4F824310121002399
:10EDF000E3E7094ED0F8001106F1090A4FF00009C7
:10EE000016E000BF3C14040038160400201604006D
:10EE10009F160400D0150400DF1504000B460131D5
:10EE20005645C4F80011E75484F8047100F0948545
:10EE3000FF2916F8017FF1D1D4F8083184F8FF904A
:10EE4000D4F80C2120469847D4F824310133C4F873
:10EE5000243101210023E3E7D14ED0F8001106F15F
:10EE6000090A4FF0000909E00B4601315645C4F884
:10EE70000011E75484F8047100F09785FF2916F813
:10EE8000017FF1D1D4F8083184F8FF90D4F80C2137
:10EE900020469847D4F824310133C4F824310121A5
:10EEA0000023E3E7D5F804A0BE4DDAF80870D0F8E7
:10EEB000001105F108084FF0000909E00B46013187
:10EEC000A845C4F80011E65484F8046100F00685F2
:10EED000FF2915F8016FF1D1D4F8083184F8FF90BB
:10EEE000D4F80C2120469847D4F824310133C4F8D3
:10EEF000243101210023E3E76A68AE680AB101F01A
:10EF00005BFFD4F80031FF2B01F0B1825A1C7B2546
:10EF1000C4F800214146E5543246204684F80451A5
:10EF200001F04AFFD4F80011FF2901F0E7814A1CE3
:10EF30007D23C4F80021635484F80431FFF766BAD6
:10EF4000D5F80490AE6899F80030312B00F0CB87EB
:10EF5000332B41F0D386D0F80011FF2901F0C38490
:10EF60004A1C2823C4F80021635484F8043104A9FE
:10EF7000D9F80420D4F82831C4F828112046414695
:10EF800005930492FFF774F9D4F80011059BC4F8B7
:10EF90002831FF2901F0968429234A1CC4F8002156
:10EFA000635484F8043132464146204602F02AFD7B
:10EFB000FFF72CBA6A6802F0E7FCFFF727BA11F0F6
:10EFC000200F40F053876A681AB118F0400301F02F
:10EFD000D08128F0600805F108024146D4F81431C8
:10EFE000204602F0DDFBFFF711BA11F004086B6850
:10EFF00040F0128693E8A000002F3FF407AAD0F853
:10F0000000112F4409E00B460131BD42C4F8001144
:10F01000E65484F804613FF4F9A9FF2915F8016B5F
:10F02000F1D1D4F8083184F8FF80D4F80C212046BF
:10F030009847D4F824310133C4F824310121002346
:10F04000E3E76968D0F81C710B78002F40F0E18588
:10F05000052B01F0C781232B00F089862A789A427C
:10F0600000F08586242B7FF4EBA914A8D4F8143182
:10F070004A6840F8403D0021D4F810310595C4F8A5
:10F08000140106910793002A7FF4E8A9FFF7E5B978
:10F090006A6801F091FEFFF7B9B914ABD0F81421FA
:10F0A00043F8402DC0F81431AA68D0F81031079306
:10F0B00000260595069601F07FFE069B23B92A4699
:10F0C0004146204601F088FE049BC4F81431FFF746
:10F0D0009DB90DF15009D0F814B149F840BD002296
:10F0E000D0F81031CDF800B05946C0F8149105950C
:10F0F00006920793002901F0A0834B681B78193B07
:10F10000022B01F29A83AC4601270E464D4604E0DD
:10F1100073681B78193B022B1BD8B3684FEA071E94
:10F1200014AA02EB0E0B8BB9032F01F2F98096E8BB
:10F130000F00ABF1400A8AE80F004BF8405C012356
:10F1400009EB0E05C4F814510137B3603668002E80
:10F15000DED1DCF8082041462046654601F02CFE51
:10F16000069B009AC4F81421002B7FF44FA9012FAD
:10F170000CD009EB071959F80C2C013F41462046E9
:10F1800001F02AFE012FA9F11009F4D12A1D4146F0
:10F19000D4F81431204602F027FAFFF737B900BF40
:10F1A000DF150400D3150400B5F90A30002B40F038
:10F1B00074866A68D54B5168994200F06A86414668
:10F1C000204601F0F9FDD4F80031FF2B01F0B282A6
:10F1D000591C2022C4F80011E25484F80421B5F926
:10F1E0000830002B00F09585C94D4FF00008AF1D89
:10F1F00009E00B460131BD42C4F80011E65484F821
:10F2000004613FF403A9FF2915F8016BF1D1D4F88B
:10F21000083184F8FF80D4F80C2120469847D4F8B0
:10F2200024310133C4F8243101210023E3E7B94E2E
:10F23000D0F8001106F10E094FF0000809E00B4666
:10F240000131B145C4F80011E75484F8047100F0AD
:10F25000B383FF2916F8017FF1D1D4F8083184F87F
:10F26000FF80D4F80C2120469847D4F8243101338C
:10F27000C4F8243101210023E3E7A74ED0F80011A0
:10F2800006F11A0A4FF0000909E00B460131564514
:10F29000C4F80011E75484F8047100F0EF82FF29EC
:10F2A00016F8017FF1D1D4F8083184F8FF90D4F832
:10F2B0000C2120469847D4F824310133C4F8243176
:10F2C00001210023E3E76968FCF72AFF4FF00009FA
:10F2D000002801F05D8303782F2B40F057844368AA
:10F2E000002B00F05384806809F101090028F2D155
:10F2F0006B68009309F1FF3301934FF0000AC4F8E3
:10F300002071009A4146204601F056FD019BBB4208
:10F3100040F3AB81814DD4F8001105F1020B09E0F7
:10F320000B460131AB45C4F80011E65484F8046182
:10F3300000F09B81FF2915F8016BF1D1D4F8083159
:10F3400084F8FFA0D4F80C2120469847D4F8243143
:10F350000133C4F8243101210023E3E7704ED0F8D3
:10F36000001106F1160A4FF0000909E00B460131C1
:10F37000B245C4F80011E75484F8047100F05F83CB
:10F38000FF2916F8017FF1D1D4F8083184F8FF90F5
:10F39000D4F80C2120469847D4F824310133C4F81E
:10F3A000243101210023E3E75E4ED0F8001106F17D
:10F3B0000E0A4FF0000909E00B4601315645C4F82A
:10F3C0000011E75484F8047100F0A083FF2916F8B7
:10F3D000017FF1D1D4F8083184F8FF90D4F80C21E2
:10F3E00020469847D4F824310133C4F82431012150
:10F3F0000023E3E76A681178272900F015860026C4
:10F40000D4F80011FF2901F0C58028234A1CC4F854
:10F410000021635484F804316A684146204601F0B3
:10F42000CBFCD4F80031FF2B01F09980591C292224
:10F43000C4F80011E25484F804212B783D2B00F02D
:10F44000E686082E00F07F86AA684146204601F035
:10F45000B3FCFEF7DBBF0123C0F81831FEF7D6BFBF
:10F460006A68314904A808F0FDFD04A808F0A8FF67
:10F4700000283EF4CBAF04ADD4F800112F184FF0A4
:10F48000000809E00B460131BD42C4F80011E65402
:10F4900084F804613EF4BAAFFF2915F8016BF1D18D
:10F4A000D4F8083184F8FF80D4F80C21204698471E
:10F4B000D4F824310133C4F8243101210023E3E7D7
:10F4C0001A4ED0F8001106F11C0A4FF0000909E0AD
:10F4D0000B4601315645C4F80011E75484F8047115
:10F4E00000F0FA82FF2916F8017FF1D1D4F8083133
:10F4F00084F8FF90D4F80C2120469847D4F82431A2
:10F500000133C4F8243101210023E3E79C0D0400FA
:10F51000C01504008F1604009B150400D0150400CC
:10F520009F1504000F160400F41304005F16040076
:10F53000AB681A783A2A7EF47DAF9B681B783B2B28
:10F540007EF478AF05F108036A6802F0BFFA064658
:10F5500000287EF45BAFD5F804A0AA68DAF804109E
:10F5600093680868D649D2F804905F689D6808F0EF
:10F57000ABFD002801F0E2820422D2492046FCF7CC
:10F58000A3FBD9F8043083B141464A46204602F035
:10F5900039FAD4F80011FF2901F0EC8320234A1C2A
:10F5A000C4F80021635484F804313A4641462046A9
:10F5B00001F002FC002D3EF429AF2A4641462046C8
:10F5C00002F020FAFEF722BFBF4ED0F8001106F17C
:10F5D000080A4FF0000909E00B4601315645C4F80E
:10F5E0000011E75484F8047100F0D880FF2916F860
:10F5F000017FF1D1D4F8083184F8FF90D4F80C21C0
:10F6000020469847D4F824310133C4F8243101212D
:10F610000023E3E7AD4ED0F8001106F11D0A4FF0CC
:10F62000000909E00B460131B245C4F80011E75466
:10F6300084F8047100F0FC81FF2916F8017FF1D1F4
:10F64000D4F8083184F8FF90D4F80C21204698476C
:10F65000D4F824310133C4F8243101210023E3E735
:10F660000123C0F81831FEF7D1BE01374F457FF4B2
:10F6700046AEFEF7CBBE7668002E01F06E80042FFA
:10F6800003F110037FF4BDA9C4F814010123C4F8E9
:10F690001831FEF7BBBE8E4E6A684146204601F027
:10F6A0008BFB06F1040AD4F800114FF0000908E0C2
:10F6B0000B460131B245C4F80011E75484F80471D7
:10F6C00013D0FF2916F8017BF2D1D4F8083184F861
:10F6D000FF90D4F80C2120469847D4F82431013308
:10F6E000C4F8243101210023E4E7AA6841462046FA
:10F6F00001F062FBFEF78ABE6A684146204601F0CF
:10F700005BFBFEF783BE6A684146204601F054FB6E
:10F71000FEF77CBE6A684146204601F04DFBFEF7CD
:10F7200075BE6A684146204601F046FBFEF76EBE94
:10F730006A684146204601F03FFBFEF767BE6A68F3
:10F740004146204601F038FBFEF760BE6A6841463C
:10F75000204601F031FBFEF759BE6A68414620465B
:10F7600001F02AFBFEF752BE6A684146204601F0CE
:10F7700023FBFEF74BBE4146AA68204601F01CFB66
:10F78000D4F80011FF2900F060854A1C5D23C4F8FD
:10F790000021635484F80431FEF738BED4F81C31DC
:10F7A0004C4E0133C4F81C3141466A68204601F0D2
:10F7B00003FBD4F81C31D4F80011013BC4F81C3110
:10F7C00006F102094FF0000808E00B4601314E45F2
:10F7D000C4F80011E75484F8047113D0FF2916F817
:10F7E000017BF2D1D4F8083184F8FF80D4F80C21E1
:10F7F00020469847D4F824310133C4F8243101213C
:10F800000023E4E7AA683449013204A808F02AFC7E
:10F8100004A808F0D5FD18B304ADD4F800112F18D2
:10F820004FF0000808E00B460131AF42C4F8001168
:10F83000E65484F8046115D0FF2915F8016BF2D164
:10F84000D4F8083184F8FF80D4F80C21204698477A
:10F85000D4F824310133C4F8243101210023E4E732
:10F86000D4F80011FF2900F060854A1C7D23C4F8FC
:10F870000021635484F80431FEF7C8BD6A6841462C
:10F88000204601F099FAFEF7C1BD4146AA6820461C
:10F8900001F092FAD4F80011FF2900F00B854A1C00
:10F8A0005D23C4F80021635484F80431FEF7AEBD33
:10F8B0006A684146204601F07FFAFEF7A7BD00BF07
:10F8C00008140400001604007F1604003F1604000C
:10F8D000A41404008C160400F4130400DAF8045095
:10F8E0002B78613B192B09D8FF2900F0938720233F
:10F8F0004A1CC4F80021635484F80431EB1913F84E
:10F90000013C202B08BF07F1FF37002F3EF47EADEE
:10F91000D4F800112F444FF0000809E00B460131E4
:10F92000AF42C4F80011E65484F804613EF46EADB1
:10F93000FF2915F8016BF1D1D4F8083184F8FF8064
:10F94000D4F80C2120469847D4F824310133C4F868
:10F95000243101210023E3E7D4F844213AB114AB68
:10F96000D4F8101143F8481D0392C4F810316B68A5
:10F970001A78042A00F00E8304A81A46D4F82851F5
:10F98000C4F828014146204604930595FEF770FC13
:10F99000D4F84431059AC4F82821002B3EF436AD42
:10F9A000029BC4F81031FEF731BDAA6841462046DB
:10F9B00001F002FAFEF72ABD6A68D849013204A8AC
:10F9C00008F050FB04A808F0FBFC18B304ADD4F811
:10F9D00000112F184FF0000808E00B460131BD421E
:10F9E000C4F80011E65484F8046115D0FF2915F815
:10F9F000016BF2D1D4F8083184F8FF80D4F80C21DF
:10FA000020469847D4F824310133C4F82431012129
:10FA10000023E4E7D4F80011FF2900F004844A1C15
:10FA20007D23C4F80021635484F80431FEF7EEBC52
:10FA30006A684146204601F0BFF9FEF7E7BC6A68F4
:10FA40004146204601F0B8F9FEF7E0BC6A6841463D
:10FA5000204601F0B1F9FEF7D9BCB14EAA68414683
:10FA6000204601F0A9F906F1050AD4F800114FF07B
:10FA7000000908E00B4601315645C4F80011E7546F
:10FA800084F8047113D0FF2916F8017BF2D1D4F861
:10FA9000083184F8FF90D4F80C2120469847D4F818
:10FAA00024310133C4F8243101210023E4E76A68DA
:10FAB0004146204601F080F9FEF7A8BC6A6841463D
:10FAC000204601F079F9FEF7A1BC6A68414620465C
:10FAD00001F072F9FEF79ABC6A684146204601F0CF
:10FAE0006BF9FEF793BC41466A68204601F064F961
:10FAF000D4F80011FF2900F02A844A1C2923C4F8F5
:10FB00000021635484F80431FEF780BC6A684146E2
:10FB1000204601F051F9FEF779BC042FA6F110043C
:10FB200006F1100E00F0228794E80F0086E80F001F
:10FB300000234EF8104C06E90810CAF8146146F884
:10FB40000C5C6D6801377646FEF784BFAA680093A7
:10FB50000E4620464146D4F8245101F02DF9D4F840
:10FB60002421009B95427EF451ACD4F80021B2428E
:10FB70007EF44CAC013BC4F80031FEF747BC2A468A
:10FB80004146204601F028F9FEF770BC6B680093EF
:10FB9000B9F1000F7FF4AEABFEF738BC3A4604A8CB
:10FBA0005E4908F05FFA04A808F00AFC18B304AD37
:10FBB000D4F800112F184FF0000808E00B4601316F
:10FBC000AF42C4F80011E65484F8046115D0FF294F
:10FBD00015F8016BF2D1D4F8083184F8FF80D4F81D
:10FBE0000C2120469847D4F824310133C4F824313D
:10FBF00001210023E4E7D4F80011FF2900F0DD849F
:10FC00004A1C7D23C4F80021635484F80431FEF7B4
:10FC1000FDBB0027FFF71FBADF689D68002F3EF489
:10FC2000F5ABD0F800112F444FF0000809E00B4667
:10FC30000131BD42C4F80011E65484F804613EF479
:10FC4000E5ABFF2915F8016BF1D1D4F8083184F840
:10FC5000FF80D4F80C2120469847D4F82431013392
:10FC6000C4F8243101210023E3E76E68AF6837440C
:10FC7000BE42BEF4CBAB4FF000080DE0D4F800114B
:10FC8000FF2936D04B1CC4F80031655484F8045168
:10FC90000136B7427EF6BAABBB1B032B3578EDDDE0
:10FCA0005F2DEBD173785F2BE8D1B378552BE5D17D
:10FCB000F31C9F42E2D9002006E0A5F137029F42E3
:10FCC00002EB001000F0C785994613F8015BA5F11F
:10FCD0003002D1B20929A5F1410EF0D9BEF1050FCC
:10FCE000A5F16102E9D9052A00F24387A5F157027F
:10FCF000E5E7D4F8083184F8FF80D4F80C212046D9
:10FD00009847D4F824310133C4F824310021012369
:10FD1000B9E7044D9846AF1D10E000BFF41304008E
:10FD200068150400C81504000B460131BD42C4F833
:10FD30000011E65484F804613EF468ABFF2915F81D
:10FD4000016BF1D1D4F8083184F8FF80D4F80C218C
:10FD500020469847D4F824310133C4F824310121D6
:10FD60000023E3E72B782F2B7EF46AAB01460D4688
:10FD7000D4F814C1FEF766BBD74DD0F8001105F1D9
:10FD8000040809E00B460131A845C4F80011E65407
:10FD900084F804613EF43AABFF2915F8016BF1D108
:10FDA000D4F8083184F8FF70D4F80C212046984725
:10FDB000D4F824310133C4F8243101210023E3E7CE
:10FDC000C64ED0F8001106F105094FF0000808E012
:10FDD0000B460131B145C4F80011E75484F80471B1
:10FDE00013D0FF2916F8017BF2D1D4F8083184F83A
:10FDF000FF80D4F80C2120469847D4F824310133F1
:10FE0000C4F8243101210023E4E76A68B4490132CF
:10FE100004A808F027F904A808F0D2FA00283EF454
:10FE2000F5AA04ADD4F800112F184FF0000809E02E
:10FE30000B460131AF42C4F80011E65484F8046166
:10FE40003EF4E4AAFF2915F8016BF1D1D4F808318A
:10FE500084F8FF80D4F80C2120469847D4F8243148
:10FE60000133C4F8243101210023E3E721F06008C5
:10FE700005F108024146D0F8143101F091FC6A689E
:10FE8000002A3EF4C3AA4146204600F095FFFEF743
:10FE9000BDBAD4F80011FFF7A2B9924ED0F8001104
:10FEA00006F1050A4FF0000909E00B460131B245A1
:10FEB000C4F80011E75484F804713FF47AA9FF29CB
:10FEC00016F8017BF1D1D4F8083184F8FF90D4F80A
:10FED0000C2120469847D4F824310133C4F824314A
:10FEE00001210023E3E7D9F804307F491F68384631
:10FEF00008F0EAF896F800A018B9BAF1030F00F07C
:10FF00001B85BAF1380F00F0FD857849384608F0B6
:10FF1000DBF80546002800F035817549384608F0C1
:10FF2000D3F8002800F0B6824A464146204601F048
:10FF30002BFD002F3FF437A86E49384608F0C4F86F
:10FF4000002800F0848338466B4908F0BDF8054668
:10FF500000287FF428A8D4F80031FF2B00F0DB84C0
:10FF6000581C2825C4F800014146E5543246204675
:10FF700084F8045100F020FFD4F80011FF2900F0AC
:10FF80006D8429234A1CC4F80021635484F8043189
:10FF9000FEF73CBA0DF110095A68D4F82831C4F8BC
:10FFA00028914146204604920593FEF761F9D4F862
:10FFB0004431059AC4F8282113B1029BC4F81031CA
:10FFC00094F804313C2B00F0D983D4F80011FF29B8
:10FFD00000F067844A1C3C23C4F80021635484F871
:10FFE00004316B68D4F828519B68C4F828911A46EC
:10FFF0004146204604930595FEF73AF994F80431FA
:020000023000CC
:10000000059AC4F828213E2B00F0AB83D4F80011E8
:10001000FF2900F09A843E234A1CC4F8002163544F
:1000200084F80431FEF7F2B95268167C002E3FF4D2
:10003000E7A9062E40F23783072E7FF4E1A9AA68CC
:10004000117800297FF4DCA9916801297FF4D8A9EF
:100050003C2B7FF4D5A953681B78302B00F0268603
:10006000312B7FF4CDA904222449FBF72DFEFEF7A6
:10007000CDB9234ED4F8001106F1020A09E00B466F
:100080000131B245C4F80011E75484F804713EF41C
:1000900052ADFF2916F8017BF1D1D4F8083184F86C
:1000A000FF90D4F80C2120469847D4F8243101332E
:1000B000C4F8243101210023E3E7D4F80011FF291B
:1000C00000F0E48420224B1CC4F80031625484F810
:1000D0000421FEF7BBBD00BF301604006814040005
:1000E000F4130400B8150400EC150400AC16040069
:1000F000F8130400F0150400EC180400C4DF03003A
:1001000044140400D4F80011FF2900F06584202273
:100110004B1CC4F80031625484F80421FEF780BD02
:100120000027A7553146D4F80831D4F80C212046D1
:100130009847D4F82431C4F8007101333E46C4F81E
:100140002431FEF731BED4F80011FF2900F0658498
:100150004A1C5B23C4F80021635484F804314146EF
:10016000AA68204600F028FED4F80011FF2900F00C
:1001700012835D234A1CC4F80021635484F80431BF
:10018000FEF744B931462046FBF7CAFF28B907E01D
:1001900043682BB18068013510B103782F2BF7D05D
:1001A0002A4604A8D44907F05DFF04A808F008F91E
:1001B00000283EF42BA904ADD4F800112F184FF0FD
:1001C000000809E00B460131BD42C4F80011E654B5
:1001D00084F804613EF41AA9FF2915F8016BF1D1E6
:1001E000D4F8083184F8FF80D4F80C2120469847D1
:1001F000D4F824310133C4F8243101210023E3E78A
:100200006A684146204600F0D7FDFEF7FFB8FF2997
:1002100000F0D2832D234A1CC4F80021635484F8D3
:100220000431FFF70EB90025D4F80831D4F80C21B9
:1002300084F8FF5020469847D4F8243101332946EA
:10024000C4F824310122FFF7EBBB0025D4F80831B4
:10025000D4F80C2184F8FF5020469847D4F8243174
:1002600001332946C4F824310122FFF78FBA002652
:10027000D0F8083180F8FF60D0F80C219847D4F806
:100280002431C4F8006101333146C4F82431FEF74B
:1002900043BD0026D0F80831D0F80C2180F8FF606B
:1002A0009847D4F8243101333146C4F8243101226F
:1002B000FEF774BB0025D4F80831D4F80C2184F87B
:1002C000FF5020469847D4F8243101332946C4F81A
:1002D00024310122FFF7E4BA0D2288492046FBF7BA
:1002E000F3FCA96820460131FBF79EFF03228449F5
:1002F0002046FBF7E9FC6D68FEF722BC0025D4F828
:100300000831D4F80C2184F8FF5020469847D4F8DF
:10031000243101332946C4F824310122FEF708BEF6
:100320000123C4F81831FEF771B80025D4F808315C
:10033000D4F80C2184F8FF5020469847D4F8243193
:1003400001332946C4F824310122FFF78FBA002572
:10035000D4F80831D4F80C2184F8FF50204698478F
:10036000D4F8243101332946C4F824310122FFF79F
:10037000C5BB14A9D4F8140141F8400D28F0600859
:10038000D4F81061C4F8141120464146069307962C
:10039000059500F011FD069E049BC4F81431002E53
:1003A0007EF434A8D4F80011FF2900F0098420233A
:1003B0004A1CC4F80021635484F80431FEF70BBED4
:1003C000D4F82031002BFEF6FFAB002B00F09D820D
:1003D0008068013B00283EF42DA802782F2AF4D033
:1003E000FEF728B8D0F830E1D0F82C21BEF1000F8C
:1003F00014DD1368994200F0F58302F108003B46D2
:10040000A44604E052F83340A14200F0D481013305
:100410009E45814600F10800F4D16446D4F8343199
:100420009E4580F2B9840EF1010302EBCE00C4F8C0
:10043000303142F83E10D4F8102104308E46002AA4
:1004400000F08D84D4F83C31D4F840118B4203F194
:10045000010C80F2A184D4F83811C4F83CC101EB3E
:10046000C30351685960036012681846E7E7002526
:100470001946D4F80C21D4F8083184F8FF502046EE
:100480009847D4F824315A1CC4F824212B46012261
:10049000FEF73DBD002E00F04D84BAF12F0F40F065
:1004A0008884736873B3074607E00137B66856B3AC
:1004B00033782F2B27D173682BB31A784A2AF4D1BB
:1004C00059682046FBF72CFE98B103782F2B40F09B
:1004D0006C844368002B00F064840346002004E031
:1004E0001A782F2A05D15A681AB19B680130002B5F
:1004F000F6D10744DAE700BFF413040048140400FF
:10050000581404001F4639462046FBF78DFEFDF7C0
:100510007DBF00251946D4F80C21D4F8083184F8A1
:10052000FF5020469847D4F824315A1CC4F824219F
:100530002B460121FEF78EBB00261946D4F80C216C
:10054000D4F8083184F8FF6020469847D4F8243165
:100550005A1CC4F8242133460121FEF765BB002252
:10056000194684F8FF20D4F80831D4F80C2120462D
:1005700098472923237084F804312A78D4F8243149
:10058000012101333D2AC4F82431C4F800117EF45E
:1005900058AF3FE60027D4F8083184F8FF70D4F84C
:1005A0000C2120469847D4F82431C4F80071013357
:1005B0003946C4F82431FEF728BF0025D4F80831A5
:1005C000D4F80C2184F8FF5020469847D4F8243101
:1005D00001332946C4F824310122FFF712BB1B78EE
:1005E000A3F16301012903D9723B012B3DF6ADAEA6
:1005F0004146204601F0C8F9D4F80011FF2900F067
:1006000071824A1C3C23C4F80021635484F80431ED
:10061000AB6841465A68204600F0CEFB0222D5491D
:100620002046FBF751FBAB6841469A68204600F034
:10063000C3FBD4F80011FF2900F0DF8129234A1CF5
:10064000C4F80021635484F80431FDF7DFBE32465C
:100650004146204600F0B0FBFDF7D8BE0026D4F896
:100660000831D4F80C2184F8FF6020469847D4F86C
:10067000243101333146C4F824310122FEF755BA42
:10068000BD49706807F00AFF00287EF4BDAAAA6879
:100690004146204600F090FB0222B8492046FBF775
:1006A00013FBFEF7DDBAAA681778002F7EF4A8AE18
:1006B0003D2B00F0EF82AA6841462046023E00F042
:1006C0007BFB042E3DF6A2AEDFE806F02618110AE9
:1006D000030020460322AA49FBF7F6FAFDF796BE6F
:1006E00020460222A749FBF7EFFAFDF78FBE20460E
:1006F0000222A549FBF7E8FAFDF788BED4F80011FD
:10070000FF2900F01A836C234A1CC4F800216354AB
:1007100084F80431FDF77ABED4F80011FF2900F007
:10072000DB8275234A1CC4F80021635484F8043129
:10073000FDF76CBE00261946D4F80C21D4F8083118
:1007400084F8FF6020469847D4F824315A1CC4F836
:10075000242133460121FEF73CBDC4F81431FEF7D5
:1007600095BFD4F80011FF2900F0448220234A1CD1
:10077000C4F80021635484F8043147E4D4F800112C
:10078000FF2900F06E8220234A1CC4F80021635424
:1007900084F8043119E40025D4F8083184F8FF50B6
:1007A000D4F80C2120469847D4F824310133294647
:1007B000C4F82431DDE46446D4F82801D8B10268D5
:1007C00091420AD0034604E05B68A3B11A689142E3
:1007D00003D09542F8D19842F6D004312046FBF779
:1007E00083FC00283DF426AE03782F2B3DF411AE98
:1007F0000146FEF730BCD9F80430D4F81061C4F8D3
:10080000103104312046FBF76FFC00283DF410AE98
:100810000127E9E70026D4F8083184F8FF60D4F80E
:100820000C2120469847D4F82431DAF804500133DB
:100830003146C4F82431FFF75AB8AA684146204629
:1008400000F0BAFA069B009AC4F81421002B3EF47B
:100850009DACFDF7DBBD5F25FFF710BA0025D4F88E
:10086000083184F8FF50D4F80C2120469847D4F87A
:10087000243101332946C4F82431FFF782BB4846AE
:10088000424907F021FC20B13A464146204601F09A
:100890007BF8AB6841469A68204601F0B3F8FDF753
:1008A0009DBD0026D4F8083184F8FF60D4F80C21EF
:1008B00020469847D4F8243101333146C4F8243116
:1008C000FFF788BB0025D4F8083184F8FF50D4F82E
:1008D0000C2120469847D4F8243101332946C4F826
:1008E0002431FEF759BB0025D0F8083180F8FF50BD
:1008F000D0F80C219847D4F82431C4F800510133C2
:100900002946C4F82431FEF72BBB406800283DF48B
:1009100091ADFEF759B984F8FF001946D4F80C21BF
:10092000D4F8083120469847D4F824315A1CC4F82A
:1009300024212B46FFF714BB73681A78012A00F0B4
:10094000538196F800A0FFF7E0BA0025D4F80831EB
:1009500084F8FF50D4F80C2120469847D4F824316D
:1009600001332946C4F82431FFF755BB5446FEF73E
:100970008DBE00BFF41504005C1404006414040070
:100980000C160400D8E3030008160400FC1304004E
:100990006A684146204601F035F820460322E249C4
:1009A000FBF792F9FDF732BD14AB039643F848CD3F
:1009B000C4F81031FEF75AB80027D4F8083184F88B
:1009C000FF70D4F80C2120469847D4F82431013325
:1009D0003946C4F824311DE40026D4F8083184F8DF
:1009E000FF60D4F80C2120469847D4F82431013315
:1009F0003146C4F82431FFF78ABB0025D4F808310A
:100A000084F8FF50D4F80C2120469847D4F82431BC
:100A100001332946C4F8243110E60026D4F8083101
:100A200084F8FF60D4F80C2120469847D4F824318C
:100A300001333146C4F82431FFF78ABB5A68916804
:100A400001297DF490AC526812783E2A7DF48BAC7B
:100A5000D4F80011FF290FD1D4F8083184F8FF60D1
:100A6000D4F80C2120469847D4F82431C4F800610A
:100A700001333146C4F8243128234A1CC4F800212C
:100A8000635484F804316B68FDF76DBC0025D4F81D
:100A9000083184F8FF50D4F80C2120469847D4F848
:100AA000243101332946C4F82431FFF70BBBDBF8AE
:100AB00004B0BBF1000F3EF4E9ADFDF7C3BF029BEC
:100AC000C4F81031FDF7DBBF93681B78292B1CBFDE
:100AD0000123C4F8183152684146204600F092FFC5
:100AE000FDF752BC0026D4F8083184F8FF60D4F832
:100AF0000C2120469847D4F8243101333146C4F8FC
:100B000024317EE572684146204600F07BFF4A466C
:100B10004146204600F038FFFDF778BCD4F8083194
:100B200084F8FF50D4F80C2120469847D4F824319B
:100B300001332946C4F82431FDF7ADBF4A4641468A
:100B4000204600F05FFF52464146204600F01CFF61
:100B50003A464146204600F055FF2046032273499D
:100B6000FBF7B2F82A464146204600F04BFFFDF75E
:100B70004DBC4F457FF66FAE5F2D7FF46CAEFF2806
:100B80003FF67CA8D4F80011FF29C5B20FD1D4F8E4
:100B9000083184F8FF80D4F80C2120469847D4F817
:100BA0002431C4F800810133C4F8243100214B1CE6
:100BB000C4F800314E46655484F80451FFF768B814
:100BC000D4F8083184F8FF60D4F80C212046984707
:100BD000D4F82431C4F8006101333146C4F824311B
:100BE000FFF7E5BB9146E7E5B2681278292A08BF0E
:100BF0001E46A6E60025D4F8083184F8FF50D4F844
:100C00000C2120469847D4F82431C4F80051013310
:100C10002946C4F82431A9E50026D4F8083184F81F
:100C2000FF60D4F80C2120469847D4F82431C4F84A
:100C3000006101333146C4F82431FDF7C8BB84F8A4
:100C4000FF00D4F80831D4F80C2120469847D4F896
:100C50002431C4F8006101333146C4F82431FDF772
:100C6000A4BB0026D4F8083184F8FF60D4F80C2126
:100C700020469847D4F82431C4F800610133314646
:100C8000C4F824317FE5416800293DF4D0AB0B78EE
:100C9000FEF7E1B9D0F80011FF290DD02D234A1C31
:100CA000C4F80021635484F8043104E50522204986
:100CB000FBF70AF8FDF7AABBD0F8083180F8FF70FF
:100CC000D0F80C219847D4F82431C4F800710133CE
:100CD0003946C4F82431E1E70025D4F8083184F816
:100CE000FF50D4F80C2120469847D4F82431C4F89A
:100CF000005101332946C4F8243112E50027FFF7DB
:100D000013B90025D4F8083184F8FF50D4F80C2129
:100D100020469847D4F82431C4F8005101332946BD
:100D2000C4F82431FDF76BBB2C160400FC1504003D
:100D3000CCDF03003746FFF7E6BB0025D4F80831C7
:100D400084F8FF50D4F80C2120469847D4F8243179
:100D5000C4F8005101332946C4F82431D3E4714664
:100D6000026004312046FBF7BFF900287FF43CAD58
:100D7000FDF760BBD4F8083184F8FF60D4F80C218B
:100D800020469847D4F82431C4F800610133314635
:100D9000C4F82431FEF702BC0123C4F81831FDF772
:100DA00035BB18460744FFF781BB00200744FFF717
:100DB0007DBB0746FFF7A7BB10B5D0F8283182B03E
:100DC000C0F828D104468DE80C00FDF751FA019BCC
:100DD000C4F8283102B010BD2DE9F0471378033B69
:100DE00082B0154604468846492B00F22382DFE88C
:100DF00013F0E70121022102210221022102210236
:100E000021022102210221022102210221022102CA
:100E10002102210221022102210221022102E901F3
:100E20008201A801E9018201A801CD01DA016F0068
:100E30008C009C00AB00CF00F400210221022102B3
:100E40002102190121025C01210221022102210259
:100E5000210221022102210221022102210221027A
:100E6000210221022102210221022102210221026A
:100E7000210221022102210221022102210221025A
:100E8000210221024A00D34DD0F8001105F11107CB
:100E90004FF0000808E00B460131BD42C4F80011D4
:100EA000E65484F804612DD0FF2915F8016FF2D1C2
:100EB000D4F8083184F8FF80D4F80C2120469847F4
:100EC000D4F824310133C4F8243101210023E4E7AC
:100ED000D0F80011FF2900F0F7814A1C2023C4F844
:100EE0000021635484F80431AA68D4F828310092B0
:100EF0004146C4F828D120460193FDF7B9F9019B7A
:100F0000C4F8283102B0BDE8F08711F00405F9D12A
:100F1000D0F80031FF2B00F01C822A22591CC4F8A3
:100F20000011E25484F80421ECE7D0F80011FF2905
:100F300000F0B9814A1C2623C4F80021635484F8C8
:100F4000043102B0BDE8F087D0F80011A24D4FF097
:100F50000008AF1C08E00B460131BD42C4F8001187
:100F6000E65484F80461CDD0FF2915F8016BF2D165
:100F7000D4F8083184F8FF80D4F80C212046984733
:100F8000D4F824310133C4F8243101210023E4E7EB
:100F9000924DD0F8001105F108074FF0000808E065
:100FA0000B460131BD42C4F80011E65484F80461D7
:100FB000A8D0FF2915F8016FF2D1D4F8083184F8D0
:100FC000FF80D4F80C2120469847D4F8243101330F
:100FD000C4F8243101210023E4E7814DD0F8001149
:100FE00005F10A074FF0000808E00B460131BD4249
:100FF000C4F80011E65484F8046183D0FF2915F881
:10100000016BF2D1D4F8083184F8FF80D4F80C21B8
:1010100020469847D4F824310133C4F82431012103
:101020000023E4E790F80431282B0BD0D0F80031EE
:10103000FF2B00F026812022591CC4F80011E25435
:1010400084F804216A68D4F82831664DC4F828D1A0
:101050004146204601930092FDF70AF9019BD4F81E
:101060000011C4F82831EF1C4FF0000809E00B46CE
:101070000131BD42C4F80011E65484F804613FF424
:1010800041AFFF2915F8016BF1D1D4F8083184F88C
:10109000FF80D4F80C2120469847D4F8243101333E
:1010A000C4F8243101210023E3E74F4ED0F80011AA
:1010B00006F10A0A4FF0000909E00B4601315645D6
:1010C000C4F80011E75484F8047100F0C080FF29CF
:1010D00016F8017BF1D1D4F8083184F8FF90D4F8E8
:1010E0000C2120469847D4F824310133C4F8243128
:1010F00001210023E3E73D4DD0F8001105F1090778
:101100004FF0000809E00B460131BD42C4F8001160
:10111000E65484F804613FF4F5AEFF2915F8016F39
:10112000F1D1D4F8083184F8FF80D4F80C2120469E
:101130009847D4F824310133C4F824310121002325
:10114000E3E72B4DD0F80011AF1D4FF0000809E088
:101150000B460131BD42C4F80011E65484F8046125
:101160003FF4D0AEFF2915F8016BF1D1D4F8083166
:1011700084F8FF80D4F80C2120469847D4F8243115
:101180000133C4F8243101210023E3E7D0F8003112
:10119000FF2B00F0CC802022591CC4F80011E2542F
:1011A00084F80421C3E6D0F80031FF2B00F0AD80B5
:1011B0002022591CC4F80011E25484F80421C5E629
:1011C0006A6892E60B4DD0F8001105F109074FF05F
:1011D00000081BE0CF160400E4160400E716040024
:1011E000F41604000017040004170400BB160400E2
:1011F000C8160400AF1604000B460131AF42C4F814
:101200000011E65484F804613FF47CAEFF2915F820
:10121000016FF1D1D4F8083184F8FF80D4F80C21A3
:1012200020469847D4F824310133C4F824310121F1
:101230000023E3E7D0F82831C0F828D12A460193EB
:101240000095FDF715F8019BC4F828315AE6D4F84B
:1012500028316A68C4F828D141462046019300929B
:10126000FDF706F8D4F80011019BC4F82831FF29D6
:101270003AD04A1C2923C4F80021635484F804316D
:1012800040E600261946D0F80C21D0F8083180F845
:10129000FF609847D4F82431C4F800615A1CC4F8A0
:1012A00024213346C7E60025D4F80831D4F80C21B0
:1012B00084F8FF5020469847D4F82431013329465A
:1012C000C4F82431012236E60026D0F80831D0F8DF
:1012D0000C2180F8FF609847D4F82431013331465F
:1012E000C4F824310122F9E50025D4F80831D4F8F6
:1012F0000C2184F8FF5020469847D4F8243101335C
:101300002946C4F824310122B4E700251946D0F853
:101310000C21D0F8083180F8FF509847D4F82431D8
:10132000C4F800515A1CC4F824212B4640E700257C
:101330001946D0F80C21D0F8083180F8FF509847B2
:10134000D4F82431C4F800515A1CC4F824212B4687
:1013500021E71946D0F80C21D0F8083180F8FF5069
:101360009847D4F82431C4F800515A1CC4F82421F9
:101370002B46D2E5002A00F0A1802DE9F04F1E4651
:10138000D0F8183189B0054643BB0F4614464FF0DC
:10139000010802E0D5F8183103BBA368DBB9626825
:1013A00013782EB9A3F11C01042914D94C2B12D0A7
:1013B000E168C4F80880292BD5F81091C5F8101100
:1013C0000FD02A2B18D0022B21D039462846FFF700
:1013D00003FDC5F810912468002CDBD109B0BDE8ED
:1013E000F08F236808323946284600F0D9F9C5F84D
:1013F000109109B0BDE8F08F2368043239462846C1
:1014000000F0F2F8C5F8109109B0BDE8F08F0026A1
:10141000D5F81481C5F81461526839462846FFF79B
:10142000CBFC17F0040AC5F8148123D0D5F80011BD
:10143000FF2900F0C1804A1C2E23C5F800216B54FF
:1014400085F8043163689C682378462B37D0A3F174
:101450001C02042A0BD94C2B09D0224639462846B7
:10146000FFF7AAFCC5F8109109B0BDE8F08F6468D9
:101470002378ECE7584ED5F8001106F1020B09E08D
:101480000B4601315E45C5F8001105F8038085F86B
:101490000481D7D0FF2916F8018BF1D1D5F8083196
:1014A00085F8FFA0D5F80C2128469847D5F82431B7
:1014B0000133C5F8243101210023E3E77047474E8B
:1014C000D5F8001106F10D0A4FF0000B09E00B46AC
:1014D0000131B245C5F8001105F8038085F8048193
:1014E00013D0FF2916F8018BF1D1D5F8083185F812
:1014F000FFB0D5F80C2128469847D5F824310133A0
:10150000C5F8243101210023E3E7A2683449013200
:1015100001A806F0A7FD01A806F052FF28B301AE0E
:10152000D5F8001106EB000A4FF0000B09E00B465E
:101530000131B245C5F8001105F8038085F8048132
:1015400015D0FF2916F8018BF1D1D5F8083185F8AF
:10155000FFB0D5F80C2128469847D5F8243101333F
:10156000C5F8243101210023E3E7D5F800111D4E11
:101570004FF0000B06F1030A0AE00B460131B245B9
:10158000C5F8001105F8038085F804813FF46FAFBA
:10159000FF2916F8018BF0D1D5F8083185F8FFB096
:1015A000D5F80C2128469847D5F824310133C5F8E1
:1015B000243101210023E2E7D5F80831D5F80C21C8
:1015C00085F8FF6028469847D5F824310133314625
:1015D000C5F8243101222FE7441404004814040004
:1015E000F4130400581404002DE9F84F04460F4684
:1015F000904663B11E461A46936893B31268002A58
:10160000FAD11346394632462046FFF7B3FED4F8E6
:101610000011FF2900F08D804B1C2022FF2BC4F805
:101620000031625484F8042168D05B22591CC4F84C
:101630000011E25484F80421D8F800202AB1394678
:101640002046FFF7B9FBD4F80011FF2900F0828093
:101650004A1C5D23C4F80021635484F80431BDE8BA
:10166000F88F526812782A2A3FD0DFF83091D4F8E8
:1016700000111D4609F1020B0AE00B46CB4501F1B2
:101680000101C4F8001104F803A084F804A11AD0E1
:10169000FF2919F801ABF0D1D4F8083184F8FF50D4
:1016A000D4F80C2120469847D4F824310133C4F8EB
:1016B000243100230121CB45C4F8001104F803A014
:1016C00084F804A1E4D10023324639462046FFF7CE
:1016D00051FED4F80031FF2B4DD0591C2922C4F8FB
:1016E0000011E25484F8042193E73246394620463B
:1016F000FFF740FED4F80031FF2B96D100221946A7
:1017000084F8FF20D4F80831D4F80C2120469847FB
:101710005B23237084F80431D4F82431D8F80020F6
:1017200001330121C4F82431C4F80011002A86D104
:101730008EE70025D4F8083184F8FF50D4F80C2146
:1017400020469847D4F824310133C4F8243129467F
:10175000012362E70025D4F80831D4F80C2184F87D
:10176000FF5020469847D4F8243101332946C4F865
:10177000243101226DE700251946D4F80C21D4F854
:10178000083184F8FF5020469847D4F824315A1C79
:10179000C4F824212B460121A0E700BF281604002D
:1017A0002DE9F043044683B00E4617461D464BB361
:1017B0009B683BBB2A460120DFF8C8E106E011F434
:1017C000606F5AD11268EAB19368DBB953681B782D
:1017D000193BDBB2122B00FA03F1F3D811EA0E0F1A
:1017E000EDD094F80431202B4DD0D4F80031FF2BEC
:1017F00000F0B480591C2022C4F80011E25484F88F
:10180000042142E00023D4F81481C4F81431314695
:101810002A462046FFF7AEFDD4F80011FF2956D026
:101820004B1C2822C4F80031625484F80421386823
:1018300078B1D4F8283100900246C4F828D1314656
:1018400020460193FCF714FD019AD4F80031C4F846
:101850002821FF2B4DD05A1C2920C4F800213146E5
:10186000E0542A4684F8040101232046FFF782FD54
:10187000C4F8148103B0BDE8F08394F8043103F098
:10188000FD02282AAFD1D4F80011FF2954D04A1CF8
:101890002823C4F8002163544FF0000984F8043170
:1018A000D4F81481C4F814914B462A463146204698
:1018B000FFF760FDD4F80031FF2B2CD0591C2922F2
:1018C000FF29C4F80011E25484F80421A8D14FF094
:1018D0000009D4F8083184F8FF90D4F80C21204690
:1018E0009847D4F824310133C4F824314946012300
:1018F00097E700271946D4F80C21D4F8083184F86A
:10190000FF7020469847D4F824315A1CC4F824218B
:101910003B460122A0E71946D4F80C21D4F808313F
:1019200084F8FF9020469847D4F824315A1CC4F814
:1019300024214B460121C2E74FF00008D4F80831BA
:10194000D4F80C2184F8FF8020469847D4F824313D
:1019500001334146C4F82431012299E74FF00008D1
:101960001946D4F80C21D4F8083184F8FF802046B9
:101970009847D4F824315A1CC4F824214346012145
:1019800039E700BF073104002DE9F0411578312D0A
:1019900082B0134604460DD0D0F82851C0F828D1A3
:1019A0008DE82800FCF764FC019BC4F8283102B0E4
:1019B000BDE8F08153689F685D68002FF7D0D0F8CC
:1019C00000112F444FF0000808E00B460131BD42E2
:1019D000C4F80011E65484F80461E8D0FF2915F832
:1019E000016BF2D1D4F8083184F8FF80D4F80C21CF
:1019F00020469847D4F824310133C4F8243101211A
:101A00000023E4E7F0B51378012B83B015460E46AA
:101A1000044629D9302B27D0062B25D0D0F8001129
:101A2000FF2931D04A1C2823C4F8002163542A46D8
:101A3000314684F804312046D4F82831C4F828D13E
:101A400001930095FCF714FCD4F80011019BC4F835
:101A50002831FF2928D04A1C2923C4F800216354C7
:101A600084F8043103B0F0BDD4F82831C4F828D18B
:101A700031462A46204601930095FCF7F9FB019B6D
:101A8000C4F8283103B0F0BD0027D4F80831D4F8E9
:101A90000C2184F8FF709847D4F82431013339467B
:101AA000C4F824310122BEE70025D4F80831D4F867
:101AB0000C2184F8FF5020469847D4F82431013394
:101AC0002946C4F824310122C6E700BF2DE9F84FAA
:101AD000526812681578662D02D00020BDE8F88F94
:101AE0001B68D0F82071D3F80890D3F8048099F8D7
:101AF00000303B2B4FF0FF3304BFD9F80850D9F822
:101B00000490C0F820315378A3F14C0318BF00258E
:101B10000E460446262B2BD8DFE803F0902A2A2A0B
:101B20002A2A902A2A2A2A2A2A2A2A2A2A2A2A2AAF
:101B30002A2A2A2A2A2A2A2A2A2A2A2A6A2A2A2AC5
:101B40002A2A2F00424631462046FFF71DFF4A460B
:101B500031462046FFF756FFD4F80011FF2900F068
:101B6000B2804A1C2923C4F80021635484F804314C
:101B7000C4F820710120BDE8F88FD0F80011FF29CA
:101B800000F0C5804A1C2823C4F800212046635475
:101B90004A46314684F80431654DFFF733FF42462B
:101BA00031462046FFF7F0FE05F10409D4F8001194
:101BB0004FF0000808E00B460131A945C4F80011B8
:101BC000E65484F80461D3D0FF2915F8016BF2D1F3
:101BD000D4F8083184F8FF80D4F80C2120469847C7
:101BE000D4F824310133C4F8243101210023E4E77F
:101BF000504DD0F8001105F1040B09E00B460131FE
:101C00005D45C4F8001104F803A084F804A199D03C
:101C1000FF2915F801ABF1D14FF0000384F8FF3034
:101C2000D4F80C21D4F8083120469847D4F8243150
:101C30000133C4F8243101210023E1E7D0F8003159
:101C4000FF2B51D0591C4FF0280E4A46C4F8001102
:101C5000204604F803E0314684F804E1DFF8D89028
:101C6000FFF7D0FE314642462046FFF78DFE09F1D0
:101C7000030BD4F8001109E00B460131CB45C4F841
:101C8000001104F803A084F804A115D0FF2919F865
:101C900001ABF1D14FF0000384F8FF30D4F80C21F0
:101CA000D4F8083120469847D4F824310133C4F8D9
:101CB000243101210023E1E7424631462046FFF767
:101CC00063FE2A4644E70025D4F80831D4F80C21F5
:101CD00084F8FF5020469847D4F824310133294630
:101CE000C4F8243101223DE74FF0000A1946D0F82C
:101CF0000C21D0F8083180F8FFA09847D4F824319F
:101D0000C4F800A15A1CC4F8242153469AE70025C0
:101D1000D0F80831D0F80C2180F8FF509847D4F85B
:101D2000243101332946C4F8243101222BE700BFB6
:101D300018170400101704002C1604002DE9F04FAA
:101D4000E7B090F80090B9F15F0F00AF0546884604
:101D5000164600F0F1800822BD49284606F09EFB99
:101D600048B92B7A2E2B00F0D6805F2B00F0D38061
:101D7000242B00F0D0804FF0000A284606F020FB0C
:101D80004FEA400B830003EB0B02920008320A3348
:101D9000ADEB020D23F0070300246A462918ADEBD2
:101DA000030DBAF1010F4FF011037A62C7F830D07A
:101DB000C7F82CB07D613D62B863B961FB61BC625C
:101DC0007C63FC633C647C64BC64FC6400F0BB80AA
:101DD000C0F0CF80EB7ABAF1020F18BF4FF0440980
:101DE00005F10B0A08BF4FF043095F2BC7F820A08D
:101DF00000F0B28050467A6006F0E2FABBF1000FC4
:101E00007A6840F3BF800123BB62002800F0BA80EB
:101E10000023C2F804A0906013704946002307F124
:101E20001400F9F731FE3C6A0546204606F0C8FA70
:101E300023183B6214F80090B9F1000F40F086803F
:101E4000002D00F0838007F150042A4607F5C27187
:101E500007F5C870C4F80881C4F80C61C4F8009193
:101E600084F80491C4F81091C4F81491C4F8209136
:101E7000C4F82491C4F81891C4F81C91C4F82891AE
:101E8000C4F82C91C4F83091C4F83491C4F8389156
:101E9000C4F83C91C4F84091F9F7C4FED4F8342159
:101EA000D4F84011D4F828313B61D00001FB02F195
:101EB0000830E846CA00ADEB000D68460832ADEBCD
:101EC000020D07F10C062A46C4F82C01C4F8401193
:101ED00020461121C4F838D1FD60C4F84491C4F8FB
:101EE0002861FCF7C5F93B69C4F82831D4F8001122
:101EF000D4F8083104F801902046C546D4F80C21E6
:101F00009847D4F81801B0FA80F0400907F5CE7769
:101F1000BD46BDE8F08F6B7A442B02D0492B7FF48D
:101F20002AAFAA7A5F2A7FF426AF492B14BF4FF05D
:101F3000030A4FF0020A20E743785A2B7FF40BAFD5
:101F40004FF0010A19E7B9F15F0F1DD0002007F526
:101F5000CE77BD46BDE8F08F2B7B5A2B7FF44AAF7E
:101F60000D35214607F114003D62FBF735FE0246B0
:101F700053E707F11400FBF717F83B6A054693F89F
:101F8000009059E7002248E76B785A2BDED10235E2
:101F9000514607F114003D62FBF71EFEFB69DB07AB
:101FA000054651D5386A90F80090B9F12E0F7FF4AC
:101FB00043AF4378A3F16102192A39D95F2B37D097
:101FC000303B092B40D8037802462E2B12D1537890
:101FD000303B092B0ED89378A3F13001092902F187
:101FE0000202F2D812F8013FA3F130010929F9D910
:101FF0002E2BECD0B96AFB6A3A62994216DAD7F80E
:1020000024E04B1C01EB4101BB621EEB81030DD0B0
:10201000121A0BD00EF8214058609A602A464D21C2
:1020200007F11400F9F730FD0546BBE70023F5E79B
:10203000811C0A4611F8013BA3F1610EBEF1190F94
:10204000F7D95F2BF5D0C0E73B6A93F80090F3E631
:10205000D01304002DE9F04184B078B301B16AB324
:10206000002416460D466A46274900941F460194EF
:1020700002940394FFF762FE00283FD0039BD3B184
:102080004FF00108009C5CB33DB3204606F098F980
:10209000336898421BD2421C2146284605F0D8FBE3
:1020A000204605F083F82C460FB100233B60204604
:1020B00004B0BDE8F081DDF80880E3E713B16FF00C
:1020C00002021A600024204604B0BDE8F0812846D0
:1020D00005F06CF8C6F80080E6E7002EFAD1E3E7D9
:1020E000002FEFD0B8F1010F04D06FF001033B6077
:1020F0000024DCE74FF0FF333B60D8E7009805F0A1
:1021000055F8002FF1D1DDE7ADC1020060B108B58F
:1021100039B1FFF713FE00280CBF6FF0010000205B
:1021200008BD6FF0020008BD6FF00200704700BFED
:1021300008B5F9F7F5F8006830B190F82730012BB1
:1021400004BF00687838006808BD00BF00000000C8
:1021500000B551EC100B2C4A21F00043934285B09E
:1021600020DD2A4A934209DD10EE102A0B4602F0C8
:1021700077FD41EC100B05B05DF804FB684600F0FC
:1021800033FD00F00300012828D0022815D060B3E9
:1021900001209DED021B9DED000B02F091F851EC2A
:1021A000100BE6E79FED161B01F00EFB51EC100B38
:1021B00041EC100B05B05DF804FB9DED021B9DED9D
:1021C000000B01F001FB53EC102B10EE100A03F191
:1021D000004141EC100B05B05DF804FB9DED021BC6
:1021E0009DED000B02F06CF8EDE79DED021B9DEDFF
:1021F000000B01F0E9FA51EC100BBAE7AFF30080E5
:102200000000000000000000FB21E93FFFFFEF7F1E
:1022100008B52DED048BB0EE418AF0EE618AB0EE88
:10222000409AF0EE609A00F04BF830B9B0EE480AF0
:10223000F0EE680ABDEC048B08BDB0EE480AF0EE83
:10224000680A00F03DF838B153EC182B51EC190B2B
:1022500003F04AF90028E9D0B0EE490AF0EE690A25
:10226000BDEC048B08BD00BF08B52DED048BB0EEAE
:10227000418AF0EE618AB0EE409AF0EE609A00F08A
:102280001FF830B9B0EE480AF0EE680ABDEC048BD6
:1022900008BDB0EE480AF0EE680A00F011F838B157
:1022A00053EC182B51EC190B03F000F90028E9D07E
:1022B000B0EE490AF0EE690ABDEC048B08BD00BF20
:1022C00053EC102B33F0004109D01C4810B4A3F597
:1022D000801484420FD804205DF8044B70470AB97B
:1022E0000220704703F1FF43144803F5E0038342E3
:1022F0000DD80420704703F1FF43104803F5E003B5
:102300008342E8D9B1F5801F06D20320E4E7B1F596
:10231000801F06D203207047094B994206D0002047
:10232000DAE7074B994205D000207047B2FA82F0F5
:102330004009D1E7B2FA82F040097047FFFFDF7F22
:102340000000F07FF8B557EC106B3B1EC3F30A5E3C
:10235000AEF2FF31C3F31300ACBF01254FF0FF35E0
:10236000132940F4801412DC002950DB4FF40020C4
:1023700008412044C1F11401C840002105FB01F3CC
:10238000EF1700FB0733A5FB00011944F8BD3E29F8
:1023900016D8332910EE100A18DDAEF21346AEF24D
:1023A0003347C6F1200124FA01F104FA07F30B4385
:1023B00000FA07FE04FA06F242EA0E001946DDE7CB
:1023C00010EE100A394603F0CFFAF8BDAEF2134E04
:1023D0004FF0004323FA0EF3981928BF0134C1F1DE
:1023E0003401AEF1200CCEF12007202904FA0CF3C1
:1023F00024FA07F74FF0000643EA070318BF20FA54
:1024000001F604FA0EF242EA06001946B6E7013177
:1024100002D12846E917F8BD00200021F8BD00BF11
:10242000F8B553EC102BC3F30A54A4F2FF30132871
:10243000194610EE106A12DC002832DB234D0541EC
:102440002B421F462AD04FF400210141394421EA92
:10245000050100240B46224643EC102BF8BD33281F
:1024600005DDB0F5806F22D043EC102BF8BDA4F24F
:1024700013444FF0FF3525FA04F42242F4D001232F
:10248000C0F1330003FA00F0801928BFC91820EA10
:1024900004040B46224643EC102BF8BD002AD2D18F
:1024A000E2E7013003F0004109D00024D2E710EE4A
:1024B000100A194602F0D6FB41EC100BF8BD41F0B2
:1024C0007F5141F440110024C4E700BFFFFF0F001B
:1024D00000B551EC100B2C4A21F00043934285B01B
:1024E00027DD2A4A934209DD10EE102A0B4602F03E
:1024F000B7FB41EC100B05B05DF804FB684600F03B
:1025000073FB00F00300012827D002281DD068B318
:102510009DED021B9DED000B01F056F953EC102BC5
:1025200010EE100A03F1004141EC100B05B05DF80C
:1025300004FB00209FED121B01F0C2FE51EC100BBA
:1025400041EC100B05B05DF804FB01209DED021B72
:102550009DED000B01F0B4FEE0E79DED021B9DED4B
:10256000000B01F031F951EC100BC2E701209DED99
:10257000021B9DED000B01F0A3FE51EC100BB8E720
:102580000000000000000000FB21E93FFFFFEF7F9B
:1025900000F046BA2DE9F0432DED028B8BB055ECDF
:1025A000104B00F047FD274BB0EE408AF0EE608AFA
:1025B00093F90060731C12D022462B462046294610
:1025C00002F09CFF074650B94FF000084FF0000999
:1025D0002046294642464B4602F068FF40B9B0EE1D
:1025E000480AF0EE680A0BB0BDEC028BBDE8F08340
:1025F000154B08970122CDE90445CDE902458DE848
:102600000C0096B142464B464046494602F006FE53
:10261000022ECDE906010AD104F034FB2123036028
:10262000089B53B99DED068BD9E7CDE9068968462D
:1026300002F05EF90028F3D1EEE704F023FB089BDB
:102640000360EFE720010020001C0400F0B52DED31
:10265000048BB34D8BB0F0EE408AB0EE608A00F090
:10266000B5FD95F90040631CB0EE409A2ED0B4EE53
:10267000488AF1EE10FA29D6F4EE688AF1EE10FAE3
:1026800080F1A280F5EE408AF1EE10FA24D1B5EE89
:10269000408AF1EE10FA59D10123A24A009318EEB4
:1026A000900A00230192089302F03AFCCDE902015E
:1026B00018EE100A02F034FC00220023CDE90401D8
:1026C000CDE90623002C67D0B7EE009AB0EE490A98
:1026D0000BB0BDEC048BF0BD02F02CFA04460028D0
:1026E00000F09180B5EE409AF1EE10FAEED1B0EE26
:1026F000680A02F01FFA0028E8D0B0EE480A02F09B
:1027000019FA0028E2D00423864A009318EE900AB2
:1027100000230893019202F003FCCDE9020118EEB8
:10272000100A02F0FDFB00260027CDE90401CDE9E7
:10273000066795F90030022B03D0684602F0D8F8FE
:1027400080BB04F09FFA222303602BE0B0EE480A1E
:1027500002F0F0F90028B9D0B5EEC08AF1EE10FA17
:10276000B4D501236F4A009318EE900A0023089312
:10277000019202F0D5FBCDE9020118EE100A02F039
:10278000CFFB95F90030CDE90401002B40F09B8090
:1027900000220023CDE90623684602F0A9F80028AC
:1027A00000F08C80089B1BB104F06CFA089B03605E
:1027B000DDE9060102F000FF09EE100AB0EE490A59
:1027C0000BB0BDEC048BF0BDB5EE408AF1EE10FA13
:1027D0007FF47CAF0123534A009318EE900A002344
:1027E0000192089302F09CFBCDE9020118EE100A59
:1027F00002F096FB4C4B0022022CCDE90401CDE9FE
:102800000623C9D160E7B0EE680A02F093F9002808
:102810003FF468AFB0EE480A02F08CF900283FF4AC
:1028200061AFB4EE499AF1EE10FA80F187803D4B2A
:102830000894032218EE900A8DE80C0002F070FB59
:10284000CDE9020118EE100A02F06AFB95F900309A
:10285000CDE90401002B3DD1344BF5EEC08A4FF099
:102860006042F1EE10FACDE906237FF566AFF6EE91
:10287000007A68EE277A17EE900A02F051FB0646BE
:102880000F4647EC106B02F035F8304653EC102B36
:10289000394602F001FE00283FD1254995F9003064
:1028A0004FF06040CDE9060145E71046194602F0B9
:1028B000B5FC022CCDE906017FF46EAF04F0E2F91D
:1028C000212303606EE71B490020022BCDE906019E
:1028D000F4D061E71849F5EEC08A0020F1EE10FA55
:1028E000CDE906017FF527AFF6EE007A68EE277A8C
:1028F00017EE900A02F014FB06460F4647EC106BE9
:1029000001F0F8FF304653EC102B394602F0C4FDBD
:1029100018B9084B0022CDE9062395F900300AE7E3
:1029200020010020081C04000000F03FFFFFEF47DB
:10293000FFFFEFC70000F0FF0000F07F0C4B089492
:10294000012218EE900A8DE80C0002F0E9FACDE9B8
:10295000020118EE100A02F0E3FA95F90040CDE901
:10296000040100220023002C9FD1CDE9062313E7A8
:10297000081C040010B52DED028B8AB0B0EE408A21
:1029800000F01CFF244B93F90040631C09D0B4EE07
:10299000488AF1EE10FA04D6B5EEC08AF1EE10FACC
:1029A00003D40AB0BDEC028B10BD01231B4A009377
:1029B00018EE100A00230192089302F0B1FA0022E7
:1029C000CDE90401CDE902010023BCB1104619464E
:1029D00002F024FC022CCDE9060111D104F052F9D9
:1029E00021230360089B8BB9DDE9060102F0E4FDB9
:1029F00000EE100A0AB0BDEC028B10BDCDE9062333
:102A0000684601F075FF0028ECD1E7E704F03AF9D9
:102A1000089B0360E8E700BF20010020101C0400B1
:102A200051EC110B43422DE9F047034321F00048DC
:102A30006B4F48EAD373BB4255EC104B45D8634209
:102A4000234325F0004A4AEAD373BB42A9463CD847
:102A500001F1404303F5801303438E464CD08E179B
:102A600006F0020654EA0A0346EAD57635D050EA63
:102A700008033AD0B84553D0BA4536D0AAEB080877
:102A80004FEA2858B8F13C0F3EDC002964DB0246CF
:102A90000B462046294602F0C1FB41EC100B01F029
:102AA0008FFE01F0D9FC51EC100B012E51D0022EFB
:102AB00042D076B138A3D3E9002302F0D1F838A38D
:102AC000D3E9002302F0CCF803E022462B4602F0C3
:102AD000C9F841EC100BBDE8F087022E18D0032E88
:102AE0000ED131A1D1E90001F3E7B9F1000F13DBF9
:102AF0002FA1D1E90001ECE7BDE8F04701F0ACBC43
:102B000010EE100A2946E4E729A1D1E90001CCE73B
:102B100023A1D1E90001DCE727A1D1E90001D8E731
:102B2000C2451FD0022EF3D0032EDAD0012E4FF073
:102B3000000021D00021CCE717A3D3E9002302F045
:102B40008FF802460B4616A1D1E9000102F088F881
:102B5000BFE701F10041BCE718F13C0F97DA002014
:102B60000021A2E7022E12D0032E0CD0012E06D097
:102B700013A1D1E90001ACE74FF00041A9E712A190
:102B8000D1E90001A5E712A1D1E90001A1E712A155
:102B9000D1E900019DE700BF075C143326A6A13CE4
:102BA000182D4454FB210940182D4454FB2109C021
:102BB000182D4454FB21F93F182D4454FB21F9BF33
:102BC000182D4454FB21E93F182D4454FB21E9BF43
:102BD000D221337F7CD902C0D221337F7CD90240FD
:102BE0000000F07F000000002DE9F04753EC102BAF
:102BF0009D4923F000478F4290B040F391809B495C
:102C00008F421C46824629DC002C194610EE100A21
:102C10008BA3D3E9002340F3B18102F021F8944B58
:102C20009F4204460D4600F0918087A3D3E900231C
:102C300002F016F802460B46CAE900232046294650
:102C400002F00EF880A3D3E9002302F009F8012571
:102C5000CAE90201284610B0BDE8F08785498F42D5
:102C600040F3918084498F4265DC3D15A5F21645FD
:102C7000A7EB0551104616460F4602F055FC02F030
:102C80003DF98046894642464B4630463946CDE9B5
:102C90000A8901F0E5FF0022784B02F095F9894698
:102CA000804602F041FC02F029F906460F46324602
:102CB0003B4640464946CDE90C6701F0D1FF002272
:102CC0006E4B02F081F900220023CDE90E0102F0E3
:102CD000E3FB002800F070810023304639460022D3
:102CE00002F0DAFB002814BF01230223644A019298
:102CF00002212A4600910AA8514600F0A9FE002CA4
:102D0000054614DADAF80420DAF80C3002F1004251
:102D100003F100434542CAF80420CAF80C3006E02B
:102D200080ED000B00250024C0E90245002528465F
:102D300010B0BDE8F08710EE100A194601F090FFC0
:102D40000025CAE90201CAE90001F0E740A3D3E97E
:102D5000002301F085FF40A3D3E900230D4604467C
:102D600001F07EFF02460B46CAE9002329462046B1
:102D700001F076FF38A3D3E9002301F071FF0125AC
:102D8000CAE90201D3E701F01BFD59EC108B10EEEC
:102D9000100A33A3D3E90023494602F015F90022B3
:102DA000384B01F05FFF02F0BFFB054602F0A6F8CA
:102DB00023A3D3E90023CDE9060102F005F9024679
:102DC0000B464046494601F04BFF1FA3D3E90023C1
:102DD000CDE90201DDE9060102F0F6F81F2D80467B
:102DE0008946CDE9048951DC274B6A1E53F822300D
:102DF0009F424BD002460B46DDE9020101F030FF55
:102E000080468946CAE9008942464B46DDE902010F
:102E100001F026FFDDE9042301F022FF002CCAE9BE
:102E2000020184DA09F1004401F100436D42CAF85D
:102E30000080CAF80440CAF80800CAF80C3076E7E7
:102E400000004054FB21F93F3163621A61B4D03D68
:102E50000000601A61B4D03D7370032E8A19A33B41
:102E600083C8C96D305FE43FFB21E93F7BD9024055
:102E7000FB21F93FFB213941FFFFEF7F000070414B
:102E8000981C04000000E03F181C0400DDE9042346
:102E9000DDE9020101F0E4FE3F15C1F30A53FB1A1C
:102EA00080468946102BCAE90089ADDD58A3D3E9D5
:102EB0000023DDE9060102F087F8804689460246D4
:102EC0000B46DDE9020101F0CBFE02460B46DDE9CF
:102ED0000201CDE9082301F0C3FE42464B4601F052
:102EE000BFFE4DA3D3E9002380468946DDE90601F4
:102EF00002F06AF842464B4601F0B2FE0B46CDE9BD
:102F000004010246DDE9080101F0AAFEC1F30A53FB
:102F1000FF1A80468946312FCAE900896CDD41A33A
:102F2000D3E90023DDE9060102F04EF8DDE9088966
:102F300006460F4602460B464046494601F090FEC3
:102F400002460B4640464946CDE9022301F088FE81
:102F500032463B4601F084FE34A3D3E90023064603
:102F60000F46DDE9060102F02FF832463B4601F03C
:102F700077FE02460B46CDE904233DE701F072FEE1
:102F8000274B9F4204460D4618D01FA3D3E90023C8
:102F900001F068FE02460B46CAE900232946204696
:102FA00001F05EFE18A3D3E9002301F05BFE4FF0B1
:102FB000FF35CAE90201BAE6032397E614A3D3E971
:102FC000002301F04FFE14A3D3E900230D4604466D
:102FD00001F048FE02460B46CAE900232946204676
:102FE00001F03EFE0CA3D3E9002301F03BFE4FF0BD
:102FF000FF35CAE902019AE69DED087B8DED027B63
:1030000002E700BFAFF300803163621A61B4D03DC4
:103010000000601A61B4D03D7370032E8A19A33B7F
:10302000FB21F93F0000002E8A19A33BC14920254E
:103030009A837B392DE9F041634855EC104BA84346
:1030400000F09580002D2B4610EE102A70DD2F1514
:103050007DD0A7F2FF37C3F31303F90743F48013BE
:1030600061D403EBD27100260B447F105200B646A8
:1030700016204FF400110EEB01049C424FEAD2756A
:103080004FEA420203DC1B1B04EB010E0E44013825
:1030900005EB43034FEA5101EDD1844620244FF064
:1030A000004109E020D003EBD275013C4FEA510109
:1030B0002B444FEA420220D0734501EB0C05F1DDB1
:1030C000002D05EB010C09DBF0469542A3EB0E0346
:1030D00000D9013B521B0844C646E4E7BCF1000F8F
:1030E000F2DB0EF10108F0E79542DCD8002D05EB8C
:1030F000010C4EDB98460023ECE7134302D0421C40
:103100004BD0013040087110F30701F17F5101F5F8
:10311000001148BF40F0004001EB0753024643EC6A
:10312000102BBDE8F0815B0003EBD273520098E7EF
:1031300010EE101A25F00040014328D0ADBB2F46F9
:10314000D30A153F5205002BFAD0DE0228D4002402
:1031500000E004465B00DD0204F10100F9D5C0F196
:10316000200122FA01F10B433F1B824071E710EE70
:10317000102A2B4610EE100A294601F025FF2246A0
:103180002B4601F06FFD41EC100BBDE8F081BDE86E
:10319000F081BCF1000FA4DAACE701362046B2E7BB
:1031A000002020214FF0FF34DBE710EE102A2B46E1
:1031B0002046294601F054FD02460B4602F02EF847
:1031C00041EC100BBDE8F0810000F07F2DE9F047E5
:1031D0002DED028B82B0CDED000A009C8DED010A31
:1031E00034F0004614D0DDF8048028F00047B7F131
:1031F000FF4F07DD584802B0BDEC028BBDE8F04739
:1032000001F0A2BCB6F1FF4F09DDB7F17E5FF1D14D
:10321000B7EE000A02B0BDEC028BBDE8F087B8F152
:10322000000F4DDB4FF0000AB6F1FF4F3FD0B6F173
:103230007E5F58D0B4F1804F6ED0019DDDF80090D4
:10324000B4F17C5F00EE105A1CD001F06BFCB7F1BA
:10325000FF4F4DD0002F4BD0B7F17E5F48D04FEAE3
:10326000D873013B5AEA03026ED0B6F19A4F7BDD68
:103270003A4A974200F3C881002CC0F2CB819FEDFF
:10328000380AC7E7B8F1000F4BDA01F04BFCB7F191
:10329000FF4F01D0002FDFD1A7F17E5757EA0A0375
:1032A0004DD0BAF1010FB5D1B1EE400AB2E7B7F196
:1032B0007E5FADD029DD002CE1DB9DED000AA9E7A2
:1032C000B6F1974F1EDAB6F17E5F09DBF315C3F155
:1032D000960346FA03F202FA03F39E4200F08F814E
:1032E0004FF0000AA3E7002C22DB9DED010A91E7D5
:1032F000002CBCBFF7EE007A87EE800AB8F1000F11
:1033000088DAC9E74FF0020A8EE7002CB7DADDED64
:10331000007AB1EE670A7DE7DDED017A27EEA70AB4
:1033200078E702B0BDEC028BBDE8F04700F046BA8A
:103330009DED017AF7EE007A87EE870A6AE770EE74
:10334000407A87EEA70A65E707EE905A77EEE77AAC
:1033500087EEA70A5EE700BFA8160400F7FF7F3FCD
:10336000000000000000804BB7F5000F80F25F8185
:103370005FED047A60EE277A6FF0170217EE907A0D
:10338000EE48F915C7F316077F398742114447F015
:103390007E5240F34481EA48874240F39181DFED59
:1033A000E94A0131A2F50002F0EE643A0025B7EED9
:1033B000006A06EE902A76EE867AB7EE007A87EEFD
:1033C000278A521042F0005202F580222A44DE4839
:1033D00036EEC67A07EE902A27EE084A37EEC65A2E
:1033E000DFEDDA8A9FEDDA0ADFEDDA1ADFEDDA0ACD
:1033F0009FEDDA1A9FEDDA2ADFEDDA2A9FEDDA3A4D
:1034000024EE046A14EE102AA6EE280A024076EE94
:10341000C56AB0EE615A05EE902AA6EE005AF1EEAA
:10342000651AA1EEA77AF0EE607AE6EE057AA1EED3
:10343000A67AB0EE415AA6EE275A67EE086AB0EEB9
:10344000427AA6EE057A75EE847A26EE066A67EE73
:10345000A67AB0EE085AE6EE077AB0EE457AA5EE07
:10346000A57A9FEDC22A37EE276A07EE101A16EEEC
:10347000102A024006EE102A36EE455AB8EEC77AF8
:10348000A1EEA55A77EEC57A67EE847AE6EE267A43
:10349000F0EE676AE5EE866A16EE902A024006EEC6
:1034A000902AE1EE866A05EE902A77EEE67A67EEDC
:1034B000A27AE5EE837A77EEA37AF0EE676AE5EE1C
:1034C000826A76EEA46A76EE876A16EE902A024049
:1034D00006EE902A36EEC77A37EE647AA5EEC27A07
:1034E00077EEC77A24F47F6424F00F0407EE109A75
:1034F00006EE104A67EE877A37EE466A07EE104A04
:10350000E6EE867A0AF1FF3A5AEA030326EE877A54
:10351000BFEE000A77EE876AB7EE006A16EE902AD1
:1035200014BFB0EE468AB0EE408A002A22F0004373
:1035300040F3B380B3F1864F00F3868079D0B3F1C6
:103540007C5F00F388800021084622F47F6323F02B
:103550000F0306EE103ADFED866ADFED865A9FED27
:10356000863ADFED863A9FED862A9FED864ADFEDAB
:10357000864A9FED865A36EE477AF0EE002A77EEBD
:10358000C77A26EE267AA7EEA57AF7EE005AF0EE75
:10359000477AA6EE037A67EE076AF0EE471AE6EE80
:1035A000431AB0EE636AA6EE826A77EEE17AA6EE7F
:1035B000864AE7EE277AE6EE844AA6EEA45AB0EEF3
:1035C000456AB0EE475AA6EEC65AF0EE456A36EEA8
:1035D000E26A27EE055AC5EE066A76EEE77A37EE1E
:1035E000C77A35EEC70A10EE103A0B44B3F5000F58
:1035F000C0F2A08000EE103A20EE080A0AE602F0BF
:103600000102C2F1020A12E6614A974261DD002C12
:103610007FF735AE9FED5F0A20EE000AFAE5DFED99
:10362000494A0025F0EE643AB7EE006AC1E600228E
:10363000A6E69FED596A76EEC76A37EE866AB4EE63
:10364000E66AF1EE10FA06DDDFED527A28EE270A7F
:1036500020EE270ADEE5DB154FF400017E3B41FA40
:1036600003F31344C3F3C7514C4C7F390C41C3F3EC
:10367000160023EA040306EE903A37EE667AC1F1AB
:10368000170140F400000841002A77EE876AB8BFAE
:103690004042C10516EE902A57E741498B4208DCAB
:1036A0007FF44DAF76EEC76AF4EEE67AF1EE10FAEB
:1036B000D1D8DFED3C7A28EE270A20EE270AA9E5CB
:1036C000DFED394ADFED393A4FF40015B7EE086AFD
:1036D0006FE6F7EE007A30EE670ADFED1F6ADFED86
:1036E000347A9FED345ADFED345AB1EE406AB5EECC
:1036F000007AE6EE076AB6EE007AA6EE267A60EE6B
:10370000006A27EE267A67EEC77AE0EE057AF0EED9
:10371000676AE0EE256A16EE902A22F47F6222F0B4
:103720000F0207EE102AA6EE257A06EE902A77EE13
:10373000C77AD7E601F00EFA5EE700BF71C41C003D
:10374000D6B35D000000000000F0FFFF42F1533EE1
:1037500055326C3E05A38B3EABAAAA3EB76DDB3E4D
:103760009A99193F4F38763FA0C39D360038763F6F
:103770008CBEBF351872313F0072313F0EEADDB5A5
:103780004CBB313355B38A38610B36BBABAA2A3EEA
:103790000700803FCAF249713CAA3833FFFF7F001F
:1037A000000016436042A20D00C0153FDCCFD135AA
:1037B0003BAAB83F70A5EC3600AAB83FB1EEC00AEC
:1037C000704700BF000000002DE9F04F57EC106B70
:1037D0002DED028BB0EE418AF0EE618A27F00049B0
:1037E000B9F1795F83B072DA10EE100A394601F050
:1037F0009BFE002800F0F68032463B4630463946B4
:1038000001F0E2FB7CA3D3E9002304460D4601F05E
:10381000DBFB7BA3D3E9002301F024FA22462B46ED
:1038200001F0D2FB78A3D3E9002301F019FA224674
:103830002B4601F0C9FB76A3D3E9002301F012FA6D
:1038400022462B4601F0C0FB73A3D3E9002301F00D
:1038500007FA22462B4601F0B7FB71A3D3E90023F8
:1038600001F000FA22462B4601F0AEFB82468B4661
:103870000022714B2046294601F0A6FB52468046A5
:1038800089465B462046294601F09EFB53EC182BE7
:1038900004460D463046394601F096FB02460B467B
:1038A0002046294601F0DCF902460B4640464946CF
:1038B00001F0D6F902460B460020604901F0D0F92C
:1038C00041EC100B03B0BDEC028BBDE8F08F10EEA5
:1038D000102A10EE100A3B46394601F075FB46A34C
:1038E000D3E9002304460D4601F06EFB44A3D3E95F
:1038F000002301F0B7F922462B4601F065FB42A3F5
:10390000D3E9002301F0ACF922462B4601F05CFB21
:103910003FA3D3E9002301F0A5F922462B4601F08D
:1039200053FB3DA3D3E9002301F09AF922462B462D
:1039300001F04AFB3AA3D3E9002301F093F92B46A7
:10394000224601F041FB3E4B994582468B468FDD76
:103950003C4B99453DDC0022A9F500130020374976
:103960009046994601F07CF9CDE900010022324BE6
:103970002046294601F028FB42464B4601F070F9EB
:103980005246804689465B462046294601F01CFB8C
:1039900053EC182B04460D463046394601F014FB13
:1039A00002460B462046294601F05AF902460B46CC
:1039B0004046494601F054F902460B46DDE9000154
:1039C00001F04EF941EC100B03B0BDEC028BBDE8E9
:1039D000F08F9FED157B4FF000088DED007BDFF839
:1039E0006890C3E79FED120B03B0BDEC028BBDE8FE
:1039F000F08F00BFAFF30080D43888BEE9FAA8BDCD
:103A0000C4B1B4BD9EEE213EAD529C804F7E923E2D
:103A10009015CB19A001FA3E7751C1166CC1563FE3
:103A20004C5555555555A53F000000000000E73F97
:103A3000000000000000F03F0000E03F0000F03F09
:103A40003233D33F0000E93F0000D23F00000000C6
:103A50002DE9F04FADF51B7DA34CA49EA34D54F86A
:103A6000264007942646D41E85FB0475E417C4EB54
:103A7000A50424EAE4741D460A93631CA3EB8303A4
:103A8000013D02EBC30306932B460B940395651B84
:103A9000F418049008911AD42C440026002701340D
:103AA0000DF18808DDF8949208E059F8250001F03E
:103AB00025FA0135A542E8E8020108D0002DF4DA24
:103AC000013530463946A542E8E80201F6D1079BA8
:103AD000002BC0F2EB83079B03F1010B0A9B22A989
:103AE000DB001A4601EB03090093049B0DF5E47A11
:103AF00019460AEBCB0B01EB0208039B002BC0F22B
:103B00000183049C4D460026002775E90223F4E852
:103B1000020101F059FA02460B463046394601F0DF
:103B2000A1F8444506460F46EFD1EAE80267DA45B8
:103B300009F10809E1D107990098049C009101F16D
:103B40008043013B9B0020441A1F83460EA8024479
:103B500003440C920D93009A9AA901EBC203002A28
:103B600053E9284529DD0DF5E47A0AEBC2080DF189
:103B7000340900225E4B2046294601F025FA01F067
:103B8000D3FC01F0BBF900225A4B06460F4601F068
:103B90001BFA02460B462046294601F061F801F067
:103BA000C3FC78E9022349F8040F3946304601F096
:103BB00059F8D04504460D46DBD1DDF8189045ECA8
:103BC000104B484600F028FF55EC104B00224FF0F8
:103BD0007F5310EE100A294601F0F6F941EC100B64
:103BE00000F0F6FD002251EC100B434B01F0ECF914
:103BF00002460B462046294601F032F80D4604469F
:103C000001F092FC804601F079F90B460246294604
:103C1000204601F025F84B46002B06460F4640F3A0
:103C2000FA80009A0EA9013AC9F1180351F82250FE
:103C300045FA03F101FA03F30EA8EB1A40F822301B
:103C4000C9F11705884443FA05F5002D6EDD009B88
:103C5000002B08F1010840F374820E9C002C40F008
:103C60001B83009B012B40F394820EAA012352F880
:103C7000044F002C00F08882581C0EAAC4F18074F6
:103C800042F82340009A824219DD0EAA0EAC52F887
:103C900020106FF07F42511A44F82010009902332F
:103CA00099420CDD1046009A0EA901EB830301EB4B
:103CB00082011A68821A43F8042B8B42F9D1069BC1
:103CC000002B1BDD069B012B4FF0010440F04182CD
:103CD000009B5A1E0EAB0EA953F82230C3F31603F5
:103CE00041F8223041E200BFE01D0400ABAAAA2A3D
:103CF0000000703E0000704100002040022D15D1F0
:103D000032463B460020944900F0AAFF06460F4683
:103D100006989FED8D0B00F07FFE3046394653EC40
:103D2000102B00F09DFF022506460F4600220023BF
:103D30003046394601F0B0FB002800F03B82009A83
:103D4000079B501E83420FDC02F18043013B0EAA09
:103D50000D9C02EB8303002253F80419A34242EAAC
:103D60000102F9D1002A67D1079B0EAA013B52F844
:103D70002330002B40F01C820C9A012352F80419C6
:103D800001330029FAD0009AD31802F1010A9A45AA
:103D900009933DDC009B0A990B9A0B4409990AEBA5
:103DA0000208994622AB08F1804803EBC9098B1839
:103DB000A59A08F1FF3802EB880872AA02EBCA0A3A
:103DC000A59A02EB8303009358F8040F01F096F8CC
:103DD000039B002BE9E802014FF000064FF00007BB
:103DE00011DB049C4D4675E90223F4E8020101F061
:103DF000EBF802460B463046394600F033FF5C458F
:103E000006460F46EFD1009B9845EAE80267DBD1F2
:103E1000099B00939FE606D1009B0EAA013B52F836
:103E20002350ED1511E700224C4B01F053FB002805
:103E300040F07281054679E70EA9039551F82030CC
:103E40000699CDF8248018390246009006916BB986
:103E500000F18043013B0EA800EB830353F80409F3
:103E6000013A18390028F9D00092069106989FED82
:103E7000360B00F0D1FD009B002B55EC104BC0F22F
:103E8000FC81DA0072A901EB020B06920EAA02EB8A
:103E90008306DFF8CC904FF000080BF108070436DA
:103EA00056F8040D01F02AF822462B4601F08CF852
:103EB0004B4667E9020142462046294601F084F854
:103EC0000EAB9E4204460D46EAD14AACDDF81C908A
:103ED00004944FF0000AB9F1000FC0F22F81DFF80F
:103EE00084805D461AA1D1E9000100260027002444
:103EF00003E0544510DCF8E80201F5E8022301F084
:103F000063F802460B463046394600F0ABFE0134FA
:103F1000A14506460F46ECDA049B03EBCA03ABF15E
:103F2000080BC3E9006770AB9B450AF1010AD2D1C7
:103F3000A49B049C032B00F28D80DFE813F0C900E2
:103F400092009200150000BF000000000000F03F4A
:103F500000000040FB21F93F0000F03F0000E03F7F
:103F60000000703EA81D0400009B002B40F38281DE
:103F7000069A04EB020ADAE9008902F108052544F1
:103F80000DF5987B1AED027B42464B4651EC170B20
:103F90008DED047B00F066FE06460F4602460B469A
:103FA000DDE9040100F05CFE42464B4600F05AFE9B
:103FB00065E902015D45B046B9466AE90267E1D1AB
:103FC000009B012B40F35681069BE518D5E900893B
:103FD00003F1080B04EB0B0A15ED027B42464B463E
:103FE00051EC170B8DED007B00F03CFE06460F46B2
:103FF00002460B46DDE9000100F032FE4B46424628
:1040000000F030FE6AE902014EAB5345B046B946B6
:1040100065E90267E0D10020002104EB0B0575E99A
:10402000022300F01FFEAA45F9D1039B002B00F0EC
:104030000B816268E368089F2568A4683D6002F10F
:10404000004203F1004301F100417A60FB60BC6073
:1040500038617961099B03F007000DF51B7DBDE810
:10406000F08F069D083525440020002175E90223C4
:1040700000F0F8FDA542F9D1039B002B00F0D3809E
:10408000089E024601F1004386E80C000B460246FA
:10409000D4E9000100F0E4FD009B002B0BDD4CADEA
:1040A0000124F5E8022300F0DDFD009B0134A3426A
:1040B000F7DA039B13B101F100431946089BC3E9EA
:1040C0000201099B03F007000DF51B7DBDE8F08F91
:1040D000069D083500200021254475E9022300F0E3
:1040E000C1FDAC42F9D1039B13B101F10043194664
:1040F000089BC3E90001099B03F007000DF51B7D38
:10410000BDE8F08F00260027EAE80267DA4509F1EA
:1041100008097FF4F2AC0EE5009B002B08F10108C2
:10412000C8BF02253FF799AD32463B4600206149A2
:1041300000F096FD022506460F46F7E5002600270B
:10414000EAE6069B002B27DD0024069B012B3FF4AB
:10415000BFAD022B09D1009B5A1E0EAB0EA953F81E
:104160002230C3F3150341F82230022D7FF4DEAD77
:1041700032463B4600204F4900F072FD06460F468E
:10418000002C3FF4D3ADC3E50099013399427FF48D
:104190006EAD069B002BD8DC022D7FF4C7AD3246F6
:1041A0003B460020434900F05BFD06460F46BDE557
:1041B0000123E8E5069B0395584247EC106BCDF8C8
:1041C000248000F029FC55EC104B00223A4B10EEF5
:1041D000100A294601F07EF9002841D00022374B11
:1041E0002046294600F0F0FE01F09EF9064600F058
:1041F00085FE0022304B00F0E7FE02460B462046CB
:10420000294600F02DFD01F08FF90099069B0A4622
:104210001833013206930B460EA9009241F8230091
:1042200041F8226022E6089B0246C3E900010B46E2
:10423000D4E9000100F014FD009B002B3FF72FAFE5
:10424000089BC3E902013CE7D4E90067D4E90223F3
:10425000089DC5E90401C5E90067C5E90223F9E63F
:104260002946204601F060F9009A0EA941F8220083
:10427000FCE54AAC00200021D7E6A49B032B3FF6C7
:10428000E9AE01A252F823F0A74203009F420300C7
:104290009F4203007342030001200023EDE400204D
:1042A00000214AACE8E6002000211CE70A9BDB0065
:1042B000009340E40000F03F000070410000703EB9
:1042C0002DE9F04F55EC104B2DED028BB0EE418AED
:1042D000F0EE618A25F00043B3F1795F83B0824646
:1042E00007DA10EE100A294601F01EF9002800F046
:1042F0008E8022462B462046294600F065FE064663
:104300000F4602460B462046294600F05DFE47A3B5
:10431000D3E90023804689463046394600F054FEF2
:1043200044A3D3E9002300F09BFC32463B4600F057
:104330004BFE42A3D3E9002300F094FC32463B46F7
:1043400000F042FE3FA3D3E9002300F089FC32468F
:104350003B4600F039FE3DA3D3E9002300F082FC88
:10436000CDE90001BAF1000F37D000222E4B51ECFD
:10437000180B00F029FEDDE9002382468B464046FB
:10438000494600F021FE02460B465046594600F0D1
:1043900067FC32463B4600F017FE53EC182B00F04A
:1043A0005FFC1FA3D3E9002306460F46404649465B
:1043B00000F00AFE02460B463046394600F052FC39
:1043C00002460B462046294600F04AFC41EC100B01
:1043D00003B0BDEC028BBDE8F08F02460B463046C1
:1043E000394600F0F1FD0EA3D3E9002300F038FCBC
:1043F00042464B4600F0E8FD22462B4600F032FCD8
:1044000041EC100B03B0BDEC028BBDE8F08F45EC26
:10441000104B03B0BDEC028BBDE8F08FAFF3008012
:10442000495555555555C53F0000E03F7CD5CF5AFD
:104430003AD9E53DEB9C2B8AE6E55A3E7DFEB15725
:10444000E31DC73ED561C119A0012A3FA6F810118E
:104450001111813F000000002DE9F84F55EC104B81
:10446000CD4B25F000469E42AA4610DDCB4B9E4226
:1044700000F3B38000F0AE80BAF1000F40F3F78094
:10448000A9A1D1E9000141EC100BBDE8F88FC44BA4
:104490009E4200F3C180A3F1DE739E4240F3A780E9
:1044A0004FF0FF3B22462B462046294600F08CFD6C
:1044B00002460B468046894600F086FD9CA3D3E960
:1044C000002306460F4600F07FFD9BA3D3E900239F
:1044D00000F0C8FB32463B4600F076FD98A3D3E9D6
:1044E000002300F0BFFB32463B4600F06DFD96A373
:1044F000D3E9002300F0B6FB32463B4600F064FDF2
:1045000093A3D3E9002300F0ADFB32463B4600F015
:104510005BFD91A3D3E9002300F0A4FB42464B4688
:1045200000F052FD8EA3D3E9002380468946304631
:10453000394600F049FD8CA3D3E9002300F090FB3D
:1045400032463B4600F040FD89A3D3E9002300F04A
:1045500087FB32463B4600F037FD87A3D3E90023B3
:1045600000F07EFB32463B4600F02EFD84A3D3E9EB
:10457000002300F075FB32463B4600F025FDBBF101
:10458000FF3F02460B4676D04046494600F06AFBA4
:1045900022462B4600F018FD824E834B4FEACB0B90
:1045A0005E449B44DBE9002300F05AFB22462B4685
:1045B00000F056FB02460B46D6E9000100F050FB26
:1045C000BAF1000F0FDA01F10043194641EC100B6C
:1045D000BDE8F88F002C3FF44FAF22462B46204613
:1045E000294600F03FFB41EC100BBDE8F88F66A3B5
:1045F000D3E9002310EE100A294600F033FB002215
:104600006A4B00F071FF00283FF44AAF204629466C
:1046100041EC100BBDE8F88F00F0D2F8644B9E42DD
:1046200055EC104B36DCA3F550239E425FDC10EEB8
:10463000102A10EE100A2B46294600F013FB002228
:104640005A4B00F00DFB002206460F464FF0804308
:104650002046294600F006FB02460B463046394606
:1046600000F0DCFD4FF0000B04460D461AE748A1B0
:10467000D1E90001B7E74046494600F0F3FA224687
:104680002B4600F0A1FC02460B462046294600F0CE
:10469000E7FAA8E7474B9E421DDC10EE100A002205
:1046A000454B294600F0DCFA002206460F46424BF5
:1046B0002046294600F088FC00223C4B00F0D2FA4C
:1046C00002460B463046394600F0A8FD4FF0020B7B
:1046D00004460D46E6E62B4610EE102A0020374928
:1046E00000F09CFD4FF0030B04460D46DAE610EE99
:1046F000100A00222D4B294600F0B2FA002206468D
:104700000F462A4B2046294600F0ACFA02460B46DB
:104710003046394600F082FD4FF0010B04460D464D
:10472000C0E600BFAFF30080182D4454FB21F93FD1
:1047300011DA22E33AAD903FEB0D76244B7BA93F93
:10474000513DD0A0660DB13F6E204CC5CD45B73F61
:10475000FF8300922449C23F0D5555555555D53F0D
:104760002F6C6A2C44B4A2BF9AFDDE522DDEAD3F01
:104770006D9A74AFF2B0B33F711623FEC671BC3FA1
:10478000C4EB98999999C93F9C7500883CE4377EA1
:10479000182D4454FB21F9BFFFFF0F440000F07FA8
:1047A000FFFFDB3FF01D0400101E04000000F03F7F
:1047B000FFFFF23FFF7F03400000F83F0000F0BF23
:1047C00053EC102B23F0004343EC102B704700BF39
:1047D00051EC100BC1F30A532DE9F041A3F2FF3560
:1047E000132D0C460F4610EE106A1DDC002D43DB26
:1047F0003D4B43FA05F801EA0803034319D038A3F7
:10480000D3E9002300F02EFA0022002300F06CFE12
:1048100020B1002C49DB27EA080400262346324653
:1048200043EC102BBDE8F081332D06DDB5F5806F2C
:1048300032D041EC100BBDE8F081A3F213434FF0EE
:10484000FF3828FA03F810EA080FF2D024A3D3E9BE
:10485000002300F007FA0022002300F045FE0028A4
:10486000DCD0002C27DB3C4626EA080623463246ED
:1048700043EC102BBDE8F08119A3D3E9002300F02D
:10488000F1F90022002300F02FFE0028C6D0002CF2
:104890001CDB00263446C1E710EE102A0B4600F060
:1048A000E1F941EC100BBDE8F0814FF4801343FABD
:1048B00005F52F44AFE7142D10D00123C5F13405C1
:1048C00003FA05F5AE1928BFFF18CCE724F0004223
:1048D000064B324318BF1C4600269FE70137C2E74C
:1048E0009C7500883CE4377EFFFF0F000000F0BF9E
:1048F00000207047F0B553EC102BC3F30A56A6F214
:10490000FF30132883B019464FEAD37410EE105AC3
:104910002FDC002849DB3E4E064103EA0607174319
:104920002CD0760833401D430CD04FF4802313283D
:1049300021EA060643FA00F141EA06010CBF4FF0F6
:1049400000450025334800EBC4042A46D4E900455D
:1049500010462B46224600F085F9CDE9000122469B
:104960002B46DDE9000100F07BF941EC100B03B0B0
:10497000F0BD332806DDB0F5806F40D043EC102B3E
:1049800003B0F0BDA6F213464FF0FF30F0400242F4
:10499000F4D040080242D5D04FF0804325EA000011
:1049A00043FA06F646EA0005CCE723F00040104340
:1049B000E4D0C3F31300104347420743154D5E0C88
:1049C0003F0B07F40023760405EBC40243EA06011B
:1049D000D2E9006710EE100A32463B4600F042F979
:1049E000CDE900013B463246DDE9000100F038F92F
:1049F00021F0004343EAC47141EC100BC0E710EE14
:104A0000100A194600F02EF941EC100BB8E700BF70
:104A1000FFFF0F00301E040053EC102B70B5C3F3E2
:104A20000A541946054614BB23F0004111432AD00D
:104A300019460022384B394E10EE100A00F0C4FA25
:104A4000B54202460B461FDBC1F30A54363C2C44E8
:104A500040F2FE7084421FDC002C2DDD21F0FF416E
:104A600021F4E00141EA045343EC102B70BD40F205
:104A7000FF708442EBD110EE100A194600F0F2F8F4
:104A800041EC100B70BD70BD1FA3D3E9002300F0F3
:104A90009BFA41EC100B70BD43EC112B9FED1C0BEE
:104AA00000F0C0F81AA3D3E9002351EC100B00F07A
:104AB0008BFA41EC100B70BD14F1350F13DA4CF288
:104AC00050318D4243EC112BE8DC9FED0F0B00F0D1
:104AD000A9F80DA3D3E9002351EC100B00F074FAF0
:104AE00041EC100B70BD21F0FF4121F4E0013634A0
:104AF00041EA0453104619460022094B00F064FABB
:104B000041EC100B70BD00BF59F3F8C21F6EA50138
:104B10009C7500883CE4377E00005043B03CFFFFAA
:104B20000000903C10EE103A23F0004300EE103AE3
:104B3000704700BF10EE103A23F00040B0F1FF4F75
:104B4000ACBF0020012070479FED010A704700BFF5
:104B50000000C07F08B510EE103A33F000422DED92
:104B6000028B11D0B2F1FF4F11D2B2F5000F13D367
:104B7000D20D0244FE2A2EDC002A1ADD23F0FF4368
:104B800043EAC25300EE103ABDEC028B08BDBDEC07
:104B9000028B30EE000A08BD1D4BDFED1E7A9842F5
:104BA00020EE270A22DB10EE103AC3F3C752193A5F
:104BB000DFE712F1160F1EDA4CF2503398420ADC8E
:104BC0009FED158AF0EE400AB0EE480A00F038F882
:104BD00020EE080AD8E79FED118AF0EE400AB0EE09
:104BE000480A00F02DF820EE080ACDE7DFED0A0AAA
:104BF00020EE200AC8E7193223F0FF4343EAC253EC
:104C0000DFED077A00EE103A20EE270ABCE700BF7E
:104C1000B03CFFFF0000004C6042A20DCAF2497197
:104C20000000003353EC102B11EE900A23F00041EA
:104C300000F0004041EA000343EC102B704700BF36
:104C400010EE103A10EE902A23F0004302F00042DA
:104C5000134300EE103A704781F0004102E000BFBC
:104C600083F0004330B54FEA41044FEA430594EA2C
:104C7000050F08BF90EA020F1FBF54EA000C55EA67
:104C8000020C7FEA645C7FEA655C00F0E2804FEA38
:104C90005454D4EB5555B8BF6D420CDD2C4480EA1A
:104CA000020281EA030382EA000083EA010180EA4A
:104CB000020281EA0303362D88BF30BD11F0004F98
:104CC0004FEA01314FF4801C4CEA113102D04042CE
:104CD00061EB410113F0004F4FEA03334CEA133309
:104CE00002D0524263EB430394EA050F00F0A78021
:104CF000A4F10104D5F1200E0DDB02FA0EFC22FA1C
:104D000005F2801841F1000103FA0EF2801843FA0F
:104D100005F359410EE0A5F120050EF1200E012A00
:104D200003FA0EFC28BF4CF0020C43FA05F3C0183E
:104D300051EBE37101F0004507D54FF0000EDCF1B7
:104D4000000C7EEB00006EEB0101B1F5801F1BD360
:104D5000B1F5001F0CD349085FEA30004FEA3C0C64
:104D600004F101044FEA445212F5800F80F09A805A
:104D7000BCF1004F08BF5FEA500C50F1000041EB5E
:104D8000045141EA050130BD5FEA4C0C404141EB62
:104D9000010111F4801FA4F10104E9D191F0000F89
:104DA00004BF01460020B1FA81F308BF2033A3F10C
:104DB0000B03B3F120020CDA0C3208DD02F1140C03
:104DC000C2F10C0201FA0CF021FA02F10CE002F13E
:104DD0001402D8BFC2F1200C01FA02F120FA0CFC37
:104DE000DCBF41EA0C019040E41AA2BF01EB045180
:104DF000294330BD6FEA04041F3C1CDA0C340EDC7E
:104E000004F11404C4F1200220FA04F001FA02F3C0
:104E100040EA030021FA04F345EA030130BDC4F17E
:104E20000C04C4F1200220FA02F001FA04F340EA73
:104E30000300294630BD21FA04F0294630BD94F024
:104E4000000F83F4801306BF81F480110134013D0B
:104E50004EE77FEA645C18BF7FEA655C29D094EA7C
:104E6000050F08BF90EA020F05D054EA000C04BFFA
:104E70001946104630BD91EA030F1EBF00210020E5
:104E800030BD5FEA545C05D14000494128BF41F084
:104E9000004130BD14F580043CBF01F5801130BDE8
:104EA00001F0004545F0FE4141F470014FF0000073
:104EB00030BD7FEA645C1ABF194610467FEA655C24
:104EC0001CBF0B46024650EA013406BF52EA0335C6
:104ED00091EA030F41F4002130BD00BF90F0000FB4
:104EE00004BF0021704730B54FF4806404F13204F0
:104EF0004FF000054FF0000150E700BF90F0000FA9
:104F000004BF0021704730B54FF4806404F13204CF
:104F100010F0004548BF40424FF000013EE700BF9F
:104F200042004FEAE2014FEA31014FEA02701FBF2F
:104F300012F07F4393F07F4F81F06051704792F001
:104F4000000F14BF93F07F4F704730B54FF460747B
:104F500001F0004521F0004120E700BF50EA0102C6
:104F600008BF704730B54FF000050AE050EA010273
:104F700008BF704730B511F0004502D5404261EBE3
:104F800041014FF4806404F132045FEA915C3FF424
:104F9000DCAE4FF003025FEADC0C18BF03325FEABD
:104FA000DC0C18BF033202EBDC02C2F1200300FA72
:104FB00003FC20FA02F001FA03FE40EA0E0021FA97
:104FC00002F11444C1E600BF70B54FF0FF0C4CF481
:104FD000E06C1CEA11541DBF1CEA135594EA0C0F37
:104FE00095EA0C0F00F0DEF82C4481EA030621EA72
:104FF0004C5123EA4C5350EA013518BF52EA0335AD
:1050000041F4801143F4801338D0A0FB02CE4FF05E
:105010000005E1FB02E506F00042E0FB03E54FF08E
:105020000006E1FB03569CF0000F18BF4EF0010E86
:10503000A4F1FF04B6F5007F64F5407404D25FEA82
:105040004E0E6D4146EB060642EAC62141EA555135
:105050004FEAC52040EA5E504FEACE2EB4F1FD0C77
:1050600088BFBCF5E06F1ED8BEF1004F08BF5FEAF5
:10507000500E50F1000041EB045170BD06F00046A7
:1050800046EA010140EA020081EA0301B4EB5C0454
:10509000C2BFD4EB0C0541EA045170BD41F480114C
:1050A0004FF0000E013C00F3AB8014F1360FDEBF71
:1050B000002001F0004170BDC4F10004203C35DA4D
:1050C0000C341BDC04F11404C4F1200500FA05F3D0
:1050D00020FA04F001FA05F240EA020001F0004271
:1050E00021F0004110EBD37021FA04F642EB0601E7
:1050F0005EEA430E08BF20EAD37070BDC4F10C0411
:10510000C4F1200500FA04F320FA05F001FA04F2D4
:1051100040EA020001F0004110EBD37041F10001C0
:105120005EEA430E08BF20EAD37070BDC4F12005CB
:1051300000FA05F24EEA020E20FA04F301FA05F233
:1051400043EA020321FA04F001F0004121FA04F2DB
:1051500020EA020000EBD3705EEA430E08BF20EAAB
:10516000D37070BD94F0000F0FD101F000464000E5
:1051700041EB010111F4801F08BF013CF7D041EA67
:10518000060195F0000F18BF704703F0004652006B
:1051900043EB030313F4801F08BF013DF7D043EA3C
:1051A0000603704794EA0C0F0CEA135518BF95EAF2
:1051B0000C0F0CD050EA410618BF52EA4306D1D179
:1051C00081EA030101F000414FF0000070BD50EA98
:1051D000410606BF1046194652EA430619D094EA22
:1051E0000C0F02D150EA013613D195EA0C0F05D10C
:1051F00052EA03361CBF104619460AD181EA030160
:1052000001F0004141F0FE4141F470014FF0000017
:1052100070BD41F0FE4141F4780170BD70B54FF0B2
:10522000FF0C4CF4E06C1CEA11541DBF1CEA135532
:1052300094EA0C0F95EA0C0F00F0A7F8A4EB050414
:1052400081EA030E52EA03354FEA013100F088800B
:105250004FEA03334FF0805545EA131343EA1263D4
:105260004FEA022245EA111545EA10654FEA002689
:105270000EF000419D4208BF964244F1FD0404F542
:10528000407402D25B084FEA3202B61A65EB03059E
:105290005B084FEA32024FF480104FF4002CB6EB5B
:1052A000020E75EB030E22BFB61A754640EA0C00DB
:1052B0005B084FEA3202B6EB020E75EB030E22BF1B
:1052C000B61A754640EA5C005B084FEA3202B6EB5C
:1052D000020E75EB030E22BFB61A754640EA9C001B
:1052E0005B084FEA3202B6EB020E75EB030E22BFEB
:1052F000B61A754640EADC0055EA060E18D04FEAA9
:10530000051545EA16754FEA06164FEAC30343EA48
:1053100052734FEAC2025FEA1C1CC0D111F4801F15
:105320000BD141EA00014FF000004FF0004CB6E70E
:1053300011F4801F04BF01430020B4F1FD0C88BFAD
:10534000BCF5E06F3FF6AFAEB5EB030C04BFB6EBB8
:10535000020C5FEA500C50F1000041EB045170BDAB
:105360000EF0004E4EEA113114EB5C04C2BFD4EBD8
:105370000C0541EA045170BD41F480114FF0000E5C
:10538000013C90E645EA060E8DE60CEA135594EAD8
:105390000C0F08BF95EA0C0F3FF43BAF94EA0C0FDB
:1053A0000AD150EA01347FF434AF95EA0C0F7FF450
:1053B00025AF104619462CE795EA0C0F06D152EAA4
:1053C00003353FF4FDAE1046194622E750EA410688
:1053D00018BF52EA43067FF4C5AE50EA41047FF499
:1053E0000DAF52EA43057FF4EBAE12E74FF0FF3CFE
:1053F00006E000BF4FF0010C02E000BF4FF0010CCF
:105400004DF804CD4FEA410C7FEA6C5C4FEA430C47
:1054100018BF7FEA6C5C1BD001B050EA410C0CBF96
:1054200052EA430C91EA030F02BF90EA020F0020F8
:10543000704710F1000F91EA030F58BF994208BF5F
:1054400090422CBFD8176FEAE37040F0010070471C
:105450004FEA410C7FEA6C5C02D150EA013C07D173
:105460004FEA430C7FEA6C5CD6D152EA033CD3D0BE
:105470005DF8040B704700BF8446104662468C46B8
:105480001946634600E000BF01B5FFF7B7FF0028EB
:1054900048BF10F1000F01BD4DF808EDFFF7F4FF14
:1054A0000CBF012000205DF808FB00BF4DF808ED9F
:1054B000FFF7EAFF34BF012000205DF808FB00BFC2
:1054C0004DF808EDFFF7E0FF94BF012000205DF8E4
:1054D00008FB00BF4DF808EDFFF7CEFF94BF012099
:1054E00000205DF808FB00BF4DF808EDFFF7C4FF92
:1054F00034BF012000205DF808FB00BF4FEA410CDB
:105500007FEA6C5C02D150EA013C0AD14FEA430CBD
:105510007FEA6C5C02D152EA033C02D14FF00000FA
:1055200070474FF0010070474FEA410212F5001238
:1055300015D211D56FF47873B3EB625212D94FEADA
:10554000C12343F0004343EA505311F0004F23FAC4
:1055500002F018BF404270474FF00000704750EA19
:10556000013005D111F0004008BF6FF000407047D6
:105570004FF00000704700BF4A0011D212F5001230
:1055800011D20DD56FF47873B3EB62520ED44FEA9B
:10559000C12343F0004343EA505323FA02F070471B
:1055A0004FF00000704750EA013002D14FF0FF3059
:1055B00070474FF0000070474FEA4102B2F1E043FC
:1055C00024BFB3F5001CDCF1FE5C0DD901F0004CEA
:1055D0004FEAC0024CEA5070B2F1004F40EB83003A
:1055E00008BF20F00100704711F0804F21D113F166
:1055F0003872BCBF01F00040704741F480114FEA9F
:105600005252C2F11802C2F1200C10FA0CF320FA27
:1056100002F018BF40F001004FEAC1234FEAD32344
:1056200003FA0CFC40EA0C0023FA02F34FEA4303AE
:10563000CCE77FEA625307D150EA01331EBF4FF037
:10564000FE4040F44000704701F0004040F0FE4052
:1056500040F40000704700BF80F0004002E000BF4F
:1056600081F0004142001FBF5FEA410392EA030F4D
:105670007FEA226C7FEA236C6AD04FEA1262D2EB97
:105680001363C1BFD218414048404140B8BF5B429C
:10569000192B88BF704710F0004F40F4000020F035
:1056A0007F4018BF404211F0004F41F4000121F04B
:1056B0007F4118BF494292EA030F3FD0A2F1010295
:1056C00041FA03FC10EB0C00C3F1200301FA03F1D3
:1056D00000F0004302D5494260EB4000B0F5000FF6
:1056E00013D3B0F1807F06D340084FEA310102F1B5
:1056F0000102FE2A51D2B1F1004F40EBC25008BF67
:1057000020F0010040EA03007047490040EB000030
:1057100010F4000FA2F10102EDD1B0FA80FCACF15F
:10572000080CB2EB0C0200FA0CF0AABF00EBC2505E
:1057300052421843BCBFD0401843704792F0000F4C
:1057400081F4000106BF80F400000132013BB5E79F
:105750004FEA41037FEA226C18BF7FEA236C21D015
:1057600092EA030F04D092F0000F08BF084670477A
:1057700090EA010F1CBF0020704712F07F4F04D148
:10578000400028BF40F00040704712F100723CBF5B
:1057900000F50000704700F0004343F0FE4040F485
:1057A000000070477FEA226216BF08467FEA236343
:1057B0000146420206BF5FEA412390EA010F40F42E
:1057C000800070474FF0000304E000BF10F000437A
:1057D00048BF40425FEA000C08BF704743F0964361
:1057E00001464FF000001CE050EA010208BF70477C
:1057F0004FF000030AE000BF50EA010208BF704703
:1058000011F0004302D5404261EB41015FEA010C17
:1058100002BF84460146002043F0B64308BFA3F10F
:105820008053A3F50003BCFA8CF2083AA3EBC253F1
:1058300010DB01FA02FC634400FA02FCC2F1200210
:10584000BCF1004F20FA02F243EB020008BF20F047
:105850000100704702F1200201FA02FCC2F12002AD
:1058600050EA4C0021FA02F243EB020008BF20EAA2
:10587000DC7070477BB972B90029BEBF00204FF0C1
:10588000004106E008BF00281CBF6FF000414FF048
:10589000FF3001F0B5B9ADF1080C6DE904CE002977
:1058A00009DB002B1ADB00F0C1F8DDF804E0DDE9CC
:1058B000022304B07047404261EB4101002B1BDB27
:1058C00000F0B4F8DDF804E0DDE9022304B0404262
:1058D00061EB4101524263EB43037047524263EB79
:1058E000430300F0A3F8DDF804E0DDE9022304B08F
:1058F000404261EB41017047524263EB430300F0C9
:1059000095F8DDF804E0DDE9022304B0524263EBD0
:105910004303704753B94AB9002908BF00281CBF88
:105920004FF0FF314FF0FF3001F06AB9ADF1080CD4
:105930006DE904CE00F07AF8DDF804E0DDE9022339
:1059400004B0704707EE900AF5EEC07AF1EE10FA57
:1059500001D400F021B808B580F0004000F01CF838
:10596000404261EB410108BD38B5002200230446E6
:105970000D46FFF79BFD28B920462946BDE8384073
:1059800000F030B8204605F1004100F02BF840420D
:1059900061EB410138BD00BFD0B5FFF7C1FA00226D
:1059A0000E4B06460F46FFF70FFBFFF7E5FD0446DB
:1059B000FFF794FA00220A4BFFF706FB02460B465C
:1059C00030463946FFF74CF9FFF7D6FD2346002253
:1059D00042EA000210461946D0BD00BF0000F03D6B
:1059E0000000F041D0B500220E4B06460F46FFF7EF
:1059F000EBFAFFF7C1FD0446FFF770FA00220A4BED
:105A0000FFF7E2FA02460B4630463946FFF728F91F
:105A1000FFF7B2FD2346002242EA00021046194673
:105A2000D0BD00BF0000F03D0000F0412DE9F0477F
:105A30008C460D460446089E002B51D18A421746DB
:105A40006DD9B2FA82FEBEF1000F0BD0CEF1200C60
:105A500001FA0EF520FA0CFC02FA0EF74CEA050CDE
:105A600000FA0EF44FEA174A250CBCFBFAF81FFAAD
:105A700087F90AFB18CC45EA0C4508FB09F3AB4251
:105A80000AD9ED1908F1FF3280F02381AB4240F2D0
:105A90002081A8F102083D44ED1AA4B2B5FBFAF04A
:105AA0000AFB105544EA054400FB09F9A14509D950
:105AB000E41900F1FF3380F00A81A14540F207812B
:105AC00002383C44A4EB090440EA08400021002EBF
:105AD00061D024FA0EF4002334607360BDE8F087CF
:105AE0008B4207D9002E54D0002186E821000846B9
:105AF000BDE8F087B3FA83F1002940F08E80AB4215
:105B000002D3824200F2FA80841A65EB0305012079
:105B1000AC46002E3FD086E81010BDE8F08712B9E1
:105B20000127B7FBF2F7B7FA87FEBEF1000F34D1B9
:105B3000EB1B3A0C1FFA87FC0121B3FBF2F8250C92
:105B400002FB183345EA03450CFB08F3AB4207D9C7
:105B5000ED1908F1FF3002D2AB4200F2D18080464D
:105B6000ED1AA3B2B5FBF2F002FB105543EA05446F
:105B70000CFB00FCA44507D9E41900F1FF3302D265
:105B8000A44500F2B8801846A4EB0C0440EA084093
:105B90009DE731463046BDE8F087CEF1200405FA96
:105BA0000EF307FA0EF720FA04F83A0C25FA04F47B
:105BB00048EA0308B4FBF2F14FEA184502FB11442E
:105BC0001FFA87FC45EA044501FB0CF3AB4200FADF
:105BD0000EF409D9ED1901F1FF3080F08A80AB4253
:105BE00040F2878002393D44EB1A1FFA88F5B3FB77
:105BF000F2F002FB103345EA034500FB0CF3AB4225
:105C000007D9ED1900F1FF386FD2AB426DD90238D8
:105C10003D44EB1A40EA01418FE7C1F1200722FA27
:105C200007F88B4005FA01F448EA030320FA07FE5F
:105C30004FEA134CFD404EEA040EB5FBFCF94FEA67
:105C40001E440CFB19551FFA83F844EA054509FB6D
:105C500008F4AC4202FA01F200FA01FA08D9ED1890
:105C600009F1FF3043D2AC4241D9A9F102091D44E8
:105C70002D1B1FFA8EFEB5FBFCF00CFB10554EEAF7
:105C8000054400FB08F8A04507D9E41800F1FF35EA
:105C900029D2A04527D902381C4440EA0940A4EB88
:105CA0000804A0FB02894C45C6464D4615D312D0C8
:105CB00056B1BAEB0E0364EB050404FA07F7CB40C8
:105CC0001F43CC40376074600021BDE8F087184660
:105CD000F8E69046E0E6C245EAD2B8EB020E69EB80
:105CE00003050138E4E72846D7E7404691E78146B7
:105CF000BEE7014678E702383C4445E7084608E736
:105D0000A8F102083D442BE703685A004CBF43F05A
:105D1000004323F000431844704700BF61B32DE9EE
:105D2000F84F01F1FF3A90460646D146002707EBAF
:105D3000090404EBD4746410E50071190846FFF7F8
:105D4000E3FFA245834605F10800304409D0FFF780
:105D5000DBFFC34500F1FF3005D8404509D2671C81
:105D6000E5E7C34505D9A74202D004F1FF39DEE7D4
:105D700000210846BDE8F88F08467047012807D083
:105D8000022807D0044B00280CBF1846002070479B
:105D9000024870470248704781640300856403002D
:105DA0008964030030B5244B83B004468D1E7BB359
:105DB00001A92846AFF3008020B301992A46FFF7D6
:105DC000ADFF0146F0B1FFF79FFF4B68A064012BC8
:105DD00012D0002B01F1040020DBFFF795FF002318
:105DE000E06423650368002B1CDBFFF78DFF0023B5
:105DF0002061184603B030BD0023236105231846F7
:105E000003B030BD002323610923184603B030BD21
:105E10000A490B48091AC9100191CFE70123E06430
:105E20002365DFE7C3F30360FFF7A8FF00282061C5
:105E300014BF00230923DCE700000000AC240400A9
:105E4000242304000368DA0710B5044606D49B0730
:105E500000F1480009D500F051FC2368590709D525
:105E60001A070ED5DB0613D510BD00F03FFC2368E2
:105E70005907F5D404F1D00000F048FC23681A0754
:105E8000F0D404F5A87000F049FC2368DB06EBD4DD
:105E900004F5E870BDE8104000F084BC036803B16D
:105EA00003441846704700BF09207047704700BF81
:105EB00070B504460D4608E02B6C63612A462369E1
:105EC000214601209847082808D1296C2046FFF771
:105ED00069FF06460028EFD000F094FE0728FBD1AA
:105EE0003046296CFFF7E2FF281D00F0F3FB00BFEE
:105EF0002DE9F0470C1D054692460FCCADF5727D9D
:105F000003AE0FC60FCC0FC60FCC0FC694E80F0020
:105F100002ACD5F80C80D5F8189086E80F00002365
:105F20002846216C2360FFF73DFFBAF1000F0746BA
:105F300014BF0A2609267FB1A36B46F010018DE835
:105F400010022A46636401202B46C04778BB3846BE
:105F50000DF5727DBDE8F087236C6B614FF4F07234
:105F600021467AA801F074FC2B697AAA29463046AA
:105F70009847889B82468DE81002314663642A4622
:105F80002B460120C04790B94FF4F0727AA9204601
:105F900001F05EFCBAF1080F06D1216C2846FFF72C
:105FA00001FF09260746C6E7BAF1070F05D0092702
:105FB00038460DF5727DBDE8F0873846216CFFF755
:105FC00075FF03A800F086FB406C7047F0B5CB6B03
:105FD0000B640E1D0F4604460FCEF9B001AD0FC580
:105FE0000FCE0FC50FCE0FC596E80F004FF0FF364E
:105FF00085E80F00009606E023696A462146984727
:106000000828054608D110992046FFF7CBFE002846
:10601000F2D0092079B0F0BD6846FFF713FF062DD6
:10602000F7D139462046FFF743FF00BF30B4DD6BA0
:10603000C160826119461D64002230BC58E700BF70
:1060400070B5C66843690B6426B10122FFF750FFA3
:1060500000F0D8FD03690A4604460D4601460220B9
:106060009847072807D0082803D129462046FFF77C
:106070001FFF00F0C7FD3046296CFFF717FF281DF2
:1060800000F028FBC2681AB1CA6B0A6400222FE72D
:106090009CE700BF704700BF836813B10146012031
:1060A0001847704700B5042907D8DFE801F0030955
:1060B000060909000BB90F2A05D902205DF804FB77
:1060C00001205DF804FB00EB820218465368019A38
:1060D00013605DF804FB00BF10B584B0002303AC6F
:1060E0000A4600941946FFF7DDFF039804B010BD7F
:1060F00000B5042907D8DFE801F003090609090003
:106100000BB90F2A05D902205DF804FB01205DF8C8
:1061100004FB019900EB82020968516018465DF8A2
:1061200004FB00BF10B584B004AC002344F8042D78
:106130000A4600941946FFF7DBFF04B010BD00BF0C
:10614000F0B5D36B1364151D07460E460FCDADF5A4
:106150000F7D17AC0FC40FCD0FC40FCD0FC495E842
:106160000F004FF0FF3584E80F00169510E016A8D9
:10617000FFF7D8FF314616A8B84716AA694678B97E
:10618000049B08209847052804460AD0092807D010
:1061900026996846FFF706FE6A460C210028E6D0DD
:1061A000092416A8FFF74EFE20460DF50F7DF0BD21
:1061B0002DE9F04F0D46C96C8BB00C1D0968079195
:1061C0009146089400F0030B1E46002B60D1090293
:1061D000032307918DF825608DF824302B6DBBF1DA
:1061E000020F08BFAC6B13F0010340D1019300F024
:1061F00008030393D4F80080B8F1000F39D0022EC1
:1062000043D0B4F8008067880434AB6C27F0010AEF
:106210000F2148469A44FFF75FFF824533D828F0A4
:1062200001039A4450452CBF002001207F0007F055
:10623000020708F0010847EA0807012F3ED035D3CE
:10624000022F1CD1236823F000420292BBF1000F01
:1062500076D128B1039900297ED0002A00F0A680CB
:10626000002B77DB029B013304EB8304C2E700239E
:106270000193022E3EDDFFF717FE002840D00920D3
:106280000BB0BDE8F08F0020D0E767680834BCE7AA
:10629000022BA3DC0B0CDAB209048DF825300223A3
:1062A00004EB820407918DF8243097E7BBF1000FCF
:1062B00002D0002840F0BD8004349BE7BBF1000F02
:1062C00025D1A8B194E80C00991C4FEAD272D6D01F
:1062D00005F158010133069100F0A380201DFFF75E
:1062E000DDFD06AB01462846F4F72EFE002877D1E7
:1062F00008347FE707A9484600F0EEFA0028BED12F
:10630000019B002B5CD108200BB0BDE8F08F0D2164
:1063100048462F6AFFF7E0FE8742E9D1AB6A9C420C
:10632000E6D12046FFF7F0FC0F2102464846FFF772
:10633000F9FE48462A460021FFF7F4FE07209FE7B2
:106340000D2148462F6AFFF7C7FE874258D02368C1
:10635000002B87DA043485E7029B3BB305F1580331
:10636000271DCDF810B0DDF80C80DDF808A00596EB
:10637000A3461C4602E0B245B04616D03846069405
:10638000FFF78CFD06AB014600222846F4F7DCFD42
:1063900008F1010604370028EDD0029B059E434515
:1063A0005C46DDF810B0D2D100E05C4648460D21D5
:1063B000FFF792FE069B2862AC626B6206205FE7E5
:1063C0000F214846FFF788FE0E2102464846FFF798
:1063D000A9FE4846294A0F21FFF7A4FE07204FE7F0
:1063E00007460D214846FFF777FE022F28621DD190
:1063F0002B46069A43F82C2F6B62AC6206203FE7CF
:10640000AB6A9C42A3D104220027A3180299A96277
:10641000EF622A636B632368BB421DDB0123019398
:1064200020E748460D21FFF757FE2862069B6B6266
:10643000E3E72046FFF768FC04340646AC632846D1
:10644000F4F7DEFD00283FF41AAF484632460F212C
:10645000FFF768FE072013E70846013004EB8000D1
:10646000FFF752FC0F2102464846FFF75BFE484605
:106470002A463946FFF756FE072001E731B10200F0
:10648000002395E6012393E6022391E6F0B5044646
:10649000C5B004290DD8DFE801F053030C310F001B
:1064A000012B4FEA124695B262D17219102A40F2BE
:1064B0009B80022045B0F0BD002BFAD1102AF8D8FD
:1064C0002368D80600F1C68022AE3046019200F063
:1064D00073F9A06B019A0023012505FA03F111421B
:1064E00003D0016846F8231004300133042BF4D1A3
:1064F000A063304600F056F90020DBE7032BD8D12B
:10650000150C97B2EB19102BD3D823681E0700F196
:10651000B58022AE304600F023F9ED00A36B4FB1F9
:10652000043D711903EBC70053F8042B41F8042F05
:106530008342F9D13046A36300F0F0F80020B9E7B8
:10654000002BB6D1A56B97B2201D012606FA03F1E8
:10655000394203F1010302D0296801600435102B90
:1065600000F10400F2D112F400503BD1A563A1E781
:10657000052B9ED17719202F9BD80F2E66D92F4639
:10658000002D3AD12A460027002AA06B72DD00EBCD
:10659000C202014644A800EBC6008C3851F8045BE7
:1065A00040F8045F9142F9D1084697B1102E324667
:1065B00044A938BF102201EBC202A2F5C4727900CF
:1065C000043A00EB810150F8045B42F8045F884212
:1065D000F9D1012B48D00F2EA16333D917B102A8EE
:1065E00000F094F8002065E70F2E3FF662AF002719
:1065F0002268D10717D4002F60D02268510745D4F4
:10660000012B4DD00F2E06D822A8019300F07AF866
:10661000019B002FB6D002A8019300F07BF8019BEC
:10662000C6F11002B0E722F00101052B21600193B1
:1066300020463BD022F0030240F8482B00F05AF8E5
:10664000019BD8E722A800F059F8C7E7102FCED950
:10665000103FCDE723F01003236004F5E8700192AA
:1066600000F0AAF8019A2FE70431A16322A800F0F4
:106670003DF8B7E7002F99D10146AAE723F00803B8
:10668000236004F5A87000F06BF842E7204622F082
:10669000040240F8D02B019300F03CF8019BAFE7D7
:1066A00022A8019300F026F8019BB9E741F002010E
:1066B00040F8481B00F026F8019B9CE7012B03D013
:1066C0000F2E3FF65FAF9FE722A8019300F012F86C
:1066D000019B57E700F1340191E838009C46A6463B
:1066E0004CF8045D90E8FF0FE54600BD90EC210BEF
:1066F000704700BF80EC210B704700BF90EC200B6F
:10670000704700BF80EC200B704700BFD0EC200B1F
:10671000704700BFC0EC200B704700BFF0EC0201D7
:10672000F0EC0211F0EC0221F0EC0231F0EC02414D
:10673000F0EC0251F0EC0261F0EC0271F0EC02813D
:10674000F0EC0291F0EC02A1F0EC02B1F0EC02C12D
:10675000F0EC02D1F0EC02E1F0EC02F1704700BF86
:10676000E0EC0201E0EC0211E0EC0221E0EC02318D
:10677000E0EC0241E0EC0251E0EC0261E0EC02717D
:10678000E0EC0281E0EC0291E0EC02A1E0EC02B16D
:10679000E0EC02C1E0EC02D1E0EC02E1E0EC02F15D
:1067A000704700BFB0FC0181B0FC0191B0FC01A1B9
:1067B000B0FC01B1704700BFA0FC0181A0FC0191B9
:1067C000A0FC01A1A0FC01B1704700BFEC4600B5E0
:1067D0002DE900502DE9FF1F4FF000032DE90C00BB
:1067E00001A9FFF7F3FBDDF840E012B0704700BFEE
:1067F000EC4600B52DE900502DE9FF1F4FF00003D6
:106800002DE90C0001A9FFF71BFCDDF840E012B0F8
:10681000704700BFEC4600B52DE900502DE9FF1F81
:106820004FF000032DE90C0001A9FFF72BFCDDF868
:1068300040E012B0704700BFEC4600B52DE90050B3
:106840002DE9FF1F4FF000032DE90C0001ABFFF70E
:10685000EDFBDDF840E012B0704700BFEC4600B53C
:106860002DE900502DE9FF1F4FF000032DE90C002A
:1068700001AAFFF765FCDDF840E012B0704700BFE9
:10688000027A1AB9437A43B9B02070470368013AD3
:1068900002721A020260180E70474268013B10B47F
:1068A000437213680321141D01721A0244600260CE
:1068B0005DF8044B180E704700B585B003AA00239D
:1068C000009219460C22FFF7EDFB039805B05DF826
:1068D00004FB00BFF0E700BF2DE9F043064685B09A
:1068E0000F464FF000083846FFF7CAFFB0280446AD
:1068F00023D0050627D400230DF10C091946850085
:106900000D22CDF800903046FFF7CCFBEDB2039B93
:10691000CDF80090600605F104054CBF5D1BED1835
:10692000002319460D2230460395FFF7E1FB384658
:10693000FFF7A6FFB0280446DBD1B8F1000F00F046
:10694000958000201CE000F0F003802B5DD0902BA0
:1069500019D0A02B2CD0B02B3FD0C02B6CD000F086
:10696000F803D02B0BD100F00702013242F40022D1
:10697000052301213046FFF789FD0028B3D0092007
:1069800005B0BDE8F08300F00D030D2BF7D003AD8B
:10699000002300F00F02194600953046FFF782FBF6
:1069A0000023009519460D223046FFF7A1FB9AE718
:1069B000C24302F007034FF47F621A41010702F459
:1069C0007F624FF0000348BF42F4804219463046D0
:1069D000FFF75CFD0028D2D185E7B12857D0B22857
:1069E00068D0B32800F0958000F0FC03B42BC6D02B
:1069F00000F007020132012342F40022194630461A
:106A0000FFF744FD0028BAD16DE73846FFF738FF9D
:106A100024020443B4F5004FB1D024010023A2B2F4
:106A200019463046FFF732FD0028A8D114F4004F74
:106A300018BF4FF0010856E7C6287DD0C72800F0E0
:106A4000868000F0F803C02B00F09480C82800F086
:106A50009F80C92893D13846FFF712FF020300F048
:106A60000F0002F470220130024381E703AC434679
:106A70000E22414600943046FFF714FB0094304646
:106A800043460F224146FFF733FB404678E738463E
:106A9000FFF7F6FE00283FF472AF10F0F0037FF42A
:106AA0006EAF024619463046FFF7F0FC00287FF42F
:106AB00066AF18E700230DF10C090D221946CDF839
:106AC00000903046FFF7EEFA3846FFF7D9FE02068F
:106AD0004FF002040CD5039B00F07F00A04003445C
:106AE00038460393FFF7CCFE030604F10704F2D403
:106AF000039BCDF8009000F07F02A24003F50174E3
:106B00000023144419460D2230460394FFF7F0FA8F
:106B1000E9E63846FFF7B4FE010300F00F0001F488
:106B20007021421C01230A4330461946FFF7AEFC90
:106B300000287FF424AFD6E63846FFF7A1FE010314
:106B400000F00F0001F47021421C0323EBE73846EC
:106B5000FFF796FE00283FF412AF10F0F0037FF429
:106B60000EAF024604213046FFF790FC00287FF468
:106B700006AFB8E600F00F020132032342F42022F0
:106B800019463046FFF782FC00287FF4F8AEAAE6EB
:106B90003846FFF775FE00F0F00200F00F031032E8
:106BA000013343EA0232E3E610B5C36C84B05A689D
:106BB00003208DF80C00DC798DF80D4012020833AB
:106BC000084601A901920293FFF786FE04B010BDAA
:106BD00008B5FFF77FFE806C08BD00BF08B5FFF762
:106BE00079FEC06CC37900EB8300083008BD00BF9C
:106BF00008B500F007F800BF08B5FFF7F9FF00BFC0
:106C0000704700BF08B5062001F0C2F9012006F068
:106C10003BFE00BF024B0A460146186800F002B86E
:106C20002401002010B502FB01F100F0C7FA044670
:106C3000D8B150F8042C22F00302043A242A18D8C0
:106C4000132A14D900231B2A0360436016D9242A6F
:106C50008360C36011BF00F110020361436100F162
:106C600018020023136053609360204610BD024653
:106C7000F7E7002100F0EAFE204610BD00F108020F
:106C8000EFE700BF014B1868704700BF24010020E8
:106C9000144B70B51D6806460C460DB1AB6BC3B105
:106CA000636ED80702D4A389990516D528462246D3
:106CB000314600F025FF636EDA07054602D4A3894A
:106CC0009B0501D5284670BDA06D00F065FA2846E9
:106CD00070BD284605F026F8E2E7A06D00F05AFAEC
:106CE000E4E700BF2401002030B587B00546084620
:106CF0001446019101F064FB01AA01230590029062
:106D0000039204930DB1AB6B33B3636E13F0010FB9
:106D1000B4F90C309AB201D1900521D5910406D472
:106D2000626E43F4005322F40052A3816266284647
:106D300003AA214600F024F8636EDA07054602D460
:106D4000A3899B0502D5284607B030BDA06D00F091
:106D500023FA284607B030BD284604F0E3FFD4E705
:106D6000A06D00F017FAB4F90C309AB2D6E700BF64
:106D7000024B0A4601461868FFF7B6BF24010020FF
:106D80009368002B73D02DE9F04F8B8983B00C46AC
:106D900019070090164626D5226922B313F0020087
:106DA00035682CD04FF00009B04FC846B246B84500
:106DB00043464A4628BF3B460098B8F1000F50D0E2
:106DC000E169666AB047002858DDDAF808301B1A16
:106DD0008144A8EB0008CAF80830002BE7D1002056
:106DE00003B0BDE8F08F2146009803F073FE002841
:106DF00040F03381A389356813F00200D2D113F03B
:106E0000010945D14F46019637B39A05D4F8088059
:106E100040F183804745C346C0F0AB8013F4906FC8
:106E200040F0AC802068BA465A46494600F0AAFDB8
:106E3000A2682368A2EB08025B44A2602360019A67
:106E40009368A3EB0A03D144A7EB0A079360002BD6
:106E5000C5D0A389002FD8D1D5F800906F68083528
:106E6000D2E7D5F80090D5F8048008359FE70020D8
:106E700070472146009804F0FDFE70B3B4F90C3061
:106E800043F040034FF0FF30A38103B0BDE8F08F23
:106E9000814633464E46A8469A464D464EB380B389
:106EA000206823696269B145CB4628BFB346984242
:106EB0005F4604D9A36813449B4500F3A68093451D
:106EC0004BDB1346676AE16900982A46B847071EFC
:106ED000D4DDB9EB0709CCD00120DAF80830DB1B90
:106EE0003D44F61BCAF80830002B3FF478AF002E63
:106EF000D5D108F1080313E9600098460833002E45
:106F0000F9D032460A21284600F022FC002800F081
:106F1000A1800130A0EB0509C2E7206823699842EF
:106F200002D863699F425DD2B84528BFB846424641
:106F3000494600F027FDA3682268A3EB08034244FA
:106F4000A36022600BB1C24679E72146009804F0A5
:106F500091FE002892D1C24671E75A46294600F0B8
:106F600011FDA2682368A2EB0B025B44A2602360C0
:106F7000AFE72068B846BA46BB4655E76269206865
:106F8000216902EB4208A0EB010A08EBD8780AF16C
:106F900001004FEA680838444045424684BF8046B5
:106FA00042465B0544D51146009800F007F9834638
:106FB000002855D05246216900F04AFCA38923F4E9
:106FC000906343F08003A3810BEB0A00A8EB0A0354
:106FD000C4F810B0C4F814802060A360B846BA4664
:106FE000BB4621E76FF00041B94228BF39464A4607
:106FF00091FBF3F10098666A03FB01F3E169B04786
:10700000B0F1000A3FF71BAF38E71A462946019353
:1070100000F0B8FC2268019B00981A4422602146C7
:1070200004F028FE019B00287FF428AF1F4650E79C
:10703000009800F0C5FD83460028C5D1009D216958
:10704000284604F011FFB4F90C300C2223F0800321
:107050002A6015E706F1010922E74FF0FF30BFE68D
:10706000009A0C231360B4F90C3009E700FCFF7F91
:107070002DE9F04186B002FB03F590461E4601AAB9
:107080000123019102950595039204930C9C0746F8
:1070900010B1836B002B31D0636E13F0010FB4F984
:1070A0000C309AB201D191052BD5920406D4626EB0
:1070B00043F4005322F40052A3816266384603AAC7
:1070C0002146FFF75DFE636E40B9D80702D4A3895D
:1070D00099051DD5304606B0BDE8F081DA0706D522
:1070E00005982D1AB5FBF8F006B0BDE8F081A3892C
:1070F0009B05F5D4A06D00F04FF8F1E704F012FE07
:10710000CAE7A06D00F046F8B4F90C309AB2CCE7AB
:10711000A06D00F041F83046E6E700BF10B582B040
:10712000054C0093246813460A4601462046FFF7A3
:107130009FFF02B010BD00BF2401002070B50F4EAC
:107140000F4D761BB61018BF002405D0013455F83A
:10715000043B9847A642F9D10A4E0B4D761B06F028
:10716000A7FBB61018BF002406D0013455F8043B25
:107170009847A642F9D170BD70BD00BFC8D80300C2
:10718000C8D8030008D90300C8D80300704700BF5F
:10719000704700BF704700BF704700BF024B0146F9
:1071A000186800F00BB800BF24010020024B014614
:1071B000186804F059BE00BF240100202DE9F04FEB
:1071C00001F10B06162E83B0054640F29E8036F084
:1071D000070600F1BD80B14200F2BA8000F084FCE5
:1071E000B6F5FC7FC0F09382730A00F0B880042BE0
:1071F00000F27981B30903F1390003F1380EC300BD
:10720000BF4F3B44A3F108015C68A14206D10CE0EA
:10721000002A80F2AA80E468A14206D0636823F0C5
:1072200003039A1B0F2AF3DD70463C69DFF8E4E2A2
:10723000744500F0AB81636823F003039A1B0F2AA7
:1072400000F39081002AC7F814E0C7F810E080F23C
:107250009D80B3F5007F80F06181DB0803F1010CB4
:1072600099107A6857F83C80C4F8088001238B4055
:1072700007EBCC0113430839E1607B6047F83C40E1
:10728000C8F80C408210012494409C4200F28B808C
:107290001C4206D120F0030064001C4200F10400EF
:1072A000FAD007EBC009CC468046DCF80C309C4590
:1072B00007D16DE1002A80F27B81DB689C4500F0FC
:1072C0006781596821F003018A1B0F2AF2DDD3F888
:1072D0000CC0D3F8088000939C19284646F001069C
:1072E00042F001055E60C8F80CC0CCF808807C61F3
:1072F0003C61C4F80CE0C4F808E065605A5000F046
:10730000F9FB009B03F108041EE0102920D800F0CF
:10731000EBFB102618230220794F3B44A3F108020F
:107320005C68944200F03D816368E168A66823F0E0
:107330000303234428465A68F16042F001028E603C
:107340005A6000F0D7FB0834204603B0BDE8F08F48
:1073500000240C2320462B6003B0BDE8F08F4020B2
:107360004FF400734FF03F0E4AE72344E1685A6838
:10737000A66842F00102F16028468E605A6000F073
:10738000B9FB0834204603B0BDE8F08F23442846FB
:107390005A6842F001025A6000F0ACFB0834204603
:1073A00003B0BDE8F08FBC68636823F00308B04504
:1073B00004D3A8EB06030F2B00F38580DFF8589168
:1073C000504BD9F800201B680132334404EB080A03
:1073D00000F0558103F580530F3323F47F6B2BF0BE
:1073E0000F0B5946284600F091FD411C024600F063
:1073F000FC80824500F2F780434B196859441960BC
:1074000000F04D81D9F8000001301BBFA2EB0A0A41
:107410005144C9F80020196012F0070100F01581ED
:10742000C1F10800C1F580510244083102EB0B099B
:10743000C9F30B09A1EB09094946284601930092BB
:1074400000F064FD431C9DE80C0000F04381801AAD
:10745000484440F001001968BA604944BC42506099
:10746000196017D0B8F10F0F40F2FB806068A8F1E7
:107470000C0222F0070204EB020E00F001004FF0B4
:10748000050C10430F2A6060CEF804C0CEF808C087
:1074900000F217811D4BBC681A68914288BF1960C1
:1074A0001B4B1A689142626888BF196022F0030280
:1074B0009642A2EB060301D80F2B04DC284600F00D
:1074C00019FB002440E7A21943F0010346F001062E
:1074D00066602846BA60536000F00CFB0834204612
:1074E00003B0BDE8F08F142B71D9542B00F2A380A8
:1074F000330B03F16F0003F16E0EC30080E600BF93
:10750000BC060020343B0020043B00202C3B002024
:10751000303B0020C4060020C40A00205A0A042A76
:107520005BD9142A00F2AE8002F15C01C9005B3223
:1075300007EB010C7958ACF1080C8C4500F0888001
:107540004A6822F00302934273D289688C45F7D1CE
:10755000DCF80C207B68E260C4F808C09460CCF8CA
:107560000C408FE6A11946F0010C42F00106C4F868
:1075700004C0284679613961C1F80CE0C1F808E01F
:107580004E60E25000F0B6FA0834DDE67B6879E63A
:1075900008F1010818F0030F0CF1080C7FF485AE18
:1075A0002DE0DC68A34208BF02303FF43EAEBBE6EC
:1075B00019441C464A68DB6854F8086F42F001021F
:1075C0004A602846F3609E6000F094FABCE603F13E
:1075D0005C0003F15B0EC30012E69A0902F1390167
:1075E000C9003832A4E7BC4254D0BC68626822F0BB
:1075F00003025DE759F80839994540F0868010F09C
:10760000030F00F1FF30F5D17B6823EA04037B60B0
:1076100064009C423FF6C7AE002C3FF4C4AE1C424F
:1076200040467FF43EAE64001C4200F10400FAD0F4
:1076300037E68C468CE7B3F5AA7F15D8F30B03F138
:10764000780003F1770EC300DAE54FF48051EDE6E0
:107650007B689210012101FA02F213437B606246BB
:1076600079E70123536029E740F25452934222D82C
:10767000B30C03F17D0003F17C0EC300C0E503F100
:10768000100BAEE6542A29D81A0B02F16F01C9007B
:107690006E324DE7204B196859441960B2E6CAF3BF
:1076A0000B0000287FF4AEAE08EB0B03BA6843F082
:1076B00001035360EEE67F204FF47E734FF07E0EA1
:1076C0009EE504F108012846009304F0CDFB009BE1
:1076D0001968DFE601204FF00009BCE6B2F5AA7F89
:1076E00005D8DA0B02F17801C900773220E740F2C1
:1076F00054518A4205D89A0C02F17D01C9007C32AE
:1077000016E74FF47E717E2212E77B6880E7F0086F
:1077100006F1080300E600BF043B002082B049B137
:107720005AB16BB113780B601278101C18BF01208E
:1077300002B0704701A9002AF3D1104602B0704789
:107740006FF00100F4E700BF00000000000000003F
:1077500001F0FF01102A2BDB10F0070F08D010F802
:10776000013B013A8B422DD010F0070F42B3F6D106
:10777000F0B441EA012141EA014122F007047FF01F
:1077800000070023F0E80256083C85EA010586EA76
:10779000010685FA47F5A3FA87F586FA47F6A5FAB2
:1077A00087F68EB9EED1F0BC01F0FF0102F00702BE
:1077B00032B110F8013B013A83EA010313B1F8D169
:1077C0000020704701387047002D06BF354603384A
:1077D000073815F0010F07D1013015F4807F02BF83
:1077E000013015F4C03F0130F0BC0138704700BFD4
:1077F000032A70B422D940EA01039B0711D0037811
:107800000C78A3421DD10A44013105E010F8013F74
:1078100011F8014BA34214D19142F7D1002070BC62
:1078200070470D680668AE420C46034601F104013C
:1078300000F1040008D1043A032AF2D8002ADED16C
:10784000ECE7181B70BC704721461846D7E700BF0D
:10785000844641EA000313F003036DD1403A41D35B
:1078600051F8043B40F8043B51F8043B40F8043B1A
:1078700051F8043B40F8043B51F8043B40F8043B0A
:1078800051F8043B40F8043B51F8043B40F8043BFA
:1078900051F8043B40F8043B51F8043B40F8043BEA
:1078A00051F8043B40F8043B51F8043B40F8043BDA
:1078B00051F8043B40F8043B51F8043B40F8043BCA
:1078C00051F8043B40F8043B51F8043B40F8043BBA
:1078D00051F8043B40F8043B51F8043B40F8043BAA
:1078E000403ABDD2303211D351F8043B40F8043B4A
:1078F00051F8043B40F8043B51F8043B40F8043B8A
:1079000051F8043B40F8043B103AEDD20C3205D359
:1079100051F8043B40F8043B043AF9D2043208D051
:10792000D2071CBF11F8013B00F8013B01D30B88C3
:1079300003806046704700BF082A13D38B078DD0A1
:1079400010F003038AD0C3F10403D21ADB071CBF73
:1079500011F8013B00F8013B80D331F8023B20F8DD
:10796000023B7BE7043AD9D3013A11F8013B00F816
:10797000013BF9D20B7803704B7843708B7883709E
:10798000604670478842F0B50DD98B1898420AD2EC
:107990008418002A51D0224613F8014D02F8014DF7
:1079A0009942F9D1F0BD0F2A48D941EA00039B075B
:1079B00046D100F1100401F11003154653F8106C84
:1079C00044F8106C53F80C6C44F80C6C53F8086CC9
:1079D00044F8086C103D53F8046C44F8046C0F2D07
:1079E00003F1100304F11004E8D8A2F1100323F00E
:1079F0000F0302F00F0E1033BEF1030F19440344BE
:107A000021D91E1F0D467446043C55F8047B46F8E8
:107A1000047F032CF8D8AEF1040424F003040434EA
:107A20002144234402F0030262B1013B0A4411F8ED
:107A3000014B03F8014F8A42F9D1F0BD0346F3E749
:107A40000346F2E7F0BD7246EEE700BF70B486076A
:107A500046D0541E002A41D0CAB2034602E014F1B7
:107A6000FF343BD303F8012B9D07F8D1032C2ED90B
:107A7000CDB245EA05250F2C45EA054519D903F194
:107A800010022646103E0F2E42F8105C42F80C5CA5
:107A900042F8085C42F8045C02F11002F2D8A4F14A
:107AA000100222F00F0204F00F041032032C1344D2
:107AB0000DD91E462246043A032A46F8045BFAD83A
:107AC000221F22F003020432134404F003042CB1F9
:107AD000C9B21C4403F8011B9C42FBD170BC704727
:107AE00014460346C2E700BF0148FFF753BB00BF7F
:107AF000B4B500200148FFF74FBB00BFB4B500206C
:107B0000F8B50E461446074608B1836B4BB3636E57
:107B1000D80702D4A389990526D5A368013B002B79
:107B2000A36011DBF5B223685A1C22601E70636EDD
:107B3000DA0702D4A3899B0501D52846F8BDA06DBC
:107B4000FFF72AFB2846F8BDA269934202DBF5B293
:107B50000A2DE8D131463846224602F03FFF05465D
:107B6000E5E704F0DFF8D2E7A06DFFF713FBD4E7F9
:107B700010B40C4B0C4819680C4CD1F8A820D1F863
:107B8000AC3000FB02F004FB0300A2FB042303441F
:107B9000013243F10003C1E92A2323F000405DF8DC
:107BA000044B7047240100202DF451582D7F954C33
:107BB000024B0A460146186800F002B82401002072
:107BC000002900F095802DE9F04F0D46164683B050
:107BD000804606F10B07FFF787FF55F804EC162FD8
:107BE0002EF00304A5F108093CD810221746BE4226
:107BF0003DD8944243DAC44B996809EB04008842AB
:107C000000F0B480436823F0010101444968C907CA
:107C10004CD51EF0010F00F09B8031464046FFF727
:107C2000CDFA064600283AD055F8043C23F001036B
:107C30004B44A0F108029A4200F02181221F242A1D
:107C400000F20781132A00F2DB8003462A461168FE
:107C500019605168596092689A602946404604F05C
:107C600003F91CE027F00707002F3A46BFDA002689
:107C70000C233046C8F8003003B0BDE8F08F2E4624
:107C8000E31B0F2B1ED8D9F8043003F00103234364
:107C90004C44C9F80430636843F001036360404614
:107CA000FFF728FF304603B0BDE8F08F23F0030351
:107CB000E11891421FDBC36882682E46D3600C46F0
:107CC0009A60DDE7D9F8042009EB070102F0010210
:107CD0004C4443F001031743C9F804704B606368D8
:107CE00043F0010308316360404604F0BDF8D6E775
:107CF0001146FFF763BA1EF0010F8ED155F8081C2C
:107D0000A9EB010ADAF8041021F003010B44234423
:107D1000934225DBC26881685646CA609160DAF8F2
:107D20000C1056F8080F221F242AC160886000F248
:107D30009480132A6FD92968CAF808106968CAF8AC
:107D40000C101B2A00F2A28008350AF1100263E031
:107D500055F8083CA9EB030ADAF8041021F00301F6
:107D600063189342FFF659AF5646D8E7416821F0B1
:107D7000030BA34407F11000834556DA1EF0010FF0
:107D80007FF44BAF55F8081CA9EB010ADAF8041090
:107D900021F003018B445845E2DC5646DAF80C101A
:107DA00056F8080F221F242AC160886000F28F80D5
:107DB000132A40F28A802968CAF808106968CAF84C
:107DC0000C101B2A00F28A8008350AF1100229687B
:107DD000116069685160A96891600AEB0701ABEB1B
:107DE000070242F0010299604A60DAF8043003F0B9
:107DF00001031F434046CAF80470FFF77BFE51E7BA
:107E00002B6803606B6843601B2A2DD800F10803C0
:107E100005F108021BE73246296811606968516064
:107E2000A96891601C46D1462AE709EB0701ABEB34
:107E3000070B4BF0010299604A6055F8043C03F0CF
:107E400001031F43404645F8047CFFF753FE2E46CE
:107E500028E72946FFF796FDFFE6294630461C46EF
:107E6000D146FFF78FFD0BE7AB688360EB68C3601B
:107E7000242A17D000F1100305F11002E7E650F8AC
:107E8000043C23F003031C442E46F9E6A968CAF813
:107E90001010E968CAF81410242A0CD010350AF121
:107EA0001802B9E72B6903616B69436105F1180298
:107EB00000F11803CBE62A69CAF818206A69CAF8E3
:107EC0001C2018350AF12002A6E732467FE7294632
:107ED00030460193FFF756FD019B7EE7A968CAF87B
:107EE0001010E968CAF81410242A03D010350AF1DA
:107EF00018026CE72A69CAF818206A69CAF81C20B7
:107F000018350AF1200262E7BC06002038B5074C9C
:107F1000002305460846236005F040FC431C00D0C2
:107F200038BD2368002BFBD02B6038BDC8B50020BE
:107F30001F2928D820B5D0F8DC2282B00546AAB186
:107F400052F8213093B1012B0ED0581C07D00025D8
:107F5000084642F821509847284602B020BD162313
:107F600001202B6002B020BD0020F6E728460191D9
:107F700000F02AF801990A460146284602B0BDE8F9
:107F8000204000F00DB8162303604FF0FF3070471B
:107F9000024B01461868FFF7CBBF00BF2401002049
:107FA00038B50B46074C054611461846002323609A
:107FB00005F06EFC431C00D038BD2368002BFBD0BD
:107FC0002B6038BDC8B5002005F0E6BB0CB4F0B599
:107FD000234B0C1E9DB01D683DDB4FF402730290D5
:107FE0000690ADF8143023AE17D0013C229A0494C9
:107FF00033464FF6FF7702A9284607940196ADF85D
:10800000167001F095FA421C1BDB029B00221A70CD
:108010001DB0BDE8F04002B0704733464FF6FF7721
:10802000229A049402A9284607940196ADF8167086
:1080300001F07EFA431C07DB1DB0BDE8F04002B042
:1080400070478B232B60E0E78B232B601DB0BDE8CE
:10805000F04002B070478B232B604FF0FF30EBE70E
:10806000240100200EB4F0B59CB021AB0F4953F8A9
:10807000042B019305466FF00044086802954FF405
:1080800002774FF6FF7602A90695ADF814700494B6
:108090000794ADF8166001F04BFA029B00221A70AB
:1080A0001CB0BDE8F04003B0704700BF24010020C1
:1080B00000000000000000000000000000000000C0
:1080C000A2EB0300704700BF02780B78012A28BF9B
:1080D0009A42F5D16DE9044540EA0104CDE9026711
:1080E0006FF0000C4FEA447212B380EA010414F0FE
:1080F000070F6AD100F0070420F0070004F0030521
:1081000021F007014FEAC505F0E8042314F0040F3D
:10811000F1E804670CFA05F462EA040266EA040670
:108120000AD063EA0403624667EA0407664603E08E
:10813000F0E80423F1E8046782FA4CF582EA0604C9
:10814000A4FA8CF46CBB83FA4CF583EA0705A5FA14
:108150008CF595B950E9022351E9026782FA4CF592
:1081600082EA0604A4FA8CF483FA4CF583EA070544
:10817000A5FA8CF52543DBD09CB92DBAB5FA85F468
:1081800024F0070427FA04F1DDE9026723FA04F377
:1081900003F0FF0001F0FF01FDE80445A0EB010042
:1081A000704724BAB4FA84F424F0070426FA04F1E0
:1081B000DDE9026722FA04F202F0FF0001F0FF019C
:1081C000FDE80445A0EB0100704714F0030F3CD11B
:1081D00010F0030428D150F8082B51F8083B82FA1C
:1081E0004CF582EA0305A5FA8CF55DB950F8042C2C
:1081F00051F8043C82FA4CF582EA0305A5FA8CF5A5
:10820000002DE8D02DBAB5FA85F424F0070423FA3E
:1082100004F122FA04F202F0FF0001F0FF01FDE890
:108220000445A0EB010070474FEAC40420F00300AE
:1082300050F8082B21F0030151F8083B0CFA04F424
:1082400062EA040263EA0403C9E710F003041AD0E7
:10825000A1EB040120F00300E40750F8042B06D042
:108260000FD28B785FFAA2F4E41A06D12BB1CB7847
:108270005FFAB2F4E41A00D11BB920465DF8104B46
:10828000704701F1040150F8042BCC0721F00301E1
:1082900051F8043B48D824D222F07F4482FA4CF5AE
:1082A00094EA1325A5FA8CF50AD165B951F8043B77
:1082B00084EA0204B4EB036F0ED150F8042BEBE711
:1082C0004FEA132355E035F07F454DD10878FDE89E
:1082D0000445C0F1000070474FEA126203F0FF034B
:1082E00047E002EA1C4482FA4CF594EA1345A5FAE9
:1082F0008CF50AD165B951F8043B84EA0204B4EB69
:10830000034F0CD150F8042BEBE74FEA134330E056
:1083100015EA1C4528D10B884FEA124229E04FEAA2
:10832000124203EA1C4324E002F0FF0482FA4CF5F7
:1083300094EA1365A5FA8CF50AD165B951F8043BA6
:1083400084EA0204B4EB032F09D150F8042BEBE7C5
:108350004FEA13630DE015F0FF0F05D10B684FEAEC
:10836000122223F07F4304E04FF00000FDE80445B3
:10837000704712BA1BBA82FA4CF482EA0304A4FAD8
:108380008CF5B5FA85F402FA04F203FA04F34FEA25
:108390001260FDE80445A0EB136070470000000088
:1083A00000000000000000000000000000000000CD
:1083B00000000000000000000000000000000000BD
:1083C00090F800F06DE9024520F007016FF0000C15
:1083D00010F0070491F820F040F049804FF00004BD
:1083E0006FF00700D1E9002391F840F000F1080098
:1083F00082FA4CF2A4FA8CF283FA4CF3A2FA8CF3D0
:108400004BBBD1E9022382FA4CF200F10800A4FA36
:108410008CF283FA4CF3A2FA8CF3E3B9D1E904238A
:1084200082FA4CF200F10800A4FA8CF283FA4CF3C1
:10843000A2FA8CF37BB9D1E9062301F1200182FA7B
:108440004CF200F10800A4FA8CF283FA4CF3A2FA81
:108450008CF3002BC6D0002A04BF04301A4612BA8F
:10846000B2FA82F2FDE8024500EBD2007047D1E992
:10847000002304F00305C4F100004FEAC50514F021
:10848000040F91F840F00CFA05F562EA05021CBFF2
:1084900063EA050362464FF00004A9E7002A41D0D1
:1084A00040EA010313F00303F0B425D1032A23D9D2
:1084B00004680D68AC421FD1043A38D0A4F10135EC
:1084C00025EA040414F0803F2ED1043004310FE07B
:1084D00050F8043B0E68A3F10134B34224EA0304CC
:1084E00001F1040126D1043A21D014F0803F1BD1C0
:1084F000032A07460D46EBD805780C78AC4202F10A
:10850000FF331AD183B114B90EE06BB17AB110F810
:10851000012F11F8014FA24203F1FF33F5D0101BD8
:10852000F0BC7047104670470020F0BC7047104602
:10853000F0BC704729463846DEE72A46EFE700BF21
:1085400040EA010313F0030F70B4034624D0A2B134
:108550000C781C70013A013301313CB16AB111F859
:10856000014B03F8014B013A002CF7D12AB11A4410
:10857000002103F8011B9A42FBD170BC70470E46E4
:1085800051F8045BA5F1013424EA050414F0803F9E
:1085900005D143F8045B043A032AF0D8D7E7314603
:1085A000D6E700BF70B504460D4645EC104B1646A5
:1085B00004F090FC51EC100B7EB1C5F30A53C3F1EB
:1085C0006B03002B09DD1B0503F17F55002405F526
:1085D000401522462B46FCF7F7FC70BD000000005A
:1085E0002DE9F04FA3B01C460990002320460E460B
:1085F00005921E9304F0FAF80023002283460068D7
:10860000CDE90623FFF7DCFE1D96824633461A4667
:1086100013F8017B2D2F00F2B080DFE807F017AED2
:10862000AEAEAEAEAEAEAE8181818181AEAEAEAE4B
:10863000AEAEAEAEAEAEAEAEAEAEAEAEAEAE81AE87
:10864000AEAEAEAEAEAEAEAEAE2BAE7E059B4FF0D6
:10865000000A4FF0000B43B100230893059B1E60F6
:10866000089B13B10BF100439B464BEC10AB23B0BE
:10867000BDE8F08F0023089302F10109CDF8749052
:108680005778002FE2D0302F7CD000230C93A7F135
:108690003003092B00F222844FF00008454644467F
:1086A0004846082CC8BF08EB880805EB850300F195
:1086B000010007EB43031D90C4BF07EB4807A7F178
:1086C00030080778D8BFA3F13005A7F13003092B94
:1086D00004F10104E5D9DBF800105246FFF7DEFE95
:1086E0000146F8B1002319469A46A346652F00F0CB
:1086F000B680452F00F0B3800022002C56D11BB964
:108700000C9B002B00F00B834FF0000A4FF0000B86
:10871000059B002BA4D01D9EA0E701230893ABE787
:108720001D9374E71D9B03EB0A021D9213F80A7058
:10873000A3460346A7F13002092A00F2B182581C71
:108740009646002A00F0C9860128014418BF1B196B
:1087500006D100F0B0BE45009F4200F0CC843C46FC
:10876000082C04F1010705EB8500F4DD102FDCBFB8
:1087700008EB88084FEA4808EEE70023302F9146BF
:10878000089382D199F80130582B00F08A83782B16
:1087900000F087834B4601331D931F78302FFAD0AA
:1087A0009946002FB0D001230C9370E7102CA2EB58
:1087B00001032846A2460A93A8BF4FF0100AFCF70F
:1087C0008DFBBBF1000F08BFA346BAF1090FCDE93D
:1087D000060113DD494B03EBCA0353E91223FCF7EF
:1087E000F3FB064640460F46FCF778FB02460B4675
:1087F00030463946FCF736FACDE906010F2C00F376
:1088000085800A9B002B27D040F324850A9B162BDA
:1088100000F38A84394901EBC301D1E90001DDE9A4
:108820000623FCF7D1FB82468B4671E71DA834492D
:1088300003F002FF00283FF409AF1D9B3149013BC3
:108840001DA81D9303F0F8FE10B91D9B01331D9365
:108850002D4B079300230693DDE906AB58E7002C68
:1088600000F011821D9E721C1D9277782B2F00F054
:1088700015832D2F00F04B824FF0000CA7F1300232
:10888000092A00F20883302F05D11D9A01321D926A
:108890001778302FFAD0A7F13102082A3FF62CAF13
:1088A0001D9A0D92501C303F1D900A975778A7F1E2
:1088B000300EBEF1090F0FD80A9A01301D9002EB5D
:1088C000820207EB42020778A7F1300EBEF1090FD2
:1088D000A2F13002F1D90A920D9A801A082800F309
:1088E0001B840A9A44F61F608242A8BF0246BCF16C
:1088F000000F3FF402AF5242FFE600BF50210400D8
:10890000501E0400541E04000000F07F0A9BA4EBDC
:108910000A0A9A44BAF1000F40F3A4831AF00F0335
:108920000AD0B94901EBC301D1E90001DDE9062311
:10893000FCF74AFBCDE906013AF00F0640F046820B
:1089400000230C932346099C00955A46494620462D
:1089500004F044F81390002800F017830A9A0021CD
:10896000002AC2F10003DDE9069AA8BF0B460E9368
:1089700022EAE2730D930E468B46139F20467968D8
:1089800003F0BCFF0546002800F00D833A693B4622
:10899000023203F10C014F46D04692000C30CDE973
:1089A0000A78FEF755FF48EC107B20AA1FA9204645
:1089B00004F01CFB1E90002800F05E84012120467C
:1089C00004F0AAF80646002800F0ED821F9A002A5B
:1089D000C0F261810E9B0D9F03EB02080C98209B57
:1089E0008A49121A1A44013A8A42C3F1360380F2C4
:1089F000FE80891A1F29A3EB010300F35481012291
:108A00008A401292002210921F440C9A43449845C7
:108A100017444246A8BF1A46BA42A8BF3A46002A9F
:108A200003DD9B1ABF1AA8EB02080E9AE2B1314689
:108A30002046069304F00CF9069B0646002800F039
:108A4000B28201461E9A0693204604F06FF8069BF8
:108A5000002800F0A8820F901E990693204603F08C
:108A600073FF0F9A069B1E92002B08DD1A461E9973
:108A7000204604F03DF91E90002800F0FD830D9B78
:108A800043B129460D9A204604F0E2F80546002835
:108A900000F08982002F08DD29463A46204604F07E
:108AA00027F90546002800F07E82B8F1000F08DDA6
:108AB00031464246204604F01BF90646002800F0E5
:108AC00072822A461E99204604F080F983460028C7
:108AD00000F069820023C268C36031460F9204F03F
:108AE00059F90028C0F2128400F0CB833146584671
:108AF00004F0DAFA58EC107B00224FF0804310EEBD
:108B0000100A4146FCF7DCFC002800F087800F9B30
:108B1000002B00F0D0809FED387B3D4BCDF848A076
:108B20000022CDE906238DED107BDFF8EC80129A50
:108B3000384B02EA08079F4200F0FE810C9B53B3BA
:108B4000B7F1D46F27D8DDE910892DA3D3E900232D
:108B500040464946FCF7B4FCC0B140464946FCF7E4
:108B60000BFD002800F03683FCF7B8F9CDE91001C1
:108B70000F9B002B40F02983DDE9101202F1004326
:108B800016911793DDE91623CDE90623079B03F120
:108B9000D663DB1B07939DED0A0BDDE9068904F024
:108BA00099F9404653EC102B4946FCF70DFADDE9E4
:108BB0000A23FCF757F881468A4688460C9B2BB956
:108BC000154B08EA03039F4200F012821E992046CB
:108BD00003F0BAFE2946204603F0B6FE3146204691
:108BE00003F0B2FE5946204603F0AEFEC5E6002271
:108BF00010920122129207E7000000000000F03FEF
:108C00000000C0FFFFFFDF415021040002FCFFFF16
:108C10000000F03F0000E07F0000F07FBC4B3846D2
:108C200041460022FCF7D0F90F9BCDE91001002B43
:108C300068D101F1004314901593DDE91423CDF8B8
:108C400048A0CDE9062370E71D9B03EB0A021D92A5
:108C500013F80A70302F234606D101321D9217787F
:108C6000302F03F10103F8D0A7F13102082A40F2B6
:108C7000E1824FF0000B652F5946D8465D464FF014
:108C8000010A7FF436AD002B47D10C9A002A3FF43D
:108C9000DDAC1C46E6E50D9BDDF838809F1A9DE6AD
:108CA0004FF0010A22E59B498A1A012101FA02F2DA
:108CB00010921291A8E6B9F1000F40F0CC80CAF3EF
:108CC0001303CDF848A0002B40F0CB800022924B3C
:108CD00038464146FCF7EAFB002840F05583002265
:108CE0008B4B38464146FCF76FF90A460146CDE901
:108CF000101202F100431A901B93DDE91A23CDE90B
:108D0000062312E79DED107B8DED147B95E74FF068
:108D1000010CB21C1D92B778B0E50024A2E5BAF1AF
:108D2000000F7FF493AC493F252F3FF68FAC01A392
:108D300053F827F02D8803004D8603004D8603006D
:108D40004D8603004D860300758E03004D8603009B
:108D50004D8603004D8603004D8603004D860300BB
:108D60004D8603004D8603004D8603004D860300AB
:108D70004D8603004D8603004D8603004D8603009B
:108D80004D8603004D8603004D8603004D8603008B
:108D90004D8603004D8603004D8603004D8603007B
:108DA0004D8603004D8603004D8603004D8603006B
:108DB0004D8603002D8803004D8603004D86030079
:108DC0004D8603004D860300758E0300B6F59A7F2D
:108DD00000F3DB803611012EDFF858A140F3F38257
:108DE000DDE9060100235746984616F0010F08F109
:108DF00001084FEA660604D0D7E90023FCF7E4F83F
:108E00000123012E07F10807EFD1002B40F0578313
:108E1000079BA3F1547307930AEBC808DDE9062307
:108E2000D8E90001FCF7D0F821F000431B0D3B4AC4
:108E30001B059342CDE9060100F2A780A2F580123E
:108E4000934240F2AA82364B079300230C934FF0D3
:108E5000FF33069376E5B9F1010FCDF848A000F095
:108E6000BE819FED297B2F4B0022CDE906238DED9E
:108E7000107B5AE61DA82C4903F0DEFB00283FF4C6
:108E8000E5AB1D9B1B78282B00F0F882274B07933E
:108E900000230693E0E41D9600222EE44FF0000C20
:108EA00037E7089A02941EAB01920093204A099872
:108EB0001FAB1DA903F034F910F0070504463FF479
:108EC00023AC062D40F04C8109F101031D930023D2
:108ED0004FF0000A4FF0000B089319E4DBF8001084
:108EE00052464846FFF7DAFA044600283FF4ACAE93
:108EF0004FF0000BD8465D465B4659465C46DA4665
:108F0000FFF7F4BBAFF30080000000000000F03F6B
:108F10000000E03FE2FBFFFF0000F03F0000A07C0C
:108F2000FFFFEF7F0000F0BFC81804000000F8FF4B
:108F30005C1E040028210400DDE90601A2F1547A38
:108F40004AEC109BCDE9060103F0C4FFDDE9060100
:108F500053EC102BFCF738F84A465346FBF782FED9
:108F6000AF4B08EA01088A46DDE90A1298458146B6
:108F7000CDE9181240F2D48003F154739A420FD015
:108F8000DFF8ACA24FF0FF3920E60022A54B069295
:108F9000099A07932223DDE906AB1360FFF7B8BBFC
:108FA000189B0133ECD1CDE9069AD846A9461E9804
:108FB0009C4B079300220692DDE906AB099A222317
:108FC0001360099C0146204603F0BEFC494620463A
:108FD00003F0BAFC3146204603F0B6FC1399204654
:108FE00003F0B2FC4146204603F0AEFCFFF790BB15
:108FF000DDE91001FCF798FAFBF780FF0B4602460B
:10900000DDE91001FBF72CFE0F9BCDE90601ABB9A2
:10901000B9F1000F12D1C8F313037BB978A3D3E9D8
:109020000023FCF743FA00283FF4D0AD4B465446EA
:10903000D846A9469A46A3461E98C2E772A3D3E92A
:109040000023DDE90601FCF731FA0028EED1DDE965
:1090500006016FA3D3E90023FCF746FA00283FF48A
:10906000B5ADE3E73FF46CACCAF1000616F00F02B1
:109070000AD06D4B03EBC203DDE90601D3E90023FF
:10908000FCF7CCF8CDE9060136113FF459AC1F2EA0
:1090900028DC16F010030C9300F098816A23002E50
:1090A0000C9340F3C981DDE90601604F0023F2070C
:1090B00004D5D7E90023FBF787FF0123761007F1DA
:1090C0000807F4D1002B40F005820C9B002B40F0E8
:1090D000B38100220023DDE90601FCF7DDF9002859
:1090E0003FF430AC099A222313604FF0000A4FF08E
:1090F000000BFFF70DBB1D980234082F40F3A4802E
:10910000102CDCBF08EB880802EB48080023421C47
:109110001D924778FFF70EBB44F61F62FFF7E7BBCF
:109120000AF15478C24649E50A9EC4F125039E42DD
:109130003FF7ECAB3C4DC4F10F0405EBC401341B0D
:10914000DDE90623D1E9000105EBC405FBF73CFF8F
:10915000D5E90023FBF738FF82468B46FFF7D8BAE4
:109160001E9A3AB1352120A803F0CEFF09981E9926
:1091700003F0EAFB013D042D06D8DFE805F01A0EE6
:1091800003131A00274B079321077FF565AB079B55
:1091900043F000430793FFF75FBB209B0693219B9F
:1091A0000793F1E76FF0004307934FF0FF33069307
:1091B000EAE71F9A219B2099069102F2334223F499
:1091C000801343EA02530793DEE79DED107B8DED9C
:1091D000167BD7E49FED107B8DED107BC8E4BAF1D0
:1091E000000F7FF43EAEA946D846099A1E98222366
:1091F00013604FF0000A4FF0000BE2E6AFF300807F
:109200009535A094FFFFCF3F9535A094FFFFDF3F3A
:1092100035E5AF350000E03F000000000000F03F02
:10922000FFFF9F7C0000F07F50210400881E040097
:10923000FFFFEF7F1D984FF0000BA7F1300E591C78
:1092400081465D46D846012405EB85050EEB4505B4
:1092500000235CE70A9911F1160FFFF657ABA44AF9
:10926000A2EBC102D2E90023DDE90601FBF7D6FF3C
:1092700082468B46FFF74CBACDE9069AD846A946F6
:1092800096E60F9F49465246D846CDE90612A946B2
:10929000DDE90AAB002F00F08580964BC2F3130185
:1092A000994200F09780109B002B00F08780079A6E
:1092B00013420FD0DDE906010C9A002F00F0AA80BE
:1092C000FFF770F902460B4650465946FBF7CAFCB9
:1092D00082468B460C9BBBB1874B19930023189396
:1092E000DDE9182350465946FBF76EFE03460C464F
:1092F00082468B46CDE9063431B9069B23B9099ADB
:109300001E98222313605CE61E985AE60F9F48467B
:109310005146DE46D846CDE90601A946DDE90AAB4D
:10932000002FD7D10028D5D1C1F313030C46002B51
:10933000D0D121F000431B0D1B05B3F1D66FC9D965
:10934000DEF814301BB9DEF81030012BC2DD4146C7
:109350000122099803F0CCFC3146804603F01AFD47
:109360000028B7DD0C9B002B7DD1644B2340A3F577
:1093700080136FEA13536FEA035307934FF0FF33E1
:109380000693DDE906ABA5E79FED557B8DED1A7BD6
:109390009FED557B8DED107BAFE401F15473079386
:1093A000FFF7CEBADDE90612C2F313031446002B11
:1093B0007FF479AF00297FF476AFD3E7129B069A4A
:1093C000134287D076E74FF0000821E5002E3FF7E3
:1093D0006AAE7EE60C9B0699002B41D0474B1340AA
:1093E000B3F1D46F3CD81B0DC3F16B034FF0FF30CA
:1093F00000FA03F38B427FF456AF41498A4257D0BB
:109400003E4B134003F58013079300230693DDE9D9
:1094100006AB5FE7FFF7C6F802460B4650465946D3
:10942000FBF71EFC0022002382468B46FCF734F833
:1094300000287FF4DAAE4DE7DDE90612C2F30A53E5
:10944000C3F16B03002B11467FF743AE1F2B27DDC3
:109450000022342B069235DD4FF05C73079338E61B
:109460004FF0FF33C6E7254B2340B3F1D66F3FF7EC
:109470007EAFB3F15C7F3FF72FAFB6E61DA820AA01
:10948000204903F0F1F805287FF400AD219B43F05B
:10949000FF4343F4E0030793209B0693FFF7DCB9F7
:1094A0004FF0FF3202FA03F3069A1A40069210E6D2
:1094B0000133A5D17BE527461D9801341DE6CDE992
:1094C0000601A5E4203B4FF0FF3202FA03F30B4004
:1094D0000793FEE5CDE90601F7E503461D9816E67C
:1094E000000000000000E0BF000000000000E03FBE
:1094F00050210400FFFF0F00000050390000F07FF2
:10950000FFFFEF7F701E0400064B30B41C68064D51
:10951000636B0A46002B08BF2B460146204630BC31
:10952000FFF75EB824010020500500200000000075
:109530002DE9F04FC1B00C46079192460B9308906D
:1095400003F056F9036814931846FEF739FFA38910
:109550001390190603D52369002B01F01B809FEDA2
:10956000947B8DED107B00230DF1C0090F932593A3
:109570002493129315930593CDF88C90C8469AF8CE
:1095800000305446E3B1252B02D119E0252B03D03E
:1095900014F8013F002BF9D1A4EB0A0585B1249BF7
:1095A000259AC8F800A001332A44072BC8F80450B4
:1095B000259224937FDC08F10808059B2B44059332
:1095C0002378002B7FD000231A468DF86F30194680
:1095D00009939B464FF0FF306378069004F1010A2F
:1095E0000AF1010AA3F12000582800F2D383DFE832
:1095F00010F03F02D103D1034702D103D103D103BD
:10960000D103D103D1034C020A02D1035D007302DE
:10961000D1038E02C103C103C103C103C103C1034E
:10962000C103C103C103D103D103D103D103D103CA
:10963000D103D103D103D103D1033F035F03D1038E
:109640005F03D103D103D103D103AA03D103D10313
:10965000AF03D103D103D103D103D1036102D103FD
:10966000D1032603D103D103D103D103D103D10305
:10967000D103D103D103D103CE02E3025F035F0321
:109680005F039302E302D103D1039802D103A50241
:10969000D301BC020F02D103E801D1037E00D10344
:1096A000D103140209980B93404209904BF0040B2C
:1096B0009AF8003094E723AA0799089803F0BCFDB4
:1096C00040B9C84679E7259B23B10898079923AA92
:1096D00003F0B2FD079B9B8913F0400F059B18BF59
:1096E0004FF0FF330593059841B0BDE8F08F1BF0B4
:1096F000200F0D9340F0E5810B9A1BF0100F1346DD
:1097000040F088851BF0400F00F0848514880432F7
:10971000002501230B9200278DF86F7006994A1CD3
:1097200000F06D822BF08002039254EA050240F0B3
:109730006C82002940F05184002B40F00B851BF017
:1097400001030A9300F01A8640AE302306F8413D2B
:10975000069B0A9A9342B8BF1346049300230E93C4
:1097600017B1049B01330493039B13F002030C9382
:1097700002D0049B02330493039B13F0840540F052
:109780002083099B049AA3EB020BBBF1000F40F36B
:109790001883BBF1100F259C249A30DD43462146E7
:1097A000A8461027089C079D0DE000BFAFF300807E
:1097B0000000000000000000ABF1100BBBF1100F27
:1097C00003F1080318DD0132B74824921031072A4B
:1097D000259183E88100EFDD23AA2946204603F086
:1097E0002BFD00287FF476AFABF1100BBBF1100F0F
:1097F0002599249A4B46E6DC45460C4698460132AC
:10980000A94B24925C44072A259488E8080800F3B1
:10981000A6849DF86F7008F1080877B1249B013386
:1098200001340DF16F010122072B2594249388E860
:10983000060000F3F48308F108080C9B6BB1249B2D
:10984000013302341CA90222072B2594249388E8B3
:10985000060000F3D98308F10808802D00F0228368
:10986000069B0A9A9F1A002F36DD102F249B8F4DDE
:1098700027DD42462146B0464FF0100B2E46089C8D
:10988000079D04E0103F102F02F1080215DD01339F
:109890001031072B2591249382E84008F2DD23AA9A
:1098A0002946204603F0C8FC00287FF413AF103F80
:1098B000102F2599249B4A46E9DC35460C4646463E
:1098C000904601333C44072B2594249388E8A0005C
:1098D00000F38F8308F10808039BDF0500F1738212
:1098E000249B0A99C8F8006001330C44072B259487
:1098F000C8F80410249300F35B8308F10808039B65
:109900005B073AD5099B049A9D1A002D35DD102D71
:10991000249B20DD1026089FDDF81CB004E0103DDC
:10992000102D08F1080816DD01335F4A2493103426
:10993000072B259488E84400F1DD23AA59463846D0
:1099400003F07AFC00287FF4C5AE103D102D259C55
:10995000249BC846E8DC0133534A24932C44072B4C
:10996000259488E8240008DD23AA0799089803F0C5
:1099700063FC00287FF4AEAE259C059B099A0499F0
:109980008A42ACBF9B185B180593002C40F01B83E8
:1099900000232493C846F2E50D931BF0200340F00A
:1099A000DE811BF0100240F02D841BF0400300F01C
:1099B00029840B9913460A4604320C880B92002521
:1099C000A9E60B9A0D93166800248DF86F40151DBB
:1099D000002E00F0B586069A531C00F0178621462B
:1099E0003046FDF7B5FE002800F00887831B0A9378
:1099F00006940B95CDF80CB023EAE37304930E9410
:109A00009DF86F70ACE69AF8003001222B21E7E553
:109A10004BF0200B9AF80030E2E50D93002A40F05D
:109A2000AA87234B12931BF0200F40F012810B9A50
:109A30001BF0100F134640F0E0831BF0400F00F0C6
:109A4000DC83043314880B9300251BF0010F00F016
:109A50000D8154EA050300F0098130239DF834207C
:109A60008DF870308DF871204BF0020B022352E616
:109A70009AF8003000297FF4B3AD01222021AFE530
:109A80004BF0010B9AF80030AAE50B9C2368099370
:109A900018460028234603F10403FFF603AE0B9398
:109AA0009AF800309CE500BFF41E0400041F040077
:109AB000D41E04004BF0100B1BF0200F0D933FF44D
:109AC0001BAE0B9D073525F0070303F10802D3E910
:109AD00000450B9201231EE69AF800302A2B0AF16A
:109AE000010400F03B87A3F130000928A24600F2F0
:109AF000918600231C461AF8013B04EB840400EB1A
:109B00004404A3F130000928F5D906946AE54BF026
:109B1000800B9AF8003063E54BF0400B9AF8003068
:109B20005EE59AF800306C2B03BF9AF801304BF0D9
:109B3000200B0AF1010A4BF0100B51E5002A40F00E
:109B40001E871BF0200F40F009851BF0100F40F01E
:109B5000BC841BF0400F00F0B8840B9A13680432E9
:109B60000B92BDF814201A8009E50B99B94B0C68CB
:109B700012933022782304318DF871300D934BF01D
:109B8000020B0B9100258DF870200223C3E50B9981
:109B90000D930A688DF8982000230A461F468DF819
:109BA0006F30043201230493CDF80CB006970E9762
:109BB0000B920A9326AED7E50D93002A40F0FE865D
:109BC0001BF0200F5DD11BF0100F40F035831BF010
:109BD000400F00F031830B99B1F900400431E517D3
:109BE00022462B460B91002A73F1000358DB06999D
:109BF0009DF86F704A1C4FF001037FF493AD54EA57
:109C0000050200F0EC81CDF80CB0012B00F083824E
:109C1000022B40F0138212984E46230904F00F01E4
:109C200043EA05732A091C461546435C06F8013DC4
:109C300054EA0503F1D1A9EB06030A9388E50D93D5
:109C4000002A40F0B786844B12931BF0200F3FF49C
:109C5000EEAE0B9D073525F0070303F108021BF05C
:109C6000010F0B92D3E900457FF4F3AE022352E5D6
:109C70000D93002A40F09A864BF0100B1BF0200F3A
:109C8000A1D00B9D073525F00705D5E90023002A53
:109C900005F108011D4673F100030B911446A6DA85
:109CA0002D27644265EB45058DF86F70012335E57E
:109CB0000D93002A40F076860B9D1BF0080F05F1EE
:109CC000070500F0E88325F0070393ED007B8DED99
:109CD000107B03F108020B92DDE9101222F0004321
:109CE00016911793DDE916454FF0FF3220462946BD
:109CF0005A4BFBF703FC002840F04F834FF0FF3234
:109D0000564B20462946FBF7DBFB002840F04583F5
:109D100000220023DDE91001FBF7C8FB002840F01A
:109D200033859DF86F704E4E4E4B2BF080000390A4
:109D30000D9803220021049206914728D8BF1E46A1
:109D40000A920E910CE54BF0080B9AF8003047E4AC
:109D50004BF0100B0D931BF020033FF422AE0B9D34
:109D6000073525F0070303F10802D3E900450B92FC
:109D70000023D0E4A3F1300000231C461AF8013B75
:109D800004EB840400EB4404A3F130000928F5D966
:109D9000099427E40D93002A40F0F5850D9A002AD6
:109DA0003FF491AC002301211F4604918DF89820C7
:109DB000CDF80CB08DF86F3006930E930A9126AE55
:109DC000D2E4259C29E50D9B652B40F3A980002258
:109DD0000023DDE91001FBF75FFB002800F0528152
:109DE000249B214AC8F80020013301340122072BAB
:109DF00025942493C8F8042000F36F8308F1080821
:109E00001D9B0F9A259C934203DB039BDD077FF587
:109E100076AD249B1399149AC8F8002001330C44A2
:109E2000072BC8F804102594249300F3A38308F1AA
:109E300008080F9B5E1E002E7FF761AD102E249B3D
:109E40000A4D40F3EF8122461027DDF820B0079C31
:109E500014E000BFD41E0400C01E0400FFFFEF7F0B
:109E6000B41E0400B01E0400F01E0400041F040011
:109E700008F10808103E102E40F3D3810133103250
:109E8000072B2592249388E8A000F1DD23AA214620
:109E9000584603F0D1F900287FF41CAC259A249B86
:109EA000C846E7E7099B049A9F1A002F7FF7D8ACB2
:109EB000102F249BB74D27DD42462146B0464FF078
:109EC000100B2E46089C079D04E0103F102F02F156
:109ED000080215DD01331031072B2591249382E808
:109EE0004008F2DD23AA2946204603F0A5F9002800
:109EF0007FF4F0AB103F102F2599249B4A46E9DCF4
:109F000035460C464646904601333C44072B259483
:109F1000249388E8A00000F3348208F108089FE445
:109F20000F9B249F012B40F3008201370134012352
:109F3000072F25942497C8F80060C8F8043000F370
:109F4000058208F10808139A149BC8F800300137FD
:109F50001444072F25942497C8F8042000F30282A4
:109F600008F1080800230022DDE91001FBF794FA4C
:109F70000F9B002840F00181013B013701361C4452
:109F8000072F24972594C8F80060C8F8043000F320
:109F9000288108F10808159AC8F8042001371444EC
:109FA0001FAB072F25942497C8F800307FF7A5AC86
:109FB00023AA0799089803F03FF900287FF48AAB99
:109FC000259CC8469BE423AA0799089803F034F916
:109FD00000283FF4DDACFFF77DBBDDF80CB0012BB2
:109FE00000F03581022B25D1CDF80CB000240025DE
:109FF00011E623AA0799089803F01EF900287FF4B8
:10A0000069AB259CC84667E423AA0799089803F022
:10A0100013F900287FF45EAB259CC8461DE423AAF3
:10A020000799089803F008F900287FF453AB259CA2
:10A03000C84602E4CDF80CB000240025494600E0F3
:10A040003146E20842EA4572E80804F00703054693
:10A050001446303354EA050201F8013C01F1FF36A1
:10A06000EED1039AD2077FF5E6AD302B3FF4E3AD96
:10A070000239302306F8013CA9EB01030A930E468E
:10A08000FFF766BB1D99002940F331820E9B0F9AA2
:10A090009342A8BF1346002B1F460DDD249BC8F832
:10A0A000006001333C44072B2594C8F804702493C6
:10A0B00000F3218308F108080E9B002FA8BFDB1BCB
:10A0C000002B1F4640F3D780102F249B314D40F3C7
:10A0D000F08142462146B0464FF0100B2E46089CB8
:10A0E000079D04E00832103F102F40F3DE8101335A
:10A0F0001031072B2591249382E84008F2DD23AA32
:10A100002946204603F098F800287FF4E3AA259911
:10A11000249B4A46E7E7002D08BF0A2CC0F0958033
:10A120004E46204629460A220023FBF7F3FB303235
:10A1300006F8012D2046294600230A22FBF7EAFBF8
:10A1400004460D4654EA0503EBD1A9EB06030A9336
:10A15000FFF7FEBA069B0A934E46FFF7F9BA23AA09
:10A160000799089803F068F800287FF4B3AA9DF8CF
:10A170006F70259CC846FFF750BB5E1E002E7FF710
:10A180000AAF102E034D23DD22464FF0100B089C22
:10A1900007E000BF041F0400103E102E08F108085D
:10A1A00015DD01371032072F2592249788E8200803
:10A1B000F2DD23AA0799204603F03EF800287FF439
:10A1C00089AA103E102E259A249FC846E9DC144621
:10A1D00001373444072F2594249788E860007FF7DF
:10A1E000D8AE23AA0799089803F026F800287FF430
:10A1F00071AA259C249FC846CDE61C6804330B93A6
:10A20000002522E40B990A4604320C680B920025C3
:10A21000FFF781BA04321C680B9201230025FFF777
:10A220007ABA144601333444072B2594249388E8E2
:10A2300060007FF762ABBBE60B9A146813460433E9
:10A24000E5170B9322462B46CDE4DDF80CB0CDF894
:10A250000CB040AE3034012306F8414D0A93FFF7AD
:10A2600077BA23AA0799089802F0E6FF00287FF43E
:10A2700031AA259CC8461D9A0F9B9A4244DB039B3A
:10A28000D90741D40F9B0E989A1A1D1A9542A8BF60
:10A290001546002D0EDD2499C8F8045001310644FE
:10A2A0002C440729C8F800602594249100F33A82D1
:10A2B00008F10808002DACBF561B1646002E7FF78C
:10A2C0001EAB102E249BB14DACDD22461027DDF8CD
:10A2D00020B0079C04E008F10808103E102EA0DD15
:10A2E00001331032072B2592249388E8A000F2DD79
:10A2F00023AA2146584602F09FFF00287FF4EAA9CE
:10A30000259A249BC846E8E7249B13981499C8F81B
:10A31000001001330444072B2594C8F8040024934B
:10A3200000F3F48108F10808ACE7039BDA073FF576
:10A33000FCAD013701340123072F25942497C8F879
:10A340000060C8F804307FF724AE4AE723AA0799D3
:10A35000089802F071FF00287FF4BCA9259C249F77
:10A36000C846F0E523AA0799089802F065FF00287F
:10A370007FF4B0A9259C249FC846F3E54E46FFF71D
:10A38000E7B923AA0799089802F056FF00287FF43E
:10A39000A1A9259CC846FFF763BADDE91001024672
:10A3A0000B46FBF7ABF8002840F09882069B013380
:10A3B0000D9B23F0200700F0D281472F00F0208171
:10A3C000119B4BF48072002B0392C0F2F0819DED43
:10A3D000107B8DED187B00230C930D9B662B00F0FA
:10A3E000C181462B00F0F180452F0CBF069B069DD6
:10A3F000089808BF5D1C21AA1EAB019200932A4653
:10A400001DAB02219DED180B00F06EFC0D9B672B20
:10A41000064640F0D5811BF0010F00F04E82741902
:10A4200000220023DDE91801FBF736F8002840F090
:10A430006081219BA34206D230215A1C21921970BF
:10A44000219B9C42F9D89B1B472F0F9300F0F08073
:10A450000D9B652B40F3C3810D9B662B1D9B0E93BB
:10A4600000F0C0810F9B0E9A1946914200F3918132
:10A470001BF0010F40F0238222EAE273049367236A
:10A480000A920D930C9B002B40F0CB8006939DF815
:10A490006F70FFF765B925F0070595ED007B05F1B5
:10A4A00008038DED107B0B9316E435460C464646AB
:10A4B000904601333C44072B2594249388E8A00060
:10A4C0003FF7CFAE08F10808D5E60B9A13680432BF
:10A4D0000B92059A1A60FFF752B823AA07990898B9
:10A4E00002F0AAFE00287FF4F5A8C84688E4249B61
:10A4F000274AC8F80020013301340122072B259494
:10A500002493C8F8042054DC08F1080829B90F9BEB
:10A510001BB9039BD8077FF5F2A9249B1398149AC3
:10A52000C8F80020013302462244072B2592C8F8C0
:10A530000400249300F3958108F108080029C0F273
:10A540006D810F99C8F8006001338C18072B259492
:10A550002493C8F804107FF7D0A929E50B9A059930
:10A560001368CD170846043229460B92C3E900014F
:10A57000FFF705B823AA0799089802F05DFE0028A6
:10A580007FF4A8A8259CC84653E400BF041F04001C
:10A59000F01E040040210898FCF710FE079A106096
:10A5A0001061002800F0F681079A40235361FEF7FE
:10A5B000D6BF23AA0799089802F03EFE00287FF430
:10A5C00089A81D99259CC846A0E7069D089821AA40
:10A5D0001EAB019200932A461DAB03219DED180B83
:10A5E00000F082FB06460D9B462B06EB05047FF42C
:10A5F00017AF3378302B00F07D811D9D2C440FE781
:10A60000069B002B08BF01230693D9E6304606942B
:10A61000FDF7D6FE0B950A90CDF80CB00346FFF778
:10A62000EBB92D2700238DF86F700693FFF799B8CB
:10A630001D9B0E931A46033304DB069B1946914279
:10A64000BFF610AF0D9B023B0D939DF834308DF893
:10A650007C300E9B013B002B1D93BDBF0E9BC3F1B5
:10A6600001032D222B22092B8DF87D2040F31D8123
:10A670000DF18B042046AF4D00E0104685FB031220
:10A68000D917C1EBA20101EB8102A3EB42023032E8
:10A69000092900F8012C0B4600F1FF32EDDC3033C4
:10A6A0000238D9B2844202F8011C40F270810DF1E7
:10A6B0007E00134601E013F8011B00F8011BA342C2
:10A6C000F9D101339B1A0DF17E0213441FAA9B1A84
:10A6D0000F9A1593012A13440A9340F320810A9B91
:10A6E000139A13440A9323EAE373049300230E930B
:10A6F000C8E62346A7E623AA0799089802F09CFD1E
:10A7000000287EF4E7AF259CC846D5E423AA079924
:10A71000089802F091FD00287EF4DCAF1D9A259C7C
:10A72000C846AFE523AA0799089802F085FD0028DE
:10A730007EF4D0AF1D9A0F9B259C9A1AC846B9E5A6
:10A74000069B0E96062B28BF0623069637460493D3
:10A750000B95CDF80CB00A93774EFFF701B806239E
:10A7600006932DE6069C089821AA1EAB0192009341
:10A7700022461DAB03219DED180B00F0B5FA2346D0
:10A78000064604191D4634E72D278DF86F70FFF734
:10A79000CABA139A0F9B13440E9A0A93002A40F3E5
:10A7A000B78023EAE373049367230D936AE6DDE938
:10A7B000101202F1004319932D2318910C930CE60B
:10A7C0000D9B472B7FF42BAE1BF0010F7FF40BAFDB
:10A7D000219B472FA3EB06030F933FF429AF1D9B4B
:10A7E0000E9332E7002B40F3AF80069A002A6BD11C
:10A7F0001BF0010F68D104930A9343E6069B049370
:10A800000A9306900B95CDF80CB00E909DF86F70E2
:10A81000FEF7A6BF00200690FEF7E4BE4F421031BF
:10A82000464D2BDA1024DDF820B004E008F10808CA
:10A83000103F102F22DD01331032072B2592249375
:10A84000C8F80050C8F80440F0DD23AA079958461C
:10A8500002F0F2FC00287EF43DAF259A249BC84606
:10A86000E6E723AA0799089802F0E6FC00287EF4A0
:10A8700031AF1D99259A249BC8465FE601333A44BF
:10A88000072B88E8A0002592249308F108087FF799
:10A8900058AE23AA0799089802F0CEFC00287EF44F
:10A8A00019AF259A249BC8464BE6303330228DF8E9
:10A8B0007F308DF87E2020AB08E7219BC3E50E9BFF
:10A8C000139A13440A936CE70E9B139A1344069A47
:10A8D0001A4422EAE2730A920493D3E5119B184EBC
:10A8E000002BB6BF2D279DF86F708DF86F70154B3C
:10A8F000FFF71BBA00220023DDE91801FAF7CCFDAF
:10A9000000287FF47AAEC5F101051D952C4487E53A
:10A910000E9B0A9AC3F101031A441346D2E71BF0B7
:10A9200001030E937FF4DBAE0A9B23EAE3730493E7
:10A93000A8E500BF67666666E81E0400041F040001
:10A94000BC1E0400B81E0400069B13B91BF0010FC7
:10A9500002D0139B0133BAE701234CE70B9D9AF811
:10A960000130286840EAE070069028460430A2468C
:10A970000B90FEF735BE8DF86F10FFF752B88DF8CB
:10A980006F10FFF7DEB88DF86F10FFF707BA0DF103
:10A990007E039BE6089A0C2313604FF0FF33059368
:10A9A000FEF7A1BE8DF86F10FFF786B98DF86F1016
:10A9B000FFF762B98DF86F10FFF745B98DF86F108A
:10A9C000FFF7FEB810B4044C13460A46014620684F
:10A9D0005DF8044B00F068B824010020F8B50D467E
:10A9E0001446064610B1836B002B4BD0B4F90C20F3
:10A9F000A369A36091B2080739D52369002B36D02B
:10AA0000EDB289042F4615D522686169D31A8B42AD
:10AA10001CDA0133A168501C0139A1602060157057
:10AA200062699A421AD0A389DB0701D50A2D15D095
:10AA30003846F8BD616E42F4005221F40051A28103
:10AA4000226861666169D31A8B42E2DB2146304697
:10AA500001F010F940B922680123DBE721463046B6
:10AA600001F008F90028E3D04FF0FF37E0E7214676
:10AA7000304600F02FF80028F6D1B4F90C202369F5
:10AA800091B2BDE701F04EF9B0E700BF21B1FF2A56
:10AA900004D80A7001207047084670478A23036073
:10AAA0004FF0FF30704700BF70B50D46084C11469F
:10AAB00006461A4628460023236002F001FE431C86
:10AAC00000D070BD2368002BFBD0336070BD00BF89
:10AAD000C8B5002038B5304B1B6805460C4613B18D
:10AAE0009A6B002A38D0B4F90C2093B218070CD511
:10AAF0002069A8B113F001021ED0636900225B42F5
:10AB0000A361A260F0B1002038BDD9063CD558073A
:10AB100026D4206942F00803A3819BB20028E9D122
:10AB200003F42072B2F5007FE4D02846214601F0FC
:10AB30009BFEA3892069DDE7990758BF6269A2607F
:10AB40000028E0D1B4F90C301A06DDD543F04003FB
:10AB5000A3814FF0FF3038BD184601F0E3F8C2E79B
:10AB6000216B51B104F14003994204D0284601F011
:10AB70007BF9B4F90C200023236300232069636070
:10AB800022F024022060C5E742F0400209232B6036
:10AB90004FF0FF30A28138BD24010020024B13B1D9
:10ABA000024800F005B870470000000095BD0300A2
:10ABB000002301461A46184602F0BCBB02690B6925
:10ABC000934200F38D802DE9F04F03F1FF3801F13E
:10ABD000140700F1140B57F828205BF828304FEACF
:10ABE000880483B00132B3FBF2F90BEB0403009449
:10ABF00007EB040A0193B9F1000F39D000252E4666
:10AC0000BC46DE465CF8044BDEF80030A2B209FB1D
:10AC10000255220C2C0C09FB0242ADB2751B96B2F8
:10AC2000C6EB134615FA83F306EB23469BB243EAC1
:10AC30000643E2454FEA12454EF8043B4FEA2646EA
:10AC4000E0D2009B5BF8033093B9019C231F9B4526
:10AC50000CD254F8043C4BB9A4F1080302E01A6882
:10AC6000043B1AB99B4508F1FF38F8D3C0F81080AF
:10AC7000044602F08FF800282EDB09F101095D4639
:10AC8000002357F8041B28688AB29A1A0B0C12FA90
:10AC900080F2C3EB104303EB224392B242EA034239
:10ACA000BA4545F8042B4FEA2343EAD25BF8282043
:10ACB0000BEB880382B91A1F93450BD253F8042C6F
:10ACC00042B9083B02E01A68043B1AB99B4508F1F7
:10ACD000FF38F8D3C4F81080484603B0BDE8F08FC1
:10ACE00000207047000000002DE9F04F57EC106B7A
:10ACF00097B0056C0291044693460393CDE9006733
:10AD00004DB1426C6A6001239340AB60294601F06B
:10AD10001BFE00232364DDE90023002B994638DB6A
:10AD2000209A00231360A04B33EA090317D0DDE912
:10AD300000670022002330463946FAF7ADFB804613
:10AD400000282FD0039A01231360219B002B00F0D1
:10AD5000C48096481860013817B0BDE8F08F039A98
:10AD600042F20F731360009B6BB9C9F3130353B91D
:10AD7000219B8F48002BEFD000F10803219A13602C
:10AD800017B0BDE8F08F219B8A48002BE4D0C31C8C
:10AD9000F4E7019A22F00049209ACDF804900123AB
:10ADA0001360C0E714AA15A947EC106B204602F007
:10ADB0001DF95FEA1955824673D0C7F3130343F0B8
:10ADC0007F51CDF84080DDF850803046A5F2FF3548
:10ADD00041F440110022784BF9F742FF6CA3D3E90C
:10ADE0000023FAF7F1F86CA3D3E90023F9F73AFF4F
:10ADF000064628460F46FAF781F869A3D3E90023EF
:10AE0000FAF7E2F802460B4630463946F9F72AFFD0
:10AE100006460F46FAF788FB0022049000233046CE
:10AE20003946FAF743FB002840F06F81049E162E46
:10AE300000F25981614B03EBC603D3E90001DDE960
:10AE40000023FAF751FB002800F0C481731E04931D
:10AE500000230C93A8EB05056B1E059300F14F81B1
:10AE600000230693049B002BC0F24081059A0B93AC
:10AE700011461944002305910A93029B092B2ED8F1
:10AE8000052B40F35186043B02930027029B023BB3
:10AE9000032B00F23386DFE813F0D603CB02E30383
:10AEA0006404DDF85080159D454405F23243202BA3
:10AEB00040F38A81C3F1400309FA03F9009B05F2CC
:10AEC000124023FA00F040EA0900FAF707F80123DC
:10AED000013DA1F1F87110937CE739483CE700216E
:10AEE000616420468B4601F009FD4FF0FF33089363
:10AEF0000D93012307902064CDF808B00993159BAA
:10AF0000002BC0F2D080049A0E2A00F3CC802B4B89
:10AF1000BBF1000F03EBC203D3E90089C0F2BE838B
:10AF2000DDE9006742464B4630463946FAF776F986
:10AF3000FAF7FAFA8346F9F7E1FF42464B46FAF789
:10AF400043F80B46024639463046F9F789FE079D1D
:10AF50000BF130032B70089B012B06460F4605F1C1
:10AF6000010561D00022174BFAF72EF800220023CA
:10AF700006460F46FAF790FA002840F08180CDF897
:10AF800000A00294DDF81CA0089C28E0AFF300802C
:10AF900061436F63A787D23FB3C8608B288AC63FDF
:10AFA000FB799F501344D33F0000F07FF11E040053
:10AFB00018200400242004000000F83F5021040061
:10AFC000F01E040000002440F9F7FEFF00220023D9
:10AFD00006460F46FAF760FA002840F0C58342465D
:10AFE0004B4630463946FAF719F9FAF79DFA834687
:10AFF000F9F784FF42464B46F9F7E6FF02460B4657
:10B0000030463946F9F72CFE0BF1300E05F801EB0E
:10B01000A5EB0A0EA64506460F464FF000026E4B02
:10B02000D2D1DDF800A0029C32463B46304639467C
:10B03000F9F718FE06460F4602460B4640464946BB
:10B04000FAF734FA48B932463B4640464946FAF7E1
:10B0500023FAA8B11BF0010F12D015F8018C079A42
:10B060006B1E04E09A4200F02D8413F8018DB8F1B4
:10B07000390F03F10105F5D008F1010883F80080CC
:10B080005146204601F060FC0022049B2A70039A7E
:10B0900001331360219B002B00F0A38307981D60F0
:10B0A00017B0BDE8F08F099A002A40D0029A012A11
:10B0B00040F31C83089B0A9A5F1EBA42C0F2948335
:10B0C000D71B089B002BC0F27E84069D089B069A26
:10B0D0001A440692059A01211A442046059201F06D
:10B0E0001BFD064626E001230C93B3E6069A049B5B
:10B0F000D21A5B420A93002306920B93BDE6C5F178
:10B100000103069300230593ACE6DDF81090484652
:10B11000F9F7F4FE02460B4630463946FAF7BCF919
:10B1200000287FF483AE09F1FF3304937EE60A9F83
:10B13000069D099E002D0CDD059900290B4608DDB2
:10B14000A942069AA8BF2B46D21AED1ACB1A06922C
:10B1500005930A9BD3B1099B002B00F0C082002FFE
:10B1600010DD31463A46204601F072FD5246014656
:10B170000646204601F0DAFC51468046204601F0A2
:10B18000E3FBC2460A9BDA1B40F0AA82012120465B
:10B1900001F0C2FC0B9B002B81461FDD01461A46C5
:10B1A000204601F055FD029B012B814640F35B8256
:10B1B0004FF00008D9F8103009EB8303186901F04B
:10B1C0005BFCC0F1200013E0C3F12009009B03FAEF
:10B1D00009F07AE60C903DE600002440029B012B2A
:10B1E00040F38D824FF000080B9B0120002BE1D132
:10B1F000059A104410F01F0000F0A180C0F1200358
:10B20000042B40F38C84069BC0F11C00034406937E
:10B210001346034405440593069B002B05DD514668
:10B220001A46204601F064FD8246059B002B05DD91
:10B2300049461A46204601F05BFD81460C9B002BD7
:10B2400040F08680089B002B40F36982099B002B0D
:10B2500000F09880002D05DD31462A46204601F099
:10B2600047FD0646B8F1000F40F03683B046089B14
:10B27000079A013BD3180893009B03F0010309933D
:10B28000174649465046FFF799FC31460546504659
:10B2900001F080FD424649468346204601F096FD76
:10B2A00005F130020092C2680146002A40F0328265
:10B2B0000690504601F06EFD069B0590194620460B
:10B2C00001F042FB059A32B9029B23B9099B002B7E
:10B2D00000F0DE83029ABBF1000FC0F2A28205D11A
:10B2E000029B1BB9099B002B00F09B82002A00F3F4
:10B2F00007839DF800303B70089B07F1010B9F42CC
:10B300005D4600F00883514600230A22204601F0E2
:10B3100025FB4645824631464FF000034FF00A02B6
:10B32000204600F0F18101F019FB4146064600235A
:10B330000A22204601F012FB5F468046A1E71C204E
:10B34000069B03440693059B03440544059363E76A
:10B350004946504601F01EFD0028BFF673AF049F1A
:10B36000514600230A222046013F049701F0F6FAD5
:10B37000099B8246002B40F0A7830D9B002B40F3D6
:10B38000B0830893DDF81CB0DDF820805D4602E054
:10B3900001F0E4FA824649465046FFF70FFC00F1FF
:10B3A000300705F8017BA5EB0B0343454FF00A027C
:10B3B0004FF0000351462046EADB079B089A0097AE
:10B3C000012AACBF9B1801331D464FF0000B5146BC
:10B3D0000122204601F08CFC4946824601F0DAFC4D
:10B3E000002840F33A8215F8012C07996B1E04E0FF
:10B3F0008B4200F0AF8113F8012D392A03F10105CA
:10B40000F6D001321A704946204601F09DFA002E0E
:10B410003FF436AEBBF1000F05D0B34503D059461B
:10B42000204601F091FA3146204601F08DFA27E6D8
:10B4300000230993049B5B440D930133012B1E46AB
:10B440001D460893B8BF01260021172E61640AD952
:10B45000012204235B0003F114008642114602F12D
:10B460000102F7D26164204601F048FA0E2D0790E0
:10B4700020643FF644AD002F3FF441AD049900290C
:10B480009DED007B40F3F681B94B01F00F0203EB19
:10B49000C2030D11D3E90067EB0640F1AD81B54B56
:10B4A00051EC170BD3E90823F9F7B8FECDE90E01EB
:10B4B00005F00F054FF003098DB1DFF8B882E807FA
:10B4C00009D530463946D8E90023F9F77DFD09F161
:10B4D000010906460F466D1008F10808EFD13B46FA
:10B4E0003246DDE90E01F9F799FE074688460C9BC6
:10B4F00043B10022A04B38464146F9F7D7FF002858
:10B5000040F073824846F9F7F9FC3A464346F9F7AA
:10B510005BFD9A4B0022F9F7A5FB089B0546A1F1BC
:10B520005076002B00F04081049BDDF820901193B1
:10B53000099B002B00F0F6818D4B914903EBC90369
:10B5400053E902230020F9F769FE2A463346F9F74A
:10B5500087FBCDE90E0141463846F9F7E5FF054680
:10B56000F9F7CCFC02460B4638464146F9F778FB22
:10B5700030355FFA85F8079D06460F4685F800804E
:10B5800002460B46DDE90E010135F9F7ADFF002853
:10B5900056D132463B4600207749F9F761FB024617
:10B5A0000B46DDE90E01F9F79FFF002840F06282AB
:10B5B000B9F1010F3FF4A3AC079BCDF848A0CDF83B
:10B5C0004CB09944A046DDE90EAB0DE000206A497D
:10B5D000F9F746FB52465B46F9F768FF002840F052
:10B5E00044824D4500F04A82504659460022654B40
:10B5F000F9F7EAFC0022634B82468B463046394617
:10B60000F9F7E2FC0F460646F9F78EFF0446F9F714
:10B6100075FC02460B4630463946F9F721FB3034BB
:10B62000E4B252465B4605F8014B06460F46F9F771
:10B630003DFF32463B460028C8D0DDF848A04446CE
:10B64000119B04931CE500230993BBF1000F40F309
:10B65000DA805E465D46CDF834B0CDF820B0F3E632
:10B6600001230993F1E7009B002B7FF4A1ADDDE9F5
:10B670000012C2F31303002B7FF4B4AD22F0004795
:10B680003F0D3F05002F00F00082069B013306931B
:10B69000059B013305934FF00108A5E5089B002B9E
:10B6A0003FF73EAC40F0998049460022364B404679
:10B6B000F9F78AFCDDE90023F9F70CFFDDF82090AB
:10B6C0004E4600283ED06FEA0B03079D049349467F
:10B6D000204601F039F9002E3FF4D2ACA3E60A9AD5
:10B6E0005146204601F0B4FA82464FE5109A002AEE
:10B6F00000F06F8103F233430A9F069DE7E4009B4D
:10B70000002B7FF46FADB2E701F028F95F460646E3
:10B710008046B6E5204601F017F90122DBE5029BE1
:10B72000022B7FF793AD089B002BCCD14946052215
:10B73000204601F013F901468146504601F02AFBEC
:10B740000028C0DD049A07993123013204920B705E
:10B750004D1CBCE7049A01320492079A31231370FE
:10B7600051E60123099365E6DDF800A0029C87E419
:10B7700050210400282104000000F03F00001C407C
:10B780000000E03F00002440000014404846F9F764
:10B79000B5FB3A464346F9F717FC0022C44BF9F7CC
:10B7A00061FA0546A1F1507641460022C14B384668
:10B7B000F9F756FA2A46334680468946F9F794FE49
:10B7C000002840F0AB802A4606F100434046494637
:10B7D000F9F76CFE00283FF492AB4FF000094E469B
:10B7E00071E70798FFF7B8BA0A9B0B9A0A97FB1AFA
:10B7F0001A440B92002764E49DED007B4FF0020990
:10B800008DED0E7B58E600216164204601F076F84C
:10B810004FF0010B07902064CDF820B0CDF834B084
:10B8200029E6002A12DD51460122204601F060FA85
:10B830004946824601F0AEFA002840F33181009B70
:10B84000392B00F0F78005F1310300939DF80030AB
:10B850003B70B3467D1C4646D5E504D1009BDB0713
:10B8600001D5C0E5154615F8013C302B05F1FF3236
:10B87000F8D0C8E500F0B480049B5D428E4B05F023
:10B880000F0203EBC203D3E90023DDE90001F9F75E
:10B890009BFB2D110746884600F02881874E4FF00C
:10B8A0000209E90709D538464146D6E90023F9F7E8
:10B8B0008BFB09F10109074688466D1006F1080661
:10B8C000EFD114E6079930220A70049A15F8018C1A
:10B8D00001320492FFF7D0BB7168204601F00EF8E8
:10B8E000336902339A00054606F10C010C30FBF770
:10B8F000AFFF29460122204601F0FAF98046B6E45E
:10B90000009B392B00F09680009B0133B3463B70BF
:10B910007D1C464677E5B346464658E54FF000099C
:10B920004E460FE7644901EBC9012A46334651E907
:10B930000201F9F749FBCDE90E0138464146F9F716
:10B94000F3FD0546F9F7DAFA02460B46384641465A
:10B95000F9F786F9079A3035B9F1010F15700646E7
:10B960000F4602F101051CD0079B99440022544B5D
:10B9700030463946F9F728FB0F460646F9F7D4FD5D
:10B980008046F9F7BBFA08F1300802460B4630460C
:10B990003946F9F765F905F8018B4D4506460F461E
:10B9A000E4D10022474BDDE90E01F9F75BF932469D
:10B9B0003B46F9F77BFD002842D0119B049315F814
:10B9C000018CFFF74CBB069B089A9D1A0023FFF7DA
:10B9D0007EBB149B0A9F069DC3F13603FFF777BB1E
:10B9E000DDE900784FF0020981E5089B002B3FF468
:10B9F000CDAE0D9B002B7FF782AA0022304B38463C
:10BA00004146F9F7E1FA0746884609F10100F9F7DE
:10BA100075FA3A464346F9F7D7FA0022244BF9F76C
:10BA200021F9049ADDF83490013A0546A1F15076E7
:10BA300011927DE53922B3463A7046467D1CD4E426
:10BA4000DDE90E2300201F49F9F70AF932463B468B
:10BA5000F9F74AFD10B9FFF752BA154615F8013C3F
:10BA6000302B05F1FF32F8D0EAE54346DDF848A077
:10BA7000A0461C46119B0493FFF7F1BADDF848A0DD
:10BA8000DDF84CB04446FFF73ABAB846FFF7ACBB16
:10BA9000009B392BCED0BBF1000F3FF7D4AED5E6DB
:10BAA0007FF4D4AE009BDA077FF5D0AEC7E600BFC7
:10BAB00000001C4000001440502104002821040014
:10BAC000000024400000E03F314600230A222046C7
:10BAD00000F044FF0D9B002B06460ADD0893FFF79C
:10BAE000B9BB029B022B22DC0D9B4AE44FF00209FA
:10BAF000FDE4029B022B1ADC0D9BEFE70025656439
:10BB00002946204600F0FAFE4FF0FF3308930D93CC
:10BB100001230790AB4620640993FFF7F0B93FF487
:10BB20007BABC0F13C000BE40127FFF7AFB90D9BE5
:10BB30000893F8E5B1F90C309AB22DE9F0410D46C1
:10BB4000110780463AD46A6843F40063002AAB8147
:10BB50006FDDAC6A002C49D000229BB2D8F800609F
:10BB6000C8F8002013F4805267D02A6D5F0705D50E
:10BB700069682B6B521A0BB1EB6BD21A0023E9697F
:10BB80004046A047441C3CD0B5F90C302A692A60D5
:10BB900023F400630022AB81DB046A6047D4296B85
:10BBA000C8F8006011B305F14003994202D0404645
:10BBB00000F05AF900202863BDE8F0812E69AEB18B
:10BBC0002C682E6091070CBF6B690023A41BAB602F
:10BBD0000AE0234632466F6AE9694046B8470028C2
:10BBE000A4EB0004064404DD002CF2DC0020BDE8D8
:10BBF000F081AB8943F04003AB814FF0FF30BDE8EB
:10BC0000F081D8F800401D2CF3D8194BE340DB43FA
:10BC100013F00103EDD1B5F90C206B6022F4006341
:10BC20002969AB81DA042960B9D5002CB7D1286520
:10BC3000B5E7EA6B002A8CDCD8E70123E9694046C6
:10BC4000A047431C024602D0AB89AC6A8EE7D8F805
:10BC50000030002BF8D01D2B01D0162B02D1C8F8D4
:10BC60000060C3E7AB8943F04003AB81BDE8F081DE
:10BC70000100402038B50D46044608B1836BBBB1C6
:10BC8000B5F90C0088B16B6EDB0701D4810517D5BF
:10BC900020462946FFF74EFF6B6EDA07044602D4B2
:10BCA000AB899B0507D5204638BD0446204638BDE4
:10BCB00000F038F8E4E7A86DFBF76EFA204638BDCF
:10BCC000A86DFBF767FAE3E7014900F0B3B900BFDD
:10BCD0001DD4030010B5002304468181C281036096
:10BCE00043608360436603614361836119460822B0
:10BCF0005C30FBF7ABFE07480749084A084B206257
:10BD0000E4616162A262E36204F15800BDE81040A0
:10BD1000FBF73CBAB1D10300D5D1030011D2030027
:10BD200031D2030010B504461248FBF733FAA26B78
:10BD3000D2B904F53B731048C4F8E8320321C4F8C3
:10BD4000E022E063C4F8E41260680421FFF7C2FF58
:10BD500001220921A068FFF7BDFF02221221E0683D
:10BD6000FFF7B8FF0123A3630248BDE81040FBF7CB
:10BD700013BA00BFB0B50020C9BC03000148FBF7EF
:10BD800009BA00BFC4B500200148FBF705BA00BFDF
:10BD9000C4B5002038B50A4C0A4D641BA4100AD063
:10BDA00004F18043013B05EB8305013C55F8043960
:10BDB0009847002CF9D1BDE8384001F07FBD00BFA5
:10BDC0000CD9030008D90300F8B5244F0C460646E9
:10BDD000FBF78AFEBB685D68C4F57E610F3125F014
:10BDE0000305294421F47F6121F00F01A1F580545E
:10BDF000B4F5805F07DB00213046FCF787F8BB68AD
:10BE00002B44984204D03046FBF774FE0020F8BD66
:10BE100061423046FCF77AF801300DD0104BBA6819
:10BE200019682D1B45F001053046091B5560196046
:10BE3000FBF760FE0120F8BD00213046FCF766F8F4
:10BE4000BA68831A0F2BDEDD064C0549246843F0DF
:10BE50000103001B53600860D5E700BFBC0600204B
:10BE6000043B0020C40A0020002944D02DE9F04101
:10BE70000D468046FBF738FE55F8047C694927F0EB
:10BE80000103A5F10804E2188E685068B24220F060
:10BE900003005ED0FE0750600BD455F8087CE41B0D
:10BEA00001F1080EA56875453B446DD0E768EF6069
:10BEB000BD6015186D68ED073ED543F00102626064
:10BEC000E350B3F5007F17D2DB08581C9A104D6879
:10BED00051F83070A7600123934001EBC0022B435F
:10BEE000083AE2604B6041F83040FC604046BDE8F3
:10BEF000F041FBF7FFBD70475A0A042A52D89A094D
:10BF000002F13907FF0002F13805C819CA5908388B
:10BF100090424FD0516821F003018B4232D2926897
:10BF20009042F7D1C368A060E3609C60C460404663
:10BF3000BDE8F041FBF7DEBD95683B4FBD420344D1
:10BF400040D0D068E86043F0010285606260E35051
:10BF5000B7E7FF07034407D455F8082CA41A134485
:10BF6000A068E268C2609060304A126843F0010045
:10BF7000934260608C60B9D32D4B40461968FFF73F
:10BF800023FFB3E71046CDE711184968C90744D429
:10BF90009168D268CA60034443F001009160606018
:10BFA000E350A3E7142A16D802F15C07FF0002F160
:10BFB0005B05AAE7AA1001234D6893402B434B6011
:10BFC0000346B0E743F001024C610C61E560A560F7
:10BFD0006260E3508AE7542A06D81A0B02F16F0711
:10BFE000FF0002F16E0590E7B2F5AA7F06D8DA0BE2
:10BFF00002F17807FF0002F1770586E740F254501E
:10C00000824206D89A0C02F17D07FF0002F17C05FE
:10C010007BE74FF47E777E2577E743F0010161608F
:10C02000136063E7BC060020C4060020C80A002095
:10C03000343B00202DE9F84310F538771FD08846AF
:10C0400006464FF000097D68BC68013D11D4A38904
:10C05000012B05F1FF3508D9B4F90E300133214623
:10C06000304602D0C04749EA00096B1C04F168045D
:10C07000EDD13F68002FE6D14846BDE8F883B946C8
:10C080004846BDE8F88300BFF0B505694B11AB42E7
:10C090002ADA00F1140711F01F0107EB850507EB01
:10C0A000830626D057F82320341DA54222FA01F238
:10C0B000C1F1200C32D9BE46236803FA0CF31343B6
:10C0C0004EF8043B54F8042BA54222FA01F2F3D8AF
:10C0D000AB1B053B23F0030304333B441A6002B15E
:10C0E0000433DB1B9B1015E0002303610023436135
:10C0F000F0BDB542F8D900F11002334653F8041BE5
:10C1000042F8041F9D42F9D8F3432B4423F0030364
:10C1100004339B100361002BE8D0F0BD3B46DDE704
:10C120002DE9F04F8BB0894605901698039208933D
:10C1300000F05CFB0368029318461C46FCF740F9CC
:10C14000D9F8003000909A782118302A11F801BCF3
:10C1500040F0AB8103334FF000081C4613F8012B6D
:10C16000302A08F10108F8D0B34EB35C002B00F080
:10C17000ED8023784FF0000AF35C5546274623B143
:10C1800017F8013FF35C002BFAD1009A0299384668
:10C19000FCF784F9002800F091803B78002D00F036
:10C1A0007381ED1BAA000192502B00F09080702B40
:10C1B00000F08D803D46C9F80070BAF1000F40F0E4
:10C1C000B5802B1B013B072B514604DD5B10072B71
:10C1D00001F10101FADC059800F090FB03461433ED
:10C1E000AC420490079380F0D1819946009B0027D0
:10C1F000C3F10103B84606930FE0202F00F09F80A3
:10C200003A46043715F8013CF35C554603F00F033A
:10C210009340A54248EA030815D915F8013C5B454F
:10C2200005F1FF3AE9D1069B5344A342E5D31846F2
:10C23000009A02990993FCF731F9099B0028DCD197
:10C240001D46A542E9D849F8048B079B049AA9EB3F
:10C2500003094FEAA903136140464FEA431900F06E
:10C260000BFC039B1D68A9EB0000A84200F3E680CD
:10C27000C0F20C810026039B019A9B689A4200F34E
:10C280009880039801994368994280F2B7805C1ABC
:10C29000A54200F30E81C268022A00F07E81032AC3
:10C2A00000F05B81012A00F07C810499059800F080
:10C2B0004BFB149A0023136050243CE0002D00F047
:10C2C00018813B786DE7002301934FF0010A7B78DA
:10C2D0002B2B00F0AE802D2B77D0791C0025F35C42
:10C2E0005A1E182A3FF666AF4A78B25C501E1828CC
:10C2F000A3F1100301F101010BD811F8010F03EBB9
:10C30000830302EB4303325C501E1828A3F1100391
:10C31000F3D905B15B42019A3D461A440F4601929A
:10C32000C9F80070BAF1000F3FF44BAFB8F1000F3D
:10C330000CBF0624002420460BB0BDE8F08F00227D
:10C340000427C9F80080B94490465BE7009D029934
:10C350002A462046FCF7A2F800283AD02278274641
:10C36000502AB0D0702AAED0C9F80070DEE7049B26
:10C370009B689E4280F23681079B3246049800EB10
:10C3800082014FF0010E0132022C0261C1F814E06B
:10C3900000F01681964280F2418101210498FFF756
:10C3A00073FE039B019A9B6801329A42019240F30B
:10C3B000D0800598049900F0C7FAA324149A0023AA
:10C3C000204613600BB0BDE8F08F0125BB78B91C87
:10C3D00085E7625DB35C6719002BC1D0302A3C460B
:10C3E00004D114F8013F302BFBD0F35CB3FA83FA8D
:10C3F0003D464FEA5A1A4FF00108BFE6012466B1E4
:10C40000039BDB68022B00F08280032B00F083800B
:10C41000012B00F0B28044F01004149B1A46049BD8
:10C420001360089B1A46019B136020460BB0BDE8C1
:10C43000F08F0025CAE700BF28200400441B2146D6
:10C44000049800F085FE0646B0B1621E51110798AF
:10C4500002F01F0350F82110012606FA03F30B42E5
:10C460000AD0B24240F39780A11E049800F070FEFB
:10C47000002800F090800326019B04982344214665
:10C480000193FFF701FEF6E601958DE62C1A04995B
:10C490000598224600F02CFC019B04901B1B019385
:10C4A0000346143307930026E5E69C1C4FF0000872
:10C4B0005AE6671E002E4ED127B13946049800F087
:10C4C00047FE06467B11079A049852F8232007F08E
:10C4D0001F07012303FA07F71742214618BF46F04A
:10C4E0000206FFF7D1FD039B5B6801932D1B02241D
:10C4F00085E700997B5CF25C7D182F46002A3FF4AB
:10C5000050AE17F8013FF25C002AFAD149E6159BBC
:10C51000C3F101031593159B002B3FF47CAF049BE3
:10C52000079A1E69B700134602EB070E114600205A
:10C5300004E043F8040B9E457FF619AF1A68B2F188
:10C54000FF3FF6D00132022C1A603AD015F01F05D9
:10C550003ED1212461E70126B4E7159A002A3FF471
:10C56000A4AE08990B60079B049901220A611A6026
:10C57000149B1A4662241160DDE6B2077FF54BAFCB
:10C58000079B1B681E43F307C9D444E7DDF81C90E2
:10C590004FF0000857E602266EE7159A002AE0D011
:10C5A00083E6A5427FF481AE012DDADD691E049891
:10C5B00000F0CEFD00283FF478AE039B5B68D0E727
:10C5C0001946039B1B68013B9D4229D0222424E786
:10C5D000CB19C5F1200553F8040C00F04DFAA84220
:10C5E000B7DADAE6049BDDF8149059684846013161
:10C5F00000F084F904990B69023380469A000C31EB
:10C600000C30FBF725F90499484600F09DF9CDF868
:10C61000108008F11403D8F81020AFE6194695E70A
:10C620006B1105F01F0551F823200123AB40134285
:10C6300014BF21242224F0E630B4046808E014F882
:10C64000013FA3F14105192D98BF2033934208D132
:10C6500011F8012B002AF2D101340460012030BC12
:10C660007047002030BC70472DE9F04F0B68DFF8B1
:10C67000789185B0591102EB810113F01F030191EC
:10C680001CBF04310191019C02900393002344F8E4
:10C69000043C19469A469E46029B1D686B78A4F19D
:10C6A000040CE04660466E1C2BB319F80340002CC6
:10C6B00044D1202B60D8D64518DD404513D2072938
:10C6C00011DCC1F1080189000568C1F1200B0346A6
:10C6D0005F6807FA0BF42C4327FA01F51C6043F856
:10C6E000045F9845F4D890423CD8082135466B78D1
:10C6F0006E1C002BD9D1BEF1000F3FD0404501D2B6
:10C7000007295DDD90423DD9134650F8041B43F8DC
:10C71000041B8445F9D2002143F8041B9C45FBD23D
:10C72000019B53F8043C2BB962453CD05CF8043DB6
:10C73000002BF9D0052005B0BDE8F08F01310829A4
:10C740000EF1010E06DD9042D0D9002340F8043CE2
:10C7500001210438036804F00F0444EA0314046060
:10C760003546C4E70023A0F1040840F8043CF24633
:10C77000404619463546BAE7292B1AD0042005B0A1
:10C78000BDE8F08F039B002BCAD0019C039B54F89B
:10C79000040CC3F120034FF0FF3121FA03F30340EF
:10C7A00044F8043CBFE701230520136005B0BDE851
:10C7B000F08F029B02351D60BEF1000F9ED1DDE7B8
:10C7C000C1F108039B000568C3F1200701464E68CC
:10C7D00006FA07F42C4326FA03F50C6041F8045FCF
:10C7E0008845F4D88EE700BF28200400F030704759
:10C7F000044A054B1268506B002808BF1846F030F9
:10C80000704700BF240100205005002070B50C4681
:10C81000B1F90E10002990B015461E4614DB01AA8E
:10C8200000F05EFE00280FDB029A02F47042A2F5CF
:10C830000052B2FA82F252094FF480634FF4006062
:10C8400032602B6010B070BDA289002312F080000E
:10C85000336004D0402218462A6010B070BD4FF4F7
:10C8600080632B6010B070BD8A8992070B4606D595
:10C8700001F1430201211A601A6159617047F0B554
:10C8800083B001AB6A460C460646FFF7BFFF00992E
:10C8900005463046FAF792FCB4F90C30D8B1019A4B
:10C8A000154F0099F76343F08003A3812060206156
:10C8B00061611AB92B43A38103B0F0BD3046B4F9CE
:10C8C0000E1000F021FEA0B1A38923F0030343F072
:10C8D00001031BB2EEE79A05EED423F0030304F143
:10C8E000430243F002030121A381226022616161BE
:10C8F000E2E7B4F90C30DDE7C9BC0300C36C70B5E6
:10C9000005460C464BB153F8240080B1026843F849
:10C91000242000230361C36070BD21220421FAF7A3
:10C9200081F9E86403460028EDD1002070BD0121A3
:10C9300001FA04F6721D28469200FAF773F90028EE
:10C94000F3D044608660E4E731B1C36C4A6853F8C1
:10C950002200086043F82210704700BFF0B50C6950
:10C9600083B00D46064601F1140E0027DEF80000E4
:10C9700081B202FB0133010C180C02FB01019BB2D6
:10C98000013703EB0143BC424EF8043B4FEA11432D
:10C99000ECDC3BB1AA68944207DA05EB840201346F
:10C9A00053612C61284603B0F0BD696801930131E1
:10C9B0003046FFF7A3FF2A69023205F10C01074652
:10C9C00092000C30FAF744FFF26C6968019B52F850
:10C9D0002100286042F821503D46DEE72DE9F8436A
:10C9E000244C089E1F46083384FB034EDB17C3EB21
:10C9F0006E0EBEF1010F05460C46904635DD012353
:10CA000000215B009E4501F10101FADC2846FFF799
:10CA100075FF0123B8F1090F4661036121DD04F1BF
:10CA200009094E46444416F8013B0146303B0A22B0
:10CA30002846FFF793FFA642F5D1A8F108044C441D
:10CA4000474514DDA7EB0807274414F8013B0146CE
:10CA5000303B0A222846FFF781FFA742F5D1BDE807
:10CA6000F8830A344FF00908EAE70021CEE7BDE871
:10CA7000F88300BF398EE338020C12040346B2B9C2
:10CA80000304102013F07F4F04BF1B02083013F083
:10CA9000704F04BF1B01043013F0404F04BF9B00D4
:10CAA0000230002B02DB5B0003D420207047002003
:10CAB000E8E70130704700BF036813F00702014642
:10CAC00007D0DA0721D4980721D49B080B600220F5
:10CAD000704798B298B1104613F0FF0F04BF1B0ABD
:10CAE00008301A0704BF1B0904309A0704BF9B08CB
:10CAF0000230DA0707D45B0804D1202070471B0CF2
:10CB00001020E9E701300B607047002070475B0898
:10CB10000B600120704700BF10B50C460121FFF7E4
:10CB2000EDFE01224461026110BD00BF2DE9F04F0E
:10CB30000C691569AC4283B08B46164604DA22466E
:10CB4000B3462C460E461546DBF80830DBF80410D9
:10CB500004EB05089845C8BF0131FFF7CFFE00F18F
:10CB6000140909EB880AD145009005D24B460021F3
:10CB700043F8041B9A45FBD806F1140C0CEB850313
:10CB80000BF1140B9C450BEB840E4CD2CDF804A09A
:10CB90009A46DCF80050AFB2EFB100214D465E4638
:10CBA0000C4656F8042B286893B281B207FB031396
:10CBB000120C010C234407FB021101EB13419BB241
:10CBC00043EA0143B64545F8043B4FEA1144E8D82F
:10CBD0002C60DCF800502D0C1DD0D9F800304846F0
:10CBE0001C46594600220E88240C05FB06442244AC
:10CBF0009BB243EA024340F8043B51F8043B04680B
:10CC00001B0CA6B205FB036303EB12438E454FEAF0
:10CC10001342E8D803600CF1040CE24509F1040961
:10CC2000B7D8DDF804A0B8F1000F0BDD5AF8043CCA
:10CC3000AAF1040A1BB105E05AF8043D13B9B8F192
:10CC40000108F9D10098C0F8108003B0BDE8F08F5A
:10CC500012F003032DE9F041144607462ED10D468C
:10CC6000A4101CD0BE6C96B3E3074FF0000806D4A6
:10CC7000641014D03068A8B10646E307F8D53246F0
:10CC800029463846FFF752FFB5B16A68FB6C64105D
:10CC900053F82210296043F822500546EAD128466D
:10CCA000BDE8F081324631463846FFF73FFF30603D
:10CCB000C0F800800646E0E70546D9E75A1E0B4D4E
:10CCC000002355F82220FFF749FE0546C8E7012159
:10CCD0003846FFF713FE40F2712101220023416123
:10CCE00002610646B8640360BEE700BF1822040074
:10CCF0002DE9F84391460A698B684FEA691404EB01
:10CD0000020808F101059D420E460746496804DD08
:10CD10005B009D4201F10101FADC3846FFF7EEFDB0
:10CD2000002C00F1140306DD03EB8402002143F81C
:10CD3000041B9A42FBD1346906F1140119F01F0952
:10CD400001EB840E1DD0C9F1200C00220C6804FAFE
:10CD500009F4144343F8044B51F8042B8E4522FA8E
:10CD60000CF2F3D81A600AB108F10205FB6C726884
:10CD7000013D53F822100561316043F82260BDE89F
:10CD8000F883043B51F8042B43F8042F8E45F9D85F
:10CD9000ECE700BF30B40B6905460069C01A0FD13B
:10CDA0009B001435143119442B4401E09D4207D2F5
:10CDB00053F8044D51F8042D9442F7D002D30120CA
:10CDC00030BC70474FF0FF30FAE700BF2DE9F0416B
:10CDD0000F690E4611697F1A002F904617D18900FE
:10CDE00006F1140502F1140E6B18714401E09D4226
:10CDF0005CD253F8042D51F8044DA242F7D05ED214
:10CE000033462C46464675469846012705E058DBD2
:10CE100006F1140508F1140400277168FFF76EFD90
:10CE2000D8F810303669C76004EB830CA64605EBD2
:10CE3000860700F1140400235EF8041B55F8048BE8
:10CE40008AB213FA88F3090C9A1AC1EB184303EB60
:10CE5000224392B242EA0342F44544F8042B4FEADB
:10CE60002343E9D8AF4217D9A446AE465EF8042B57
:10CE700013FA82F3191401EB12419BB243EA014207
:10CE800077454CF8042B4FEA2143EFD8ED432F446C
:10CE900027F0030704373C44043C22B954F8043D0E
:10CEA000013E002BFAD00661BDE8F0810021FFF7BA
:10CEB00025FD0122002302614361BDE8F081744633
:10CEC000ABE7334606F1140402F1140516460127B8
:10CED0009846A2E7134B10EE902A1A40A2F1507325
:10CEE000002B04DD0020194641EC100B70475B421B
:10CEF0001B15132B0DDD143B1E2BDDBFC3F11F03D0
:10CF0000012202FA03F301230021184641EC100B21
:10CF100070474FF40022002042FA03F141EC100B5D
:10CF2000704700BF0000F07FF8B5046900F11406F7
:10CF300006EB840454F8045C2846FFF79DFDC0F11D
:10CF400020030A280B60A4F1040117DC8E42C0F113
:10CF50000B0738BF54F8081C25FA07FE00F115002E
:10CF60004EF07F5334BFF940002105FA00F043F43E
:10CF7000401340EA010243EC102BF8BD8E421DD253
:10CF80000B3854F8087C1CD0854045F07F55C0F123
:10CF9000200CA4F1080E45F4401527FA0CF1764553
:10CFA00045EA01031ED254F80C1C07FA00F021FADE
:10CFB0000CF10843024643EC102BF8BD0B3808D1A6
:10CFC000074645F07F5343F440133A4643EC102B99
:10CFD000F8BD05FA00F040F07F53002043F4401301
:10CFE0000246E8E707FA00F00246E4E72DE9F043DD
:10CFF00057EC106B83B0884601213C46C7F30A55B5
:10D000001746FFF77BFCC4F3130481460DB144F4CB
:10D01000801401941EB302A840F8086DFFF74CFD80
:10D02000002834D19DE80C00C9F81420002B0CBF57
:10D0300001210221C9F81830C9F81010DDB909EB37
:10D040008103A0F23240C8F800001869FFF714FD10
:10D05000C0EB41103860484603B0BDE8F08301A83A
:10D06000FFF72AFD019BC9F8143001212030C9F8CF
:10D070001010002DE3D0A5F233450544C0F1350072
:10D08000C8F800503860484603B0BDE8F0839DE81A
:10D090000A00C0F1200203FA02F20A43C3400193DE
:10D0A000C9F81420C2E700BF2DE9F04383B08846D9
:10D0B00069468146FFF738FF404601A955EC104B01
:10D0C000FFF732FF9DE80A00D9F81000D8F81020C9
:10D0D000CB1A801A03EB4013002B57EC106B0DDDBD
:10D0E00005EB03594D4632463B4620462946F8F7A4
:10D0F00095F841EC100B03B0BDE8F083C3EB0333AC
:10D1000007EB03510F46EEE770B414694E1E02F1AF
:10D110001403761103EB840101368B4200EB860683
:10D120000CD2041F53F8045B44F8045F9942F9D809
:10D130008B1A153B23F0030304331844864204D9A9
:10D14000002340F8043B8642FBD870BC704700BF08
:10D1500003694A11934210B400F1140410DA04EB8D
:10D1600083039C4221D253F8040C043B18B115E010
:10D1700053F8042D92B99C42FAD35DF8044B7047E2
:10D1800010DD11F01F010DD054F8220020FA01F338
:10D1900003FA01F1884204EB8203E2D001205DF83A
:10D1A000044B704704EB8203DBE70020E5E700BF98
:10D1B00010B50C46B1F90E1000F0CEF9002803DBD3
:10D1C000236D0344236510BDA38923F48053A381F9
:10D1D00010BD00BF2DE9F0411646B1F90C201F46E5
:10D1E000D3050C46054607D500220223B1F90E10DF
:10D1F00000F09CF9B4F90C20B4F90E1022F480521E
:10D20000A2813B4632462846BDE8F041FDF74CBCC2
:10D2100010B50C46B1F90E1000F088F9A389421C34
:10D220000EBF23F4805343F480532065A38110BDC7
:10D23000B1F90E1000F0E0B82DE9F04F936883B01B
:10D240009046002B70D082460C4617688D6808689F
:10D2500042E0A38913F4906F2ED06569216905EB34
:10D260004505A0EB010B05EBD5750BF101006D1029
:10D270003044A8422A4684BF05462A465B0538D575
:10D2800011465046F9F79AFF00283CD05A462169CA
:10D290000190FAF7DDFAA289019B22F4906242F034
:10D2A0008002A281A5EB0B0203EB0B0065612361F9
:10D2B0002060A2603546B3465A464946FAF762FBFB
:10D2C000D8F80830A2682068551B58449E1BA560FA
:10D2D0002060C8F808603EB37E683B460837002EE1
:10D2E000FAD0AE42D3F80090AB46B2D23546B34640
:10D2F000E2E75046FAF764FC03460028D2D12169E0
:10D300005046FEF7B1FD0C23CAF80030A389002275
:10D3100043F040034FF0FF30A381C8F80820C8F85D
:10D32000042003B0BDE8F08F0020C8F8040003B06B
:10D33000BDE8F08F2DE9F8432C4D06462868984645
:10D340000F469146F9F726FF294B1C68D4F848315F
:10D35000002B3ED05A681F2A1CDC02F1010E76B168
:10D3600003EB82010124C1F88890D3F8880194402E
:10D370002043022EC3F88801C1F8088123D002326D
:10D38000C3F804E0286843F82270F9F705FF00208D
:10D39000BDE8F883174B0BB34FF4C870F9F7FEFEE6
:10D3A0000346D8B1D4F848210260002141600A4602
:10D3B000C4F848014FF0010EC0F88811C0F88C1174
:10D3C000002EDCD0CCE7D3F88C110C43C3F88C4191
:10D3D000D5E704F5A673C4F84831BBE72868F9F728
:10D3E000DBFE4FF0FF30BDE8F88300BFCC0A002021
:10D3F000401E04009D71030038B5074C002305460C
:10D400000846236000F096F9431C00D038BD23681D
:10D41000002BFBD02B6038BDC8B5002070B559B1CA
:10D4200005460C4610B1836B002B3CD0636ED807C9
:10D4300005D5B4F90C302BB90026304670BDA38950
:10D4400099053CD521462846FEF774FBE36A06465B
:10D4500033B1E169284698470028B8BF4FF0FF363E
:10D46000A3891A0622D4216B41B104F140039942E9
:10D4700002D02846FEF7F8FC00232363616C21B13B
:10D480002846FEF7F1FC00236364FEF777FC636E29
:10D490000022DB07A2810ED5A06DF9F779FEFEF719
:10D4A00073FC304670BDFEF73DFCBFE7216928469E
:10D4B000FEF7DAFCD7E7A06DF9F76EFEECE7A06D9A
:10D4C000F9F768FEB4F90C30002BBBD1666E16F08C
:10D4D0000106B1D1A06DF9F75FFE304670BD00BF07
:10D4E00038B50B46074C0546114618460023236005
:10D4F00000F09EF9431C00D038BD2368002BFBD000
:10D500002B6038BDC8B5002038B5074C0023054650
:10D510000846236000F09AF9431C00D038BD236808
:10D52000002BFBD02B6038BDC8B5002070B50D4670
:10D53000084C114606461A4628460023236000F090
:10D54000BDF8431C00D070BD2368002BFBD03360B6
:10D5500070BD00BFC8B5002070B50D46084C11461F
:10D5600006461A4628460023236000F035F8431C7F
:10D5700000D070BD2368002BFBD0336070BD00BFAE
:10D58000C8B500200B4B1B6810B504460BB19A6B55
:10D590004AB1132C0CD8084850F83430013307D066
:10D5A00000EBC40010BD1846FEF7BCFB132CF2D9EB
:10D5B000002010BD240100203C3B002070B5F9F78D
:10D5C00061FB13240546002620463146ABBE0446C7
:10D5D0004FF0FF302C6070BDF0B585B00C4616469C
:10D5E000FFF7D0FFC8B10368019302940546039684
:10D5F000062401AF20463946ABBE0446621C2046D5
:10D6000005D06B68301A03446B6005B0F0BDFFF7BE
:10D61000D5FF431CF5D105B0F0BDF9F733FB092365
:10D6200003604FF0FF30F0E7F0B583B00D461446CD
:10D63000FFF7A8FF00283AD0022C25D8012C064677
:10D640001FD0022C10D06F4633680A248DE82800C2
:10D6500020463946ABBE0446631C1CD0002C23DB9D
:10D660007560284603B0F0BD02AF036847F8083D77
:10D670000C2420463946ABBE0446611C0FD025441D
:10D68000E2E740682D18DED5F9F7FCFA16230360AF
:10D690004FF0FF35E5E7FFF791FF0446DEE7FFF7C0
:10D6A0008DFF421C0446EAD14FF0FF35D9E7F9F768
:10D6B000E9FA092303604FF0FF35D2E7FFF7B4BF63
:10D6C000F0B585B00C461646FFF75CFF50B3036813
:10D6D0000193029405460396052401AF204639467E
:10D6E000ABBE0446631C16D0002C18DB6A68301BE6
:10D6F0000244A6426A6001D005B0F0BDF9F7C2FA53
:10D7000013250646002428462146ABBE0546204682
:10D71000356005B0F0BDFFF751FF0446E4E74FF078
:10D72000FF30E9E7F9F7AEFA092303604FF0FF3065
:10D73000E2E700BF70B582B00446FFF723FF10B3E5
:10D74000013C012C064611D902AD336845F8043D71
:10D75000022420462946ABBE0446631C20460FD057
:10D7600010B94FF0FF33336002B070BD094B9A68B7
:10D770001B699A42E8D14FF0FF3303600020F3E7C2
:10D78000FFF71CFFECE7F9F77DFA092303604FF080
:10D79000FF30E9E73C3B0020012070470E4A136848
:10D7A00010B5ABB118446946884209D80B490C4CF6
:10D7B0000968A14201D0884202D81060184610BD05
:10D7C000F9F760FA0C2303604FF0FF33184610BDE1
:10D7D000044B1360E6E700BF383B0020D00A00206E
:10D7E000ADDEFECACCB5002070B50D46FFF7CAFE0F
:10D7F000B8B16B684FF4806243F4005306466B6027
:10D80000EA620C2420463146ABBE0446621C204628
:10D8100002D02861002070BDFFF7D0FE431CF8D174
:10D82000F9E7F9F72FFA092303604FF0FF3070BDD5
:10D8300038B53C220C46054608460021FAF706F9A1
:10D8400021462846BDE83840FFF7CEBF70B5FFF748
:10D8500099FE054690B1092420462946ABBE0446F0
:10D86000012C09D0F9F70EFA1325064600242846A4
:10D870002146ABBE05463560204670BDF9F702FA79
:10D8800009222C460260F7E74FF0FF3100F000B8A4
:10D89000062930B50CBF044D044D182420462946F6
:10D8A000ABBE0446204630BD230002002600020025
:10D8B000F8B500BFF8BC08BC9E467047F8B500BF7D
:10D8C000F8BC08BC9E4670479DAB0300894200002F
:10D8D000C193000021C9000045D90000CD0A010014
:10D8E0007D2E0100ED320100C5340100B544010078
:10D8F0002D510100E9AD01007DC201006DD2010092
:10D90000E1F10100E5AA0200654200007B226A7392
:10D910006F6E727063223A22322E30222C226D6595
:10D9200074686F64223A226661756C74222C2270CE
:10D930006172616D73223A7B226D657373616765F5
:10D94000223A226D6F74696F6E20696E6974206669
:10D9500061696C6564227D7D000000007B226A7332
:10D960006F6E727063223A22322E30222C226D6545
:10D9700074686F64223A22737461747573222C2266
:10D98000706172616D73223A7B22726561647922E3
:10D990003A747275652C2268696E74223A2263614A
:10D9A0006C6C206765745F6361706162696C697437
:10D9B000696573227D7D00007061727365206572F8
:10D9C000726F72006D6574686F64206D757374207A
:10D9D0006265206120737472696E6700696400007B
:10D9E000706172616D730000706172616D73206DA2
:10D9F00075737420626520616E206F626A6563745E
:10DA0000000000006D697373696E67206D6574684E
:10DA10006F640000696420726571756972656400E5
:10DA2000666565640000000074696D656F75745FFC
:10DA30006D7300007365636F6E647300636C6F6376
:10DA40006B776973650000007261706964000000A3
:10DA5000616363656C000000617869735F6D617379
:10DA60006B00000073746570735F7065725F726540
:10DA7000765F790073746570735F7065725F72654D
:10DA8000765F610070697463685F61006E65675FEF
:10DA90006C696D5F780000006E65675F6C696D5F33
:10DAA0007A000000656E61626C65640076656C00EA
:10DAB000646563656C0000006573746F705F646912
:10DAC0003600000073746570735F7065725F726515
:10DAD000765F780073746570735F7065725F7265EE
:10DAE000765F7A0070697463685F78007069746348
:10DAF000685F790070697463685F7A006765617256
:10DB00005F780000676561725F7900006765617228
:10DB10005F7A0000676561725F6100006D696E5F2A
:10DB2000780000006D61785F780000006D696E5FBD
:10DB3000790000006D61785F790000006D696E5FAB
:10DB40007A0000006D61785F7A0000006D696E5F99
:10DB5000610000006D61785F61000000636C6561C9
:10DB6000725F6C696D69747300000000636C6561BD
:10DB7000725F6D696E5F7800636C6561725F6D6185
:10DB8000785F7800636C6561725F6D696E5F7900C4
:10DB9000636C6561725F6D61785F7900636C65616C
:10DBA000725F6D696E5F7A00636C6561725F6D6153
:10DBB000785F7A00636C6561725F6D696E5F6100AA
:10DBC000636C6561725F6D61785F6100706F735F38
:10DBD0006C696D5F78000000706F735F6C696D5FDA
:10DBE000790000006E65675F6C696D5F7900000009
:10DBF000706F735F6C696D5F7A000000706F735FA8
:10DC00006C696D5F610000006E65675F6C696D5FD8
:10DC100061000000617869730000000064697200AF
:10DC20007365656B000000006261636B6F66660080
:10DC30007A65726F000000006163746976650000A8
:10DC400073746174650000007B226F6B223A7472FA
:10DC500075657D006E756C6C0000000022257322D6
:10DC600000000000257300007B226A736F6E7270E3
:10DC700063223A22322E30222C226964223A257302
:10DC80002C22726573756C74223A25737D00000036
:10DC90006572726F720000007B226A736F6E727021
:10DCA00063223A22322E30222C226964223A2573D2
:10DCB0002C226572726F72223A7B22636F64652236
:10DCC0003A25642C226D657373616765223A2225BB
:10DCD00073227D7D000000007B7D00007B226A7343
:10DCE0006F6E727063223A22322E30222C226D65C2
:10DCF00074686F64223A222573222C22706172614B
:10DD00006D73223A25737D00801C0020101E0020B8
:10DD1000A01F00203021002094DA0300ECDB030078
:10DD2000A0DA030010DC0300257320706F73206CF1
:10DD3000696D697420616374697665002573206E6E
:10DD40006567206C696D697420616374697665002C
:10DD50006D6F746F72206E6F7420656E61626C659A
:10DD60006400000078792071756575652072656AB8
:10DD700065637465640000006D6F746F7220696E76
:10DD800020616C65727400006D6F76652072656A43
:10DD9000656374656400000025732062656C6F77AD
:10DDA000206D696E206C696D6974000025732061B7
:10DDB000626F7665206D6178206C696D6974000012
:10DDC0007365656B20696E76616C696400000000A4
:10DDD00061786973206D697373696E670000000074
:10DDE00064697361626C65206265666F7265206349
:10DDF0006F6E66696775726500000000696E766116
:10DE00006C6964206C696D697420646900000000AD
:10DE10002573206D696E2061626F7665206D617873
:10DE200000000000756E6974732072657175697207
:10DE300065640000756E697473206D75737420627B
:10DE400065206D6D206F7220696E636800000000B0
:10DE50006D6D0000696E0000756E697473206D75DC
:10DE6000737420626520646567206F722072657626
:10DE70000000000064656700646567726565000006
:10DE80006465677265657300726576007265766FAA
:10DE90006C7574696F6E0000726576730000000027
:10DEA0006D6F64652072657175697265640000004C
:10DEB0006D6F6465206D7573742062652061627397
:10DEC000206F722072656C00616273006469736117
:10DED000626C65206265666F726520726573657439
:10DEE0005F636F6E666967006E6F6E6500000000AD
:10DEF0006F7574006F746865720000002C0000007C
:10DF0000696E76616C69642070696E007B2270694D
:10DF10006E73223A5B00000025737B2270696E22CB
:10DF20003A25752C227374617465223A25642C227B
:10DF30006D6F6465223A222573227D005D7D0000AD
:10DF400070696E2072657175697265640000000009
:10DF5000737461746520726571756972656400001F
:10DF600070696E206E6F74206F75747075742063A5
:10DF7000617061626C65000070696E207265736526
:10DF80007276656420666F72206C696D697400003A
:10DF900070696E206D697373696E67006F75747058
:10DFA0007574206D6F64652072656A65637465645D
:10DFB000000000006F75747075742072656A656387
:10DFC00074656400747275650000000066616C73AE
:10DFD000650000007B227175657565223A25752CF8
:10DFE00022616374697665223A25737D0000000022
:10DFF000312E30007B2270726F746F636F6C223A27
:10E0000022636C6561726169222C22766572736984
:10E010006F6E223A222573222C2261786573223A90
:10E020005B2278222C2279222C227A222C22612235
:10E030005D2C22617869735F6D61736B223A256C88
:10E04000752C22756E697473223A222573222C2254
:10E050006D6F6465223A222573222C2274657374D5
:10E060005F6D6F6465223A25732C226E766D223ABD
:10E0700025732C226D6574686F6473223A5B226786
:10E0800065745F6361706162696C6974696573224C
:10E090002C226765745F737461747573222C226718
:10E0A00065745F706F7365222C226765745F636FA0
:10E0B0006E666967222C22656E61626C65222C2275
:10E0C00064697361626C65222C22636C6561725FA6
:10E0D000616C65727473222C2273746F70222C220F
:10E0E0006573746F70222C22776169745F69646C48
:10E0F00065222C22636F6E666967757265222C2219
:10E1000072657365745F636F6E666967222C227334
:10E1100065745F746573745F6D6F6465222C227320
:10E1200065745F756E697473222C227365745F75F4
:10E130006E6974735F61222C227365745F6D6F6406
:10E1400065222C227365745F776F726B5F6F7269E3
:10E1500067696E222C226D6F76655F6C696E6561F2
:10E1600072222C226D6F76655F617263222C226AA7
:10E170006F67222C226477656C6C222C2272656199
:10E18000645F696E70757473222C2277726974658E
:10E190005F6F7574707574222C2271756575655F7B
:10E1A000737461747573222C2271756575655F6374
:10E1B0006C656172222C22686F6D65222C22707250
:10E1C0006F6265225D2C22746370223A25752C22C1
:10E1D00074656C223A25752C22646973636F7665C9
:10E1E00072223A25757D00007B226E766D223A25DB
:10E1F000732C226E766D5F76616C6964223A2573AA
:10E200002C226E766D5F76657273696F6E223A2589
:10E21000752C22617869735F6D61736B223A256C8E
:10E22000752C22746573745F6D6F6465223A257373
:10E230002C22756E697473223A222573222C227562
:10E240006E6974735F61223A222573222C226D6FEE
:10E250006465223A222573222C226573746F705FE5
:10E26000646936223A25752C2276656C223A256C33
:10E27000752C22616363656C223A256C752C2264CF
:10E280006563656C223A256C752C2266656564228F
:10E290003A252E33662C2273746570735F70657235
:10E2A0005F726576223A5B256C752C256C752C2582
:10E2B0006C752C256C755D2C2270697463685F6DBC
:10E2C0006D223A5B252E34662C252E34662C252EA5
:10E2D00034662C252E34665D2C2267656172223AE5
:10E2E0005B252E34662C252E34662C252E34662C88
:10E2F000252E34665D2C226C696D69745F666C61D5
:10E300006773223A25752C226C696D6974735F6D91
:10E31000696E223A5B252E34662C252E34662C2518
:10E320002E34662C252E34665D2C226C696D697442
:10E33000735F6D6178223A5B252E34662C252E346E
:10E34000662C252E34662C252E34665D2C22706FAB
:10E35000735F6C696D5F6469223A5B25752C257566
:10E360002C25752C25755D2C226E65675F6C696D9B
:10E370005F6469223A5B25752C25752C25752C2543
:10E38000755D7D007B22756E697473223A22257358
:10E39000222C22756E6974735F61223A22257322E2
:10E3A0002C226D6F6465223A222573222C2278225A
:10E3B0003A252E34662C2279223A252E34662C22D8
:10E3C0007A223A252E34662C2261223A252E346692
:10E3D0007D00000025736E756C6C00002573252E82
:10E3E000326600007B22656E61626C6564223A25AC
:10E3F000732C226D6F76696E67223A25732C226822
:10E400006C6662223A25732C226573746F70223A0F
:10E4100025732C2268775F6573746F70223A2573B9
:10E420002C22746573745F6D6F6465223A25732CBA
:10E4300022616C65727473223A25732C22717565A2
:10E440007565223A25752C2271756575655F616366
:10E4500074697665223A25732C22616C6572745F4B
:10E46000726567223A256C752C22756E6974732269
:10E470003A222573222C22756E6974735F61223AE9
:10E48000222573222C226D6F6465223A2225732285
:10E490002C22617869735F6D61736B223A256C750C
:10E4A0002C2278223A252E34662C2279223A252EE7
:10E4B00034662C227A223A252E34662C2261223AA6
:10E4C000252E34662C22686C66625F706572636507
:10E4D0006E74223A25737D0068617264776172659B
:10E4E000206573746F7000006172632072657175CE
:10E4F00069726573205859206178657300000000C7
:10E5000061726320646F6573206E6F742061636352
:10E51000657074207A206F72206100006573746FDB
:10E520007020616374697665000000006172632089
:10E530007265717569726573207820616E642079E7
:10E5400020696E20616273206D6F646500000000B9
:10E550006172632072616469757320746F6F2073D8
:10E560006D616C6C000000006172632071756575EF
:10E57000652072656A65637465640000617263207A
:10E580007265717569726573206920616E64206AB5
:10E5900000000000696E74657272757074656420A5
:10E5A0006279206573746F7000000000696E746595
:10E5B0007272757074656420627920736166657427
:10E5C0007920636F6D6D616E64000000776169741E
:10E5D0005F69646C652074696D656F757400000017
:10E5E000706F73006E656700617869732072657182
:10E5F00075697265640000006C696D6974206E6FE6
:10E600007420636F6E6669677572656420666F72E9
:10E61000207468697320617869732F6469720000DF
:10E6200061786973206E6F7420696E2061786973F8
:10E63000206D61736B0000006469722072657175F2
:10E640006972656400000000646972206D757374FE
:10E6500020626520706F73206F72206E6567000006
:10E660006C696D69742070696E20696E76616C6981
:10E67000640000006C696D697420616C726561648E
:10E6800079206163746976653B206261636B206FFA
:10E6900066662066697273740000000061786973B1
:10E6A000206D75737420626520782C20792C207A77
:10E6B0002C206F7220610000686F6D652074696D99
:10E6C000656F7574000000006C696D6974206E6F71
:10E6D0007420726561636865640000006573746F1F
:10E6E0007020647572696E6720686F6D6500000048
:10E6F0007B22686F6D6564223A747275652C2261A5
:10E70000786973223A222573222C22646972223A94
:10E71000222573222C22706F73223A252E34662C08
:10E72000226C696D69745F70696E223A25757D008F
:10E73000616374697665206D757374206265206805
:10E74000696768206F72206C6F77000070726F626B
:10E750006520616C726561647920616374697665B6
:10E760000000000070726F62652074696D656F75DE
:10E770007400000070726F6265206E6F74207265A5
:10E7800061636865640000006573746F7020647570
:10E7900072696E672070726F6265000070696E202A
:10E7A0006D75737420626520312D313200000000D8
:10E7B0006C6F770068696768000000007B227072E8
:10E7C0006F626564223A747275652C226178697390
:10E7D000223A222573222C22646972223A2225735E
:10E7E000222C22706F73223A252E34662C227069F7
:10E7F0006E223A25757D00007365636F6E64732029
:10E800007265717569726564000000006765745F08
:10E810006361706162696C6974696573000000000E
:10E820006765745F73746174757300006765745F06
:10E83000706F7365000000006765745F636F6E66DC
:10E8400069670000726561645F696E70757473005A
:10E8500077726974655F6F7574707574000000007D
:10E86000656E61626C65000064697361626C65006D
:10E87000636C6561725F616C6572747300000000A7
:10E880006573746F70000000636F6E666967757200
:10E890006500000072657365745F636F6E6669671B
:10E8A000000000007365745F746573745F6D6F645E
:10E8B000650000007365745F756E69747300000015
:10E8C0007365745F756E6974735F61007365745FFF
:10E8D0006D6F6465000000007365745F776F726B25
:10E8E0005F6F726967696E006D6F76655F6C696EE8
:10E8F000656172007B226F6B223A747275652C22FF
:10E90000717565756564223A747275657D000000E5
:10E910006D6F76655F617263000000006A6F67006B
:10E920006477656C6C000000776169745F69646C82
:10E930006500000071756575655F7374617475734A
:10E940000000000071756575655F636C656172003C
:10E95000686F6D650000000070726F6265000000F6
:10E960006D6574686F64206E6F7420666F756E6479
:10E9700000000000627573792077616974696E67C1
:10E9800000000000434C45415241495F4449534314
:10E990004F5645523F000000434C45415241495FAC
:10E9A000444953434F56455220436C656172414977
:10E9B0005F4669726D776172652049503D2573200D
:10E9C0005443503D25752054454C3D2575204657F0
:10E9D0003D257300436C656172414920457468654B
:10E9E000726E65742049503D000000000D0A000061
:10E9F0000000000000000000B1CD000069A9020085
:10EA000069A9020069A9020069A9020069A90200B6
:10EA100069A90200B5CD000069A9020069A9020038
:10EA20000000000000000000BDCD0000C1CD0000CE
:10EA3000CDCD0000D1CD0000E5CD0000D5CD00004A
:10EA4000D9CD0000DDCD0000D9CE00000DCE0000F4
:10EA5000000000000000000049D1000039D1000092
:10EA60000000000000000000B9D30000060403020B
:10EA7000020000000060014100800141000C0042E2
:10EA800000100042001000430000000000000000E1
:10EA900065D90000C5D9000055D9000059D900003A
:10EAA000E5CD0000D5CD00005DD90000DDCD000032
:10EAB00069E4000059EE000081EC000079ED0000EF
:10EAC00069D90000D0FFFFFF0000000071ED0000D9
:10EAD00051EE0000BDD9000000380040003C00406D
:10EAE00000A0014100C00141001400420018004292
:10EAF0000014004300180043000000000000000064
:10EB000069A9020069A9020069A9020069A90200B5
:10EB100069A9020069A9020069A9020069A90200A5
:10EB200069A9020069A9020069A9020069A9020095
:10EB300069A9020069A9020069A9020069A9020085
:10EB400069A9020069A9020000000000000000009D
:10EB500035F2000029F200004DF2000059F20000E9
:10EB600065F2000071F200007DF2000089F2000001
:10EB700095F20000A1F20000ADF2000035F20000B5
:10EB800041F2000041F20000ADF10000B9F10000D7
:10EB9000BDF10000C9F10000D5F10000E1F1000075
:10EBA000F5F10000B9F20000DDF200000DF3000005
:10EBB00001F200000DF200001DF20000FCFFFFFF5B
:10EBC00000000000D9F10000EDF10000F9F10000B3
:10EBD000D5F2000005F300004DF3000005F200003F
:10EBE000B5CD000021F2000015F20000FC618000AC
:10EBF0001060800014608000186080000000000039
:10EC00000000000069D4010079D4010095E30100FF
:10EC1000F1D601009DD50100DD0A01008DD401006F
:10EC2000C5D4010005D50100E1D40100F1D40100F3
:10EC300045D5010061D40100E50A010009D80100B1
:10EC4000E10A0100DDD90100F9D80100000000004F
:10EC50000000000069D4010079D4010095E30100AF
:10EC6000F1D601009DD50100DD0A01008DD401001F
:10EC7000C5D4010005D50100E1D40100F1D40100A3
:10EC800045D5010061D40100E50A010009D8010061
:10EC9000E10A0100DDD90100F9D80100003C004083
:10ECA00000A0014100140043AC25002030260020C4
:10ECB000801C0020101E0020A01F002030210020FA
:10ECC000202400208C240020EC2400204C2500204F
:10ECD000AC2500203026002090230020C0230020F7
:10ECE000F0230020381C0020C4220020082300202C
:10ECF0004C230020B4260020801C0020101E002081
:10ED0000A01F002030210020142800206C290020A2
:10ED1000C42600203D00040500FFFFFFFFFFFFFFAA
:10ED20000005FF005001180800FFFFFF0201FFFF70
:10ED3000FFFFFF004201120200FFFFFF0702FFFF7B
:10ED4000010004004401140400FFFFFF0701FFFF5E
:10ED5000010206001C000A0A00FFFFFF000201007A
:10ED6000000204001B00090900FF03FF000100016D
:10ED70000001FF003802100001FFFFFF0600FFFF47
:10ED80000000FF003902110101FFFFFF0601FFFF34
:10ED90000001FF003A02120201FFFFFF0602FFFF1F
:10EDA0000002FF000E01070701FF09FFFFFFFFFF41
:10EDB000FFFFFF000D01060601FF08FFFFFFFFFF39
:10EDC000FFFFFF000A01050501FF07FFFFFFFFFF2F
:10EDD000FFFFFF000602030301FF05FFFFFFFFFF28
:10EDE000FFFFFF001001090900FF01FF04010401FA
:10EDF000FFFFFF005302190900FFFFFF0203FFFF9F
:10EE0000FFFFFF005101190900FFFFFF0200FFFF94
:10EE1000FFFFFF004501150500FFFFFF0700FFFF93
:10EE2000010307001A0008FF00FF02FF00000000B6
:10EE30000000FF0020010A0A00FFFFFF0402050096
:10EE4000000404000F01080800FF00FF0400040094
:10EE5000FFFFFF004900170700FFFFFF0500040147
:10EE60000107FF005202180800FFFFFF0202FFFF28
:10EE7000FFFFFF004301130300FFFFFF0703FFFF36
:10EE8000010105001D000B0B00FFFFFF0003010146
:10EE9000000305001200050500FFFF01FFFF000150
:10EEA000FFFFFF004600140401FFFFFF05020700FB
:10EEB0000104FF004001100000FFFFFF05000600F5
:10EEC000030002006401030300FFFFFFFFFF0601D0
:10EED000FFFFFF0024010E0E00FFFFFF04020500EC
:10EEE0000400000022010C0C00FFFFFF04000400DE
:10EEF000030006002B020D0D00FFFFFF0701FFFFBF
:10EF00000003FF0028020A0A00FFFFFF0602FFFFBE
:10EF10000000FF0025010F0F00FFFFFF04030501A4
:10EF20000401010023010D0D00FFFFFF0401040196
:10EF3000030107004800160600FFFFFF030004005E
:10EF40000106FF003400100000FFFFFF0100020077
:10EF50000100020054021A0A01FFFFFFFFFFFFFF3A
:10EF6000FFFFFF0060011F0F01FFFFFFFFFF000118
:10EF70000401FF000701110200FFFF00FFFFFFFF78
:10EF8000FFFFFF000800030300FFFFFFFFFFFFFF7D
:10EF9000FFFFFF001102150400FFFFFFFFFF00004D
:10EFA000FFFFFF0055021B0B00FFFFFF0100FFFFEB
:10EFB000FFFFFF003B02130300FFFFFF0603FFFFFD
:10EFC0000003FF000100000000FFFFFFFFFF020041
:10EFD000FFFFFF000200010100FFFFFFFFFF020132
:10EFE000FFFFFF001300060600FFFFFFFFFF010009
:10EFF000FFFFFF001400070700FFFFFFFFFF0101F5
:10F00000FFFFFF000700020200FFFF01FFFF0001FA
:10F01000FFFFFF002C020E0E00FFFFFF0702FFFFA5
:10F020000004FF002D020F0F00FFFFFF0703FFFF8B
:10F030000005FF004700150500FFFFFF050307015E
:10F040000105FF0021010B0B01FFFFFFFFFF050181
:10F0500000050500800000004000000020000000C6
:10F060001000000008000000040000000000000183
:10F070000000000200000004000000080000800002
:10F080000000400000002000004000000080000060
:10F090000000040000000800000000000000000064
:10F0A0003D510100B151010069A9020000000000BA
:10F0B000C9000000920100005B0200002403000070
:10F0C000ED030000B60400007F05000047060000C5
:10F0D00010070000D9070000A20800006A0900001C
:10F0E000330A0000FB0A0000C30B00008B0C000079
:10F0F000530D00001B0E0000E30E0000AB0F0000DC
:10F10000721000003911000001120000C812000046
:10F110008E130000551400001B150000E2150000BE
:10F12000A81600006D17000033180000F818000042
:10F13000BD190000821A0000471B00000B1C0000D4
:10F14000CF1C0000931D0000561E0000191F000078
:10F15000DC1F00009F20000061210000232200002E
:10F16000E5220000A62300006724000028250000F7
:10F17000E8250000A82600006727000026280000D8
:10F18000E5280000A3290000612A00001F2B0000D1
:10F19000DC2B0000982C0000552D0000112E0000E3
:10F1A000CC2E0000872F000041300000FB30000013
:10F1B000B53100006E32000026330000DE3300005F
:10F1C000963400004D35000004360000BA360000C9
:10F1D0006F37000024380000D83800008C39000058
:10F1E000403A0000F23A0000A53B0000563C000007
:10F1F000073D0000B83D0000683E0000173F0000DA
:10F20000C53F00007340000021410000CE410000D6
:10F210007A42000025430000D04300007A440000F9
:10F2200024450000CD450000754600001C47000045
:10F23000C3470000694800000F490000B4490000BE
:10F24000584A0000FB4A00009E4B00003F4C000063
:10F25000E14C0000814D0000214E0000BF4E000037
:10F260005E4F0000FB4F000097500000335100003C
:10F27000CE51000069520000025300009B53000071
:10F2800033540000CA54000060550000F5550000DA
:10F290008A5600001D570000B05700004258000079
:10F2A000D458000064590000F3590000825A00004D
:10F2B000105B00009D5B0000295C0000B45C000056
:10F2C0003E5D0000C75D0000505E0000D75E00009C
:10F2D0005E5F0000E35F000068600000EC6000001B
:10F2E0006F610000F161000071620000F2620000D5
:10F2F00071630000EF6300006C640000E8640000CC
:10F3000063650000DD65000057660000CF66000001
:10F3100046670000BD67000032680000A668000074
:10F32000196900008C690000FD6900006D6A000029
:10F33000DC6A00004A6B0000B86B0000246C00001F
:10F340008F6C0000F96C0000626D0000CA6D000057
:10F35000306E0000966E0000FB6E00005F6F0000D4
:10F36000C16F00002370000083700000E270000095
:10F37000417100009E710000FA710000557200009A
:10F38000AF720000077300005F730000B5730000E8
:10F390000B7400005F740000B2740000047500007C
:10F3A00055750000A5750000F47500004176000059
:10F3B0008E760000D9760000237700006C7700007D
:10F3C000B4770000FA7700004078000084780000ED
:10F3D000C7780000097900004A7900008A790000A6
:10F3E000C8790000057A0000427A00007D7A0000AA
:10F3F000B67A0000EF7A0000267B00005D7B0000FB
:10F40000927B0000C57B0000F87B0000297C000097
:10F410005A7C0000897C0000B77C0000E37C00007F
:10F420000F7D0000397D0000627D00008A7D0000B4
:10F43000B07D0000D67D0000FA7D00001D7E00003A
:10F440003F7E00005F7E00007F7E00009D7E00000A
:10F45000BA7E0000D57E0000F07E0000097F00002B
:10F46000217F0000387F00004D7F0000627F000098
:10F47000757F0000877F0000977F0000A77F000056
:10F48000B57F0000C27F0000CE7F0000D87F000063
:10F49000E17F0000E97F0000F07F0000F67F0000C0
:10F4A000FA7F0000FD7F0000FF7F00000080000069
:10F4B000FF7F0000FD7F0000FA7F0000F67F000064
:10F4C000F07F0000E97F0000E17F0000D87F0000AE
:10F4D000CE7F0000C27F0000B57F0000A77F000044
:10F4E000977F0000877F0000757F0000627F00002B
:10F4F0004D7F0000387F0000217F0000097F000061
:10F50000F07E0000D57E0000BA7E00009D7E0000E7
:10F510007F7E00005F7E00003F7E00001D7E0000B9
:10F52000FA7D0000D67D0000B07D00008A7D0000DD
:10F53000627D0000397D00000F7D0000E37C00004B
:10F54000B77C0000897C00005A7C0000297C000008
:10F55000F87B0000C57B0000927B00005D7B000013
:10F56000267B0000EF7A0000B67A00007D7A00006A
:10F57000427A0000057A0000C87900008A7900000C
:10F580004A79000009790000C778000084780000FB
:10F5900040780000FA770000B47700006C77000034
:10F5A00023770000D97600008E76000041760000B7
:10F5B000F4750000A5750000557500000475000085
:10F5C000B27400005F7400000B740000B57300009B
:10F5D0005F73000007730000AF72000055720000F7
:10F5E000FA7100009E71000041710000E27000009D
:10F5F0008370000023700000C16F00005F6F000087
:10F60000FB6E0000966E0000306E0000CA6D0000B8
:10F61000626D0000F96C00008F6C0000246C00002B
:10F62000B86B00004A6B0000DC6A00006D6A0000E5
:10F63000FD6900008C69000019690000A6680000DF
:10F6400032680000BD67000046670000CF6600001A
:10F6500057660000DD65000063650000E864000097
:10F660006C640000EF63000071630000F262000050
:10F6700071620000F16100006F610000EC60000049
:10F6800068600000E35F00005E5F0000D75E00007E
:10F69000505E0000C75D00003E5D0000B45C0000ED
:10F6A000295C00009D5B0000105B0000825A000096
:10F6B000F359000064590000D4580000425800007B
:10F6C000B05700001D5700008A560000F555000095
:10F6D00060550000CA540000335400009B530000E2
:10F6E0000253000069520000CE5100003351000067
:10F6F00097500000FB4F00005E4F0000BF4E00001F
:10F70000214E0000814D0000E14C00003F4C000004
:10F710009E4B0000FB4A0000584A0000B44900001C
:10F720000F49000069480000C34700001C47000063
:10F7300075460000CD450000244500007A440000D5
:10F74000D0430000254300007A420000CE41000073
:10F750002141000073400000C53F0000173F00003A
:10F76000683E0000B83D0000073D0000563C000028
:10F77000A53B0000F23A0000403A00008C3900003E
:10F78000D8380000243800006F370000BA36000077
:10F79000043600004D35000096340000DE330000D2
:10F7A000263300006E320000B5310000FB3000004F
:10F7B00041300000872F0000CC2E0000112E0000E9
:10F7C000552D0000982C0000DC2B00001F2B0000A2
:10F7D000612A0000A3290000E52800002628000077
:10F7E00067270000A8260000E82500002825000063
:10F7F00067240000A6230000E52200002322000069
:10F80000612100009F200000DC1F0000191F000084
:10F81000561E0000931D0000CF1C00000B1C0000B2
:10F82000471B0000821A0000BD190000F8180000F4
:10F83000331800006D170000A8160000E215000044
:10F840001B150000551400008E130000C8120000A4
:10F85000011200003911000072100000AB0F00000F
:10F86000E30E00001B0E0000530D00008B0C000087
:10F87000C30B0000FB0A0000330A00006A09000005
:10F88000A2080000D907000010070000470600008A
:10F890007F050000B6040000ED0300002403000013
:10F8A0005B02000092010000C9000000000000009F
:10F8B00037FFFFFF6EFEFFFFA5FDFFFFDCFCFFFF34
:10F8C00013FCFFFF4AFBFFFF81FAFFFFB9F9FFFFBF
:10F8D000F0F8FFFF27F8FFFF5EF7FFFF96F6FFFF48
:10F8E000CDF5FFFF05F5FFFF3DF4FFFF75F3FFFFCB
:10F8F000ADF2FFFFE5F1FFFF1DF1FFFF55F0FFFF48
:10F900008EEFFFFFC7EEFFFFFFEDFFFF38EDFFFFBC
:10F9100072ECFFFFABEBFFFFE5EAFFFF1EEAFFFF24
:10F9200058E9FFFF93E8FFFFCDE7FFFF08E7FFFF80
:10F9300043E6FFFF7EE5FFFFB9E4FFFFF5E3FFFFCE
:10F9400031E3FFFF6DE2FFFFAAE1FFFFE7E0FFFF0A
:10F9500024E0FFFF61DFFFFF9FDEFFFFDDDDFFFF34
:10F960001BDDFFFF5ADCFFFF99DBFFFFD8DAFFFF4B
:10F9700018DAFFFF58D9FFFF99D8FFFFDAD7FFFF4A
:10F980001BD7FFFF5DD6FFFF9FD5FFFFE1D4FFFF31
:10F9900024D4FFFF68D3FFFFABD2FFFFEFD1FFFFFF
:10F9A00034D1FFFF79D0FFFFBFCFFFFF05CFFFFFAF
:10F9B0004BCEFFFF92CDFFFFDACCFFFF22CCFFFF43
:10F9C0006ACBFFFFB3CAFFFFFCC9FFFF46C9FFFFB9
:10F9D00091C8FFFFDCC7FFFF28C7FFFF74C6FFFF0A
:10F9E000C0C5FFFF0EC5FFFF5BC4FFFFAAC3FFFF3B
:10F9F000F9C2FFFF48C2FFFF98C1FFFFE9C0FFFF48
:10FA00003BC0FFFF8DBFFFFFDFBEFFFF32BEFFFF2A
:10FA100086BDFFFFDBBCFFFF30BCFFFF86BBFFFFE7
:10FA2000DCBAFFFF33BAFFFF8BB9FFFFE4B8FFFF7B
:10FA30003DB8FFFF97B7FFFFF1B6FFFF4CB6FFFFE2
:10FA4000A8B5FFFF05B5FFFF62B4FFFFC1B3FFFF1D
:10FA50001FB3FFFF7FB2FFFFDFB1FFFF41B1FFFF29
:10FA6000A2B0FFFF05B0FFFF69AFFFFFCDAEFFFF04
:10FA700032AEFFFF97ADFFFFFEACFFFF65ACFFFFAF
:10FA8000CDABFFFF36ABFFFFA0AAFFFF0BAAFFFF26
:10FA900076A9FFFFE3A8FFFF50A8FFFFBEA7FFFF67
:10FAA0002CA7FFFF9CA6FFFF0DA6FFFF7EA5FFFF73
:10FAB000F0A4FFFF63A4FFFFD7A3FFFF4CA3FFFF4A
:10FAC000C2A2FFFF39A2FFFFB0A1FFFF29A1FFFFE4
:10FAD000A2A0FFFF1DA0FFFF989FFFFF149FFFFF45
:10FAE000919EFFFF0F9EFFFF8F9DFFFF0E9DFFFF6B
:10FAF0008F9CFFFF119CFFFF949BFFFF189BFFFF54
:10FB00009D9AFFFF239AFFFFA999FFFF3199FFFFFD
:10FB1000BA98FFFF4398FFFFCE97FFFF5A97FFFF6A
:10FB2000E796FFFF7496FFFF0396FFFF9395FFFF95
:10FB30002495FFFFB694FFFF4894FFFFDC93FFFF7F
:10FB40007193FFFF0793FFFF9E92FFFF3692FFFF27
:10FB5000D091FFFF6A91FFFF0591FFFFA190FFFF8A
:10FB60003F90FFFFDD8FFFFF7D8FFFFF1E8FFFFFA9
:10FB7000BF8EFFFF628EFFFF068EFFFFAB8DFFFF84
:10FB8000518DFFFFF98CFFFFA18CFFFF4B8CFFFF16
:10FB9000F58BFFFFA18BFFFF4E8BFFFFFC8AFFFF62
:10FBA000AB8AFFFF5B8AFFFF0C8AFFFFBF89FFFF65
:10FBB0007289FFFF2789FFFFDD88FFFF9488FFFF21
:10FBC0004C88FFFF0688FFFFC087FFFF7C87FFFF91
:10FBD0003987FFFFF786FFFFB686FFFF7686FFFFB8
:10FBE0003886FFFFFB85FFFFBE85FFFF8385FFFF94
:10FBF0004A85FFFF1185FFFFDA84FFFFA384FFFF23
:10FC00006E84FFFF3B84FFFF0884FFFFD783FFFF65
:10FC1000A683FFFF7783FFFF4983FFFF1D83FFFF5D
:10FC2000F182FFFFC782FFFF9E82FFFF7682FFFF08
:10FC30005082FFFF2A82FFFF0682FFFFE381FFFF62
:10FC4000C181FFFFA181FFFF8181FFFF6381FFFF72
:10FC50004681FFFF2B81FFFF1081FFFFF780FFFF31
:10FC6000DF80FFFFC880FFFFB380FFFF9E80FFFFA4
:10FC70008B80FFFF7980FFFF6980FFFF5980FFFFC6
:10FC80004B80FFFF3E80FFFF3280FFFF2880FFFF99
:10FC90001F80FFFF1780FFFF1080FFFF0A80FFFF1C
:10FCA0000680FFFF0380FFFF0180FFFF0080FFFF52
:10FCB0000180FFFF0380FFFF0680FFFF0A80FFFF38
:10FCC0001080FFFF1780FFFF1F80FFFF2880FFFFCE
:10FCD0003280FFFF3E80FFFF4B80FFFF5980FFFF18
:10FCE0006980FFFF7980FFFF8B80FFFF9E80FFFF11
:10FCF000B380FFFFC880FFFFDF80FFFFF780FFFFBB
:10FD00001081FFFF2B81FFFF4681FFFF6381FFFF13
:10FD10008181FFFFA181FFFFC181FFFFE381FFFF21
:10FD20000682FFFF2A82FFFF5082FFFF7682FFFFDD
:10FD30009E82FFFFC782FFFFF182FFFF1D83FFFF4F
:10FD40004983FFFF7783FFFFA683FFFFD783FFFF72
:10FD50000884FFFF3B84FFFF6E84FFFFA384FFFF47
:10FD6000DA84FFFF1185FFFF4A85FFFF8385FFFFD0
:10FD7000BE85FFFFFB85FFFF3886FFFF7686FFFF0E
:10FD8000B686FFFFF786FFFF3987FFFF7C87FFFFFF
:10FD9000C087FFFF0688FFFF4C88FFFF9488FFFFA6
:10FDA000DD88FFFF2789FFFF7289FFFFBF89FFFF03
:10FDB0000C8AFFFF5B8AFFFFAB8AFFFFFC8AFFFF15
:10FDC0004E8BFFFFA18BFFFFF58BFFFF4B8CFFFFDF
:10FDD000A18CFFFFF98CFFFF518DFFFFAB8DFFFF63
:10FDE000068EFFFF628EFFFFBF8EFFFF1E8FFFFF9D
:10FDF0007D8FFFFFDD8FFFFF3F90FFFFA190FFFF93
:10FE00000591FFFF6A91FFFFD091FFFF3692FFFF40
:10FE10009E92FFFF0793FFFF7193FFFFDC93FFFFAD
:10FE20004894FFFFB694FFFF2495FFFF9395FFFFD3
:10FE30000396FFFF7496FFFFE796FFFF5A97FFFFB9
:10FE4000CE97FFFF4398FFFFBA98FFFF3199FFFF5E
:10FE5000A999FFFF239AFFFF9D9AFFFF189BFFFFC1
:10FE6000949BFFFF119CFFFF8F9CFFFF0E9DFFFFE8
:10FE70008F9DFFFF0F9EFFFF919EFFFF149FFFFFCF
:10FE8000989FFFFF1DA0FFFFA2A0FFFF29A1FFFF7A
:10FE9000B0A1FFFF39A2FFFFC2A2FFFF4CA3FFFFEB
:10FEA000D7A3FFFF63A4FFFFF0A4FFFF7EA5FFFF22
:10FEB0000DA6FFFF9CA6FFFF2CA7FFFFBEA7FFFF1D
:10FEC00050A8FFFFE3A8FFFF76A9FFFF0BAAFFFFE3
:10FED000A0AAFFFF36ABFFFFCDABFFFF65ACFFFF76
:10FEE000FEACFFFF97ADFFFF32AEFFFFCDAEFFFFD1
:10FEF00069AFFFFF05B0FFFFA2B0FFFF41B1FFFFF9
:10FF0000DFB1FFFF7FB2FFFF1FB3FFFFC1B3FFFFF2
:10FF100062B4FFFF05B5FFFFA8B5FFFF4CB6FFFFBA
:10FF2000F1B6FFFF97B7FFFF3DB8FFFFE4B8FFFF53
:10FF30008BB9FFFF33BAFFFFDCBAFFFF86BBFFFFC1
:10FF400030BCFFFFDBBCFFFF86BDFFFF32BEFFFF03
:10FF5000DFBEFFFF8DBFFFFF3BC0FFFFE9C0FFFF1C
:10FF600098C1FFFF48C2FFFFF9C2FFFFAAC3FFFF0E
:10FF70005BC4FFFF0EC5FFFFC0C5FFFF74C6FFFFD8
:10FF800028C7FFFFDCC7FFFF91C8FFFF46C9FFFF7F
:10FF9000FCC9FFFFB3CAFFFF6ACBFFFF22CCFFFF04
:10FFA000DACCFFFF92CDFFFF4BCEFFFF05CFFFFF67
:10FFB000BFCFFFFF79D0FFFF34D1FFFFEFD1FFFFAD
:10FFC000ABD2FFFF68D3FFFF24D4FFFFE1D4FFFFD4
:10FFD0009FD5FFFF5DD6FFFF1BD7FFFFDAD7FFFFDF
:10FFE00099D8FFFF58D9FFFF18DAFFFFD8DAFFFFD3
:10FFF00099DBFFFF5ADCFFFF1BDDFFFFDDDDFFFFAD
:020000024000BC
:100000009FDEFFFF61DFFFFF24E0FFFFE7E0FFFF70
:10001000AAE1FFFF6DE2FFFF31E3FFFFF5E3FFFF22
:10002000B9E4FFFF7EE5FFFF43E6FFFF08E7FFFFC0
:10003000CDE7FFFF93E8FFFF58E9FFFF1EEAFFFF50
:10004000E5EAFFFFABEBFFFF72ECFFFF38EDFFFFD0
:10005000FFEDFFFFC7EEFFFF8EEFFFFF55F0FFFF45
:100060001DF1FFFFE5F1FFFFADF2FFFF75F3FFFFAD
:100070003DF4FFFF05F5FFFFCDF5FFFF96F6FFFF0F
:100080005EF7FFFF27F8FFFFF0F8FFFFB9F9FFFF6A
:1000900081FAFFFF4AFBFFFF13FCFFFFDCFCFFFFC1
:1000A000A5FDFFFF6EFEFFFF37FFFFFF38021000C8
:1000B00001FFFFFF0600FFFF0000FF0039021101F2
:1000C00001FFFFFF0601FFFF0001FF003A021202DD
:1000D00001FFFFFF0602FFFF0002FF002E2E2F751B
:1000E00073622F6465766963652F75736264632E2E
:1000F000630000002E2E2F68616C2F7574696C737D
:100100002F7372632F7574696C735F6C6973742ECF
:1001100063000000540104004401040024010400B1
:10012000340104000402010100FF0BFFFFFFFFFF89
:10013000FFFFFF000302000000FF0AFFFFFFFFFFB9
:10014000FFFFFF000502020200FF04FFFFFFFFFFA9
:10015000FFFFFF000901040400FF06FFFFFFFFFF90
:10016000FFFFFF0000000000000000003DAE0100A6
:100170006DB0010041AE010045AE010065B1010066
:1001800081B1010035AE0100DDCD000055B00100A8
:100190001DB201000000000000000000BDB201001F
:1001A000CDB20100C1B20100C5B2010021B501000C
:1001B000C9B20100D9CD0000DDCD0000F5B30100CA
:1001C0006DB40100000000000000000069B50100EE
:1001D0003DB601006DB5010071B50100D9BA01004D
:1001E00085B5010035AE0100DDCD0000CDB80100C0
:1001F00019BB010000380040003C004000A0014154
:1002000000C00141001400420018004200140043E5
:100210000018004300000000000000008DBB01003A
:1002200025C0010091BB010095BB010059BC010034
:1002300095BC010035AE0100DDCD000049BE0100D6
:100240005DBF01000060014100800141000C0042DF
:1002500000100042001000430000000000000000F9
:1002600069A9020000000000000000007DD201002A
:10027000D9D2010081D2010085D2010049D3010009
:10028000A5D3010085D30100B5CD000095D20100B2
:1002900099D20100000000000000000069D40100B4
:1002A00079D4010095E30100F1D601009DD501004C
:1002B000DD0A01008DD40100C5D4010005D501007F
:1002C000E1D40100F1D4010045D5010061D4010061
:1002D000E50A010009D80100E10A0100DDD90100A9
:1002E000F9D80100003000400034004000200141F6
:1002F00000400141000000430004004300080043A7
:10030000000C0043000000000000000069D4010060
:1003100079D4010065EA0100B9EA0100F5E80100BD
:10032000DD0A01008DD40100C5D4010005D501000E
:10033000E1D40100F1D4010045D5010061D40100F0
:10034000E50A010009D80100E10A0100DDD9010038
:10035000F9D8010049E8010011E9010059E801005C
:1003600065E8010075E80100FDEB010089E8010086
:1003700005EB010095E80100BCFEFFFF0000000056
:1003800051E801005DEA01005DE801006DE801004F
:1003900081E80100B1EC01008DE80100B5CD00005D
:1003A00099E80100F5EB01000000000000000000EA
:1003B000B9EC0100BDEC0100C9EC0100CDEC01007D
:1003C000E1EC0100F9EC0100D1EC0100B5CD000039
:1003D000D5EC0100D9EC01006431002000000000E0
:1003E00040000000A4310020000000004000000098
:1003F000E43100200000000040000000FFFFFFFF8C
:10040000000000001C000400244C00205C3A002086
:1004100004040400980404008C0404008004040014
:1004200074040400680404005C0404005004040024
:100430004404040038040400FC0510009C4D002016
:10044000603A002010001000CCAE0020643A00207A
:1004500010000700ECB40020683A002018000F00DC
:1004600060AD00206C3A002020000500B4B00020F0
:10047000703A002010001000984C0020743A0020C0
:100480001C000800D0AF0020783A00209C00050036
:10049000DCB100207C3A00202000040058B100208C
:1004A000803A002078B500207CB5002070B500208F
:1004B00080B5002003060C183060780001020304A8
:1004C000050607070707070707000000F8040400F0
:1004D00000050400080504001405040020050400BC
:1004E0002C050400380504004405040050050400F0
:1004F0005805040064050400434C4F534544000074
:100500004C495354454E000053594E5F53454E5489
:100510000000000053594E5F524356440000000053
:1005200045535441424C49534845440046494E5F67
:10053000574149545F31000046494E5F5741495485
:100540005F320000434C4F53455F57414954000010
:10055000434C4F53494E47004C4153545F41434B2A
:100560000000000054494D455F57414954000000C8
:10057000FA0000008D5F0200E8030000D5A202002F
:10058000E80300003135020060EA00006922020041
:10059000F40100003D240200640000000D990200F7
:1005A000E8030000590E020007000000FFFFFFFFF4
:1005B000FFFF0000000000000000000000009201AA
:1005C0002403B6044806D9076B09FB0A8C0C1C0EE1
:1005D000AB0F3A11C8125514E2156E17F918831AA9
:1005E0000C1C931D1A1F9F202422A7232825A82610
:1005F0002728A4291F2B992C112E872FFC306E320F
:10060000DF334E35BA3625388D39F33A573CB83D8D
:10061000173F7440CE4126437B44CD451D476A4871
:10062000B449FB4A404C814DC04EFB4F3451695296
:100630009B53CA54F6551E5743586459825A9D5BC2
:10064000B45CC85DD75EE45FEC60F161F262EF63B9
:10065000E964DE65D066BD67A7688C696E6A4B6B1E
:10066000246CF96CCA6D976E5F6F2370E3709E7196
:1006700055720873B67360740575A6754276D9769F
:100680006C77FB7785780A798A79067A7D7AEF7AB2
:100690005D7BC67B2A7C897CE47C3A7D8A7DD67D25
:1006A0001E7E607E9D7ED67E0A7F387F627F877F3A
:1006B000A77FC27FD97FEA7FF67FFE7FFF7FFE7F25
:1006C000F67FEA7FD97FC27FA77F877F627F387FEF
:1006D0000A7FD67E9D7E607E1E7ED67D8A7D3A7D97
:1006E000E47C897C2A7CC67B5D7BEF7A7D7A067A06
:1006F0008A790A798578FB776C77D9764276A67500
:1007000005756074B673087355729E71E37023703B
:100710005F6F976ECA6DF96C246C4B6B6E6A8C6957
:10072000A768BD67D066DE65E964EF63F262F161D8
:10073000EC60E45FD75EC85DB45C9D5B825A64592F
:1007400043581E57F655CA549B5369523451FB4FB8
:10075000C04E814D404CFB4AB4496A481D47CD45C7
:100760007B442643CE417440173FB83D573CF33A93
:100770008D392538BA364E35DF336E32FC30872F4F
:10078000112E992C1F2BA4292728A8262825A7231A
:1007900024229F201A1F931D0C1C831AF9186E1710
:1007A000E2155514C8123A11AB0F1C0E8C0CFB0A43
:1007B0006B09D9074806B6042403920100006EFEB7
:1007C000DCFC4AFBB8F927F895F605F574F3E4F17B
:1007D00055F0C6EE38EDABEB1EEA92E807E77DE593
:1007E000F4E36DE2E6E061DFDCDD59DCD8DA58D90C
:1007F000D9D75CD6E1D467D3EFD179D004CF92CDED
:1008000021CCB2CA46C9DBC773C60DC5A9C348C24D
:10081000E9C08CBF32BEDABC85BB33BAE3B896B749
:100820004CB605B5C0B37FB240B105B0CCAE97AD04
:1008300065AC36AB0AAAE2A8BDA79CA67EA563A4B8
:100840004CA338A229A11CA0149F0F9E0E9D119CA1
:10085000179B229A30994398599774969295B5941C
:10086000DC93079336926991A190DD8F1D8F628E84
:10087000AB8DF88C4A8CA08BFB8A5A8ABE8927895B
:10088000948805887B87F6867686FA858385118528
:10089000A3843A84D68377831C83C68276822A8295
:1008A000E281A08163812A81F680C8809E80798060
:1008B00059803E80278016800A8002800080028056
:1008C0000A80168027803E80598079809E80C8806B
:1008D000F6802A816381A081E2812A827682C682A3
:1008E0001C837783D6833A84A38411858385FA8514
:1008F0007686F6867B87058894882789BE895A8AFA
:10090000FB8AA08B4A8CF88CAB8D628E1D8FDD8F9D
:10091000A190699136920793DC93B5949295749661
:10092000599743983099229A179B119C0E9D0F9EC0
:10093000149F1CA029A138A24CA363A47EA59CA649
:10094000BDA7E2A80AAA36AB65AC97ADCCAE05B0A0
:1009500040B17FB2C0B305B54CB696B7E3B833BA71
:1009600085BBDABC32BE8CBFE9C048C2A9C30DC585
:1009700073C6DBC746C9B2CA21CC92CD04CF79D0A9
:10098000EFD167D3E1D45CD6D9D758D9D8DA59DCBE
:10099000DCDD61DFE6E06DE2F4E37DE507E792E8A8
:1009A0001EEAABEB38EDC6EE55F0E4F174F305F555
:1009B00095F627F8B8F94AFBDCFC6EFE0000000053
:1009C00070757265207669727475616C206D6574DE
:1009D000686F642063616C6C65640A007374643AC8
:1009E0003A6261645F616C6C6F6300000C0B040021
:1009F000F80904004C0A04005374396261645F61B1
:100A00006C6C6F630000000000000000EC09040043
:100A100085A9020099A902007DA902007374643AB5
:100A20003A6261645F657863657074696F6E000037
:100A3000800B0400540A0400800B0400740A0400B4
:100A40000C0B0400980A04004C0A0400800B0400FC
:100A5000AC0A04004E31305F5F637878616269767A
:100A60003131355F5F666F726365645F756E77699C
:100A70006E6445004E31305F5F63787861626976FD
:100A80003131395F5F666F726569676E5F65786384
:100A9000657074696F6E4500537431336261645FD1
:100AA000657863657074696F6E0000005374396512
:100AB0007863657074696F6E0000000000000000CC
:100AC000400A040011AB02001DAB020015AB02008E
:100AD0000C0B0400DC0A0400480B04004E31305FAC
:100AE0005F637878616269763132305F5F73695F26
:100AF000636C6173735F747970655F696E666F456F
:100B00000000000000000000D00A0400E5AC020074
:100B1000F9AC020011AE020011AE0200CDAE02002F
:100B200041AE0200E1AD020051AD020015AD020080
:100B3000800B0400380B0400537439747970655FBE
:100B4000696E666F000000000C0B0400540B04007B
:100B5000300B04004E31305F5F63787861626976F4
:100B60003131375F5F636C6173735F747970655F98
:100B7000696E666F4500000000000000480B04002D
:100B800085AE020099AE020011AE020011AE020065
:100B9000CDAE020041AE0200B5AE0200F9AE0200D9
:100BA00079AE02007465726D696E6174652063616F
:100BB0006C6C6564207265637572736976656C79B7
:100BC0000A0000007465726D696E6174652063616E
:100BD0006C6C6564206166746572207468726F77EE
:100BE000696E6720616E20696E7374616E63652043
:100BF0006F66202700000000270A00007465726DF0
:100C0000696E6174652063616C6C656420776974DA
:100C1000686F757420616E20616374697665206504
:100C20007863657074696F6E0A0000002020776831
:100C3000617428293A202000740000001C1404006C
:100C4000030000001C14040003000000000000006A
:100C50000000000061000000201704000E000000EA
:100C6000201704000E0000003017040009000000E7
:100C7000620000003C170400110000003C17040053
:100C800011000000501704000C0000007300000069
:100C9000601704000B0000006C1704004600000001
:100CA000501704000C00000069000000B417040095
:100CB0000C000000C417040031000000F817040005
:100CC0000D0000006F000000081804000C00000078
:100CD00018180400310000004C1804000D0000003A
:100CE000640000005C1804000D0000006C18040093
:100CF00032000000A01804000E000000A41A040036
:100D00000B000000A41A04000B000000000000000B
:100D1000B01A040004000000B81A04000700000024
:100D200007000000C01A040004000000C81A0400F4
:100D30000400000000000000D01A040006000000BB
:100D4000D01A04000600000008000000D81A0400B1
:100D50000B000000D81A04000B000000080000007F
:100D6000E41A040005000000E41A04000500000075
:100D700008000000EC1A04000A000000EC1A04004D
:100D80000A00000008000000F81A04000D0000002E
:100D9000F81A04000D00000000000000081B040009
:100DA00003000000081B0400030000000100000015
:100DB0000C1B04000C0000001C1B040008000000B9
:100DC0000200000000000000000000000000000021
:100DD0000000000000000000281B040004000000C8
:100DE000281B04000400000003000000301B040066
:100DF0000D000000301B04000D0000000400000086
:100E0000401B040008000000401B04000800000014
:100E1000000000004C1B0400110000004C1B0400EB
:100E200011000000000000000000000000000000B1
:100E300000000000000000000000000000000000B2
:100E400000000000000000000000000000000000A2
:100E50000000000000000000000000000000000092
:100E600000000000601B040005000000601B04007F
:100E70000500000000000000681B04000E000000D8
:100E8000681B04000E0000000000000000000000CD
:100E90000000000000000000000000000000000052
:100EA000781B040004000000781B0400040000000C
:100EB00009000000801B040007000000C01A0400A5
:100EC0000400000000000000881B0400090000006E
:100ED000281B04000400000005000000941B04000F
:100EE00012000000941B0400120000000600000025
:100EF0002C160400030000002C1604000300000060
:100F000000000000A81B040009000000A81B04004A
:100F10000900000000000000B41B040009000000EC
:100F2000B41B04000900000000000000C01B040006
:100F30000A000000C01B04000A00000000000000BE
:100F4000CC1B040004000000CC1B040004000000C3
:100F500008000000D41B040008000000D41B04009B
:100F60000800000000000000E01B04000800000072
:100F7000E01B04000800000000000000EC1B04005F
:100F800011000000EC1B0400110000000000000034
:100F9000B0180400B41804000200000002000000B1
:100FA000B8180400BC180400010000000200000092
:100FB000C0180400E4160400020000000200000053
:100FC000EC150400C418040001000000010000003A
:100FD000C8180400C418040001000000020000004A
:100FE000CC180400D0180400080000000100000024
:100FF000DC180400D0180400080000000100000004
:10100000E0180400E41804000A00000002000000D8
:10101000FC130400F01804000200000002000000AD
:10102000F4180400FCDE03000100000002000000D0
:10103000F8180400FC180400010000000100000082
:10104000001904000419040002000000020000005E
:10105000081904000C190400090000000100000038
:10106000181904001C1904000C0000000200000004
:101070002C190400301904000100000001000000D8
:1010800034190400381904000700000001000000B2
:10109000401904004419040002000000020000008E
:1010A000001404006C1A040001000000020000009B
:1010B000481904004C19040001000000020000005F
:1010C000501904005419040002000000020000003E
:1010D000581904005C19040001000000020000001F
:1010E00060190400641904000200000002000000FE
:1010F000681904002C16040003000000030000001F
:101100006C1904002C16040003000000030000000A
:10111000701904002C1604000300000002000000F7
:10112000741904002C1604000300000002000000E3
:10113000781904007C19040002000000020000007D
:10114000F015040044140400020000000100000037
:1011500080190400F41704000100000002000000E0
:10116000F8150400641404000200000002000000EE
:101170008419040088190400030000000200000024
:1011800064E803008C190400020000000200000063
:1011900038140400901904000B0000000100000046
:1011A0009C190400A01904000200000002000000C5
:1011B000A4190400A81904000100000002000000A6
:1011C000AC190400B0190400020000000200000085
:1011D000B4190400B8190400020000000200000065
:1011E000BC190400C0190400010000000200000046
:1011F000C4190400301904000100000002000000BE
:1012000050DE0300C81904000200000001000000C5
:10121000CC190400D01904000500000003000000F0
:10122000D8190400DC1904000200000002000000CC
:10123000A41B0400C019040001000000010000000C
:10124000E0190400E419040001000000010000009E
:10125000E8190400EC19040003000000030000007A
:10126000F0190400F419040002000000020000005C
:10127000F8190400FC19040002000000020000003C
:101280002C170400001A04000100000002000000F6
:10129000041A0400081A0400020000000200000002
:1012A0000C1A0400101A04000100000002000000E3
:1012B000141A0400181A04000300000002000000C1
:1012C0001C1A0400201A04000200000001000000A3
:1012D000241A0400101A040001000000010000009C
:1012E00004140400281A0400020000000200000098
:1012F0000814040094E9030001000000030000004A
:101300002C1A0400301A0400020000000200000041
:10131000341A0400381A0400030000000200000020
:101320003C1A0400401A04001000000002000000F3
:10133000541A0400581A04000100000002000000C2
:101340005C1A0400601A04000200000002000000A1
:10135000F8130400641A04000900000001000000F2
:10136000AC160400641A040009000000010000002B
:10137000701A0400741A04000B0000000200000040
:10138000EC180400801A04000700000001000000AF
:10139000881A0400801A0400070000000100000001
:1013A0008C1A0400901A04000500000000000000E0
:1013B000981A04009C1A04000600000001000000B6
:1013C000000000000000000000000000000000001D
:1013D0005F474C4F42414C5F0000000028616E6F38
:1013E0006E796D6F7573206E616D65737061636585
:1013F000290000002564000073500000636C0000A9
:101400006474000070740000717500007374726978
:101410006E67206C69746572616C0000737464009F
:101420006175746F000000006465636C74797065A9
:10143000286175746F2900006C6900005B61626946
:101440003A0000003A3A00007B64656661756C748E
:1014500020617267230000007D3A3A004A417272AF
:10146000617900005B5D00006175746F3A000000F7
:10147000767461626C6520666F7220005654542049
:10148000666F722000000000636F6E737472756384
:1014900074696F6E20767461626C6520666F72206D
:1014A000000000002D696E2D000000007479706549
:1014B000696E666F20666F72200000007479706537
:1014C000696E666F206E616D6520666F7220000028
:1014D00074797065696E666F20666E20666F722023
:1014E000000000006E6F6E2D7669727475616C205D
:1014F0007468756E6B20746F20000000636F7661F6
:101500007269616E742072657475726E207468758C
:101510006E6B20746F2000006A61766120436C61FD
:10152000737320666F722000677561726420766144
:10153000726961626C6520666F722000544C5320A2
:10154000696E69742066756E6374696F6E20666F6C
:1015500072200000544C53207772617070657220C5
:1015600066756E6374696F6E20666F72200000008E
:101570007265666572656E63652074656D706F7205
:10158000617279202300000068696464656E2061DF
:101590006C69617320666F72200000006E6F6E2DA3
:1015A0007472616E73616374696F6E20636C6F6EC9
:1015B0006520666F722000005F5361742000000098
:1015C0005F416363756D00005F4672616374000084
:1015D0002C2000006F70657261746F720000000053
:1015E0006F70657261746F722000000061640000AA
:1015F000677300003E28000069780000203A200050
:101600006E65772000000000756C0000756C6C0042
:101610006A617661207265736F7572636520000080
:101620006465636C74797065202800002E2E2E008E
:1016300074686973000000007B7061726D230000A4
:10164000676C6F62616C20636F6E73747275637424
:101650006F7273206B6579656420746F20000000E1
:10166000676C6F62616C2064657374727563746F0C
:101670007273206B6579656420746F200000000030
:101680007B6C616D6264612800000000292300000A
:101690007B756E6E616D65642074797065230000E2
:1016A000205B636C6F6E652000000000735A0000C1
:1016B00020726573747269637400000020766F6C29
:1016C0006174696C6500000020636F6E73740000C4
:1016D000207472616E73616374696F6E5F736166AB
:1016E0006500000026260000636F6D706C65782031
:1016F00000000000696D6167696E61727920000009
:101700003A3A2A00205F5F766563746F72280000A2
:10171000282E2E2E000000002E2E2E290000000064
:101720007374643A3A616C6C6F6361746F72000039
:10173000616C6C6F6361746F720000007374643A63
:101740003A62617369635F737472696E6700000067
:1017500062617369635F737472696E670000000091
:101760007374643A3A737472696E67007374643A9E
:101770003A62617369635F737472696E673C636830
:1017800061722C207374643A3A636861725F747298
:10179000616974733C636861723E2C207374643AAF
:1017A0003A616C6C6F6361746F723C636861723E26
:1017B000203E00007374643A3A6973747265616D17
:1017C000000000007374643A3A62617369635F6990
:1017D00073747265616D3C636861722C207374640C
:1017E0003A3A636861725F7472616974733C6368EA
:1017F00061723E203E00000062617369635F69733D
:10180000747265616D0000007374643A3A6F7374AA
:101810007265616D000000007374643A3A6261732E
:1018200069635F6F73747265616D3C636861722C8C
:10183000207374643A3A636861725F7472616974A8
:10184000733C636861723E203E0000006261736910
:10185000635F6F73747265616D0000007374643A46
:101860003A696F73747265616D0000007374643A55
:101870003A62617369635F696F73747265616D3C2D
:10188000636861722C207374643A3A636861725FB2
:101890007472616974733C636861723E203E00003B
:1018A00062617369635F696F73747265616D000073
:1018B000614E0000263D0000615300003D00000025
:1018C0006161000026000000616E0000617400008C
:1018D000616C69676E6F662000000000617A00002D
:1018E00063630000636F6E73745F63617374000001
:1018F00028290000636D0000636F00007E00000077
:10190000645600002F3D00006461000064656C6552
:1019100074655B5D200000006463000064796E61A3
:101920006D69635F636173740000000064650000AB
:101930002A000000646C000064656C65746520001A
:10194000647300002E2A0000647600002F0000005F
:10195000654F00005E3D0000656F00005E00000006
:10196000657100003D3D0000664C000066520000BD
:10197000666C000066720000676500003E3D000076
:10198000677400006C5300003C3C3D003C3D00008F
:101990006F70657261746F72222220006C73000098
:1019A0003C3C00006C7400003C0000006D490000ED
:1019B0002D3D00006D4C00002A3D00006D690000C7
:1019C0002D0000006D6C00002D2D00006E610000E8
:1019D0006E65775B5D0000006E650000213D0000D4
:1019E0006E740000210000006E7700006E657700C5
:1019F0006F5200007C3D00006F6F00007C7C000097
:101A00007C000000704C00002B3D0000706C00005A
:101A10002B000000706D00002D3E2A007070000049
:101A20002B2B0000707300002D3E0000724D000053
:101A3000253D0000725300003E3E3D0072630000F1
:101A40007265696E746572707265745F63617374D8
:101A500000000000726D000025000000727300009D
:101A60003E3E000073697A656F662E2E2E000000E0
:101A7000736300007374617469635F6361737400FE
:101A800073697A656F662000737A000074720000D3
:101A90007468726F77000000747700007468726F6A
:101AA000772000007369676E656420636861720067
:101AB000626F6F6C00000000626F6F6C65616E009A
:101AC00063686172000000006279746500000000C4
:101AD000646F75626C6500006C6F6E6720646F7573
:101AE000626C6500666C6F61740000005F5F666C1D
:101AF0006F61743132380000756E7369676E6564AA
:101B00002063686172000000696E7400756E73690D
:101B1000676E656420696E7400000000756E7369FD
:101B2000676E6564000000006C6F6E670000000067
:101B3000756E7369676E6564206C6F6E6700000078
:101B40005F5F696E7431323800000000756E736932
:101B5000676E6564205F5F696E7431323800000023
:101B600073686F7274000000756E7369676E6564E8
:101B70002073686F72740000766F69640000000063
:101B800077636861725F74006C6F6E67206C6F6E54
:101B900067000000756E7369676E6564206C6F6E18
:101BA00067206C6F6E670000646563696D616C33FC
:101BB00032000000646563696D616C3634000000BA
:101BC000646563696D616C313238000068616C6610
:101BD000000000006368617231365F74000000002D
:101BE0006368617233325F74000000006465636C87
:101BF00074797065286E756C6C70747229000000C1
:101C00007371727400000000706F7766000000004E
:101C10007371727466000000FB21F93FFB210940DB
:101C20007CD91240FB2119407A6A1F407CD922409E
:101C3000BBFD2540FB2129403A462C407A6A2F40C3
:101C40005C4731407CD932409C6B3440BBFD354011
:101C5000DB8F3740FB2139401BB43A403A463C40C9
:101C60005AD83D407A6A3F404C7E40405C474140F4
:101C70006C1042407CD942408CA243409C6B444053
:101C8000AC344540BBFD4540CBC64640DB8F4740AA
:101C9000EB584840FB21494083F9A200444E6E00B6
:101CA000FC291500D1572700DD34F50062DBC000A8
:101CB0003C999500419043006351FE00BBDEAB00B0
:101CC000B761C5003A6E2400D24D42004906E000DB
:101CD00009EA2E001C92D100EB1DFE0029B11C0068
:101CE000E83EA700F535820044BB2E009CE9840045
:101CF000B4267000417E5F00D691390053833900CD
:101D00009CF439008B5F840028F9BD00F81F3B006C
:101D1000DEFF97000F980500112FEF000A5A8B0085
:101D20006D1F6D00CF7E360009CB2700464FB700F0
:101D30009E663F002DEA5F00BA277500E5EBC700FD
:101D40003D7BF100F739070092528A00FB6BEA00F5
:101D50001FB15F00085D8D00300356007BFC46001C
:101D6000F0AB6B0020BCCF0036F49A00E3A91D0055
:101D70005E619100081BE60085996500A0145F0074
:101D80008D40680080D8FF0027734D0006063100A3
:101D9000CA561500C9A873007BE260006B8CC000B6
:101DA00000000040FB21F93F000000002D44743E7C
:101DB000000000809846F83C0000006051CC783B61
:101DC00000000080831BF0390000004020257A3895
:101DD000000000802282E336000000001DF3693518
:101DE00002000000030000000400000006000000E4
:101DF0004FBB610567ACDD3F182D4454FB21E93F23
:101E00009BF681D20B73EF3F182D4454FB21F93F11
:101E1000E2652F227F2B7A3C075C143326A6813C97
:101E2000BDCBF07A8807703C075C143326A6913C42
:101E3000000000000000304300000000000030C33C
:101E40002801002043000000504F53495800000073
:101E50006E660000696E697479000000350000004C
:101E6000CEFBFFFFCB0300000100000000000000DC
:101E700034000000CEFBFFFFCB0300000100000098
:101E80000000000000000000BC89D897B2D29C3C42
:101E900033A7A8D523F649393DA7F444FD0FA53251
:101EA0009D978CCF08BA5B25436FAC6428066811F8
:101EB000494E4600696E66004E414E006E616E00EE
:101EC0003031323334353637383941424344454670
:101ED0000000000030313233343536373839616232
:101EE0006364656600000000286E756C6C29000054
:101EF0003000000020202020202020202020202032
:101F00002020202030303030303030303030303011
:101F10003030303000202020202020202020282891
:101F20002828282020202020202020202020202099
:101F300020202020208810101010101010101010D9
:101F40001010101010040404040404040404041009
:101F50001010101010104141414141410101010197
:101F60000101010101010101010101010101010161
:101F7000101010101010424242424242020202026D
:101F80000202020202020202020202020202020231
:101F900010101010200000000000000000000000E1
:101FA0000000000000000000000000000000000031
:101FB0000000000000000000000000000000000021
:101FC0000000000000000000000000000000000011
:101FD0000000000000000000000000000000000001
:101FE00000000000000000000000000000000000F1
:101FF00000000000000000000000000000000000E1
:1020000000000000000000000000000000000000D0
:102010000000000000000000496E66696E69747976
:10202000000000004E614E000000000000000000B3
:1020300000000000000000000000000000000000A0
:102040000000000000000000000000000000000090
:1020500000000000000000001011121314151617E4
:102060001819000000000000001A1B1C1D1E1F0094
:102070000000000000000000000000000000000060
:102080000000000000000000001A1B1C1D1E1F00A5
:102090000000000000000000000000000000000040
:1020A0000000000000000000000000000000000030
:1020B0000000000000000000000000000000000020
:1020C0000000000000000000000000000000000010
:1020D0000000000000000000000000000000000000
:1020E00000000000000000000000000000000000F0
:1020F00000000000000000000000000000000000E0
:1021000000000000000000000000000000000000CF
:1021100000000000000000000000000000000000BF
:1021200000000000000000000080E03779C3414358
:10213000176E05B5B5B89346F5F93FE9034F384D2D
:10214000321D30F94877825A3CBF737FDD4F1575D9
:10215000000000000000F03F0000000000002440EC
:1021600000000000000059400000000000408F40C7
:10217000000000000088C34000000000006AF84032
:102180000000000080842E4100000000D012634156
:102190000000000084D797410000000065CDCD41CC
:1021A000000000205FA00242000000E876483742AD
:1021B000000000A2941A6D42000040E59C30A2424B
:1021C0000000901EC4BCD64200003426F56B0C43C0
:1021D0000080E03779C3414300A0D8855734764367
:1021E00000C84E676DC1AB43003D9160E458E143C8
:1021F000408CB5781DAF154450EFE2D6E41A4B443D
:1022000092D54D06CFF08044F64AE1C7022DB54481
:10221000B49DD9794378EA44050000001900000014
:082220007D0000000000000039
:1022280008B10181B0B00084000000008D92FE7FEB
:102238008408B101B0B0B000FF1019010C02060803
:10224800010C0410051C0A000001007F00007D003D
:10225800000000000000000008B10181B0B0008457
:102268000000000008B10181B0B000840000000047
:102278004992FE7FB0AF0400FF101D011224043AFA
:10228800012E0432017850C80100D0010400000179
:1022980000000000000000002192FE7FA908B100A4
:1022A800FFFF010008B10181B0B000840000000008
:1022B8000992FE7FB0AF1600FF1015010B20CA0867
:1022C8000000A60904B00901010000000000000098
:1022D800E991FE7FB0AA0100FF10290118343000EF
:1022E800006804940103721A0000B00118E20100AA
:1022F800CC012600000200017D0000000000000063
:1023080044E7FFFF08B10181B0B00084000000007D
:0C23180008B10181B0B00084000000009A
:102324000886FE7FB0B0A8803C86FE7FF8FEFF7F63
:102334004886FE7F01000000F087FE7FF4FEFF7FE9
:102344001088FE7F010000001C88FE7F10FFFF7FC5
:102354001C88FE7F14FFFF7F2888FE7F0100000099
:102364004088FE7FB0B0A8807C88FE7FAB08B18037
:10237400F088FE7FB0B0A8805889FE7F010000007D
:102384005C8AFE7FB0B0AC80808AFE7F01000000D2
:10239400AC8AFE7FB0AA0380DC8AFE7F01000000C5
:1023A400A48BFE7FB0AB0280548CFE7F0100000042
:1023B4007C8DFE7FC0FEFF7F548EFE7FE0FEFF7F9C
:1023C400C88EFE7F010000005C8FFE7FAB08B180E9
:1023D4001490FE7FD4FEFF7F4C90FE7FAB08B1804B
:1023E400DC90FE7FD0FEFF7F8C95FE7FE8FEFF7FB2
:1023F4009496FE7F01000000A839FF7FB0A90280F7
:10240400403AFF7FB0B0A880903AFF7F01000000FF
:102414009C3AFF7FB0B0AA80D43AFF7FAE71B280FD
:10242400A43BFF7F01000000A03BFF7FAB3F38804F
:10243400F83BFF7F01000000043CFF7FB0B0AA809E
:10244400403CFF7F01000000F43CFF7FAB0EB280F4
:102454005C3DFF7FB0AF0A802440FF7F0100000095
:102464002840FF7FAB3F04806842FF7F01000000EB
:102474004444FF7F008404805844FF7F010000002F
:102484005444FF7FB0AD04801C47FF7FB0A8038095
:102494003C47FF7F74FEFF7F4047FF7F78FEFF7F4E
:0824A4004C47FF7F010000001E
:1024AC0003000000010000007869000090D00300D8
:1024BC0090D00300000000000000000000407F40AE
:1024CC0028000020FF000020120100020200004042
:1024DC00902822800001010203010902430002013D
:1024EC000080FA090400000102020000052400012A
:1024FC001005240101000424020205240600010732
:10250C0005820340000A09040100020A00000007CA
:10251C000501024000000705810240000004030988
:10252C00041A03540065006B006E00690063002CF4
:10253C0000200049006E0063002E00220354006549
:10254C00006B006E0069006300200043006C0065A6
:10255C00006100720043006F00720065004203319D
:10256C0000320033003400350036003700380039B3
:10257C000041004200430044004500460030003159
:10258C000032003300340035003600370038003993
:10259C00004100420043004400450046003000006A
:1025AC00000E2707000000007995010000C0000014
:1025BC006E19000000C0000055AB020079B9020092
:1025CC00010000002801002000000000140400207D
:1025DC007C040020E4040020000000000000000047
:1025EC0000000000000000000000000000000000DF
:1025FC0000000000000000000000000000000000CF
:10260C0000000000000000000000000000000000BE
:10261C0000000000000000000000000000000000AE
:10262C00000000000000000000000000000000009E
:10263C00000000000000000000000000000000008E
:10264C00000000000000000000000000000000007E
:10265C00000000000000000000000000000000006E
:10266C00000000000000000000000000000000005E
:10267C0001000000000000000E33CDAB34126DE6FB
:10268C00ECDE05000B000000000000000000000064
:10269C00000000000000000000000000000000002E
:1026AC00000000000000000000000000000000001E
:1026BC00000000000000000000000000000000000E
:1026CC0000000000000000000000000000000000FE
:1026DC0000000000000000000000000000000000EE
:1026EC0000000000000000000000000000000000DE
:1026FC0000000000000000000000000000000000CE
:10270C0000000000000000000000000000000000BD
:10271C0000000000000000000000000000000000AD
:10272C00000000000000000000000000000000009D
:10273C00000000000000000000000000000000008D
:10274C00000000000000000000000000000000007D
:10275C00000000000000000000000000000000006D
:10276C00000000000000000000000000000000005D
:10277C00000000000000000000000000000000004D
:10278C00000000000000000000000000000000003D
:10279C00000000000000000000000000000000002D
:1027AC00000000000000000000000000000000001D
:1027BC00000000000000000000000000000000000D
:1027CC0000000000000000000000000000000000FD
:1027DC0000000000000000000000000000000000ED
:1027EC0000000000000000000000000000000000DD
:1027FC0000000000000000000000000000000000CD
:10280C0000000000000000000000000000000000BC
:10281C0000000000000000000000000000000000AC
:10282C00000000000000000000000000000000009C
:10283C00000000000000000000000000000000008C
:10284C00000000000000000000000000000000007C
:10285C00000000000000000000000000000000006C
:10286C00000000000000000000000000000000005C
:10287C00000000000000000000000000000000004C
:10288C00000000000000000000000000000000003C
:10289C00000000000000000000000000000000002C
:1028AC00000000000000000000000000000000001C
:1028BC00000000000000000000000000000000000C
:1028CC0000000000000000000000000000000000FC
:1028DC0000000000000000000000000000000000EC
:1028EC0000000000000000000000000000000000DC
:1028FC0000000000000000000000000000000000CC
:10290C0000000000000000000000000000000000BB
:10291C0000000000000000000000000000000000AB
:10292C00000000000000000000000000000000009B
:10293C00000000000000000000000000000000008B
:10294C00000000000000000000000000000000007B
:10295C00000000000000000000000000000000006B
:10296C00000000000000000000000000000000005B
:10297C00000000000000000000000000000000004B
:10298C00000000000000000000000000000000003B
:10299C00000000000000000000000000000000002B
:1029AC00000000000000000000000000000000001B
:1029BC00000000000000000000000000000000000B
:1029CC0000000000000000000000000000000000FB
:1029DC0000000000000000000000000000000000EB
:1029EC0000000000000000000000000000000000DB
:1029FC004300000000000000000000000000000088
:102A0C0000000000000000000000000000000000BA
:102A1C004300000000000000000000000000000067
:102A2C00000000000000000000000000000000009A
:102A3C004300000000000000000000000000000047
:102A4C00000000000000000000000000000000007A
:102A5C004300000000000000000000000000000027
:102A6C00000000000000000000000000000000005A
:102A7C004300000000000000000000000000000007
:102A8C00000000000000000000000000000000003A
:102A9C0043000000000000000000000000000000E7
:102AAC00000000000000000000000000000000001A
:102ABC0043000000000000000000000000000000C7
:102ACC0000000000000000000000000000000000FA
:102ADC008DAA03001D77030000000000141F0400E2
:102AEC006C1A0400A8160400A8160400A81604000A
:102AFC00A8160400A8160400A8160400A8160400C2
:102B0C00A8160400A8160400FFFFFFFFFFFFFFFF3D
:102B1C00FFFFFFFFFFFF0000010041534349490045
:102B2C000000000000000000000000000000000099
:102B3C000000000000000000000041534349490020
:102B4C000000000000000000000000000000000079
:102B5C000000000000000000000000000000000069
:102B6C0000000000BC060020BC060020C4060020AB
:102B7C00C4060020CC060020CC060020D406002081
:102B8C00D4060020DC060020DC060020E406002031
:102B9C00E4060020EC060020EC060020F4060020E1
:102BAC00F4060020FC060020FC0600200407002090
:102BBC00040700200C0700200C070020140700203D
:102BCC00140700201C0700201C07002024070020ED
:102BDC00240700202C0700202C070020340700209D
:102BEC00340700203C0700203C070020440700204D
:102BFC00440700204C0700204C07002054070020FD
:102C0C00540700205C0700205C07002064070020AC
:102C1C00640700206C0700206C070020740700205C
:102C2C00740700207C0700207C070020840700200C
:102C3C00840700208C0700208C07002094070020BC
:102C4C00940700209C0700209C070020A40700206C
:102C5C00A4070020AC070020AC070020B40700201C
:102C6C00B4070020BC070020BC070020C4070020CC
:102C7C00C4070020CC070020CC070020D40700207C
:102C8C00D4070020DC070020DC070020E40700202C
:102C9C00E4070020EC070020EC070020F4070020DC
:102CAC00F4070020FC070020FC070020040800208B
:102CBC00040800200C0800200C0800201408002038
:102CCC00140800201C0800201C08002024080020E8
:102CDC00240800202C0800202C0800203408002098
:102CEC00340800203C0800203C0800204408002048
:102CFC00440800204C0800204C08002054080020F8
:102D0C00540800205C0800205C08002064080020A7
:102D1C00640800206C0800206C0800207408002057
:102D2C00740800207C0800207C0800208408002007
:102D3C00840800208C0800208C08002094080020B7
:102D4C00940800209C0800209C080020A408002067
:102D5C00A4080020AC080020AC080020B408002017
:102D6C00B4080020BC080020BC080020C4080020C7
:102D7C00C4080020CC080020CC080020D408002077
:102D8C00D4080020DC080020DC080020E408002027
:102D9C00E4080020EC080020EC080020F4080020D7
:102DAC00F4080020FC080020FC0800200409002086
:102DBC00040900200C0900200C0900201409002033
:102DCC00140900201C0900201C09002024090020E3
:102DDC00240900202C0900202C0900203409002093
:102DEC00340900203C0900203C0900204409002043
:102DFC00440900204C0900204C09002054090020F3
:102E0C00540900205C0900205C09002064090020A2
:102E1C00640900206C0900206C0900207409002052
:102E2C00740900207C0900207C0900208409002002
:102E3C00840900208C0900208C09002094090020B2
:102E4C00940900209C0900209C090020A409002062
:102E5C00A4090020AC090020AC090020B409002012
:102E6C00B4090020BC090020BC090020C4090020C2
:102E7C00C4090020CC090020CC090020D409002072
:102E8C00D4090020DC090020DC090020E409002022
:102E9C00E4090020EC090020EC090020F4090020D2
:102EAC00F4090020FC090020FC090020040A002081
:102EBC00040A00200C0A00200C0A0020140A00202E
:102ECC00140A00201C0A00201C0A0020240A0020DE
:102EDC00240A00202C0A00202C0A0020340A00208E
:102EEC00340A00203C0A00203C0A0020440A00203E
:102EFC00440A00204C0A00204C0A0020540A0020EE
:102F0C00540A00205C0A00205C0A0020640A00209D
:102F1C00640A00206C0A00206C0A0020740A00204D
:102F2C00740A00207C0A00207C0A0020840A0020FD
:102F3C00840A00208C0A00208C0A0020940A0020AD
:102F4C00940A00209C0A00209C0A0020A40A00205D
:102F5C00A40A0020AC0A0020AC0A0020B40A00200D
:102F6C00B40A0020FFFFFFFF00000200A4B5002000
:102F7C00ADDEFECA000000000000000000000000F2
:0400000310002E15A6
:00000001FF
