S0180000436C65617241495F4669726D776172652E73726563FF
S21400400000000320D5F20000D1420000D14200009B
S214004010D1420000D1420000D14200000000000062
S214004020000000000000000000000000D142000078
S214004030D142000000000000D142000071F10000F3
S214004040D1420000D1420000D1420000D14200001F
S214004050D1420000D1420000D1420000D14200000F
S214004060D1420000D1420000D1420000D1420000FF
S21400407045F0000055F0000065F0000075F0000007
S21400408085F0000095F00000A5F00000B5F00000F7
S214004090C5F00000D5F00000E5F00000F5F00000E7
S2140040A005F1000011F1000021F1000031F10000DF
S2140040B0D1420000D1420000D1420000D1420000AF
S2140040C0D1420000D1420000D1420000D14200009F
S2140040D0D1420000D1420000D1420000D14200008F
S2140040E0D1420000D14200000000000000000000A5
S2140040F000000000D1420000D9EF0000D1420000CD
S214004100E5EF0000F1EF0000D1420000D1420000D0
S214004110D1420000D1420000FDEF0000D142000075
S21400412009F0000015F00000D1420000D142000066
S214004130D1420000D1420000D1420000D14200002E
S214004140D1420000D1420000D1420000D14200001E
S214004150D1420000D1420000D1420000D14200000E
S214004160D1420000D142000021F00000D142000000
S2140041702DF0000039F000000000000000000000F4
S2140041804DC9010051C9010055C9010059C90100B6
S214004190CDEF0000C5F10000D1420000D142000082
S2140041A0D1420000D1420000D1420000D1420000BE
S2140041B0D1420000D1420000D1420000D1420000AE
S2140041C0D1420000D1420000D1420000D14200009E
S2140041D0D142000041F10000D1420000D14200006F
S2140041E059F10000D1420000D1420000D142000047
S2140041F0D1420000D1420000D1420000D14200006E
S214004200D1420000D1420000D1420000D14200005D
S214004210D1420000D1420000D1420000D14200004D
S214004220D1420000D1420000D1420000D14200003D
S214004230D1420000D1420000D1420000D14200002D
S214004240D1420000D1420000D1420000D14200001D
S214004250D1420000D1420000D1420000D14200000D
S214004260D142000010B5054C237833B9044B13B186
S2140042700448AFF300800123237010BDE00A00203D
S21400428000000000B4DC03000C4B43B10C480D49A1
S21400429010B5AFF300800C48036823B910BD0A4878
S2140042A0036833B97047094B002BF7D0BDE81040C0
S2140042B01847064B002BF5D0184700BF000000003B
S2140042C0B4DC0300E40A0020D40A0020000000004A
S2140042D0FEE700BF0000000000B51AA1D1E900010A
S2140042E0ADF5017D0BF0E4F904F098FD01F090FCCB
S2140042F0F0B9114804F00EFF04F0B8FD0F4C00258D
S21400430003E0204629460BF0D3F904F01BFE04F028
S21400431017FD04F043FF03F097F84FF4007168466A
S21400432004F042FE0028ECD0684604F0EBFCE8E718
S214004330034804F0EFFEDFE7CC9B0300C0D4010087
S2140043401C9C0300005125020000000070B50C46BE
S21400435006461046154630F093F92378042B01D014
S214004360002070BD6368A268D21A8242F8D129463E
S214004370F01830F0F3F9B0FA80F0400970BD00BFD5
S214004380F0B58B684D685B1B2F2B8FB0A8BF2F2313
S21400439023EAE37402AE41191746304622462FF050
S2140043A0C7FB0EAB23440EA9002503F8305C41F88A
S2140043B0345D304631F008FA019BB34204D0012048
S2140043C087ED000B0FB0F0BD28460FB0F0BD00BF64
S2140043D02DE9F04F4FF49C728B46ADF2644D0446C7
S2140043E0084600212FF0A2FC0025C54AC54BCBF895
S2140043F00420CBF808308BF8005024B194F80080E5
S214004400B8F1000F06D10023019318460DF2644D53
S214004410BDE8F08F204630F033F90028F3D0294667
S2140044204FF0FF32AA462B462F4618AE14E0B8F1DE
S2140044305D0F00F0FB8200F21C82B8F13A0F40F0EC
S214004440558201334A1E984240F2318114F80380A7
S214004450B8F1000F00F02B81B8F12C0F00F0B982F4
S214004460E5D8B8F10D0F00F01E8140F26982B8F170
S214004470200F00F01881B8F1220F40F0678203F198
S214004480010C60456546BED914F80C3033B9BAE75E
S2140044900135A842B7D9635D002BB4D0222B00F0BB
S2140044A007835C2BF4D16B1C9842ACD9E35C223BAF
S2140044B0532BA8D80FF2040E5EF823F09B4600009C
S2140044C007440000074400000744000007440000BB
S2140044D007440000074400000744000007440000AB
S2140044E0074400000744000007440000074400009B
S2140044F09B460000074400000744000007440000F5
S214004500074400000744000007440000074400007A
S214004510074400000744000007440000074400006A
S214004520074400000744000007440000074400005A
S214004530074400000744000007440000074400004A
S214004540074400000744000007440000074400003A
S214004550074400000744000007440000074400002A
S214004560074400000744000007440000074400001A
S214004570074400000744000007440000074400000A
S21400458007440000074400000744000007440000FA
S21400459007440000074400000744000007440000EA
S2140045A0074400009B460000074400000744000044
S2140045B00744000007440000074400009B46000034
S2140045C00744000007440000074400009B46000024
S2140045D007440000074400000744000007440000AA
S2140045E00744000007440000074400009B46000004
S2140045F00744000007440000074400009B460000F4
S214004600074400009B4600000D46000005F1020E20
S214004610704540F2A98214F80E30002B00F0A482F8
S214004620A3F1300EBEF1090F00F2038205F1030E6E
S214004630704540F2998214F80E30002B00F09482F8
S214004640A3F1300EBEF1090F00F2FA8105F1040E57
S214004650704540F2898214F80E30002B00F08482F8
S214004660A3F1300EBEF1090F00F2FC8105F1050E34
S214004670704540F2798214F80E30002B00F07482F8
S214004680A3F1300EBEF1090F05D923F02003413BFC
S214004690052B3FF6B8AE0635FBE60235F9E6BEF169
S2140046A0FF3F3FF4B0AE013398423FF6CFAE4B1E0D
S2140046B011D418AA02EB011151F80C2C013203F1A7
S2140046C0FF3304D051F8082C01323FF49CAE581C3E
S2140046D0A1F11001F0D1BAF1000F3FF494AE0DF144
S2140046E0600999F80030012B7FF48DAEBAF1010F06
S2140046F000F0E0834FF0FF334D460226049307E0B8
S2140047004480FFFF789C0300B24517DD1035013664
S2140047102B7C042BF8D16869AF693F1A062F00F08E
S214004720E781022FF0D13A462044CB4930F016F804
S21400473007460028E8D15645C0F29B819BF83630E4
S214004740002B00F034829BF80C300193002B00F015
S2140047500D82049B5A1C00F033821A461B010693F6
S2140047604B44571CDB68002B40F32A8202F10208F8
S214004770C24540F325820023CDF814A00493454695
S214004780A24629E009EB04031946B44A02935046B0
S214004790FFF7DCFD002800F0F38419F80530082B3D
S2140047A000F06787042B00F0328719F8058008F1BF
S2140047B0FF33012B07F1020740F2E081069B049AC3
S2140047C04B440132DB680492934240F3F981059B27
S2140047D07D1C9D4280F2F4813C0109EB040319F82C
S2140047E0042058689B689FED9A7B2D01042A8DED66
S2140047F00A7BA3EB000309EB0506C3D1012B00F0EF
S214004800E981042B40F092831A46504494492FF0D5
S214004810A5FF0028B6D119F80530082B01D0042BC7
S214004820B0D17168B368A3EB0108B8F12F0FA8BF29
S2140048304FF02F0828EAE8730DF130081A46514465
S214004840404602932FF074F9029A002308F80230CB
S21400485009A94046099330F0B7FF099B434500F08D
S2140048605A8301238BED2A0B8BF85E3019F80580EE
S2140048709DE7B8F17B0F3CD0B8F17D0F66D14FF0C5
S214004880010CB1F1010E3FF50AAF01F18055013D73
S21400489006EB051507E00EF1FF3EBEF1FF3FA5F162
S2140048A010053FF4B0AD6A680132F4D0AA68B2F1E0
S2140048B0FF3FF0D195F80080E0457FF4A4AD0133CA
S2140048C0AB6006EB0E1C07E00EF1FF3EBEF1FF3FAD
S2140048D0ACF1100C3FF4B7ADDCF804500135F3D062
S2140048E0DCF808500135EFD17246ACE5B8F15B0F45
S2140048F02CD13F290AF1010A3FF685AD4FEA011C8B
S21400490006EB0C0E4FF0FF35AA4201F10109CEF876
S2140049100850CEF80450CEF80C7004D006EB021205
S214004920D5680135D560B8F17B0F14BF0225012587
S2140049300A4606F80C504946CEF80430013382E5A4
S214004940A8F10908B8F1010F7FF6ADAE98429C4673
S2140049501CD9E55C04EB030E85B917E0092D03D3DB
S2140049600A2D13D90D2D11D0203D5E2D3FF64BADEF
S214004970013398420AD01EF8015F3DB1202D05D0C4
S214004980ECD93A2D02D01FD82C2DEDD13F293FF679
S2140049903AAD4FEA011E06EB0E054FF0080806F882
S2140049A00E80C5F804C0AB60EF60551C0AF1010A22
S2140049B001F101013FF447AD06EB021EDEF80C5094
S2140049C00135CEF80C503EE55D2DDFD07D2DCBD1E8
S2140049D0DCE7551C3FF467AE0DF58C6505EB02155C
S2140049E0A5F580652D78013D012D7FF65CAEB1F111
S2140049F0010C3FF558AE06EB011E07E00CF1FF3C3C
S214004A00BCF1FF3FAEF1100E3FF44DAE1EF8105C49
S214004A10013D012DF2D85EF80C5C0135EED05EF853
S214004A20085C0135EAD1013362460CE54FF0020C12
S214004A3027E723F02003413B052B3FF6E4ACF5E5E2
S214004A4023F02003413B052B3FF6DDACFEE500BF1F
S214004A5000000000000000009C9C0300109D030066
S214004A60E09C030023F02003413B052B3FF6CBAC34
S214004A70FCE5696AAB6A95F820005B1A272BA0F163
S214004A800400A8BF2723B0FA80F023EAE3784009A1
S214004A904FF0010E0BF10E038BF80D002144424639
S214004AA08BF80CE018462FF043F800F808702DE657
S214004AB03F293FF6A8AC4FEA011E06EB0E034FF067
S214004AC0040806F80E80C3F804C09D60DF60531C1F
S214004AD00AF1010A01F1010108D006EB021E6B1C67
S214004AE0DEF80C500135CEF80C50ACE46B1CAAE492
S214004AF0231818463A46C24901932FF02FFE019B11
S214004B00804690B13A461846BE492FF027FE002848
S214004B107FF4FAADB2457FF711AE330119F80330D2
S214004B20012B40F0AF810496F0E5564508DB3A4687
S214004B301846B4492FF012FE00287FF4E5ADFDE5D7
S214004B4095F82030042B40F04F81696AAF6A7F1ACF
S214004B5087F305070BF1360321443A4618462EF034
S214004B60E7FF00F80780D1E5754692E4A64AA74B12
S214004B70CBF80420CBF80830019847E44D44EB68A6
S214004B80002B7FF71BAE059A9742BFF617AE11466D
S214004B904C4402E08F423FF411AEE26A1344013BFC
S214004BA0002B07F1010704F11004F3DC06E6964932
S214004BB0974ACBF804100193CBF80820184625E452
S214004BC0002301228BF80020CBF80430CBF8083005
S214004BD001981BE41AF80030782B42D01AF80030FF
S214004BE0792B6CD01AF800307A2B6ED119F8053074
S214004BF0082B00F0D280042B00F0CF801AF800308B
S214004C00692B6ED119F80530082B02D0042B7FF4DF
S214004C10B9AD7168B368A3EB0108B8F12F0FA8BF50
S214004C204FF02F0828EAE8730DF130081A46514471
S214004C30404602932EF07CFF029A002308F80230CA
S214004C4009A94046099330F0BFFD099B434500F093
S214004C50448101238BED260B8BF85C3019F8058018
S214004C60A5E519F80530082B01D0042BBAD17168D8
S214004C70B368A3EB0108B8F12F0FA8BF4FF02F08B9
S214004C8028EAE8730DF130081A465144404602936C
S214004C902EF04EFF029A002308F8023009A940467B
S214004CA0099330F091FD099B434500F0DC80012319
S214004CB08BED1E0B8BF8583019F8058077E519F840
S214004CC00530082B41D0042B3FD01AF80030612B5A
S214004CD094D119F80530082B00F09E80042B00F0C4
S214004CE09B801AF800306A2B7FF44CAD19F805301B
S214004CF0082B02D0042B7FF445AD7168B368A3EB94
S214004D000108B8F12F0FA8BF4FF02F0828EAE87364
S214004D100DF130081A465144404602932EF008FF23
S214004D20029A002308F8023009A94046099330F099
S214004D304BFD099B434500F0ED8101238BED280BCD
S214004D408BF85D3019F8058031E57168B368A3EB20
S214004D500108B8F12F0FA8BF4FF02F0828EAE87314
S214004D600DF130081A465144404602932EF0E0FEFC
S214004D70029A002308F8023009A94046099330F049
S214004D8023FD099B434500F0998001238BED200B02
S214004D908BF8593019F8058009E57168B368A3EBFC
S214004DA00108B8F12F0FA8BF4FF02F0828EAE873C4
S214004DB00DF130081A465144404602932EF0B8FED4
S214004DC0029A002308F8023009A94046099330F0F9
S214004DD0FBFC099B43455ED001238BED220B8BF831
S214004DE05A3019F80580E2E4074A0A4BCBF804204B
S214004DF0CDF80480CBF808304046FFF707BB00BF6D
S214004E00CC9C0300A09C0300A880FFFFD49C03005A
S214004E10C49C0300849C03007168B368A3EB01087C
S214004E20B8F12F0FA8BF4FF02F0828EAE8730DF14E
S214004E3030081A465144404602932EF079FE029AF4
S214004E40002308F8023009A94046099330F0BCFC5C
S214004E50099B434550D001238BED240B8BF85B3028
S214004E6019F80580A3E409EB040319F80410586840
S214004E709B680429A3EB00037FF484AC012B7FF42A
S214004E80C0ACABE6AA4AAB4BCBF804200190CBF8FB
S214004E900830FFF7BBBA09EB040319F8041058688A
S214004EA09B680429A3EB00037FF46CAC012B7FF412
S214004EB0A8AC0AE74FF0FF3304933FE409EB040382
S214004EC019F8041058689B680429A3EB00037FF4C4
S214004ED059AC012B7FF495AC84E609EB040319F872
S214004EE0041058689B680429A3EB00037FF44AACBF
S214004EF0012B7FF486ACF4E609EB040319F80410E2
S214004F0058689B680429A3EB00037FF43BAC012B95
S214004F107FF477AC72E609EB040319F804105868BE
S214004F209B680429A3EB00037FF42CAC0A2B52D118
S214004F301A46504480492FF011FC00287FF422AC1A
S214004F4019F80530082B02D0042B7FF41BAC7168CF
S214004F50B368A3EB0108B8F12F0FA8BF4FF02F08D6
S214004F6028EAE8730DF130081A4651444046029389
S214004F702EF0DEFD029B4FF0000208F803204046AC
S214004F80002309A9099330F01FFC099A42458DEDCC
S214004F90020B15D001238BF85F3051EC100B00226A
S214004FA000232CF0F3FB48B9DDE902012CF054FC99
S214004FB0CBF8B80019F80580FFF7F9BB0020F7E733
S214004FC009EB040319F8041058689B680429A3EB3E
S214004FD000037FF4D7AB072B41D11A4650445749FC
S214004FE02FF0BCFB00287FF4CDAB19F80530082B5A
S214004FF002D0042B7FF4C6AB7168B368A3EB01083C
S214005000B8F12F0FA8BF4FF02F0828EAE8730DF16C
S21400501030081A465144404602932EF089FD029A03
S214005020002308F8023009A94046099330F0CCFB6B
S214005030099B434508D001238BED2C0B8BF8603081
S21400504019F80580FFF7B3BB09EB040319F8041041
S21400505058689B680429A3EB00037FF493AB092BE5
S21400506072D10AEB00021046029235491A462FF01A
S21400507075FB40B30298334909222FF06FFB0028D6
S2140050807FF480AB19F80530082B32D0042B7FF460
S2140050908CAB31460AAA5046FFF772F900283FF457
S2140050A084AB01268BF86A6000220023DDE90A0142
S2140050B02CF062FB08B14FF000068BF8E46019F89C
S2140050C00580FFF774BB19F80530082BD2D1D6F847
S2140050D004801AF80830742B00F0CE82662BC9D1F3
S2140050E001238BF8BC008BF8613019F80580FFF7B8
S2140050F05EBB73681AF80330742B00F0BF82662B11
S214005100C7D101238BF8E4008BF86A3019F80580C4
S214005110FFF74DBB09EB040319F8041058689B68A9
S2140051200429A3EB00033FF46CABFFF72BBB00BFD7
S214005130A680FFFFA89C0300E89C0300F49C0300E5
S214005140FC9C030068A30300052B7FF41BAB1A46E8
S2140051505044A3492FF002FB00287FF413AB19F844
S2140051600580B8F1080F00F0398209EB04031946F0
S2140051709C4A02935046FFF7E9F8002840F09680D4
S214005180994A02995046FFF7E1F80790002800F088
S2140051909F8319F80580B8F1040F00F0DB82934A6C
S2140051A002995046FFF7D2F8002800F0E982B8F1DD
S2140051B0080F00F0F380B8F1040F00F0EF808C4A7F
S2140051C002995046FFF7C2F8002800F00C83B8F1A9
S2140051D0040F00F0E782874A02995046FFF7B6F8B8
S2140051E0002800F04F82844A02995046FFF7AEF836
S2140051F0002800F01381B8F1080F00F0B381B8F171
S214005200040F00F0AF817D4A02995046FFF79EF8E2
S214005210002800F021817A4A02995046FFF796F856
S214005220002800F02F81B8F1080F00F0A480B8F134
S214005230040F00F0A080734A02995046FFF786F8E4
S21400524000286DD0704A02995046FFF77FF8002874
S21400525038D0B8F1080F2CD0B8F1040F29D06B4A1B
S21400526002995046FFF772F800287FF4A0AA029928
S214005270674A5046FFF76AF800283FF498AAB8F144
S214005280040F7FF494AA31460AAA5046FFF778F82E
S21400529000283FF48AAADDE90A010123CBE94C0184
S2140052A08BF8773019F80580FFF781BA4346FFF789
S2140052B079BA0AAA31465046FFF762F8002844D168
S2140052C019F80580514A02995046FFF73FF8C8B1D1
S2140052D0B8F1080F03D0B8F1040F7FF468AA0AAA41
S2140052E031465046FFF74CF850B1DDE90A0101237C
S2140052F0CBE94A018BF8763019F80580FFF757BAE4
S21400530019F80580424A02995046FFF71FF8002810
S2140053103FF44DAAB8F1080FB1D1B4E719F80580EB
S2140053203C4A02995046FFF711F800288AD0B8F197
S214005330080F15D0B8F1040F12D0334A0299504620
S214005340FFF704F8002887D1BCE7DDE90A0101234E
S214005350CBE948018BF8753019F80580FFF727BAB6
S2140053600AAA31465046FFF70BF8002840F0D580D1
S21400537019F8058066E70AAA31465046FFF700F896
S214005380002800F09282DDE90A010123CBE9400102
S2140053908BF8713019F80580FFF709BA0AAA31466A
S2140053A05046FEF7EDFF002800F0E8819DED0A7BF1
S2140053B001238BF8653051EC170B002200238DED8E
S2140053C0027B2CF0E3F9002840F0BD82DDE9020103
S2140053D02CF042FACBF8D00019F80580FFF7E7B9B1
S2140053E0089D0300109D030078A30300189D03008A
S2140053F0249D0300389D0300549D0300749D030004
S2140054008C9D03009C9D0300AC9D0300B49D03008F
S214005410BC9D0300A49D030019F80580B64A0299B6
S2140054205046FEF793FF80B1B8F1080F03D0B8F1ED
S214005430040F7FF4E8AE0AAA31465046FEF7A0FFF6
S214005440002840F0368119F80580AC4A029950468B
S214005450FEF77CFF002876D1A94A02995046FEF74F
S21400546075FF00283FF4D7AEB8F1080F4CD0B8F15E
S214005470040F49D0A34A02995046FEF767FF00285A
S2140054807FF4D5AEA04A02995046FEF75FFF70B192
S214005490B8F1080F03D0B8F1040F7FF4CCAE0AAA17
S2140054A031465046FEF76CFF18BB19F80580974A40
S2140054B002995046FEF74AFF00283FF431AFB8F194
S2140054C0080F03D0B8F1040F7FF437AF0AAA3146AD
S2140054D05046FEF755FF00283FF420AFDDE90A01ED
S2140054E00123CBE944018BF8733019F80580FFF7E8
S2140054F05EB9DDE90A010123CBE942018BF872307F
S21400550019F80580FFF753B90AAA31465046FEF748
S21400551037FF68B919F805807DE6DDE90A01012341
S214005520CBE946018BF8743019F80580FFF73FB9D0
S214005530DDE90A010123CBE93E018BF8703019F84A
S2140055400580FFF734B9B8F1080F02D0B8F1040FA0
S21400555090D10AAA31465046FEF712FF10BB19F842
S214005560058079E70AAA31465046FEF709FF00286B
S2140055703FF452AF9DED0A7B012651EC170B8BF8DA
S2140055806D600022624B8DED027B2CF0FFF808BBAD
S214005590DDE902012CF060F9CBF8EC0019F8058083
S2140055A0FFF705B99DED0A7B012651EC170B8BF82A
S2140055B06F600022564B8DED027B2CF0E7F858B951
S2140055C0DDE902012CF048F9CBF8F40019F8058063
S2140055D0FFF7EDB83046DFE73046F5E7D6F804804B
S2140055E01AF80830742B42D0662B36D009EB040329
S2140055F01946484A02935046FEF7A8FE00283FF494
S214005600BFAD1AF80830742B25D0662B19D031465A
S2140056100AAA5046FEF7B4FE00283FF4C6A80126A4
S2140056208BF86B6000220023DDE90A012CF0A4F859
S21400563008B14FF000068BF8E56019F80580FFF713
S214005640B6B8002301228BF8E5308BF86B2019F8EA
S2140056500580FFF7ACB8019BF4E7034601228BF800
S214005660BD308BF8622019F80580FFF7A0B8019BC3
S214005670F4E7D6F80480C4E7019831E5019840E5E0
S21400568019F80580244A02995046FEF75FFE002866
S2140056903FF4A9ADB8F1080F23D0B8F1040F20D01D
S2140056A01E4A02995046FEF751FE00287FF4A7AD29
S2140056B0B4E69DED0A7B012651EC170B8BF86E6065
S2140056C00022134B8DED027B2CF060F890B9DDE9DB
S2140056D002012CF0C1F8CBF8F00019F80580FFF7AE
S2140056E066B80AAA31465046FEF74AFEC0B919F80F
S2140056F0058078E53046EEE7649D0300749D030060
S214005700849D03008C9D0300949D03009C9D0300D4
S2140057100000F03F109D0300449D0300549D0300CD
S2140057209DED0A7B012651EC170B8BF86C6000226E
S214005730884B8DED027B2CF029F8002840F0E9809C
S214005740DDE902012CF088F8CBF8E80019F80580AE
S214005750FFF72DB87168B468641A84F30304012057
S2140057600BF1BE0322468BF86300514418462EF018
S214005770DFF9002202550237FFF720B819F8058036
S214005780754A02995046FEF7E1FD002840F09080E9
S214005790724A02995046FEF7D9FD20B3B8F1080FB9
S2140057A07FF415AD0AAA31465046FEF7E9FDC0B1B2
S2140057B09DED0A7B01238BF8673051EC170B002216
S2140057C000238DED027B2BF0E1FF00286BD1DDE995
S2140057D002012CF041F8CBF8D80019F80580FEF746
S2140057E0E6BF19F805805E4A02995046FEF7AEFD00
S2140057F070BB5C4A02995046FEF7A8FD00283FF4AD
S21400580041AFB8F1080F03D0B8F1040F7FF448AFEA
S2140058100AAA31465046FEF7B3FD00283FF430AFE3
S2140058209DED0A7B01238BF8693051EC170B0022A3
S21400583000238DED027B2BF0A9FFC8B9DDE902013C
S2140058402CF00AF8CBF8E00019F80580FEF7AFBF99
S214005850B8F1080F03D0B8F1040F7FF4BCAC0AAA65
S21400586031465046FEF78CFD20B919F80580C0E792
S2140058700020E7E79DED0A7B01238BF8683051ECAA
S214005880170B002200238DED027B2BF07FFF0028F4
S2140058905BD1DDE902012BF0DFFFCBF8DC0019F865
S2140058A00580FEF784BF002095E719F80580E9E536
S2140058B0B8F1080F03D0B8F1040F7FF480AC0AAA41
S2140058C031465046FEF75CFD28BB19F805805FE7B9
S2140058D0254A02995046FEF739FD19F8058000283A
S2140058E03FF45DACB8F1040F7FF459AC7168B4684E
S2140058F0641A84F3030401200BF1C60322468BF8D6
S2140059006400514418462EF013F99DF81C200255E9
S21400591031E7304618E79DED0A7B01238BF86630A9
S21400592051EC170B002200238DED027B2BF02EFF8F
S21400593068B9DDE902012BF08FFFCBF8D40019F827
S2140059400580FEF734BF002044E50020A5E70020D0
S214005950F3E700BF0000F03F1C9D0300249D0300FA
S2140059602C9D0300389D0300B8A20300F0B5064640
S2140059708FB00F461C46F2B11378E3B1537802ADF0
S21400598093B9931C2846104A30212EF08FFC0F4BFB
S2140059900F4A002C08BF1C4639462B46304600945A
S2140059A02EF084FC0FB0F0BD931C2846094A302127
S2140059B02EF07CFCEBE7084B93E8030002AD029068
S2140059C08DF80C10E3E700BFE09D0300C49D0300C4
S2140059D0E49D0300D89D0300D09D03002DE9F0410F
S2140059E08EB006460F469846149C0AB31378FBB151
S2140059F0537802ADABB9931C2846114A30212EF0DD
S214005A0055FC104BCDF80080002C08BF1C463946CC
S214005A102B46304601940C4A2EF048FC0EB0BDE8EA
S214005A20F081931C2846094A30212EF03FFCE8E717
S214005A30074B93E8030002AD02908DF80C10E0E7E8
S214005A40E09D03000C9E0300149E0300D89D0300F7
S214005A50D09D030010B5064C82B0002B08BF23462D
S214005A6000931346034A2EF021FC02B010BD00BF7F
S214005A70549E0300589E03002DE9F041564D2C68B5
S214005A80E70782B00E4629D41BB9002002B0BDE855
S214005A90F0812B689A07F8D5504D2B78002B7FD1D4
S214005AA04F4C4F483146002205F04AFB0028ECD107
S214005AB094F80031002B71D0D4F864319B0553D490
S214005AC0D4F86421474B484812F0100F08BF184618
S214005AD02B78002BD9D102B0BDE8F081DFF8148115
S214005AE098F80011074601B3D8F8641188051CD44D
S214005AF0D8F86411C90618D4A00716D5384C94F8FF
S214005B00001191B1D4F8641189050ED4D4F864114B
S214005B10C8060AD43246394634480EF095F80028AE
S214005B20B3D1334802B0BDE8F081002AACD02B4A8E
S214005B301278DAB9394600222E48019305F000FBA8
S214005B40019B0028A0D198F80031002B40D0D8F84F
S214005B50643199053ED4D8F86421224B224812F0CD
S214005B60100F08BF184691E71F48B1E72248BFF359
S214005B705B8F002250E8001F40E80024002CF9D17B
S214005B80BFF35B8F98F80021002AD3D1A0F5BA7036
S214005B900121019304F0AAFC019BCBE7174897E785
S214005BA0174CBFF35B8F002354E8002F44E8003106
S214005BB00029F9D1BFF35B8FA4F5BA7494F80031CD
S214005BC0002B7FF46EAF0121204604F08FFC68E7BF
S214005BD00A485BE7044859E700000020000B002055
S214005BE0A01D0020CC9E0300BC9E0300080B0020D6
S214005BF0A89E0300101C0020841D0020949E030015
S214005C00141F0020014B93F8180B7047000B002060
S214005C102DE9F04FB04BB14CDFF8F8B21868B04B36
S214005C20B04DB14EAE604FF0000A04F533619FED03
S214005C30A27B9FEDA35B0022C1E900ABC1E902ABEA
S214005C40C1E904ABC1E906AB04F5356A9FED9E6B6E
S214005C504FF000084FF00009CAE90023CAE9022302
S214005C60CAE90423CAE9062304F5376304F5396252
S214005C704FF44871C3E90089C3E90289C3E904897E
S214005C80C3E9068946F6781382ED065B4FF0000BF3
S214005C9082ED007B82ED027B82ED047B83B00A22DC
S214005CA00327C4F81C1BC4F8201BC4F8241BC4F824
S214005CB0281B6B6002214FF0010385ED046B2F60FB
S214005CC0EE6084F8B0BB894E84F8B1BB84F800B0AF
S214005CD084F819BB84F818BB2B760BF0E1F98448DE
S214005CE0DFF83482834F002109F0E2FC824A5946ED
S214005CF030464FF0020982F8069004F0F7FB59464A
S214005D007E4804F0F3FB5946404604F0EFFB594644
S214005D10384604F0EBFB314604F10800774A0DF0F4
S214005D2019F9019018B9019803B0BDE8F08F04F591
S214005D30336393ED000B9AED001B4A46D4F81C1B08
S214005D4004F108000EF0AEF804F5336393ED020B91
S214005D509AED021B4A46D4F8201B04F108000EF008
S214005D60D5F804F5336393ED040B9AED041B4A460D
S214005D70D4F8241B404604F0A5FD9AED061B062227
S214005D809FED530BD4F8281B384604F09BFD5A466B
S214005D90594604F108000EF0EDF896F8D820C8F839
S214005DA044B04FF001034A45C7F844B084F8743A4B
S214005DB008D0534B86F8D8904FF0010286F87B2126
S214005DC0C6F8F03004234FF00109C6F8E8306968D9
S214005DD04C4886F8E4900BF037FEA96849480BF06B
S214005DE05BFEE96847480BF06FFE444B93F8D820FB
S214005DF0022A07D0424983F87B910222C3F8F010AA
S214005E0083F8D82004220126C3F8E82083F8E4604B
S214005E1069683D480BF018FEA9683B480BF03CFE4D
S214005E20E96839480BF050FE98F8D830022B07D0B6
S214005E30334A88F87B610223C8F8F02088F8D83007
S214005E4004230126C8F8E8306968304888F8E4601A
S214005E500BF0FAFDA9682D480BF01EFEE9682B48EA
S214005E600BF032FE97F8D830022B07D0244A87F87A
S214005E707B610223C7F8F02087F8D830042201237C
S214005E80C7F8E82087F8E430696821480BF0DCFDA5
S214005E90A9681F480BF000FEE9681D480BF014FEC9
S214005EA06A68AB680198C4F8982AC4F89C3A03B0AC
S214005EB0BDE8F08FAFF300800000000000006440F3
S214005EC0721CC7711CC701400000000000407F40E4
S214005ED00000000000807640CC2D0020000B002043
S214005EE00000F03F0000002090D00300101C0020AF
S214005EF0808D5B00C020002020230020A01D0020F5
S214005F00003C1CC6401C0020D01D0020601F002046
S214005F10F020002000001440301F00202DE9F04142
S214005F20154CDFF86480154F154E164D04F1080029
S214005F300DF03CF8404604F08FFB4046002104F08C
S214005F40D5FA384604F088FB3846002104F0CEFA2D
S214005F50304604F081FB3046002104F0C7FA28469C
S214005F6004F07AFB2846002104F0C0FA002084F8EA
S214005F70190BBDE8F08100BF000B0020A01D00201B
S214005F80301F0020C0200020101C002010B50B4C35
S214005F900B480DF09DF8E1680A480BF029FDE16812
S214005FA009480BF025FDE16808480BF021FDE16883
S214005FB007480BF01DFD002010BD00BF00000020AC
S214005FC0080B0020401C0020D01D0020601F002071
S214005FD0F02000202DE9F041164CDFF86880164FBF
S214005FE0164E174D04F108000CF0E0FF404604F092
S214005FF033FB4046002104F079FA384604F02CFBC7
S2140060003846002104F072FA304604F025FB30468C
S214006010002104F06BFA284604F01EFB28460021F7
S21400602004F064FA0123002084F8183B84F8190B66
S214006030BDE8F081000B0020A01D0020301F0020CE
S214006040C0200020101C0020837C33B190F88C20E8
S214006050084B1A7032B900207047C37C3BB9054B19
S21400606001221A70002283F8182B0020704790F83F
S2140060708D20EDE7000B00202DE9F04F2DED048B71
S214006080837C8BB033B190F88C20B0490A70002A1C
S21400609040F0A182027D002A40F07482467D002EE8
S2140060A000F01782DFF8A4B29BF8193B002B40F0F3
S2140060B06382837F0693C37F0793437B0293837B2E
S2140060C00393C37B0493827D037CC17D90F818E024
S2140060D0447E857E90F81B8090F81CA090F81D905A
S2140060E0477C0593DBF81C3B01931EB1D0F8943037
S2140060F0CBF8203B1AB1D0F89830CBF8243B19B136
S214006100D0F89C30CBF8283B0646BEF1000F00F0D6
S214006110668290ED288B0022002351EC180B2BF0A2
S21400612053FB002800F05B82894B009383ED008BC5
S2140061307CB196ED2A7B0022002351EC170B8DEDE7
S214006140087B2BF041FB20B19DED087B009B83ED87
S214006150027B5DB1D6E92C45002200232046294665
S2140061602BF032FB10B1009BC3E90445B8F1000FD9
S2140061700BD0D6E92E4500220023204629462BF0D8
S21400618023FB10B1009BC3E90645BAF1000F00F0EF
S2140061902B8296ED309B0022002351EC190B2BF03E
S2140061A013FB002800F02082DFF8B4A18AED009BE4
S2140061B0B9F1000F0AD0D6E9324500220023204666
S2140061C029462BF001FB08B1CAE90245069B53B1EC
S2140061D0D6E9344500220023204629462BF0F4FA5F
S2140061E008B1CAE90445079B53B1D6E936450022F3
S2140061F00023204629462BF0E7FA08B1CAE90645EF
S214006200029B544C0BB1B36F6360039B0BB1F36FEF
S214006210A360049B13B1D6F88030E360059B2BB1D6
S214006220D6F884300F2B28BF0F2323602FB1D6F863
S2140062308830032B28BF01232376009BD3E9006711
S21400624000220023304639462BF0AAFA002840F0F8
S214006250D581DAE9008900220023404649462BF022
S2140062609FFA002840F0C581DBF81C0B3A4D2AF057
S214006270A5FF42464B462BF017F832463B462BF01E
S2140062803DF9009BD3E90267C5E90001002200231F
S214006290304639462BF084FA002840F0B281DAE91D
S2140062A0028900220023404649462BF079FA00284E
S2140062B040F0AA81DBF8200B2AF080FF42464B46CE
S2140062C02AF0F2FF32463B462BF018F9009BD3E942
S2140062D00467C5E9020100220023304639462BF048
S2140062E05FFA002840F09581DAE90489002200234D
S2140062F0404649462BF054FA002840F09081DBF8DF
S214006300240B2AF05BFF42464B462AF0CDFF32466E
S2140063103B462BF0F3F8DAE90667C5E904010022EC
S2140063200023304639462BF03BFA002840F07481B3
S214006330DBF8280B2AF042FF32463B462AF0B4FF31
S214006340064B00222BF0DAF80CE000BF000B002012
S21400635030160020000000209016002000807640B6
S21400636050160020B0EE491AF0EE691AB0EE480A50
S214006370F0EE680AC5E9060102220199AC480DF064
S21400638091FD009DDBF8201BA9489AED021B022216
S21400639095ED020B0DF0BAFD9AED041B022295ED69
S2140063A0040BDBF8241BA34804F08CFA06229AEDB3
S2140063B0061B9FED9D0BDBF8281B9F4804F082FA16
S2140063C09E4B93F8D820022A08D09D48C3F8F000C8
S2140063D00221012283F8D81083F87B2104220125AC
S2140063E0C3F8E82083F8E450616896480BF02CFB6D
S2140063F0A16894480BF050FBE16892480BF064FBF0
S214006400914B93F8D820022A07D08D4983F87B5108
S2140064100222C3F8F01083F8D82004220125C3F81E
S214006420E82083F8E450616888480BF00DFBA1680B
S21400643086480BF031FBE16884480BF045FB7D4B4A
S21400644093F8D820022A07D07D4983F87B51022290
S214006450C3F8F01083F8D82004220125C3F8E820FA
S21400646083F8E45061687A480BF0EEFAA168784841
S2140064700BF012FBE16876480BF026FB6E4B93F8A8
S214006480D820022A07D06E4983F87B510222C3F82F
S214006490F01083F8D8200122042583F8E420C3F8FE
S2140064A0E85061686B480BF0CFFAA16869480BF0BA
S2140064B0F3FAE16867480BF007FB6268A368CBF85D
S2140064C0982ACBF89C3A00200BB0BDEC048BBDE8B4
S2140064D0F08F827D002A7FF4E5ADC17D00297FF430
S2140064E0E1AD90F818E0BEF1000F7FF4DBAD447E1E
S2140064F0002C7FF4D7AD857E002D7FF4D3AD90F8C9
S2140065001B80B8F1000F7FF4CDAD90F81CA0BAF157
S214006510000F7FF4C7AD90F81D90B9F1000F7FF41F
S214006520C1AD877F0697002F7FF4BCADC77F079766
S214006530002F7FF4B7AD477B0297002F7FF4B2ADF4
S214006540877B0397002F7FF4ADADC77B0497002FA2
S2140065507FF4A8AD077C0597002F7FF4A3AD477C9A
S214006560002F7FF49FAD002BADD1DFF8FCB09BF879
S214006570193B002B3FF4B6AD37480BB0BDEC048B8F
S214006580BDE8F08FDFF8E0B09BF8193B002BF3D1A5
S214006590877F0697C77F0797477B0297877B039778
S2140065A0467DC77BD0F890300497077C059701930B
S2140065B0827DC17D90F818E0447E857E90F81B8031
S2140065C090F81CA090F81D90477CCBF81C3B002E42
S2140065D03FF490AD8AE5002281F8182B5AE51F4B50
S2140065E0009393ED008BA3E5DFF880A09AED009B67
S2140065F0DEE54FF00008DFF86C9035E60026184F11
S21400660027E60026164F4AE64FF00008DFF85490BB
S21400661050E60026124F67E60026124F88E64FF037
S2140066200008DFF840906AE6000000000080764030
S214006630080B0020301F0020C0200020101C002067
S214006640003C1CC6401C0020A01D0020D01D0020C1
S214006650601F0020F0200020DC9E03003016002083
S214006660000014400000F03F000B002050160020F1
S214006670C37A9BB110B500F1660420460D492DF093
S21400668093FE98B10C4920462DF08EFE40B1204670
S2140066900A492DF089FE18B1094810BD094870470F
S2140066A0094B012283F8B02B002010BD064A82F861
S2140066B0B00B10BD249F03001C9F0300289F0300FF
S2140066C0089F0300F89E0300000B0020037B73B1B5
S2140066D010B500F16E0420460A492DF065FE68B13B
S2140066E0204609492DF060FE18B1084810BD08483C
S2140066F07047084B012283F8B12B10BD054A82F87B
S214006700B10B10BD549F0300509F03003C9F030035
S2140067102C9F0300000B00202DE9F04F03788BB070
S21400672005900693002B40F0918042780792002A4D
S21400673000F0CF80864B4FF0000B93F8B02B0992F9
S21400674003F537631BF0FF0508935C464FF0010A1C
S2140067504FF000084FF0000932D1069B002B41D0C5
S214006760059B93ED087B8DED027B7A4BE40023447A
S21400677093ED007B42464B4651EC170B8DED007BAC
S2140067802AF0FAFF00287CD046464F46099B012B8C
S2140067904BD0DDE90223304639462AF0D1FB089B70
S2140067A01C44C4E90001BAF1030F54464ADC0BF15D
S2140067B0010B0AF1010A1BF0FF055FFA8AFACCD03A
S2140067C0012D0BD0022D43D1059EB378002B6BD143
S2140067D0079B002B00F09E805446E8E7059A537806
S2140067E0002B57D1079B002BDDD15A4BE4002344E6
S2140067F093ED007B42464B4651EC170B8DED007B2C
S2140068002AF0BAFF00284AD1032D78D9CDE90289AB
S21400681040464946DDE900232AF070FE06460F464C
S214006820032DB6D0099B012BB3D1DDE9020146A3A7
S214006830D3E900232AF038FDCDE90201A9E7079B3A
S214006840002B4ED000200BB0BDE8F08F079371E709
S214006850032DC7D1059EF378002BF0D03D4BE40006
S214006860234493ED007B8DED007B51EC170B96EDEA
S2140068700E7B42464B468DED027B2AF07DFF0028BC
S2140068805CD1354B53F82B30002B3BD0586C2AF09C
S214006890A5FCBFE792ED0A7B8DED027B65E7CDE9AF
S2140068A0028946464F46BBE72A4BE400234493ED55
S2140068B0007B8DED007B51EC170B96ED0C7B424672
S2140068C04B468DED027B2AF057FF00287FF45CAF25
S2140068D0D7E783780793002B7FF42CAFC378079312
S2140068E028E71C4BE400234493ED007B42464B46CE
S2140068F051EC170B8DED007B2AF03EFF28B9CDE951
S2140069000289BEE74046494684E746464F46CDE9FB
S21400691002893EE70F4BE400234493ED007B42469A
S2140069204B4651EC170B8DED007B2AF025FF002817
S214006930E5D0CDE9028946464F4627E746464F460C
S21400694027E700BFAFF30080666666666666394076
S214006950000B002090160020849E0300F0B5164B16
S214006960164D93F8B0CB164C93F8B1EB154F164A6C
S2140069701E78164B89B0BCF1000F18BF2C46144D7C
S2140069800194BEF1000F18BF3A46124C0292002E38
S21400699008BF2B4642F28D322568039342F28E34AE
S2140069A042F28C3305920493009506940A4B0B4AE8
S2140069B02DF07CFC09B0F0BD000B00201C9F0300EE
S2140069C0249F0300509F0300549F0300589F03001A
S2140069D0609F030000000020689F03006C9F030078
S2140069E001480CF03FB800BF080B0020C3792DE922
S2140069F0F0470D46002B00F09F80076E002F08BF63
S214006A00012708F02BFE534C534EDFF874A1DFF835
S214006A10609180460AE008F021FEA0EB080087425D
S214006A2040F28D804D48002108F042FE2378002B6E
S214006A303AD094F8183B002B40F0888015B1A84750
S214006A40002876D194F85E3A002BE4D194F8923779
S214006A50002BE0D13068C10709D5414A92F83C10B6
S214006A600029D8D1D2F8142132F47F43D3D182073B
S214006A7009D53C4A92F83C100029CCD1D2F8142112
S214006A8032F47F43C7D1430709D5374A92F83C1002
S214006A900029C0D1D2F8142132F47F43BBD110F0C4
S214006AA0080039D1BDE8F087337E002BC1D05046B0
S214006AB002F0F8FB337E012B44D0022BB9D1003014
S214006AC018BF01200028B4D028480CF06FFA2448DC
S214006AD003F0C2FD0021224803F008FD214803F020
S214006AE0BBFD00211F4803F001FD1F4803F0B4FD65
S214006AF000211D4803F0FAFC1D4803F0ADFD0021FF
S214006B001B4803F0F3FC0022012384F8192B84F8B9
S214006B10183B1848BDE8F08799F83C30002B7FF406
S214006B207AAFD9F8143133F47F407FF474AFBDE800
S214006B30F0871148BDE8F0874EF6602761E70F48FA
S214006B40BDE8F087B0FA80F04009BBE70948BDE829
S214006B50F08700BF000B002000000020C0D401001A
S214006B60101C0020A01D0020301F0020080B002055
S214006B70C0200020E4A00300FCA003001CA103002A
S214006B8020230020000000002DE9F04FBD4DDFF867
S214006B900493482283B0002104462DF0C7F895F8E8
S214006BA05E3A95F8192B227033B903F0FF0195F879
S214006BB09237002B00F0F880D9F80030B24EDFF89C
S214006BC0D882DFF8D8B2B14F03F00100012161701E
S214006BD0002840F02B819A0700F1BF80580700F18B
S214006BE0C380190700F1C78001232A78A370002A02
S214006BF000F0CD8099F818304FF0000A84F803A012
S214006C00002B40F05D810020D9F800302A7884F807
S214006C103820DA0784F8390040F10E81D6F864216E
S214006C20900504D4D6F86421D10640F105810122EE
S214006C30227195F8921795F8B02B617195F8B15BB3
S214006C40D9F80410D9F80800DFF854A284F83020E8
S214006C5084F83150E16320646363D6F87431A56824
S214006C609AED007B1D43012A8DED007B51EC170B3E
S214006C70A5604FF000024FF0000300F02F812AF0CD
S214006C807BFD002840F09F81706C2AF0A7FADDE9B2
S214006C9000232AF033FC7E4ED6E900232AF050F972
S214006CA0C4E904019AED027BD8F874311D43A5604F
S214006CB051EC170B002200238DED007B2AF05CFDC3
S214006CC0002840F08981D8F844002AF087FADDE9E8
S214006CD000232AF013FCD6E902232AF031F9C4E98E
S214006CE00601DAE90489DBF874311D43A5604046E5
S214006CF04946002200232AF03FFD002840F06F811D
S214006D00DBF844002AF06AFA42464B462AF0F6FBC5
S214006D10D6E904232AF014F9C4E90801D7F8743137
S214006D20DAE906891D43A56040464946002200234D
S214006D302AF022FD002840F05581786C2AF04EFAA1
S214006D4042464B462AF0DAFBD6E906232AF0F8F844
S214006D50C4E90A0103B0BDE8F08F98F8F420012AD0
S214006D603FF43CAF002340E79BF8F420012AF9D11A
S214006D7019077FF539AF97F8F4302A78A3F10103A5
S214006D80B3FA83F35B09A370002A7FF433AF95F858
S214006D9018AB99F81830BAF1000F7FF42FAF002B1C
S214006DA040F08080E3702EE7D9F80030364E13F0BE
S214006DB001000AD096F83C20002A40F0F280D6F86F
S214006DC0142132F47F4240F0EC809A07DFF8C88046
S214006DD00AD598F83C20002A40F0EB80D8F8142119
S214006DE032F47F4240F0E5805F07DFF8B0B00AD5A6
S214006DF09BF83C20002A40F0E180DBF8142132F4B6
S214006E007F4240F0DB801A07204F7FF5E0AE97F810
S214006E103C20002A40F0D580D7F8142132F47F4277
S214006E2018BF0121617000283FF4D5AE96F8F42013
S214006E30012A3FF4D0AE95E79A0709D5D8F8642121
S214006E4090053FF5F4AED8F86421D1063FF5EFAED5
S214006E505A0709D5DBF8642190053FF5E8AEDBF864
S214006E606421D1063FF5E3AE13F008023FF4E0AE2E
S214006E70D7F8642192053FF5DAAED7F86421C2F35D
S214006E800012D5E6000B0020101C0020C0200020B9
S214006E907016002000000020A01D0020301F0020DB
S214006EA090160020544802F0FDF999F81830012B8E
S214006EB072D0022B7FF4A2AE003018BF0120E07023
S214006EC04D4802F0EFF999F81830012B60D0022BEC
S214006ED07FF499AE003018BF012095E62AF04CFCEE
S214006EE0002840F08280706C2AF078F9DDE90023F3
S214006EF02AF004FB414ED6E900232AF021F83CA3F1
S214006F00D3E900232AF0FAFAC4E904019AED027BD9
S214006F10D8F874311D43A56051EC170B00220023EE
S214006F208DED007B2AF028FC00284FD1D8F84400CD
S214006F302AF054F9DDE900232AF0E0FAD6E9022324
S214006F4029F0FEFF2AA3D3E900232AF0D7FAC4E9E2
S214006F500601DAE90489DBF874311D43A560404672
S214006F604946002200232AF007FC90BBDBF84400C9
S214006F702AF034F942464B462AF0C0FAD6E90423F2
S214006F8029F0DEFF1AA3D3E900232AF0B7FAC3E6F6
S214006F90B0FA80F0400937E6B0FA80F04009E070B9
S214006FA08EE701226270DFF85C80DFF85CB0144F79
S214006FB03CE70121DFF850B0114F08E60121104FE1
S214006FC005E6012103E60020002164E600200021FA
S214006FD0B4E700200021D1E7002000217BE6002056
S214006FE0002195E600200021AEE60020002181E782
S214006FF066666666666639402023002070160020A6
S214007000C0200020A01D0020301F00202DE9F043E6
S2140070109DB006460AA80F46FFF7B6FD9DF8590034
S2140070201249134A9DF85850124C134B002818BFAB
S2140070300A46DDE9148939463046DDE91267CDE9AE
S2140070400889CDE90667DDE91089DDE90E6700925B
S214007050CDE90489CDE90267002D18BF2346074A0B
S2140070602DF024F91DB0BDE8F08300BF509F03004B
S214007070549F03001C9F0300249F030030A10300BD
S2140070802DE9F04FA7B0804614A88946FFF77CFD8F
S214007090324A334B9DF852E09DF851009DF853401C
S2140070A09DF889709DF888609DF854C0BEF1000F69
S2140070B014BF9E469646CDF804E09DF850E00028A2
S2140070C014BF1D461546002C14BF1C461446002F40
S2140070D014BF1F461746002E14BF1E4616460095C0
S2140070E00294BCF1000F14BF1D4615461D4C0397B5
S2140070F0BEF1000F08BF13469DF880E01A4A1B4FEA
S2140071000496BEF1000F18BF14469DF881E0184A99
S2140071100595BEF1000F18BF3A4609929DF8552016
S21400712008944946DDE91EABDDE91A67DDE9184536
S21400713006924046169A0792DDE91C89219A0A9221
S2140071400C4ACDE912ABCDE91089CDE90E67CDE941
S2140071500C452DF0ABF827B0BDE8F08F609F03001C
S214007160589F0300249F03001C9F0300509F0300AA
S214007170549F030070A103002DE9F04FA7B080468E
S21400718014A88946FFF700FD324A334B9DF852E0BB
S2140071909DF851009DF853409DF889709DF88860D1
S2140071A09DF854C0BEF1000F14BF9E469646CDF81B
S2140071B004E09DF850E0002814BF1D461546002C3C
S2140071C014BF1C461446002F14BF1F461746002E39
S2140071D014BF1E46164600950294BCF1000F14BF5D
S2140071E01D4615461D4C0397BEF1000F08BF1346FB
S2140071F09DF880E01A4A1B4F0496BEF1000F18BF98
S21400720014469DF881E0184A0595BEF1000F18BF98
S2140072103A4609929DF8552008944946DDE91EAB8A
S214007220DDE91A67DDE9184506924046169A079288
S214007230DDE91C89219A0A920C4ACDE912ABCDE908
S2140072401089CDE90E67CDE90C452DF02FF827B053
S214007250BDE8F08F609F0300589F0300249F030043
S2140072601C9F0300509F0300549F030070A103005F
S2140072702DE9F84F037A002B7BD0D0E916458A46D5
S21400728000220023204629462AF080FA002870D1E2
S2140072902046294600225E4B2AF006F85AA3D3E978
S2140072A0002304460D462AF08FFA002867D12046B0
S2140072B029462AF0D1FA074608F0D0F9554C06467A
S2140072C0BAF1000F63D0DFF878B1DFF878814FF0BD
S2140072D0000911E094F8183B002B40F09080D0474E
S2140072E00546002848D108F0B9F9801B874279D9AD
S2140072F04046494608F0DCF92378002BEAD19BF893
S2140073001830002BE6D0444801F0CCFF9BF818302C
S214007310012B6AD0022BDDD1003018BF01200028D7
S214007320D8D03E480BF042FE3D4803F095F90021C8
S2140073303B4803F0DBF83B4803F08EF90021394860
S21400734003F0D4F8384803F087F90021364803F0F4
S214007350CDF8364803F080F90021344803F0C6F82B
S2140073600022012384F8192B84F8183B3048BDE826
S214007370F88F3048BDE8F88F2F48BDE8F88F08F042
S2140073806DF92E4F234C0646BAF1000F9BD1DFF85D
S214007390B0A0DFF884B0DFF8AC804FF000090BE057
S2140073A094F8185B5DBB08F059F9801B874219D921
S2140073B04046494608F07CF92378002BF0D19AF82D
S2140073C01830002BECD0584601F06CFF9AF81830B5
S2140073D0012B0ED0022BE3D1003018BF012000286D
S2140073E0DED09EE72846BDE8F88FB0FA80F0400968
S2140073F095E7B0FA80F040090028D1D091E70C4814
S214007400BDE8F88FAFF3008000000000804F2241F7
S21400741000408F40000B002020230020080B002097
S214007420101C0020A01D0020301F0020C0200020BF
S214007430E4A0030034A20300FCA00300C027090058
S21400744000000020C0D4010038B51F4C237803B1DB
S21400745038BD1E4D2B7E002BFAD01D4801F022FFB2
S2140074602B7E012B2CD0022BF2D1003018BF01202E
S2140074700028EDD017480BF099FD174803F0ECF8FC
S2140074800021154803F032F8144803F0E5F800210F
S214007490124803F02BF8124803F0DEF800211048DB
S2140074A003F024F80F4803F0D7F800210D4803F046
S2140074B01DF80022012384F8192B84F8183B38BDE8
S2140074C0B0FA80F04009D3E7000B0020000000204F
S2140074D020230020080B0020101C0020A01D0020E8
S2140074E0301F0020C020002038B5264ABFF35B8F2F
S2140074F0002352E8001F42E800300028F9D1BFF30D
S2140075005B8FBFF35B8F204A52E8001F42E80030D3
S2140075100028F9D1BFF35B8FBFF35B8F1B4A52E89D
S214007520001F42E800300028F9D1BFF35B8FBFF39D
S2140075305B8F174A52E8001F42E800300028F9D156
S214007540BFF35B8F134C237823B1002384F8183BDA
S214007550002038BD104D2B7E002BF6D00F4801F0D2
S214007560A1FE2B7E012B07D0022BEED1003018BFD8
S21400757001200028ECD1E8E7B0FA80F040090028A6
S214007580E6D1E2E7841D0020141F0020A42000207E
S21400759034220020000B00200000002020230020C2
S2140075A02DE9F8434F4D504C2B78002B7DD0002210
S2140075B085F8182B002B62D02368D9070DD49A07BC
S2140075C055D45F074BD41E070FD42B78A3B10123E5
S2140075D085F8193B0020BDE8F8830121434802F0F6
S2140075E085FF23689A07ECD541E00121404802F068
S2140075F07DFF2B78002BEAD108F030F8DFF8F0900A
S214007600DFF8F8803B4F064607E099F8F430012B88
S214007610DDD03948002108F04BF808F01FF8801B31
S214007620B0F5FA7FD3D22368D80704D52F4A92F84C
S214007630F420012AEDD1990703D597F8F420012A02
S214007640E7D15A0703D598F8F420012AE1D11B07A1
S214007650DBD4012385F8193B0020BDE8F88301211F
S214007660264802F043FF23681E07AED5BDE701217A
S214007670204802F03BFF23685F07A4D5EFE7237E90
S214007680002B99D01E4801F00DFE237E012B21D041
S214007690022B91D1003018BF012000288CD0012386
S2140076A085F8183B1748BDE8F883227E002A3FF489
S2140076B07EAF134801F0F6FD237E012B03D0022B8C
S2140076C00CD02B7873E7B0FA80F040090028F8D089
S2140076D02B786FE7B0FA80F04009DEE7003018BF7D
S2140076E00120F3E7000B002000000020101C002003
S2140076F0C0200020A01D0020C0D40100301F0020A4
S2140077002023002048A203002DE9F04FC64B2DEDA4
S214007710048B1A788DB00446002A00F0A48193F8F2
S214007720182B002A40F0DD8193F8192B002A00F070
S214007730F281BE4D2F6807F00302032A40F0D7817E
S214007740A278002A40F0D981E278002A40F0D5815C
S2140077502279002A00F01F826279002A00F01B823C
S21400776093F8B19BB9F1010F00F00C832278002A40
S21400777040F013826278002A00F0C382AC48AD491C
S214007780AD4A4E6C93F8B0BB536C089390ED007BFB
S2140077904B6C0A938DED047B536C06900793BB07E6
S2140077A040F11782BBF1010FD4E90A0100F0E48230
S2140077B0B9F1010F40F04082069B93ED027B024632
S2140077C00B4651EC170B8DED027B29F06DFD002268
S2140077D000238046894629F0EDFF002800F0F98254
S2140077E00022964B4046494629F0ACFB2AF00CF89E
S2140077F0079B03440793BBF1010FD4E9100100F087
S2140078006682DDE9042329F04FFD0022002380462E
S214007810894629F0CFFF002800F05F820022874BC0
S2140078204046494629F08EFB29F0EEFF0746BBF19D
S214007830010FD4E9122300F04082DDE9020129F0AD
S21400784033FD002200238046894629F0B3FF002836
S21400785000F04D820022794B4046494629F072FBE3
S21400786029F0D2FF8246BB1918460B9329F0B6FCC6
S21400787080468946304629F0B1FC42464B46089F72
S214007880CDE9088929F05CFBBA4480465046894613
S21400789029F0A4FCCDE90401384629F09FFCDDE977
S2140078A0042329F04DFB4246CDE902014B464046F3
S2140078B0494629F0F9FC06460F46DDE90201024674
S2140078C00B4629F0F1FC02460B463046394629F0B5
S2140078D039FB41EC100B26F0CDFF57EC106B002265
S2140078E0574B10EE100A394629F050FF002840F09A
S2140078F0A18149EC118B9DED020B26F0B9FF0A9889
S214007900B0EE408AF0EE608A29F068FCDDE90823D4
S21400791029F016FBCDE90201079829F05FFCDDE9A6
S214007920042329F00DFB9DED021B41EC100B26F005
S2140079309FFF637AB0EE409AF0EE609A029313B11E
S21400794094F864300293A379D5E90489A3B194ED41
S214007950147B0022002351EC170B8DED047B29F0DD
S21400796033FF48B1BBF1010F00F045829DED047B6B
S21400797085ED047B59EC178B49EC108B31480CF0E5
S21400798001FB4046494600222F4B29F0B7FD069BD7
S214007990D3E9002329F088FC0022294B804689463B
S2140079A029F0F4FE002840F0E5814046494629F0DB
S2140079B053FF04466B6825489C4228BF1C46214658
S2140079C00AF042F8214622480AF03EF821462148AD
S2140079D00AF03AF8214620480AF036F8002200233A
S2140079E03046394629F0E6FE002800F0B981134BF0
S2140079F000223046394629F0A5FA29F005FF03464D
S214007A00029A0092B0EE491AF0EE691AB0EE480AF1
S214007A10F0EE680A52460B990A480BF0B1FD0F4B80
S214007A20002808BF18461BE0000B002000000020BE
S214007A3090160020101C0020A01D00200000E03F33
S214007A400000F03F080B002000004E40401C0020C5
S214007A50D01D0020601F0020F0200020D8A20300C8
S214007A6018BF002003E093F8192B2AB9AC480DB0D4
S214007A70BDEC048BBDE8F08FAA4D2F6817F001010E
S214007A8008D0A94AD2F8640186054CD4D2F864011D
S214007A90C00648D417F0020208D0A448D0F86461A3
S214007AA0B6052CD4D0F86401C60628D4780708D5C5
S214007AB09F48D0F86461B60521D4D0F86401C606A4
S214007AC01DD4380708D59B48D0F86461B60516D48F
S214007AD0D0F86401C00612D493F8182B002A3FF49D
S214007AE02AAE95480DB0BDEC048BBDE8F08F9348E8
S214007AF00DB0BDEC048BBDE8F08F9148B7E789B9AF
S214007B00FAB978072BD43E0737D48E480DB0BDECB3
S214007B10048BBDE8F08F834D0293FFF741FD2F687D
S214007B20029B08E6804A92F8001139B1D2F8641137
S214007B308E0503D4D2F86421D006CDD507F0020214
S214007B40DEE77A4A92F800110029DAD0D2F86411FA
S214007B508905D6D4D2F86421D606BDD5D1E7744AB5
S214007B6092F800110029CED0D2F864118905CAD443
S214007B70D2F86421D206AFD5C5E76E4A92F8001156
S214007B800029C2D0D2F864118805BED4D2F8642188
S214007B90D106BAD4A0E76C4869E7634ADFF88CA13F
S214007BA0566CDAF844100891D4E90801526C0A922F
S214007BB0FA0714D4654A93F8B0BB6378069292ED40
S214007BC0007B8DED047BDAF844200792002B7FF4CF
S214007BD0E6AD069B93ED027B8DED027B0BE693F8FC
S214007BE0B0BBBBF1010F00F08E80584B0693B9F185
S214007BF0010F42D193ED007B02460B4651EC170B6A
S214007C008DED047B29F050FB00220023CDE9020114
S214007C1029F0D0FD002800F0E58000224C4BDDE97D
S214007C20020129F08FF929F0EFFD0A9B03440A931D
S214007C306378C8E747481AE7069F474B97ED027BED
S214007C40D3E902238DED027B29F07CF9DDE90223DE
S214007C5029F02AFB002200238046894629F0AAFD47
S214007C60002800F0A1800022394B4046494629F002
S214007C7069F929F0C9FD0790BDE593ED007B53E94E
S214007C8008238DED047B29F05DF9DDE9042329F056
S214007C900BFB00220023CDE9020129F08BFD002812
S214007CA000F08C802A4B0022DDE9020129F04AF917
S214007CB029F0AAFD63780A9085E71046194616A3B0
S214007CC0D3E9002329F0F0FA02460B46B5E512A3E5
S214007CD0D3E9002329F0E8FA93E500221C4B40463E
S214007CE0494629F02DF929F08FFD07469FE5002229
S214007CF0174B4046494629F023F929F085FD824670
S214007D00B1E51648B3E604A3D3E9002329F0CCFA7C
S214007D106BE700BFAFF3008066666666666639404E
S214007D20949E030000000020101C0020A01D0020D0
S214007D30301F0020C02000208CA2030058A20300A1
S214007D4070A20300BC9E0300ECA203009016002065
S214007D500000E03FC0A20300701600209CA20300B3
S214007D602D4B00223046394629F0EAF829F04CFD22
S214007D70034645E601241DE625A3D3E9002329F0A2
S214007D8093FA15E5254ADFF898A094F800E0566CBB
S214007D90DAF84410526C08910A92D4E90801BEF150
S214007DA0000F3FF407AF03E700221B4B404649464F
S214007DB029F0C6F829F028FD07901CE5164B00228E
S214007DC0DDE9020129F0BCF829F01EFD63780A906F
S214007DD0F9E60022104B4046494629F0B1F829F052
S214007DE013FD05E500220C4BDDE9020129F0A8F899
S214007DF029F00AFD19E7DDE9040105A3D3E900230C
S214007E0029F052FACDE90401B0E500BFAFF30080D7
S214007E1066666666666639400000E03F101C002015
S214007E20A01D0020000000002DE9F04FAE4C237886
S214007E3087B00546002B54D094F8183B002B40F032
S214007E40948094F8193B002B00F0B481A74EA84A02
S214007E502B78D2F844B094F8B17B002B40F08980A0
S214007E60DFF8B0A2A34A6B78526C01921BB133685C
S214007E70980700F16F81A04AAB78526C03921BB151
S214007E803368590700F108819C4AEB78526C0292DD
S214007E901BB133681A0700F13F81AB7A002B00F064
S214007EA08F8095F86530002B00F08A80AF79002F20
S214007EB000F0AE8095ED147B0022002351EC170BEA
S214007EC08DED047B29F080FC002800F0A18094F85A
S214007ED0B03B012B00F08E809DED047B86ED047B8D
S214007EE096E094F8193B1BB9854807B0BDE8F08FBB
S214007EF07E4E336813F001010AD07D4AD2F8640141
S214007F00870500F15B81D2F86401C00600F1568156
S214007F1013F002020AD07748D0F86471BF0500F16A
S214007F203B81D0F86401C70600F1368158070AD5B0
S214007F307148D0F86471BF0500F12E81D0F8640155
S214007F40C70600F1298118070AD56C48D0F8647175
S214007F50BF0500F12181D0F86401C00600F11C8144
S214007F6094F8183B002B3FF472AF664807B0BDE8A4
S214007F70F08F3368DB077FF573AF94F8B03B012BC7
S214007F80D5E9080100F0A281012F40F02681DFF834
S214007F9084A1DAE9002329F087F90022002380462D
S214007FA0894629F007FC002800F034820022564B50
S214007FB04046494628F0C6FF29F026FC834451E790
S214007FC0AB79D6E90489002B00F0928195ED147BFD
S214007FD00022002351EC170B8DED047B29F0F4FBF7
S214007FE0002800F0858194F8B03B012B08BF0027DD
S214007FF040F07881DDE9040139A3D3E9002329F0B4
S21400800053F980468946C6E90489002F00F070813E
S2140080107068C4F8980A29F0D1F8DAE90089CDE941
S2140080200401002200234046494629F0CDFB0028E3
S21400803000F0C38142464B46DDE9040129F05EFAB2
S2140080400022324B29F030F941EC100B30480BF08F
S21400805099FF2A786B7802B933B101995846FDF733
S2140080600BFD00287FF441AFAB78EC783BB133686A
S2140080705B0704D503992048002203F061F84CB151
S214008080306810F008003FF430AF02991B48002219
S21400809003F056F8002028E794F8B03B012BD5E90A
S2140080A00C0100F01981012F40F0EE80DAE904237C
S2140080B029F0FAF8002200238046894629F07AFB48
S2140080C0002800F0E68100220F4B4046494628F083
S2140080D039FF29F099FB039B03440393D4E600BFC2
S2140080E06666666666663940000B00200000002063
S2140080F0101C0020A01D0020301F0020C0200020E3
S214008100949E03008CA203000000E03F00004E4057
S214008110080B002090160020012FD5E90E0140F034
S2140081209780DAE9062329F0BFF80022002380466C
S214008130894629F03FFB002800F076810022C24BDA
S2140081404046494628F0FEFE29F05EFB029B0344AB
S2140081500293A2E694F8B03B012BD5E90A0100F0A1
S214008160AF80012F58D1DAE9022329F09DF80022CA
S21400817000238046894629F01DFB002800F08081F8
S2140081800022B14B4046494628F0DCFE29F03CFB75
S214008190019B034401936EE679B9002A40F0DA8029
S2140081A0580700F1E880180700F1F680A74807B0E6
S2140081B0BDE8F08FFFF7F4F948E6A54A92F80011FB
S2140081C041B1D2F864118F0504D4D2F86421D006E8
S2140081D07FF5C6AE03F00202DFE7DFF878A2DAE941
S2140081E000230AF1200A28F0ADFEDAE9002329F080
S2140081F05BF8002200238046894629F0DBFA002837
S21400820000F0EA800022904B4046494628F09AFE4D
S21400821029F0FAFA834625E68E4BD3E9022328F0A6
S21400822091FEDAE9022329F03FF800220023804677
S214008230894629F0BFFA002800F0E2800022824B2F
S2140082404046494628F07EFE29F0DEFA019012E606
S214008250804BD3E9062328F075FEDAE9062329F0D9
S21400826023F8002200238046894629F0A3FA002836
S21400827000F0BC800022744B4046494628F062FE5F
S21400828029F0C2FA029008E6724BD3E9042328F0DC
S21400829059FEDAE9042329F007F800220023804675
S2140082A0894629F087FA002800F08C800022664B69
S2140082B04046494628F046FE29F0A6FA0390E3E534
S2140082C05FA3D3E9002328F0EFFF4AE75CA3D3E9D6
S2140082D0002328F0E9FF57E659A3D3E9002328F046
S2140082E0E3FFE0E69DED047B86ED047B59EC178BFF
S2140082F049EC108B58480BF045FE40464946002294
S214008300564B29F0FBF8DAE9002328F0CDFF0022CF
S214008310534B8046894629F039FA002840F0C2803F
S2140083204046494629F098FA044673684D489C42F0
S21400833028BF1C46214609F087FB21464A4809F01B
S21400834083FB2146494809F07FFB2146484809F04F
S2140083507BFB7EE6474A92F8001100293FF420AFE7
S214008360D2F8641189053FF51BAFD2F86421D70611
S2140083707FF5F6AD14E7404A92F8001100293FF465
S21400838012AFD2F8641189053FF50DAFD2F864211B
S214008390D7067FF5E5AD06E7384B93F80021002AAF
S2140083A03FF404AFD3F8642191053FF5FFAED3F850
S2140083B06431DA063FF5FAAED2E54FF00008DFF892
S2140083C0A09037E60022204B4046494628F0B8FDEC
S2140083D029F01AFA039057E500221B4B40464946FF
S2140083E028F0AEFD29F010FA83463BE50022164B36
S2140083F04046494628F0A4FD29F006FA02904CE5CE
S2140084000022114B4046494628F09AFD29F0FCF917
S214008410019030E500220C4B4046494628F090FD7E
S21400842029F0F2F983441DE50022074B40464946F1
S21400843028F086FD29F0E8F988E600BFAFF3008053
S21400844066666666666639400000E03FBC9E0300CE
S214008450101C002070160020080B002000004E4064
S2140084600000F03F401C0020D01D0020601F0020B0
S214008470F0200020A01D0020301F0020C02000207B
S2140084800022094B4046494628F05AFD29F0BCF91F
S2140084907EE60022044B4046494628F051FD29F06E
S2140084A0B3F918E6012440E70000E03F00000000B2
S2140084B02DE9F04FB04C237885B00546002B00F030
S2140084C0998094F8183B002B40F0D88094F8193B1C
S2140084D0002B00F07E81A94EA94A2B78D2F844A042
S2140084E0002B40F0CF80A74FA74A6B78D2F844B055
S2140084F01BB13368980700F12381A44AAB78526C0D
S21400850001921BB13368590700F1DF80A04AEB786F
S214008510526C00921BB133681A0700F1F680AB79F3
S214008520D6E90489ABB195ED147B0022002351EC0B
S214008530170B8DED027B29F047F950B194F8B03B4C
S214008540012B00F0BF819DED027B86ED047B59EC8C
S214008550178B49EC108B8F480BF014FD40464946AC
S21400856000228D4B28F0CAFFD7E9002328F09CFE96
S21400857000228A4B8046894629F008F9002840F0F8
S2140085809F814046494629F067F904467368844847
S2140085909C4228BF1C46214609F056FA21468148CF
S2140085A009F052FA2146804809F04EFA21467F48E3
S2140085B009F04AFA2A786B7802B923B15946504630
S2140085C0FDF75AFAD0B9AB78EC783BB133685B0765
S2140085D004D501996D48002202F0B2FD44B130681E
S2140085E010F008000AD000996948002202F0A8FDA1
S2140085F0002003E094F8193B1BB96D4805B0BDE8B0
S214008600F08F5E4E336813F001010AD05C4AD2F850
S2140086106401870500F1E180D2F86401C00600F12C
S214008620DC8013F002020AD05748D0F86471BF0508
S21400863000F1C480D0F86401C70600F1BF80580777
S2140086400AD55248D0F86471BF0500F1B780D0F85B
S2140086506401C70600F1B28018070AD54C48D0F866
S2140086606471BF0500F1AA80D0F86401C00600F16D
S214008670A58094F8183B002B3FF42EAF4D4805B06C
S214008680BDE8F08F3368DF077FF52DAF94F8B03B79
S214008690012BD5E9080100F0BB803A4FD7E900234B
S2140086A028F002FE002200238046894629F082F840
S2140086B0002800F0CF8000223F4B4046494628F075
S2140086C041FC29F0A1F882440EE794F8B03B012B58
S2140086D0D5E90C0100F09080D7E9042328F0E4FDEA
S2140086E0002200238046894629F064F8002800F01E
S2140086F0A8800022304B4046494628F023FC29F04B
S21400870083F8019B0344019300E7D7E90623D5E9E4
S2140087100E0128F0C9FD002200238046894629F074
S21400872049F8002800F084800022234B4046494642
S21400873028F008FC29F068F8009B03440093EEE656
S21400874094F8B03B012BD5E90A015BD0D7E90223A8
S21400875028F0AAFD002200238046894629F02AF840
S21400876000285BD00022144B4046494628F0EAFB1E
S21400877029F04AF88344C0E6000B002000000020E1
S214008780101C002090160020A01D0020301F002086
S214008790C0200020080B002000004E400000F03FE4
S2140087A0401C0020D01D0020601F0020F02000206C
S2140087B0949E03008CA203000000E03F61B9002AEB
S2140087C052D15A075FD419076CD4454805B0BDE8A6
S2140087D0F08FFEF7E5FE7EE6424A92F8001141B1C0
S2140087E0D2F86411890504D4D2F86421D7067FF53F
S2140087F040AF03F00202E2E737A3D3E9002328F0F4
S21400880053FD69E734A3D3E9002328F04DFD9DE727
S21400881031A3D3E9002328F047FD3EE70022324B80
S2140088204046494628F08CFB28F0EEFF834464E679
S21400883000222D4B4046494628F082FB28F0E4FFF4
S2140088407AE70022284B4046494628F079FB28F074
S214008850DBFF56E70022244B4046494628F070FBD3
S21400886028F0D2FF82443FE6204A92F80011002901
S214008870A7D0D2F864118805A3D4D2F86421D10613
S2140088807FF5F7AE9DE71A4A92F8001100299AD0B4
S214008890D2F864118F0596D4D2F86421D0067FF5FD
S2140088A0E8AE90E7134B93F80021002A8DD0D3F85A
S2140088B06421920589D4D3F86431DB0685D4D8E6E2
S2140088C0012463E6DDE9020103A3D3E9002328F0CF
S2140088D0EBFCCDE9020136E66666666666663940FA
S2140088E0BC9E0300101C00200000E03FA01D0020DE
S2140088F0301F0020C020002000B5ADF5217D0B46BE
S21400890002464FF420716846FDF730F8684600F0DE
S21400891001FC0DF5217D5DF804FB00BFF0B500F10C
S21400892036040546ADF20C5D2046954905F10C0669
S2140089302BF03AFD002800F08880924920462BF064
S21400894033FD002800F099808F4920462BF02CFD3F
S214008950002800F08C808D4920462BF025FD00284D
S21400896000F091808A4920462BF01EFD002800F07A
S214008970AB80884920462BF017FD002800F0A78022
S214008980854920462BF010FD002800F0A38083497F
S21400899020462BF009FD002800F0B68080492046CE
S2140089A058352BF001FD002800F0A8807D492046B0
S2140089B02BF0FAFC002800F0B0807B4920462BF014
S2140089C0F3FC002800F0A380784920462BF0ECFC4E
S2140089D0002800F08280764920462BF0E5FC00282F
S2140089E062D0744920462BF0DFFC002800F0998006
S2140089F0714920462BF0D8FC002800F09C806F4977
S214008A0020462BF0D1FC002800F09B806C492046C5
S214008A102BF0CAFC0746002800F0A68020466949CD
S214008A202BF0C2FC0446002840F09180664F674950
S214008A307870012328463B70FDF7D8FF3C7028BBB2
S214008A4030466349FFF758FF0EE002A84FF4207146
S214008A50FDF784FF02AB3246A2A84FF42071FCF764
S214008A6085FFA2A800F056FB0DF20C5DF0BD02A833
S214008A704FF42071FEF7CAFAECE702A84FF4207113
S214008A80FEF7FEFAE6E7FEF78BFD80B10090324671
S214008A90504B4FF42071A2A8FCF7A0FFA2A800F04C
S214008AA039FB0DF20C5DF0BD2846FDF735FE32466B
S214008AB0474B4FF42071A2A8FCF758FFA2A800F07D
S214008AC029FB0DF20C5DF0BDFDF728FAEFE7FEF787
S214008AD00BFDECE7FDF75AFAE9E72846FDF7F6FD49
S214008AE00028E4D000903246A2A83B4B4FF42071F9
S214008AF0FCF774FFA2A800F00DFBB5E72846FDF7CB
S214008B00BBFA0028C2D1D2E7FDF764FACFE72846C1
S214008B10FDF7AEFD0028E5D1C9E72846FDF794FA33
S214008B20C5E72846FFF780F90028AFD130462B4925
S214008B30FFF7E2FE98E72846FEF7E6FD0028A5D1F7
S214008B40F4E72846FFF7B4FC00289FD1EEE7244B55
S214008B5000933246A2A8234B4FF42071FCF73EFF49
S214008B60A2A800F0D7FA7FE7174C184960700123D7
S214008B7028462370FEF77CFB2770002886D15FE727
S214008B8004A3030018A3030024A3030030A30300D8
S214008B9038A3030040A30300F4A0030050A303007F
S214008BA058A3030064A3030074A3030080A3030078
S214008BB08CA303009CA30300C4A30300D0A303005C
S214008BC0D4A30300DCA30300B2160020F58C00003B
S214008BD0C49D03000083FFFFA680FFFFA8A3030039
S214008BE0E8A30300A780FFFF10B5ADF5B86D50A849
S214008BF04FF4007100F0D8F9044618B920460DF578
S214008C00B86D10BD50A802A9FBF7E2FB0446002889
S214008C103DD00DF13E002D492BF0C6FB68B32C4924
S214008C200DF13E002BF0C0FB38B32A490DF13E0093
S214008C302BF0BAFB08B328490DF13E002BF0B4FB2D
S214008C4088B126490DF13E002BF0AEFB58B1244901
S214008C500DF13E002BF0A8FB28B10DF13E00214996
S214008C602BF0A2FB10BB02A8FFF758FEFCF7CAFFCA
S214008C70044620460DF5B86D10BD02A8FFF74EFE5F
S214008C80194B012220465A700DF5B86D10BD049A96
S214008C90039B00924FF4207105AAD0A8FCF79EFE15
S214008CA0D0A800F037FA104B5C78A7E70F4B00937C
S214008CB005AA0F4B4FF42071D0A8FCF78FFED0A862
S214008CC000F028FAFCF79EFF044697E750A303003F
S214008CD0F4A0030038A3030018A3030024A3030092
S214008CE004A3030064A30300B2160020FCA3030041
S214008CF00083FFFF024B187800B97047FFF774BF78
S214008D00B216002000B5ADF5717D02A9FBF760FB39
S214008D1030B102A8FFF702FE0DF5717D5DF804FB89
S214008D20049A039B00924FF4207105AA50A8FCF702
S214008D3055FE50A800F0EEF90DF5717D5DF804FBC8
S214008D4030B5224C2378C7B00BB947B030BD201DD4
S214008D5000F0CCFE0028F8D006A95F22201D00F007
S214008D60F7FE031EF1DD06A8002511221849C5549A
S214008D702BF0F4FC0028E8D1164B186807F0BAFB75
S214008D80059005A817F06CFA134B029342F28D314A
S214008D9042F28C32034601910092A0210F4A1EA88F
S214008DA02BF084FA201D00F047FF0546201D00F03A
S214008DB045FF29460246201D00F0DCFD1EA9201DA9
S214008DC000F01EFE201D00F0EDFDBEE7B4160020EC
S214008DD00CA40300C02D0020689F030020A40300FD
S214008DE010B50D4C42F28C3104F13C0000F0A4FCAE
S214008DF042F28D3104F1680000F09EFC04F194000C
S214008E0000F03EFC04F1A00000F03AFC201DBDE896
S214008E10104000F073BD00BFB4160020114870B5B6
S214008E204FF4E131044602F07DFC204602F06EFC71
S214008E3006F014FC41F287360546204602F060FC38
S214008E4028B109480021BDE8704006F031BC06F0A4
S214008E5005FC401BB042F0D903480021BDE8704035
S214008E6006F026BC50260020001BB7002DE9F04176
S214008E702C4F3B7882B0002B40D12B4BD3F8008090
S214008E8098F85C30002B39D0404607F03FFB404650
S214008E9007F0DEFB00283FD02448254C254D00F087
S214008EA05FFC254800F05CFC42F28E31234800F05F
S214008EB037FD012304F114063B7014F8011B284605
S214008EC002F048FC08B1A642F7D1404607F012FB74
S214008ED002AB43F8040D184617F0C2F904462BF00F
S214008EE0CFFB70B1134E251801E0A54209D014F847
S214008EF0011B304602F02EFC0028F6D102B0BDE879
S214008F00F0810D210B4802F025FC0028F6D00A213E
S214008F10084802F01FFCF1E70949404607F0EEFA60
S214008F20BAE700BFB4160020C02D0020F0160020BF
S214008F305CA40300502600201C170020B816002052
S214008F40C0A8006D10B5164C237884B0ABB194F869
S214008F50AC305BB901A8134900F048FC01A800F04A
S214008F60ABFB70B984F8AC0004B010BD04F19400FB
S214008F7000F0A2FB0028F7D1ECE7FFF777FF04B07C
S214008F8010BD029BBDF80C109DF80E20C4F898305A
S214008F900023A4F89C1084F89E20A4F8AE30E1E7E5
S214008FA0B4160020F01600202DE9F043534C544D23
S214008FB085B0074688460026284602F0BFFB0028F4
S214008FC017DB0A28B4F8B0302DD00D282BD0E218C5
S214008FD0B3F5FF7FD8BF82F8B40003F1010328463B
S214008FE0D4BFA4F8B030A4F8B06002F0A7FB002805
S214008FF0E7DA2378002B7BD094F8AC30002B6FD1C7
S21400900001A8404900F0F2FB01A800F055FB08BBA0
S21400901084F8AC003C4D002658BB4FF0000948468B
S21400902005B0BDE8F083002BC6D0234400253846A3
S214009030474408F1FF32354983F8B450A4F8B050DD
S2140090404FF001092BF0DCFB07F8015C484605B041
S214009050BDE8F083029BBDF80C109DF80E20C4F806
S21400906098300023A4F89C1084F89E20A4F8AE3014
S214009070CEE7284600F020FB81460028CDD02846C3
S21400908000F028FB0028C8DD284600F037FB002843
S214009090C3DB0A28B4F8AE300DD00D280BD0B3F5DC
S2140090A0FF7F1ADCE218013382F8B402A4F8AE306F
S2140090B094F8AC00B0E7002BFAD0234400253846DD
S2140090C0474408F1FF32124983F8B452A4F8AE5070
S2140090D02BF096FB07F8015CB8E7A4F8AE60E7E76C
S2140090E0094800F0E9FA00288AD094F8AC0091E725
S2140090F0FFF7BCFE94F8AC008CE700BFB416002067
S21400910050260020F0160020481700206817002080
S21400911068190020F8B507462BF0B2FA88B11C4E45
S2140091203D183C4601E0A5420BD014F8011B304622
S21400913002F010FB0028F6D1164C94F8AC307BB940
S214009140F8BD0D21124802F005FB0028F4D0114CA2
S2140091500F480A2102F0FEFA94F8AC30002BEFD04C
S21400916004F1940000F0A8FA80B138462BF088FA93
S2140091703946024604F1940000F046FA04F19400E1
S21400918002220549BDE8F84000F03EBAF8BD00BF2F
S21400919050260020B416002074A4030010B52F4CEF
S2140091A02378ADF5707D23B394F8B43423BB50A870
S2140091B02B4900F01BFB50A800F07EFA002847D091
S2140091C0519BBDF848019DF84A11C4F8A43001220D
S2140091D00023A4F8A80084F8AA1084F8B424C4F8DD
S2140091E0B83406F03BFAD4F8B834C31A312B02462A
S2140091F009D80DF5707D10BD04F1A00000F05CFAF2
S2140092000028EED1D3E768464FF4A071C4F8B8241E
S214009210FDF7B2FF6B4650A8124A4FF42071FCF7D8
S21400922019FC94F8B434002BE3D00F4800F044FA4D
S2140092300028DED050A82BF023FA50A902460A4890
S21400924000F0E2F902220949074800F0DDF9D0E70C
S21400925084F8B4040DF5707D10BD00BFB416002070
S2140092601C1700201CA303005417002074A403003E
S214009270807970474FF0FF30704700BF80797047A5
S214009280022906BF81710120002070470020704728
S21400929000207047002070470020704790F91800A3
S2140092A0704700BF438D13B190F828007047064BF7
S2140092B0C1681A68436952F8212012681A420CBF26
S2140092C001200020704700BF741B00202E4BF0B416
S2140092D0C0F82A30C3680469DA0102F18245002624
S2140092E005F5004514F00107867180F8286005EB47
S2140092F0540534D095F8307066F3071785F830704B
S21400930002F18242457E02F500422244002D34D10D
S214009310022482F840401D4A846812681C4E0633B8
S2140093209B00A3F10C051544134424320562C36167
S2140093304262E443BFF35B8F56E8003F234046E8B3
S2140093400032002AF8D1BFF35B8F0368114A5B68CE
S2140093508180934215D102238371F0BC704795F843
S214009360306067F3030685F8306002F18242457E7E
S21400937002F500422244002DCAD0032482F8404061
S214009380C9E70221F0BC184703000100741B002047
S214009390942C002081920000C2694369126813422F
S2140093A000B505D0428D8285002A39D05DF804FBD1
S2140093B0828D002AFAD0013A92B28285002AF5D12F
S2140093C0016A826809680B40002B0CBF012300234A
S2140093D080F8283053D0BFF35B8F414BD24353E81D
S2140093E0001F114043E8001EBEF1000FF7D1BFF387
S2140093F05B8F90F82830B0F90410426A002B4AD1EF
S214009400BFF35B8F01238B40DB4352E8001F1940FC
S21400941042E800100028F8D1BFF35B8F5DF804FB2C
S214009420016A826809680B40002B0CBF01230023E9
S21400943080F8283047D0BFF35B8F294BD24353E8E0
S214009440001F114043E8001EBEF1000FF7D1BFF326
S2140094505B8F90F82830B0F90410426A3BBBBFF32C
S2140094605B8F01238B40DB4352E8001F194042E824
S21400947000100028F8D1BFF35B8F5DF804FB184B93
S214009480BFF35B8F53E8001F114343E8001EBEF195
S214009490000FACD0F6E701238B40BFF35B8F52E89A
S2140094A0001F194342E800100028E4D0F7E7012324
S2140094B08B40BFF35B8F52E8001F194342E8001051
S2140094C00028D8D0F7E7064BBFF35B8F53E8001FA2
S2140094D0114343E8001EBEF1000FB8D0F6E700BF08
S2140094E0942C0020034A02604FF6FF710022818010
S2140094F08271704780A4030070B492F90140C46082
S2140095000D4D816000244FF6FF76868084710560DD
S214009510957805610121A9404161D17801761179DC
S214009520064AC4610462446280F828404176C0F866
S2140095302A2070BC704700BFB0A4030003000100DF
S214009540054BC1681A68436952F8212012681A420E
S2140095500CBF012000207047741B0020036A41697D
S2140095601B6882680B40002B0CBF0123002300B54C
S21400957080F8283023D0BFF35B8F1E4BD24353E8CE
S214009580001F114043E8001EBEF1000FF7D1BFF3E5
S2140095905B8F90F82830B0F90410426ADBB9BFF34D
S2140095A05B8F01238B40DB4352E8001F194042E8E3
S2140095B000100028F8D1BFF35B8F5DF804FB0D4B5D
S2140095C0BFF35B8F53E8001F114343E8001EBEF154
S2140095D0000FDCD0F6E701238B40BFF35B8F52E829
S2140095E0001F194342E800100028F8D1BFF35B8F34
S2140095F05DF804FB942C0020406820B14B68C01A2C
S214009600B0FA80F040097047F8B5436833B11E6879
S21400961026B11AB111B11B7A042B02D000242046C1
S214009620F8BDB6F86440944228BF14460546A2B278
S214009630304601231AF01CFB0028EFD16B6818682F
S2140096401BF09EF80028E9D106F008F86B681B6846
S214009650B3F86630032B0646E1DD084F08E03868AD
S21400966006F098FF6B681B68B3F86630032BD6DDF0
S21400967005F0F4FF801B0428F1D9D0E7C02D0020A8
S214009680044A02604FF4FA6100220181426082724D
S214009690704700BFE0A4030010B504460EF0B6FF06
S2140096A0044B23604FF4FA6200232281A372204603
S2140096B010BD00BFE0A40300406850B1006840B190
S2140096C0007DC31F012B03D9003018BF012070474F
S2140096D000207047084B10B50446186806F05AFF7D
S2140096E0606820B1C3888088181A01D400B210BD03
S2140096F000F5167000B210BDC02D00204368ABB157
S2140097009A88D988914211D030B40A4D541C1A4414
S21400971085FB0415E117507AC1EBA5124FF41671BC
S21400972001FB124200B29A8030BC70474FF0FF3007
S214009730704700BFB5814E1B002210B4074C046072
S214009740418142600272C260026142618261C2610E
S2140097500262426282625DF8044B7047F0A4030026
S21400976030B5446883B005461CB123684BB103B0DE
S21400977030BD4FF41971012029F0BCFB6860044627
S214009780F3E718F017FF6B68206018680028EED023
S214009790438B43F04003438305F10C0118F00EFFA2
S2140097A0104B186806F0A6FE02A96B6841F8040D77
S2140097B06A89186818F088F920B1696808680EF098
S2140097C0BDFFD4E76C68FF21206818F0E9F96B68E4
S2140097D02060012418681C72034918F0FFFE2C72E2
S2140097E0C5E700BFC02D0020198601002DE9F04313
S2140097F0204B85B006461868894606F0CBFE3046F4
S214009800FFF73EFF09F10C040027256801A829464A
S2140098109DB1FFF741FF0299BDF80C209DF80E3070
S21400982071603281B3723046FFF746FF8046C0B99A
S214009830284629F02BFEC4F800800137082F04F1D3
S2140098400404E2D101A8FFF71BFF0299BDF80C2023
S2140098509DF80E30716030463281B37205B0BDE8B7
S214009860F083023709EB8707002330467B6005B09C
S214009870BDE8F083C02D00202DE9F041114B0646CF
S21400988084B018688846174606F084FE06F10C0475
S2140098902C3654F8045B01A82946FFF7FDFE01A804
S2140098A0FFF70AFF10B12B7A042B05D0B442F0D193
S2140098B0384604B0BDE8F0813A46414601A8FFF7B5
S2140098C0A3FEF3E7C02D0020F8B5BDF8187010B160
S2140098D004688C4204D01046BDE8F84017F01EBA63
S2140098E0044640681E46154608B117F017FA326857
S2140098F02B892381E26027826560F8BD0022026022
S21400990042608260C260026182828261C2610284B9
S21400991042620285C2620286C0F83220704700BFEB
S21400992030B590F8325083B015B1002003B030BD8A
S214009930818204461BF0CAFE0C4B206025812584DC
S214009940186806F0D7FD02A9A28A41F8040D20681F
S2140099501BF02CFC0028E8D12068054922461BF0A5
S2140099608BFE0120C4F8320003B030BDC02D0020AD
S214009970C9980000F8B590F8325075B1084B044607
S214009980186816460F4606F005FE01220023E76219
S214009990268684F8332084F834302846F8BD00BF85
S2140099A0C02D002030B5054690F8320083B028B1AF
S2140099B095F8330010B195F8340008B903B030BDFF
S2140099C002AAEB6A42F8043DA9692B8E28681BF0B0
S2140099D083FD0446A86917F0A1F9084A0023106819
S2140099E0AB61EB622B8685F8333085F8343006F0B1
S2140099F0D1FDB4FA84F0400903B030BDC02D00207C
S214009A002DE9F0410B7882B0002B67D090F8322019
S214009A108DF80730002A61D090F83330002B5DD0E7
S214009A20314B04461F680D4600261CE0A369012240
S214009A301B890DF10701404617F0A6FA38BBA0694E
S214009A4017F06CF90123C4F8188084F8343015F840
S214009A50013F0136F3B194F832208DF80730CAB1D1
S214009A6094F83330B3B1384606F094FDA369ABB131
S214009A701989013189B24FF42072362016F0A2FF00
S214009A80804638B1A16917F0CBF90028CED0404601
S214009A9017F044F9304602B0BDE8F0814FF420726A
S214009AA00121362016F08EFFA0610028F2D0012298
S214009AB00DF1070117F040FA48B9A369012284F8AE
S214009AC03420002BC3D1304602B0BDE8F081A06937
S214009AD017F024F9304602B0BDE8F0810026304683
S214009AE002B0BDE8F08100BFC02D002038B5174B8E
S214009AF00446186806F04EFD94F83230D3B1238938
S214009B00C3B1E069E168228A23846162228518B1C4
S214009B1017F004F90023E36163684FF42072198993
S214009B20362016F04FFFE06120B1616817F078F933
S214009B30054608B1002038BD606817F0EFF801232D
S214009B40208C6560258184F8353038BDC02D002016
S214009B502DE9F84F90F83230002B68D090F8353069
S214009B60002B64D0038C002B61D0002A5FD09A4271
S214009B70D0F81C80A8BF1A461646B8F1000F56D07B
S214009B800F4605464FF00009B8F808104E45A1EB01
S214009B9003014C4689B244DDB8F80A308B4206DC35
S214009BA028E056453EDDB8F80A30994223DA4046AA
S214009BB04C1C17F00DFB07F809002B8C09F1010A65
S214009BC0013B1FFA8AFAA4B29BB22146D1465446FC
S214009BD02B84002BE5D156450EDCE86917F09EF87D
S214009BE00023EB6185F83530BAF1000F1FD05046E0
S214009BF0BDE8F88FCA46D146D8F800B0BBF1000FD2
S214009C0002D0584617F0CCF8404617F087F82B8C51
S214009C10BBF1000F08D0D846002BDED0A642B3DC3E
S214009C20E2E7CA46D146F7E7002BDDD1D5E74FF08D
S214009C30FF30BDE8F88F00BF406A7047008D704760
S214009C40F8B5144E346814F0010402D0124B1868AC
S214009C50F8BD80201CF0DAFF0546012740222C6064
S214009C606C60AC60EC602C616C612146AC61EC61B0
S214009C702C626C62AC62EC622C636C6385F83870A4
S214009C803C302AF053F8044BA5F87C4037601D6042
S214009C902846F8BD701B0020781B00200249034AA6
S214009CA0034B80E80E00704720800041A0800041F2
S214009CB02081004110B5CCB20F2C2ED8B2B16BBBB0
S214009CC0012303FA01F100F13403BFF35B8F53E87D
S214009CD0002F0A4343E80024002CF8D1BFF35B8F23
S214009CE090F83830CBB1104B196110BD012303FA40
S214009CF001F1CA4300F13403BFF35B8F53E8004F12
S214009D00144043E8004EBEF1000FF7D1BFF35B8F5F
S214009D1090F838300BB1044BD96010BD0122024BCD
S214009D2002FA01F15961CEE7002800400F2914DC41
S214009D30B0F87C30CB4013F0010F4FF0010310B5A4
S214009D4003FA01F30AD10F4A00EB81015361CB6B92
S214009D5013B1BDE81040184710BD7047DC4300F152
S214009D603402BFF35B8F52E800EF0EEA040E42E8BF
S214009D7000ECBCF1000FF6D1BFF35B8F014AD36055
S214009D80E1E700BF002800400368C1681B68C360A5
S214009D9042684B40836112680369816802615340E0
S214009DA0C3610A684369426153400362704700BF5B
S214009DB000B5816A436ABFF35B8F00F12C0223EA89
S214009DC0010352E8001F194342E8001EBEF1000FCF
S214009DD0F7D1BFF35B8F416A836ABFF35B8F00F1F5
S214009DE0300223EA010352E8001F194342E8001E2E
S214009DF0BEF1000FF7D1BFF35B8F436A83625DF855
S214009E0004FB00BF08B5FFF71BFF014B186008BD39
S214009E10741B0020062070470120704790F8190137
S214009E20704700BF807970478379122B10D00A2BB9
S214009E300FD090F83D30A3B1D0F8A430D0F8B020C1
S214009E4093F90130DB0103F1824303F500435A61C5
S214009E50704790F8FC309B07EBD590F83D30002B10
S214009E60EAD0D0F8A430D0F8B02093F90130DB0166
S214009E7003F1824303F500439A617047A0F1300076
S214009E80D2E700BFF8B583798B4200F06081A1F17C
S214009E9009030D460446092B00F25781DFE813F04C
S214009EA07900A100A100F3005501550155015501A7
S214009EB055010A00303007F081FDA379122B1AD124
S214009EC0D4F8A430D4F8B000002184F8141193F923
S214009ED00120AE4BA4F8161103EBC212012184F840
S214009EE018119061D4F8A810D4F8B82091F9011090
S214009EF003EBC1139A6172B6D4F8B400036800226B
S214009F00A4F810213BB1D4F8C410D4F8C0200B68D4
S214009F101340FCD10360D4F8BC0003680022A4F808
S214009F2012213BB1D4F8CC10D4F8C8200B681340EB
S214009F30FCD10360D4F8A410944B91F901208978E1
S214009F4003EBC2121144002591F840006FF30000A5
S214009F5081F84000D4F8A81091F90100897803EB45
S214009F60C0131944122691F840006FF3000081F8E0
S214009F704000D4F8B010A671012084F81451A4F85B
S214009F80165184F818019161D4F8B8209A6162B627
S214009F90F8BD303007F012FDA379122B00F0D980FF
S214009FA0D4F8A450D4F8A80095F9013090F901200F
S214009FB0DB01D101754AAD7813442B440A4493F86B
S214009FC040106FF3000183F8401083781344092192
S214009FD093F840206FF3000283F840200120A1711F
S214009FE0F8BD303007F0EAFCA379122B1AD1D4F86A
S214009FF0A430D4F8B000002184F8141193F901209D
S21400A000624BA4F8161103EBC212012184F8181152
S21400A0109061D4F8A810D4F8B82091F9011003EB99
S21400A020C1139A6172B6D4F8BC0003680022A4F883
S21400A03012213BB1D4F8CC10D4F8C8200B681340DA
S21400A040FCD10360D4F8A410504A91F90130897805
S21400A05002EBC3130B4493F840106FF3000183F830
S21400A0604010D4F8A81091F90130897802EBC31398
S21400A0700B4493F8402042F0010283F84020A5717B
S21400A08062B60120F8BD303007F098FCA379122B99
S21400A0901AD1D4F8A430D4F8B000002184F81411F2
S21400A0A093F90120394BA4F8161103EBC2120121D3
S21400A0B084F818119061D4F8A810D4F8B82091F953
S21400A0C0011003EBC1139A6172B6D4F8B4000368AA
S21400A0D00022A4F810213BB1D4F8C410D4F8C02054
S21400A0E00B681340FCD10360D4F8BC000368002260
S21400A0F0A4F812213BB1D4F8CC10D4F8C8200B68D1
S21400A1001340FCD10360D4F8A410204A91F9013022
S21400A110897802EBC3130B440C2093F8401041F0EF
S21400A120010183F84010D4F8A81091F9013089781D
S21400A13002EBC3130B4493F8402042F0010283F86D
S21400A1404020A07162B60120F8BD0020F8BD0120B5
S21400A150F8BD0022D4F8A45084F8142195F90130F3
S21400A1600A4EA4F81621DB01F218D4F8B01001202C
S21400A17084F818019161D4F8A800D4F8B87090F962
S21400A1800120D1010E44B76114E700BF00800041F2
S21400A190012070472DE9F047089EBDF82490BDF8D1
S21400A1A02880044617468A46324600211D46FFF799
S21400A1B0A3F904F1300007F0CFFB6C4BC4F8A0A065
S21400A1C003F13C02C4F8A470C4F8AC602360C4F881
S21400A1D0A8502263BA786649DFF8A0A1654E01232D
S21400A1E003FA02F2C4F8B020AA7884F8D69003FAEC
S21400A1F002F24FF0020C4FF07D0E0020C4F8B8209B
S21400A20084F8D7800022A4F8E2C04FF019084FF671
S21400A210FF7CA4F8F8E04FF003094FF0FF3E84F807
S21400A220D820A4F8DA20A4F8DC20A4F8DE20A4F8CD
S21400A230E02084F8E42084F8F52084F8F620A4F8DA
S21400A240FC2084F8002184F80121C4F8F0A084F8EA
S21400A250F490A4F8D0C0A4F8D2C0A4F8D4C0C4F82F
S21400A260E880C4F8ECE0C4F80421C4F80821C4F877
S21400A270102184F81421A4F8162184F8192184F8F2
S21400A2801A21C4F81C21C4F82021C4F8242184F81B
S21400A290382184F8482184F86021C4F86421C4F881
S21400A2A06821C4F86C21C4F87021C4F87421C4F87D
S21400A2B07821C4F87C2184F8882184F8892184F8E0
S21400A2C08A21C4F88C21C4E94C01C4E95001C4E9D0
S21400A2D05401C4E9560184F81831C4F82831C4F88A
S21400A2E00C81C4F880E1C4F884E163763B7B7F7B15
S21400A2F056F82300042B9CBF1F4AD25CB7FBF2F132
S21400A30002FB11724FF48073D2B202F11C0103FA01
S21400A31002F200EB810102F47C520830C4F8B4105B
S21400A320C4F8C400C4F8C0202A7B687B56F8221004
S21400A330042A9ABF104B9A5C0022B0FBF2F302FB91
S21400A3401303DBB24FF4807203F11C0002FA03F32E
S21400A35001EB800003F47C530831C4F8BC00C4F859
S21400A360CC10C4F8C8302046BDE8F08718A5030016
S21400A3700000F03FFCA40300F4A40300003C1CC64D
S21400A38079B1C2B190F864319B0770B50C46164699
S21400A390054612D40123C5F81C61204685F81A31FB
S21400A3A070BD80F81A11C0F81C11C0F82011C0F852
S21400A3B024110120704710467047303007F0FEFA2F
S21400A3C0AB79122BE6D1D5F8A430D5F8B000002131
S21400A3D085F8141193F90120094BA5F8161103EB23
S21400A3E0C212012185F818119061D5F8A810D5F889
S21400A3F0B82091F9011003EBC1139A61CAE700BFB8
S21400A40000800041F8B590F81A312BB183790A2BF9
S21400A410044602D0122B37D0F8BD90F83D30CE0F50
S21400A42081EAE175B342A5EBE1755AD0236884F85A
S21400A4303D601B6B20469847A16BA379A942A8BF35
S21400A4402946122B2DD0D4F8BC50A4F812112B6834
S21400A4508FB2BB4207D0D4F8CC00D4F8C82003682B
S21400A4601A42FCD12F60002E39D10A46636C134481
S21400A470636494F864310029CCBF43F002036FF3A1
S21400A480410384F86431F8BD90F83D30CE0F81EA80
S21400A490E175B342A5EBE175C8D1A16BA942A8BF8F
S21400A4A029468BB2002BDED094F8FC2094F83D3081
S21400A4B09207D4F8142158BF83F0010332F47F4288
S21400A4C0B4F8162108BF84F818314FF6FF7012FA58
S21400A4D081F3834228BF0346A4F81631C3E74A42F5
S21400A4E0C4E7A16BA942A8BF2946ACE770B590F8AF
S21400A4F07A3182B00446002B75D190F8793183F01A
S21400A500010394F8002194F801518A4235D094F85A
S21400A510190184F80011002284F80121C4F80821EA
S21400A52078B3002172B6002B30D0002930D040F22C
S21400A530E2420123C4F87C2184F8793162B6A3791B
S21400A5400A2B2CD0122B2AD094F889318B4235D086
S21400A550D4F8A03000293BD1BFF35B8F3C4ADB43E5
S21400A56052E8000F184042E80005002DF8D1BFF36E
S21400A5705B8F84F8891102B070BD94F81921002A07
S21400A58033D10029CDD072B6002BCED10029D5D13B
S21400A590002384F87A3162B6A3790A2BD2D119B98E
S21400A5A094F864319A0728D494F8FC30DB0794F8C2
S21400A5B0893148BF81F001018B42C9D1002DD8D026
S21400A5C094F80131002BD4D1D4F8A0300029C3D0A0
S21400A5D0BFF35B8F1E4A52E8000F184342E800059F
S21400A5E0002DC4D0F7E700238BE7002284F8001183
S21400A5F084F80121C4F8082193E794F87431019196
S21400A60043F0100384F8743104F1300007F0D6F9F3
S21400A610A3790199122BC7D1D4F8A43084F8141169
S21400A62093F901200B4BD4F8B000A4F8161103EBF5
S21400A630C212012684F818619061D4F8A800D4F8F4
S21400A640B82090F9010003EBC0139A61ACE700BF95
S21400A650942C00200080004110B50446303007F0EE
S21400A660ADF9A379122B1AD1D4F8A430D4F8B000DF
S21400A670002184F8141193F90120094BA4F816114F
S21400A68003EBC212012184F818119061D4F8A810C7
S21400A690D4F8B82091F9011003EBC1139A6110BDEC
S21400A6A00080004190F87831002B4AD0354A90F867
S21400A6B00131126800B512698BB990F88A31012B06
S21400A6C022D0022B3BD190F8F430002B45D1D0F8A5
S21400A6D08C31002B3CD180F88A315DF804FBD0F831
S21400A6E00431D0F80C11D31A8B422BD3D0F8083192
S21400A6F0C0F80421013BC0F808314BB980F801319D
S21400A70090F88A31012BDCD1022380F88A31DAE70F
S21400A7101D4BD0F8A020BFF35B8F53E8001F5140BD
S21400A72043E8001EBEF1000FF7D1BFF35B8F90F831
S21400A7308A31012BC5D190F80131002BE4D05DF8A9
S21400A74004FB704790F88A31022BBCD05DF804FBFE
S21400A750013BC0F88C315DF804FB002200F5BA73AB
S21400A760BFF35B8F53E8001F21F0200143E8001E73
S21400A770BEF1000FF6D1BFF35B8F80F88A215DF83B
S21400A78004FB00BFB42D0020942C002090F87A31F2
S21400A79070B5044680F81911002B65D190F8793110
S21400A7A083F0010394F8016149BB94F8005172B636
S21400A7B06BB375B340F2E2420123C4F87C2184F8FF
S21400A7C0793162B6A3790A2B2AD0122B28D094F8B6
S21400A7D08931AB4233D0D4F8A030002D39D1BFF345
S21400A7E05B8F364ADB4352E8001F194042E80010F0
S21400A7F00028F8D1BFF35B8F84F8895170BD00251F
S21400A80084F80151C4F8085172B6002BD1D1002D3E
S21400A810D7D1002384F87A3162B6A3790A2BD4D133
S21400A8201DB994F864319A0720D494F8FC30DB07FD
S21400A83094F8893148BF85F00105AB42CBD1002E94
S21400A840DAD094F80131002BD6D1D4F8A030002D00
S21400A850C5D0BFF35B8F194A52E8001F194342E880
S21400A86000100028C6D0F7E700239BE794F8743161
S21400A87043F0100384F8743104F1300007F09EF8BA
S21400A880A379122BD1D1D4F8A43084F8145193F9BB
S21400A89001200B4BD4F8B010A4F8165103EBC212EB
S21400A8A0012084F818019161D4F8A810D4F8B820D3
S21400A8B091F9011003EBC1139A61B6E7942C0020BE
S21400A8C00080004161B32DE9F84F57EC106B0C4641
S21400A8D0924605460022002310EE100A394659EC2F
S21400A8E0118B26F05DFFC0B9002200234046494682
S21400A8F026F056FF88B905F59470C5F82841C5E9D5
S21400A9004C6785F838A1C5E9508909F00DFC01218E
S21400A91085F860110846BDE8F88F0020BDE8F88F7E
S21400A9200846704700000000F8B590F8783103B983
S21400A930F8BD0446FEF730FD914A94F8D610A37988
S21400A94052F82170BD7A0A2BEDB200F00581122B69
S21400A95000F0028194F8D830013B012B4FF000063E
S21400A96000F20481AA0700F0BE823323BB72B4F85B
S21400A970E230012293FA12F39AB2003218BF012293
S21400A980A4F8E23084F87B21EB0600F1B58294F857
S21400A9907B31002B40F00582D4F8E83003EB8303CC
S21400A9A0A4F8F830B4F9D010481C12D0754804F05A
S21400A9B035F803689B6805469847092800F0AE827C
S21400A9C02846FEF76FFC011C18BF01212046FFF742
S21400A9D08DFDB4F9D2104A1C18D0A3790A2B3DD0AD
S21400A9E0122B3BD0674804F019F803689B680546AD
S21400A9F09847092800F031822846FEF753FCA379D1
S21400AA00092B00F034820B2B00F03182B4F9D410FD
S21400AA104B1C23D0A3790A2B20D0122B1ED05948CA
S21400AA2003F0FCFF03689B6805469847092800F07A
S21400AA30B3822846FEF736FCA379092B0ED1D4F84C
S21400AA40A830D4F8B82093F90130DB0103F1824333
S21400AA5003F50043002800F0DB825A61B4F9801148
S21400AA604F1C10D0474803F0D9FF03689B68054683
S21400AA709847092800F07C812B6828461B68984771
S21400AA80042800F07581B4F984114E1C15D03D4899
S21400AA9003F0C4FF03689B6805469847092800F042
S21400AAA04D822846FEF7FEFB94F84030B0FA80F060
S21400AAB0400960F3C30384F84030B4F982114D1C9A
S21400AAC015D0304803F0AAFF03689B6805469847F0
S21400AAD0092800F02E822846FEF7E4FB94F8403062
S21400AAE0B0FA80F0400960F3041384F84030B4F9FB
S21400AAF08611D4F86451D4F87461481C00F01081B3
S21400AB00204803F08BFF03689B6807469847092890
S21400AB1000F019823846FEF7C5FBB0FA80F77F09C9
S21400AB2094F83C30002B40F0318184F8883194F85A
S21400AB303E1067F3104549BB94F86421920725D56B
S21400AB4094F83D0094F84020002800F08181D70654
S21400AB5020D546F004061DE094F8FC30C3F38006CA
S21400AB6094F8D830013B012B7FF6FCAE94F82830E1
S21400AB707340054A84F8F430C4F8F02012E700BFAA
S21400AB8060A503009C2B0020003C1CC694F83D00EA
S21400AB9094F84020C2F3C00767F38E35C2F3001264
S21400ABA094F8017162F3CF3567F34D3560F3C30552
S21400ABB0002B00F0B380981F18BF012094F87A216C
S21400ABC060F34105002A00F0A38094F8F47011B1F8
S21400ABD0A80740F137816FF30005032B00F08A8049
S21400ABE015F0020340F02581002900F0838063F30E
S21400ABF0820594F8793161F3861567F3C815002B42
S21400AC007CD0D4F87C31002B40F3928062F345155B
S21400AC100122013B62F38C25C4F87C3105F0020367
S21400AC201BB1B00648BF46F00106321C18BF012211
S21400AC30D4F87031C4F8746162F34925C4F86451DD
S21400AC4025EA030304F5B472BFF35B8F52E8001FD6
S21400AC50194342E800100028F8D1BFF35B8FD4F800
S21400AC607021BFF35B8F04F5B67322EA050553E83F
S21400AC70002F2A4343E800210029F8D1BFF35B8F59
S21400AC80A379D4F86421C4F870210A2B02D0122BC1
S21400AC907FF44EAED4F81C0168B190F8562A002A0C
S21400ACA040F0918090F88A2794F81A11D2B211B128
S21400ACB0002A40F08D8004F13005284606F0D6FBC9
S21400ACC0284606F051FFA379122B00F04481D4F8F1
S21400ACD0BC50606B2A68A4F8120180B282423FF42E
S21400ACE027AED4F8CC10D4F8C8200B681342FCD199
S21400ACF02860F8BD3B1C18BF012378E762F34515B2
S21400AD00F2B962F38C25AF078FD546F0100688E7B8
S21400AD1062F3000594F8F470134668E718464DE7AA
S21400AD2094F83C30002B39D184F888311F46FEE673
S21400AD300122002345F0200584F87A2184F8793131
S21400AD4094F8D83033B947B905F00203042262F309
S21400AD508C2565E7002F00F09A8015F00203F5D1E8
S21400AD60032262F38C2563F3041505F0020357E70C
S21400AD7094F8D81000295ED02B6894F8F4105B691C
S21400AD8009B194F87A11284698477CE637B194F8CA
S21400AD908811002900F025810F46C8E694F88871CE
S21400ADA0C5E694F8283094F8F5107340DAB291426C
S21400ADB000F02381D4F8E83084F8F52003EB830311
S21400ADC0A4F8F830EEE594F81A21002A3FF473AFA1
S21400ADD0D4F82021944200F06681122B7FF4A8ADAF
S21400ADE0B4F81631002B3FF4A3AD94F814110029E3
S21400ADF040F0108194F8FC3094F83D209B0758BF33
S21400AE0082F0010284F81821002A40F04781D4F825
S21400AE10A830D4F8B82093F90130DB0103F182435F
S21400AE2003F500435A614B1C03F0030384F8143106
S21400AE30F8BD0023DBE694F8F4202B68012A5B6952
S21400AE40A1D19EE7012F7FF4C6AE45F00105C4E60A
S21400AE50170748BF46F002069CE6B54BB4F9D21079
S21400AE6018680DF0B7FFA379092B7FF4CCADD4F8A2
S21400AE70A430D4F8B02093F90130DB0103F182430B
S21400AE8003F50043002800F0C1805A61BEE50223A6
S21400AE9004F1300063F38C2506F090FDA379122BA5
S21400AEA046F0200645F010057FF45FAFD4F8A430D6
S21400AEB084F8147193F901209E4BD4F8B010A4F8CE
S21400AEC0167103EBC212012084F818019161D4F8C0
S21400AED0A820D4F8B81092F9012003EBC21205F0AE
S21400AEE0020391619CE604F0B9FBD4F8EC30C01A7A
S21400AEF003283FF63AAD47E504F0B0FBB4F8E2307D
S21400AF00C4F8EC00002B52D03023BB72002294F819
S21400AF107B3184F8F620A4F8E2203AE5844BB4F9B5
S21400AF20D01018680DF056FF01462046FFF7DEFAEF
S21400AF304FE52B6828461B699847CFE52B682846BF
S21400AF401B699847B0E53B6838461B699847B0FAD6
S21400AF5080F77F09E4E5626B93B2002B3FF440AFC5
S21400AF6094F8FC1094F83D308907D4F8141158BFB3
S21400AF7083F0010331F47F41B4F8161108BF84F85A
S21400AF80183111FA82F24FF6FF739A4228BF1A461A
S21400AF9093B2A4F8163125E7654BB4F9D4101868B7
S21400AFA00DF018FFA379092B3FF449AD56E5AD0621
S21400AFB07FF5EDACB4F8DC10B4F8E020A4F8DA10B5
S21400AFC0A4F8DE20F88BA4F8DC0094F8F600BD8B1D
S21400AFD0A4F8E050A0BB94F87B31012284F8F62058
S21400AFE0D7E404F1300006F003FD012384F888312D
S21400AFF046F0080694F83C3099E5B4F8F820002AA4
S21400B0003FF4B7AD013AA4F8F820CBE49A61FDE42A
S21400B0109A6123E594F81821002A5ED001293FF4AE
S21400B020F6AE022943D1D4F8A430D4F8B02093F970
S21400B0300130DB0103F1824303F500439A61F2E637
S21400B04007EE901AB8EE677A07EE902AF8EE677A5F
S21400B05084F87B31C7EE276A16EE900A26F0D0F801
S21400B0602FA3D3E9002325F06BFF2FA3D3E90023FA
S21400B07026F01AF926F010FC07EE900A1EB19FED96
S21400B0802E7A77EE677A94F8D830C4ED3C7A022BA5
S21400B09031D0022384F8F43000239EE7D4F8A4309D
S21400B0A0D4F8B020B7E608F0A7F8A37995E6D4F868
S21400B0B0A820D4F8B80092F90120D20102F1824209
S21400B0C002F5004290614A1C02F0030284F8142143
S21400B0D012BB013BA4F81631F8BD0129DED00229C7
S21400B0E004D1D4F8A830D4F8B820A0E7D4F8A42027
S21400B0F0D4F8B000DFE717EE900A26F081F80022B9
S21400B1000E4B25F01DFF02460B4625F01BFF26F0D2
S21400B110C3FBC4F8F000BCE7F8BD00BFAFF3008087
S21400B1209A9999999999A93F721CC7711CC75B4057
S21400B130CC300020008000410000C842000049409A
S21400B1402DE9F84304460F469046002A54D1456C34
S21400B1504D1BED0FD4F87431002B4BD094F874319E
S21400B16043F0010384F87431002694F8003133B9B3
S21400B17094F8742142F010021E4684F87421B4F943
S21400B1808611481C16D0294803F048FC03689B68C3
S21400B19081469847092840D04846FEF783F8B0FA1B
S21400B1A080F0400930B194F8743143F0080384F815
S21400B1B07431002694F840306DB1D90626D496B185
S21400B1C001234246394684F83E3004F13000BDE89B
S21400B1D0F84306F0C7B81A07F1D594F8743143F06F
S21400B1E0020384F8743194F864319B0706D4002077
S21400B1F0BDE8F8830126B8E7CD0FABE704F13000D1
S21400B200002106F0F5FB0020BDE8F88394F87431C1
S21400B21043F0040384F87431E5E7D9F80030484673
S21400B2201B699847B0FA80F04009BBE79C2B0020CA
S21400B230A0F13000FFF784BFF8B5D0F874310446AB
S21400B2400E46002B4AD090F8743143F0010380F884
S21400B2507431002594F8003133B994F8742142F023
S21400B26010021D4684F87421B4F98611481C16D0C5
S21400B270264803F0D3FB03689B68074698470928CF
S21400B2803CD03846FEF70EF8B0FA80F0400930B1F0
S21400B29094F8743143F0080384F874310025002EC6
S21400B2A094F840300CDAD90621D48DB1002331460B
S21400B2B084F83E3004F13000BDE8F84006F08CB863
S21400B2C01A07F2D594F8743143F0020384F8743107
S21400B2D094F864319B0703D40020F8BD0125B9E734
S21400B2E004F13000002106F083FB0020F8BD94F83E
S21400B2F0743143F0040384F87431E9E73B68384658
S21400B3001B699847B0FA80F04009C0E79C2B0020E4
S21400B310A0F13000FFF790BFF8B5D0F8A430CA4DC2
S21400B32093F90130D0F8B02005EBC31304469A61B8
S21400B330D0F8A830D0F8B82093F9013005EBC31345
S21400B3400E469A610021FFF7D1F831462046FDF7F8
S21400B350BDFFD4F8A43093F90120987805EBC2120B
S21400B3601318002783F84070D4F8A81091F901301C
S21400B3708E78DB01E9188D1903F1824385F8407059
S21400B380D4F8B0509560D4F8B8508D6002EB5002F7
S21400B39010F0010F92F830104FF0050003F500434F
S21400B3A014BF60F3071160F3030103EB560382F842
S21400B3B0301093F83020F0074FF005014CBF61F3D2
S21400B3C0071261F3030283F8302023689F4A5B6804
S21400B3D0934240F04781A379092B26D004F1300030
S21400B3E006F0ECFAA379122B00F01281D4F8A450E0
S21400B3F0D4F8A80095F9013090F90120DB01D101BD
S21400B400914AAD7813442B440A4493F840106FF3E6
S21400B410000183F8401083781344092193F84020F4
S21400B4206FF3000283F84020A171E3682269DB0114
S21400B43003F1824101F5004101EB520103F1824321
S21400B44091F8300012F0010503F50043134414BFD1
S21400B4506FF3071065F3030081F8300093F840207F
S21400B4607B4942F0010283F8402094F8D60051F858
S21400B47020301A686FF341021A601A699207FCD4EA
S21400B4801A6842F001021A601A6912F00102FBD132
S21400B4901D68704962F305151D601D6862F314553A
S21400B4A01D601D6862F355551D601D6845F48035A6
S21400B4B01D601D6845F400351D601D6862F3CB25D0
S21400B4C01D601D6862F30A251D601D6845F0800535
S21400B4D01D601D6845F040051D601D6862F383050C
S21400B4E01D60DD88052666F30205DD80DD8845F0F3
S21400B4F02005DD80DD8862F30C35DD80DD8862F3B3
S21400B5004D35DD80DD8862F30825DD80DD8845F079
S21400B5101005DD800D7862F341050D70D4F8AC207F
S21400B5208E68D5780122AA4016438E60EF088E6991
S21400B530BF0007F1804E16430EF5205E8E6105F0C3
S21400B5400706DEF81CC0B7000426BE4046EA0C0616
S21400B550CEF81C60CE6892B262F30F06CE600A7810
S21400B56042F002020A704A6812F00202FBD194F816
S21400B570D7E039490EF12B073E4651F827C062F353
S21400B580861C41F827C051F826205706FBD451F8F0
S21400B5902620314F4FF0060C6CF3030241F82620AC
S21400B5A051F8262042F0400241F826207A6812F030
S21400B5B0180FFBD1294A2A4E74300EF101010FFAFA
S21400B5C08EFE42F8201006EBCE02917941F0020181
S21400B5D09171D179C807FCD4123505F07F0545F482
S21400B5E0007546F83E50D1798907FCD41A6842F0B7
S21400B5F002021A601A6912F00202FBD10123C4F893
S21400B6006421C4F86821C4F86C2184F87831F8BD48
S21400B6100022D4F8A45084F8142195F901300A4E7B
S21400B620A4F81621DB01F218D4F8B010012084F833
S21400B63018019161D4F8A800D4F8B87090F90120E8
S21400B640D1010E44B761DBE600800041859E000014
S21400B65060A5030000280040001C004000E00041F8
S21400B66020E00041092120469847DEE6A1F10200CD
S21400B670B0FA80F04009704702207047A1F101003F
S21400B680B0FA80F040097047A1F10800B0FA80F0E7
S21400B69040097047807A7047A0F10400FAE700BFBF
S21400B6A0807A401AB0FA80F040097047A0F1040092
S21400B6B0F6E700BF08207047A0F10400FAE700BFD5
S21400B6C000207047A0F10400FAE700BF1123818133
S21400B6D083727047A0F10400F8E700BF704700BF10
S21400B6E0A0F10400FAE700BF014B186800F05EBE48
S21400B6F0801B0020014B186800F066BE801B0020EF
S21400B700014B186800F07ABE801B0020014B1868B9
S21400B71000F030BE801B0020014B186801F004BA10
S21400B720801B0020014B186800F01CBE801B002008
S21400B730014B186800F018BE801B0020014B1868EB
S21400B74000F07ABE801B0020014B186800F0A0BFF6
S21400B750801B0020014B186800F0A6BF801B00204D
S21400B760014B186800F0D4BF801B0020014B1868FE
S21400B77000F0D6BF801B00200368044A1B6B934270
S21400B78003D1034B186800F039BE184701B7000014
S21400B790801B0020A0F10400EEE700BF08B5036898
S21400B7A0064A1B6B934205D1054B186800F026FE2F
S21400B7B000B208BD984700B208BD00BF01B7000040
S21400B7C0801B0020A0F10400E8E700BF08B503686E
S21400B7D061B90B4ADB68934205D10A4B186801F041
S21400B7E0A3F9012008BD9847012008BD064A9B68BA
S21400B7F09342F8D1034B186800F0BCFD012008BD49
S21400B80019B70000801B00200DB70000A0F104004F
S21400B810DCE700BF30B583B01A4DADF804009DF8E4
S21400B82004102B6811F00104A3F8120112D121466E
S21400B83020460AF00FF9214601200AF00BF90AF01B
S21400B840FDF80AF035F90368B3F5966F12D00020BC
S21400B85003B030BD0C4900200AF0FCF80B4901206B
S21400B8600AF0F8F82868402180300AF0BFF8002077
S21400B87003B030BD0121064803F08CFB002003B066
S21400B88030BD00BF801B002095B80000CDBA000078
S21400B8909C2B00202DE9F04F83B072B68A490B68C6
S21400B8A003F18000C3F81821C3F8140162B60868D3
S21400B8B072B6D0F80431D0F80021D0F818419B1A9F
S21400B8C048BF4033002C00F0D680D3F13F0300F091
S21400B8D0D280D0F80451D0F81421A34228BF2346C2
S21400B8E0C5F14001994228BF19464619002900F0C3
S21400B8F0E8802C1D0444171DBE4238BFA242C0F08B
S21400B900CE800B2940F2CB80544214F0030400F0A2
S21400B910B78017784755012C06F1010C02F1010893
S21400B92000F0B08057787770022C06F1020C02F116
S21400B930020800F0A7809778B77006F1030C03267C
S21400B94002F103080196A1EB040BABF10406B6085E
S21400B9502F1901364FEA8609074414444FF0000EAB
S21400B9600EF1010E54F804AB47F804AB7645F7D851
S21400B970019CCB454C440CEB090708EB090E00F084
S21400B980898018F826800CF82680661CB14240F2A2
S21400B990818002349EF801607E70A1427AD99EF8BA
S21400B9A00240BC705618D0F81421D0F818410A444A
S21400B9B0641A5B1AC0F81421C0F8184164D0311D0F
S21400B9C0021D964238BF8842044671D30B2B6FD9AE
S21400B9D0724212F003025FD031780170012A00F142
S21400B9E0010406F1010E58D071784170022A00F168
S21400B9F0020406F1020E50D0B1788170C41C06F124
S21400BA00030E0327A3EB020CACF1040189084D1CBE
S21400BA1016444FEA850802440021013156F8049B7B
S21400BA2042F8049B8D42F8D8C44507EB080204EBA5
S21400BA3008010EEB08060DD01EF8257004F82570D8
S21400BA40541CA34206D9023274784C70934201D932
S21400BA50B2788A70D0F81421D0F81841C0F80431B2
S21400BA601A44E41AC0F81421C0F818411CB98030F2
S21400BA70402109F0BBFF62B6012003B0BDE8F08F9D
S21400BA80B446904601945EE7294401F03F01C0F8B1
S21400BA900411EBE7561886E7B6461746B2E7741E5B
S21400BAA0561812F8017B04F8017FB242F9D17AE702
S21400BAB0421EF41816F8011B02F8011FB442F9D111
S21400BAC0C8E7164673E700BF801B00202DE9F04F3D
S21400BAD0D84883B0002940F0AB810168D1F808311E
S21400BAE01A4402F03F02C1F808210023BFF35B8F1F
S21400BAF081F81031BFF35B8F0468BFF35B8F4FF0A4
S21400BB00010104F58873D3E84F2FC3E8401F0028CF
S21400BB10F9D1BFF35B8F12F0FF0F40F0DC80D4F852
S21400BB200861D4F80C118E4200F0918104F14002B5
S21400BB3002EB060704F1C00EC0F0D180C6F1400348
S21400BB401944402928BF40218B4228BF0B46002BB2
S21400BB5000F0A18106F1400506F1440C6019A444EA
S21400BB6004F1C408404538BFE645C0F08A810B2B77
S21400BB7040F28781404210F0030000F06181965D3C
S21400BB8084F8C060012804F1C10C07F1010800F038
S21400BB9059817E7884F8C160022804F1C20C07F14E
S21400BBA0020800F04F81BE7884F8C260032607F1D1
S21400BBB0030804F1C30C0196A3EB000BABF10406DB
S21400BBC0B60805440136C030254420444FEA8609AD
S21400BBD00027013755F804AB40F804ABB742F8D35A
S21400BBE00198CB4548440CEB090508EB09070DD036
S21400BBF018F826800CF82680461CB34206D9023078
S21400BC007E786E70834201D9B878A8700EEB030078
S21400BC10CB1A00F0FC8004F14405061DB24238BF82
S21400BC20A842C0F025810B2B40F22281554215F028
S21400BC30030500F0098194F840200270012D00F100
S21400BC40010804F1410200F0008194F8412042709E
S21400BC50022D00F1020804F1420200F0F68094F88A
S21400BC604220827000F1030804F143020327A3EB8D
S21400BC700509A9F10406B60805F1400C013628446A
S21400BC80A4444FEA860B4FF0000A0AF1010A5CF85A
S21400BC90045B40F8045B5645F7D8D9455F4408EB8B
S21400BCA00B0002EB0B0500F0B28012F8262008F815
S21400BCB026207A1C934240F2AA8002376A784270A5
S21400BCC0BB4240F2A480AB788370704609F0A2FEB7
S21400BCD0002840F0A280012003B0BDE8F08F891B49
S21400BCE006F1400306F14400402904EB0308204413
S21400BCF004F1C40528BF4021A84538BF8645C0F0DA
S21400BD00AD800B2940F2AA80C8F1000818F003089D
S21400BD1000F09280925D84F8C020B8F1010F04F123
S21400BD20C10507F1010600F089807A7884F8C12001
S21400BD30B8F1020F04F1C20507F102067ED0BA7808
S21400BD4084F8C220FE1C04F1C3054FF003094344E7
S21400BD5008F1C000E2582250A1EB0808A8F104023E
S21400BD6023449208013220445F684760022A4FEA63
S21400BD70820C35D09F688760032A31D0DF68C760A1
S21400BD80042A2DD01F690761052A29D05F694761FB
S21400BD90062A25D09F698761072A21D0DF69C761F7
S21400BDA0082A1DD01F6A0762092A19D05F6A4762EF
S21400BDB00A2A15D09F6A87620B2A11D0DF6AC762EB
S21400BDC00C2A0DD01F6B07630D2A09D05F6B4763E3
S21400BDD00E2A05D09F6B87630F2A01D0DB6BC363E7
S21400BDE0E045E14405EB0C0306EB0C000FD016F81B
S21400BDF0226005F8226009F10102914207D909F193
S21400BE00020942785A70494501D982789A7070467C
S21400BE1009F000FE00283FF45EAFBFF35B8F0023FF
S21400BE2084F810310120BFF35B8F03B0BDE8F08FBC
S21400BE3001685AE6801B00203E467546C14686E7E6
S21400BE40B846F4460190B7E680462F460FE7BFF3A4
S21400BE505B8F84F81021BFF35B8F3CE704F1BF03D0
S21400BE60781817F8012B03F8012F8742F9D1CEE78F
S21400BE700138134412F8015B00F8015F9A42F9D1C9
S21400BE80C5E704F1BF00FE1817F8015B00F8015F74
S21400BE90BE42F9D1BAE67046BAE600BF70B5164E95
S21400BEA0346814F0010402D0144B186870BD4FF4C7
S21400BEB090701AF0ABFE054600F18003C0F8004112
S21400BEC00F49C5F80441C5F81431C5F80841C5F84E
S21400BED01841C5F80C4185F81C4185F81041A5F8B5
S21400BEE0124185F81141032009F0B4FD034A0123ED
S21400BEF015602846336070BD7C1B0020C41B0020E4
S21400BF0015B800002DE9F041C74AD2F8A8306FF303
S21400BF1086138CB0C2F8A830D2F8A8305906FBD4E5
S21400BF20D2F8A830C049042060F30303C2F8A83052
S21400BF30D2F8A83043F04003C2F8A8304B68DB06BE
S21400BF40FCD4BA4BBA491A6942F480621A619A69FB
S21400BF5042F001029A61A1F1D70003220AF026F905
S21400BF600446002800F09C81B24B0FCB8DE80F00F2
S21400BF7003681D0FE8B2C3F3036800F130073730DB
S21400BF80092D88BF07465FFA88F0C3F3035600F111
S21400BF90300C3730B8F1090FC8BF8446F0B2C3F38F
S21400BFA003458DF811C000F1300C3730092EC8BF9C
S21400BFB08446E8B2C3F3033E8DF812C000F1300C9D
S21400BFC03730092DC8BF84465FFA8EF08DF81070A2
S21400BFD08DF813C0C3F3032700F1300C3730BEF1E1
S21400BFE0090FD4BFE6468646F8B2C3F303160A46E0
S21400BFF08DF814E000F1370E3030092FCCBF7746AD
S21400C0000746F0B212688DF8157003F00F0300F1C2
S21400C01037073030092ECCBF3E460646D8B2150F3D
S21400C0208DF8166000F137063030092BCCBF33464A
S21400C0300346E8B2C2F3036C8DF8173000F13703FD
S21400C0403030092D88BF18465FFA8CF3C2F3035EC2
S21400C0508DF8180003F137003033BCF1090FCCBF60
S21400C06084469C465FFA8EF3C2F303478DF819C0E8
S21400C07003F1370C3033BEF1090FD8BF9C46FBB234
S21400C080C2F303368DF81AC003F1370C3033092F8C
S21400C090D8BF9C46F3B2C2F303258DF81BC003F14C
S21400C0A0370C3033092ED8BF9C46EBB2C2F30310D0
S21400C0B002998DF81CC003F1370C3033092DCCBF24
S21400C0C065461D46C3B209688DF81D5002F00F0282
S21400C0D003F1370530330928CCBF28461846D3B2BB
S21400C0E04FEA117E8DF81E0003F137003033C1F39E
S21400C0F00367092ACCBF02461A465FFA8EF5F8B2E5
S21400C1008DF81F2005F137023035C1F30356BEF116
S21400C110090F88BF154600F137023030092FC8BF17
S21400C1201046F3B203F137028DF821003033C1F325
S21400C1300340092EC8BF1346C2B2C1F3033E02F144
S21400C140370830320928D8BF90465FFA8EF2C1F31E
S21400C15003278DF822302046039B8DF8205002F1ED
S21400C16037043032BEF1090FD8BF1446FAB21B6846
S21400C1708DF82440C1F3031602F137043032092F3C
S21400C180CCBF27461746F2B201F00F018DF8257096
S21400C19002F137073032092ECCBF3E461646CAB2E9
S21400C1A01D0F8DF8266002F1370630320929CCBF04
S21400C1B031461146EAB2C3F3036C8DF8271002F13C
S21400C1C030013732092D88BF11465FFA8CF2C3F36F
S21400C1D0035E8DF8281002F130013732BCF1090FEA
S21400C1E0D4BF8C4694465FFA8EF2C3F3034402F142
S21400C1F037013032BEF1090FCCBF8E469646E1B20B
S21400C200C3F303378DF82AE001F1370E3031092CDD
S21400C210D8BF8E46FAB2C3F303268DF82BE002F1A0
S21400C220300E373208E000BF001C00400008004017
S21400C230FB00002074A60300092FD4BF77461746DC
S21400C240C3F30315F4B203F00F03DAB2E9B28DF8C4
S21400C2502C7004F130073734092ED8BF3C4601F164
S21400C260300E02F1300737313732092DD8BF71460C
S21400C270092BD4BF3B4613468DF82E108DF82F3071
S21400C2808DF823808DF829C08DF82D400DF10F0311
S21400C2900DF12F0113F8012F20F8022F8B42F9D150
S21400C2A02A4B2B4A2B4F2C4D2C4880214FF0807662
S21400C2B04FF0804482F8501382F8511382F85213DC
S21400C2C082F853139E609C629F625E6193F85820CA
S21400C2D002F0FB0283F8582093F8582002F0FE0282
S21400C2E042F0010283F8582093F83C2002F0F00256
S21400C2F04FF0007142F0070283F83C2099609C6280
S21400C3009D62596193F8592002F0FB0283F8592088
S21400C31093F8592002F0FE0242F0010283F85920F9
S21400C32093F83C2002F00F0242F0700283F83C20A3
S21400C33009F084FE09F03CFB094809F0ADFE09F05F
S21400C340C3FE01200CB0BDE8F08100BF00800041B4
S21400C35000E100E0000100C0000200C0841B0020D5
S21400C3601C0000200120704708B509F0A1FB0068FA
S21400C37008BD00BF38B590F81C3103B138BD04467F
S21400C3800125184684F81C51064909F063FB284627
S21400C390054909F05FFB04F180004021BDE8384004
S21400C3A009F024BB95B80000CDBA00000346002271
S21400C3B0C0F80021C0F81821C0F8042140218030C0
S21400C3C083F8112109F012BB38B504464FF08245B8
S21400C3D0D4F80821D4F80C319A4200D138BD09F0BF
S21400C3E061FB0028FAD094F81231DB07F6D56B7B98
S21400C3F003F07F03022BEBD038BD00BF38B50546EF
S21400C40009F050FB044670B195F8124114F001048F
S21400C41009D04FF082435C7B04F07F04A4F1020451
S21400C420B4FA84F464090348002103F041F9204675
S21400C43038BD00BF804F1200D0F80031D0F804217C
S21400C440934200F016812DE9F04F5A1C02F03F028D
S21400C450C45CC0F8002183B072B6D0F80431D0F8BE
S21400C4600021D0F818519B1A48BF4033002D00F029
S21400C470E380D3F13F0300F0DF80D0F80461D0F80A
S21400C4801421AB4228BF2B46C6F14001994228BF73
S21400C49019468719002900F0F880351D054402F179
S21400C4A0040E774538BFAA42C0F0DA800B2940F266
S21400C4B0D780554215F0030500F0C38092F800E0DF
S21400C4C000F806E0012D07F1010802F1010900F06D
S21400C4D0BA8092F801E087F801E0022D07F1020821
S21400C4E002F1020900F0AF8092F802E087F802E05D
S21400C4F007F10308032702F103090097A1EB050BD8
S21400C500ABF10407BF0806EB050E01374FEA870AB2
S21400C510864415444FF0000C01940CF1010C55F8BC
S21400C520044B4EF8044B6745F7D8009D019CD34555
S21400C530554408EB0A0E09EB0A0C00F08C8019F83B
S21400C540279008F827906F1CB94240F28480023585
S21400C5509CF801708EF80170A9427CD99CF80250B4
S21400C5608EF802505718D0F81421D0F818510A4403
S21400C5706D1A5B1AC0F81421C0F8185165D0011D59
S21400C5803A1D904238BF8F42054675D30B2B73D9A0
S21400C590424212F0030260D039780170012A00F19D
S21400C5A0010507F1010E59D079784170022A00F191
S21400C5B0020507F1020E51D0B9788170C51C07F14B
S21400C5C0030E4FF00308A3EB020CACF1040189083C
S21400C5D04E1C17444FEA860902440021013157F8E1
S21400C5E004AB42F804AB8E42F8D8CC4508EB0902FF
S21400C5F005EB09010EEB09070DD01EF826E005F83D
S21400C60026E0551CAB4206D902327D784D70934227
S21400C61001D9BA788A70D0F81421D0F81851C0F829
S21400C62004311A44ED1AC0F81421C0F818511DB987
S21400C6308030402109F0DAF962B620B203B0BDE8D6
S21400C640F08FB8469146009558E7314401F03F0117
S21400C650C0F80411EBE7571885E7BE469046B2E7E8
S21400C6607D1E571812F801EB05F801EFBA42F9D112
S21400C67079E74FF0FF307047421EFD1817F8011B90
S21400C68002F8011FBD42F9D1C5E717466FE700BFA4
S21400C690D0F80421D0F800319A421ABFD0F8003101
S21400C6A0C05C4FF0FF30704770B504460E464FF042
S21400C6B0824509F0F7F950B394F8120110F0010022
S21400C6C025D06B7B03F07F03022B01D0002070BDCA
S21400C6D094F81C0100B970BDD4F80831D4F80C21C8
S21400C6E09B1A5A1E0ED4002AE3D0D4F80C312344E9
S21400C6F083F84060D4F80C31013303F03F03C4F8EC
S21400C7000C3170BD03F13F02002AD2D0EDE770BDB8
S21400C710D0F80431D0F80001181A48BF40307047EE
S21400C720D0F80831D0F80C219B1A581E48BF03F1E8
S21400C7303F0070472DE9F04F00F5887383B04FF047
S21400C7400101BFF35B8FD3E84F2FC3E8441F002CD3
S21400C750F9D1BFF35B8F12F0FF0F40F0E480D0F802
S21400C7600861D0F80C118E4200F0B68100F140034B
S21400C77003EB060700F1C005C0F0D880C6F1400202
S21400C7801144402928BF40218A4228BF0A46002A71
S21400C79000F0C78106F1400E06F1440400EB0E08D7
S21400C7A0044400F1C40CE04538BFA542C0F0AE8199
S21400C7B00B2A40F2AB816C4214F0030400F07F8138
S21400C7C09E5D80F8C060012C00F1C10C07F10108E5
S21400C7D000F07B817E7880F8C160022C00F1C20CEC
S21400C7E007F1020800F07181BE7880F8C260032667
S21400C7F007F1030800F1C30C0196A2EB040BABF1A2
S21400C8000407BF080EEB04060137C0340644044490
S21400C8104FEA87094FF0000E0EF1010E56F804ABF2
S21400C82044F804ABBE45F7D3019CCB454C4408EB1B
S21400C830090E0CEB09060FD018F827800CF8278095
S21400C840671CBA4208D902349EF801707770A2427B
S21400C85002D99EF80240B470AC188A1A00F01A8109
S21400C860261D00F14407BC4238BFB342C0F04581E4
S21400C8700B2A40F242815F4217F0030700F029813D
S21400C88090F840302370012F04F1010C00F14103B1
S21400C89000F01D8190F841306370022F04F1020C05
S21400C8A000F1420300F0138190F84230A37004F1C7
S21400C8B0030C00F143034FF00309A2EB0708A8F1AD
S21400C8C0040E4FEA9E0E07F140060EF1010E3C44A0
S21400C8D006444FEA8E0A0027013756F804BB44F890
S21400C8E004BBBE45F8D8D04509EB0A0403EB0A079B
S21400C8F00CEB0A0600F0CE8013F82E300CF82E3023
S21400C900631C9A4240F2C68002347B787370A2425F
S21400C91040F2C080BB78B3700446284609F07AF827
S21400C920002840F0BE8003B0BDE8F08F891B06F1FA
S21400C930400206F14404402900EB020C044400F1D6
S21400C940C40E28BF4021F44538BFA542C0F0CB80B6
S21400C9500B2940F2C8806C4214F0030400F0AB8050
S21400C9609B5D80F8C030012C00F1C10607F1010E76
S21400C97000F0A9807B7880F8C130022C00F1C20656
S21400C98007F1020E00F09F80BB7880F8C23007F1F6
S21400C990030E00F1C3064FF0030C1319034404F111
S21400C9A0C0081A6840F808200F1B3A1F920800EBD0
S21400C9B008040132D3F80480C4F80480022A4FEA3F
S21400C9C082084FD0D3F80890C4F80890032A49D0BC
S21400C9D0D3F80C90C4F80C90042A43D0D3F81090E7
S21400C9E0C4F81090052A3DD0D3F81490C4F81490DB
S21400C9F0062A37D0D3F81890C4F81890072A31D0F2
S21400CA00D3F81C90C4F81C90082A2BD0D3F820909A
S21400CA10C4F82090092A25D0D3F82490C4F824908E
S21400CA200A2A1FD0D3F82890C4F828900B2A19D0C9
S21400CA30D3F82C90C4F82C900C2A13D0D3F830904E
S21400CA40C4F830900D2A0DD0D3F83490C4F8349042
S21400CA500E2A07D0D3F83890C4F838900F2A01D0A1
S21400CA60DB6BE36347450CEB080306EB08040EEBB1
S21400CA70080C0FD01EF8227006F822705A1C91423D
S21400CA8008D902339CF801206270994202D99CF8BA
S21400CA900230A3700446284608F0BCFF00283FF486
S21400CAA042AFBFF35B8F002384F81031BFF35B8F78
S21400CAB003B0BDE8F08FBE46A4462E466DE7B846E6
S21400CAC00194AC4699E6A44667E7019495E6B94614
S21400CAD0F3E6B946A446F0E6BFF35B8F80F8102174
S21400CAE0BFF35B8F1FE700F1BF037C1817F8012B1D
S21400CAF003F8012FA742F9D1CCE7013C1A4413F8FA
S21400CB00016B04F8016F9342F9D1C3E700F1BF044B
S21400CB1007EB020E17F8016B04F8016FBE45F9D15A
S21400CB209AE62C4699E600BF38B590F81C3103B952
S21400CB3038BD0546FFF7FEFD4FF08244D5F80821C4
S21400CB40D5F80C319A420BD008F0ACFF40B195F8FE
S21400CB501231DB0704D5637B03F07F03022BEDD095
S21400CB600024214685F81C41204608F073FF214624
S21400CB70012008F06FFF08F061FFC5F80041C5F816
S21400CB801841C5F80441C5F80841C5F80C4185F8B8
S21400CB90104185F8114138BD90F8103103B1704747
S21400CBA0D0F80821D0F80C319A4200F0FD802DE92B
S21400CBB0F04F00F5887383B04FF00101BFF35B8F31
S21400CBC0D3E84F2FC3E8441F002CF9D1BFF35B8F87
S21400CBD012F0FF0F40F0E580D0F80861D0F80C1195
S21400CBE08E4200F0AB8100F1400303EB060700F134
S21400CBF0C005C0F0DA80C6F140021144402928BFC3
S21400CC0040218A4228BF0A46002A00F0BC8106F16D
S21400CC10400E06F1440400EB0E08044400F1C40C78
S21400CC20E04538BFA542C0F0A3810B2A40F2A081A0
S21400CC306C4214F0030400F077819E5D80F8C060BB
S21400CC40012C00F1C10C07F1010800F071817E781B
S21400CC5080F8C160022C00F1C20C07F1020800F057
S21400CC606581BE7880F8C260032607F1030800F1EC
S21400CC70C30C0196A2EB040BABF10407BF080EEB46
S21400CC8004060137C034064404444FEA87094FF0CF
S21400CC90000E0EF1010E56F804AB44F804ABBE4588
S21400CCA0F7D3019CCB454C440CEB090608EB090E68
S21400CCB00FD018F827800CF82780671CBA4208D9CE
S21400CCC002349EF801707770A24202D99EF80240A4
S21400CCD0B470AC188A1A58D0261D00F14407BC421E
S21400CCE038BFB342C0F03B810B2A40F238815F4226
S21400CCF017F0030700F01F8190F840302370012FD3
S21400CD0004F1010C00F1410300F0168190F8413067
S21400CD106370022F04F1020C00F1420300F00C8154
S21400CD2090F84230A37004F1030C00F143034FF077
S21400CD300309A2EB0708A8F1040E4FEA9E0E07F1BE
S21400CD4040060EF1010E3C4406444FEA8E0A0027C8
S21400CD50013756F804BB44F804BBBE45F8D8D045A6
S21400CD6009EB0A040CEB0A0603EB0A070DD013F8CE
S21400CD702E300CF82E30631C9A4206D902347B788B
S21400CD807370A24201D9BB78B3700446284608F0F7
S21400CD9041FE30B1BFF35B8F002384F81031BFF340
S21400CDA05B8F03B0BDE8F08F7047891B06F1400229
S21400CDB006F14404402900EB020C044400F1C40EC2
S21400CDC028BF4021F44538BFA542C0F0BE800B29DD
S21400CDD040F2BB806C4214F0030400F09E809B5D22
S21400CDE080F8C030012C00F1C10607F1010E00F0FA
S21400CDF096807B7880F8C130022C00F1C20607F1DD
S21400CE00020E00F08E80BB7880F8C23007F1030E69
S21400CE1000F1C3064FF0030C1319034404F1C008D5
S21400CE201A6840F808200F1B3A1F920800EB080407
S21400CE300132D3F80480C4F80480022A4FEA82083C
S21400CE404FD0D3F80890C4F80890032A49D0D3F8F6
S21400CE500C90C4F80C90042A43D0D3F81090C4F871
S21400CE601090052A3DD0D3F81490C4F81490062AE2
S21400CE7037D0D3F81890C4F81890072A31D0D3F8D2
S21400CE801C90C4F81C90082A2BD0D3F82090C4F825
S21400CE902090092A25D0D3F82490C4F824900A2A92
S21400CEA01FD0D3F82890C4F828900B2A19D0D3F8AE
S21400CEB02C90C4F82C900C2A13D0D3F83090C4F8D9
S21400CEC030900D2A0DD0D3F83490C4F834900E2A42
S21400CED007D0D3F83890C4F838900F2A01D0DB6B0F
S21400CEE0E36347450CEB080306EB08040EEB080C5F
S21400CEF03FF44BAF1EF8227006F822705A1C91427F
S21400CF007FF643AF02339CF80120627099427FF6A9
S21400CF103CAF9CF80230A37037E7BE462E46A446C8
S21400CF207AE74FF0020C77E7B846AC460194A1E6E4
S21400CF30012601969EE6A446B946FAE6BFF35B8F45
S21400CF4080F81021BFF35B8F2BE700F1BF037C183E
S21400CF5017F8012B03F8012FA742F9D115E7013C7A
S21400CF601A4413F8016B04F8016F9342F9D10CE7E9
S21400CF7000F1BF0407EB020E17F8016B04F8016F0F
S21400CF80BE45F9D1A5E62C46A4E600BF08B5FEF7D7
S21400CF9085FF014B186008BD801B0020406A704763
S21400CFA0007970470120704738B50446FCF79AFAB6
S21400CFB02046144B40F8303B04F0CEFC124A13498E
S21400CFC02260002300203C320125A4F8FC30C4F87F
S21400CFD06431C4F86831C4F86C31C4F87031C4F8F0
S21400CFE07431C4E94C01C4E95001C4E95401C4E9F0
S21400CFF056012263C4F8285184F8383184F8483141
S21400D000204638BDB0A4030018A503000000F03F7A
S21400D0102DE9F04FC74BDFF85CA3C74AC749C84D98
S21400D020EDB008AC4FF000084FF0030980F8008020
S21400D03083468DE808022046C24B0EF0EDF9A16843
S21400D0406268237B2069CAF80810CAF80420616960
S21400D050A2698AF80C30E369CAF81000CAF81410FE
S21400D060206A616ACAF81820CAF81C3094F828208A
S21400D07094F82930CAF82000802794F82A00CAF8C5
S21400D08024108AF82820A18D94F82E208AF82930BA
S21400D09094F82F308AF82F308AF82A00AAF82C1035
S21400D0A08AF82E2014A93A460AF1300026F040FDF0
S21400D0B03A4634A90AF1B00026F03AFDCDF80490BD
S21400D0C0A14AD4F83011D4F83401D4F8383100929B
S21400D0D0D4F83C21CAF83011D4F84011CAF834010B
S21400D0E0CAF840112046CAF838319849CAF83C2197
S21400D0F0974B984A0CF0A8FAA068626894F80CE07F
S21400D1002369A8606A60A069E26985F80CE02B6173
S21400D11094F828E0636A94F829C06669B4F82CA0ED
S21400D120A861EA6194F82A00226A6B6285F828E012
S21400D13094F82E3094F82FE085F829C085F82E3024
S21400D14085F82FE014A96E612A6285F82A003A460F
S21400D150A5F82CA005F1300026F0EAFC3A4634A9E2
S21400D16005F1B00026F0E4FCD4F84031D4F83011D4
S21400D170D4F83421C5F84031D4F83831C5F8301128
S21400D180C5F83421C5F83831D4F83C3194F844E178
S21400D190C5F83C3120464FF4004185F844E10DF0D7
S21400D1A0E1FE01256C4B94F806A0B4F804C0DFF845
S21400D1B0C8E101950093A6688EF806A02046394679
S21400D1C0AEF804C0CEF80860644B654A654F09F0B7
S21400D1D057FF04F108000FC87B61D4F82A30C7F85F
S21400D1E02A30236B94F806E03B63636BB4F804A024
S21400D1F094F818C0E66987F806E0B86094F819E075
S21400D200206AF9603A61616A94F828207B63A36B10
S21400D210A7F804A087F818C087F819E0FE617962BD
S21400D22087F82820BB63386294F83C00E36C216CD6
S21400D23094F844C094F845E0A26C87F83C00FB6480
S21400D240206DB4F85C3094F83DA0666D396487F8BC
S21400D25044C094F8581094F859C087F845E0BA646A
S21400D26094F85AE094F85B203865A7F85C30206E96
S21400D270636E87F859C087F85AE087F83DA07E6548
S21400D28087F85B2038667B6687F85810A16E364BA9
S21400D29000952046B966354A354F40210AF0F4FB22
S21400D2A004F108000FC87B61D4F82A30C7F82A308A
S21400D2B0236B94F806E03B63636BB4F804A094F821
S21400D2C018C0E66987F806E0B86094F819E0206AA6
S21400D2D0F9603A61616A94F828207B63A36BA7F82B
S21400D2E004A087F818C087F819E0FE61386287F84E
S21400D2F02820BB63796294F83C100095E66C94F89D
S21400D3003DA0226C94F844C094F845E087F83C10A1
S21400D310FE64A16C266D87F83DA03A64B4F85CA064
S21400D32094F8582087F844C087F845E094F85AC027
S21400D33024E000BF8CA80300ECA803007CA8030030
S21400D340542A0020ACA70300CCA80300BCA8030006
S21400D3506CA803009CA703008CAA03004CAA030039
S21400D3601CA90300B02300205CAA0300FCA903004C
S21400D3701C240020102900204426002094F85BE09E
S21400D380B9643E6594F85910666D7E65204687F848
S21400D390582087F8591087F85AC087F85BE0A7F836
S21400D3A05CA0C14BC14AC24F20210AF06DFB04F1BC
S21400D3B008000FC87B61D4F82A30C7F82A30236BE0
S21400D3C094F806E03B63636BB4F804A094F818C0C6
S21400D3D0E66987F806E0B86094F819E0206AF96014
S21400D3E03A61616A94F828207B63A36BA7F804A0CF
S21400D3F087F818C087F819E0FE61386287F8282099
S21400D400BB63796294F83C100095E66C94F83DA0F6
S21400D410226C94F844C094F845E087F83C10FE640B
S21400D420A16C266D87F83DA03A64B4F85CA094F829
S21400D430582087F844C087F845E094F85AC094F816
S21400D4405BE0B9643E6594F85910666D7E652046CB
S21400D45087F8582087F8591087F85AC087F85BE095
S21400D460A7F85CA0934B944A944F10210AF00CFB4B
S21400D47004F108000FC87B61D4F82A30C7F82A30B8
S21400D480236BB4F804E03B63636B94F806A094F84F
S21400D49018C0E669A7F804E0B86094F819E0206AB6
S21400D4A0F9603A61616A94F828207B63A36B87F879
S21400D4B006A087F818C087F819E0FE61386279621E
S21400D4C087F82820BB6394F83C3087F83C3094F803
S21400D4D03D20216C94F844E094F84500A36CCDF808
S21400D4E00C8087F83D20E26C3964FA6494F85A1090
S21400D4F0226D666D87F84500BB6494F8580094F872
S21400D50059303A6587F85A1094F85B20B4F85C10E6
S21400D51087F844E07E6587F8580087F8593020463B
S21400D52087F85B20A7F85C10DFF8B4C1DFF8B4E139
S21400D530634B644ACDF804C04FF0680A0821CDF862
S21400D54008A0CDF800E00AF041FC04F108000FC87E
S21400D5505D4FB4F804E07B61D4F82A30C7F82A306F
S21400D560236B3B63636B94F806A094F818C0E669D7
S21400D570A7F804E0B86094F819E0206AF9603A6108
S21400D580616A94F828207B63A36B87F806A087F867
S21400D59018C087F819E0FE61386287F82820BB6358
S21400D5A0796294F83C1094F83D30206C94F845C0AD
S21400D5B087F83D30E36C94F844A087F83C10386454
S21400D5C0A16C206D87F845C0FB6494F858C094F8A9
S21400D5D05A30666D87F844A0B964B4F85CA094F835
S21400D5E05910386587F858C094F85B00B4F85EC0E8
S21400D5F087F85A304FF0650EB4F86030334A7E65CF
S21400D60087F8591087F85B00A7F85CA0A7F8603089
S21400D6102F49A7F85EC0B4F862C0CDF80C80CDF8EC
S21400D62008E00192E26E009194F87010666EFA6659
S21400D630626FB4F880A094F882E0A7F862C07E66B5
S21400D64094F883C0A66E87F870107A67E16FA26FB1
S21400D650BE662046BA67F967A7F880A087F882E01A
S21400D66087F883C01B4B1C4A1C4F04210AF0AEFBF4
S21400D67004F108000FC87B61D4F82A30C7F82A30B6
S21400D680236BB4F804E03B63636B94F806A094F84D
S21400D69018C0E669A7F804E0B86094F819E0206AB4
S21400D6A0F9603A61616A1FE06CAA03000CAA0300E5
S21400D6B07C2400207CAA03001CAA0300DC24002093
S21400D6C03CA903002CAA03003C250020ACA90300BB
S21400D6D06CA903004CA903003CAA0300C025002047
S21400D6E09CA903005CA9030094F828207B63A36B25
S21400D6F087F806A087F818C087F819E0FE617962F7
S21400D70087F82820BB63386294F83C0087F83C0012
S21400D71094F83DA0216C94F844C094F845E0A26CBF
S21400D720E36C206D666D87F83DA03964B4F860A0A0
S21400D73094F8581087F844C087F845E094F859C024
S21400D74094F85AE0BA64FB6494F85B20B4F85C3052
S21400D7503865B4F85E007E6587F8581087F85AE09A
S21400D76087F85B20A7F85C30A7F85E00A7F860A0F3
S21400D77087F859C0B4F862C0616E7966616FA36EAF
S21400D780E06E94F870E07967A16FE66FA7F862C064
S21400D790BB66B4F880C094F88230F86687F870E00C
S21400D7A0204694F883E0B967BF4AFE674FF400113D
S21400D7B0A7F880C087F8823087F883E0FBF79CFEE6
S21400D7C004F108000FC8B94FB4F804C094F806E096
S21400D7D0266AF9607B61E169D4F82A3094F818A0CB
S21400D7E0A7F804C087F806E094F819C094F828E073
S21400D7F0B8603A612046F9613E62C7F82A30666A28
S21400D800AB4A87F818A04FF4800187F819C07E62EB
S21400D81087F828E0FBF770FE04F108000FC8A54F54
S21400D820B4F804C094F806E0266AF9607B61E16902
S21400D830D4F82A3094F818A0A7F804C087F806E0B1
S21400D84094F819C094F828E0B8603A612046F96167
S21400D8503E62C7F82A30666A974A87F818A04FF4DF
S21400D860000187F819C07E6287F828E0FBF744FEBF
S21400D87004F10800914FA388BB8007C8052394F8DD
S21400D88006E094F818A000933A616269637E94F803
S21400D89028C0666A87F806E0F960D4F82AE0216AAC
S21400D8A07A61E269B86087F818A020467B76FA614C
S21400D8B039627E6287F828C0C7F82AE0804B814F1D
S21400D8C04FF000424FF0006109F092FE04F10800AC
S21400D8D00FC8B4F804E07B61D4F82A3094F806A0A8
S21400D8E0A7F804E0C7F82A3094F819E0236B94F8F8
S21400D8F018C0E66987F806A0B860F960206A616A11
S21400D9003A6187F819E094F8282094F834E03B63ED
S21400D9104FF0040AA36B87F818C0FE61386279627C
S21400D92087F82820BB6387F834E094F840E0CDF809
S21400D93000A0E66BFE63204687F840E0624B634F2C
S21400D9404FF080424FF0806109F052FE04F108006B
S21400D9500FC8B4F804C094F806E0A7F804C0B8608E
S21400D96094F818C0E069F9607B61216A94F8283061
S21400D97087F806E03A6194F819E0626A87F818C0FA
S21400D980F861D4F82AC094F83400396287F8283051
S21400D990A16B236BC7F82AC087F819E03B6387F8AA
S21400D9A03400B9637A62E26BCDF8009094F840E0F8
S21400D9B0FA63204687F840E0454B464F4FF000524A
S21400D9C04FF0007109F014FE04F108000FC894F837
S21400D9D006E07B61D4F82A3087F806E0C7F82A30DC
S21400D9E094F819E0236B94F818C0B4F80490E6692C
S21400D9F0B860F960206A616A3A6187F819E094F8BD
S21400DA00282094F834E03B63A36B87F818C087F8A7
S21400DA1034E0A7F80490FE6138627962BB6387F849
S21400DA202820E26B009594F84050FA63204687F869
S21400DA304050294B294D4FF080524FF0807109F02D
S21400DA40D7FD04F108000FC8A7792A616B61D4F8E6
S21400DA502A2094F8343094F818C0B4F8049094F857
S21400DA6019E0266AAF71A860E769606AE960C5F8E0
S21400DA702A2094F82810226B85F83430A36B85F89A
S21400DA8018C0A5F8049085F819E0EF612E62686268
S21400DA902A63AB6385F82810E16BCDF804A0CDF8B7
S21400DAA0088094F840E01BE0FCA703002023002039
S21400DAB00CA80300502300201CA80300802300208D
S21400DAC02CA80300C81B00203CA8030054220020FA
S21400DAD04CA80300982200205CA80300DC2200204B
S21400DAE0DE4F00972046E96385F840E0DC4BDD4AD0
S21400DAF04FF40061FCF74EFB04F10C0007C8DA4B4C
S21400DB0094F806C0A568E669D860606B94F818902B
S21400DB1094F81980276AB4F804A083F806C09D60BC
S21400DB2094F828C0D4F82A5019615A61A16B94F869
S21400DB303C20DE615863666A83F8189004F144005E
S21400DB4083F819801F625E6283F828C0C3F82A50E3
S21400DB50996383F83C20A3F804A094F83DA094F8B9
S21400DB60405094F85270666D94F83E9094F8508049
S21400DB7094F851C083F8405007C858649964E06D23
S21400DB80216ED8651966D4E91A01DA64226FA56D8C
S21400DB9083F852701A672746626F83F83DA0C3E980
S21400DBA01A0183F851C05E659D655A6783F83E90FA
S21400DBB083F85080D4E91E89D7E92212C3E92212DD
S21400DBC0D7F88020D7F89400C3F88020D7F89020A4
S21400DBD0D7F89810C3F8902008ACD7F89C20C3F864
S21400DBE09400D7F8A400D7F8A060C3F89810C3F83C
S21400DBF09C20D7F8A810D7F8AC20C3F8A400D7F814
S21400DC00B400C3F8A060C3F8A810D7F8B060D7F87F
S21400DC10B810C3F8AC20D7F8BC70D4F8C020C3F84E
S21400DC20B40004F1C400C3E91E89C3F8B060C3F8A9
S21400DC30BC70C3F8B810C3F8C02007C81D46B4F8B7
S21400DC40D0A0B4F8D290B4F8DA30B4F8D48094F80F
S21400DC50D6C094F8D7E094F8D870C5F8C400C5F8D4
S21400DC60C810B4F8DC00B4F8DE10C5F8CC20A5F86F
S21400DC70D0A0B4F8E020B4F8E2A0A5F8D290A5F8B9
S21400DC80DA3094F8E490D4F8E830A5F8D48085F833
S21400DC90D6C085F8D7E085F8D870A5F8DC00A5F8DA
S21400DCA0DE10A5F8E020A5F8E2A085F8E490C5F817
S21400DCB0E830D4F8EC30C5F8EC30D4F8F0A094F89E
S21400DCC0F49094F8F58094F8F6C0D4F80831B4F8D7
S21400DCD0F8E0D4F8FC0094F8007194F80111D4F838
S21400DCE00421C5F8F0A085F8F490B4F816A1B4F8AD
S21400DCF0109185F8F58085F8F6C0B4F8128194F88E
S21400DD0014C1C5F80831D4F80C31A5F8F8E0C5F808
S21400DD10FC0085F8007185F80111C5F80421A5F806
S21400DD201091A5F8128185F814C1A5F816A10DF575
S21400DD30A47EC5F80C3194F8183185F81831BEE881
S21400DD400F0005F5947CACE80F00BEE80F00ACE8C9
S21400DD500F00BEE80F00D4F8206194F8199194F8EB
S21400DD601A81D4F81C71C5F82061D4F8246185F8AE
S21400DD70199185F81A81C5F81C71C5F82461ACE8BC
S21400DD800F0004F5B2728CCA9EE80300D4F87061E6
S21400DD9094F860E194F87881B4F8809185F860E1B1
S21400DDA08CE80300314994F879E1C5F86421C5F898
S21400DDB0683194F87A2194F87B31C5F86C71C5F80F
S21400DDC07061D4F87C71D4F87461B4F882A1C5F897
S21400DDD074614FF0050C85F8788185F879E185F84F
S21400DDE07A2185F87B31C5F87C71A5F88091A5F875
S21400DDF082A1B4F88491B4F886A194F8888194F846
S21400DE0089E194F88A711A4B8DE802100122029279
S21400DE10D4F88C61A5F88491A5F886A185F8888148
S21400DE2085F889E185F88A71C5F88C612046114A23
S21400DE30114D4FF48061FCF7ADF904F108000FC8EE
S21400DE4094F818C0266AB4F8048094F819E0E769D4
S21400DE5094F80690A860E96010E000BF2CA90300C3
S21400DE609CAA0300DCA80300101C0020CCAA030018
S21400DE70ACAA0300BCAA0300A01D002094F828004A
S21400DE80D4F82A102A616B61626BA36B85F818C000
S21400DE902E6294F83CC0666AA5F8048085F819E0FE
S21400DEA0EF616E6285F82800C5F82A106A63AB63D6
S21400DEB085F83CC085F8069094F83D90626CA36C9B
S21400DEC06A64AB64A26DE36DAA65EB65D4E91A23B8
S21400DED094F84010E06C85F84010C5E91A23616D8F
S21400DEE0236F94F850C094F851E094F8527094F868
S21400DEF03E80E8646965206E2B6704F19001636FCD
S21400DF0085F850C085F851E085F8527028666B6732
S21400DF1085F83D9085F83E80D4E91E898EC9D4F8F0
S21400DF208000C5F89C70D4F8B070C5F88000C5F8BD
S21400DF30B070D4F8A000C5F89010D4E92267D4F8E1
S21400DF40A410C5F89420C5F89830D4F8A820D4F8C2
S21400DF50AC30C5F8A000D4F8B400C5F8A410C5F8D5
S21400DF60A820D4F8B810D4F8BC20C5F8AC30C5F852
S21400DF70B400D4F8C030C5F8C03004F1C400C5E918
S21400DF801E89C5E92267C5F8B810C5F8BC2007C8C1
S21400DF90B4F8D090B4F8D280B4F8D4C094F8D8309E
S21400DFA094F8D6E094F8D770C5F8C400C5F8C81041
S21400DFB0B4F8DA00B4F8DC10C5F8CC20A5F8D09098
S21400DFC0B4F8DE20B4F8E090A5F8D280A5F8D4C066
S21400DFD0B4F8E28094F8E4C085F8D830D4F8E83095
S21400DFE085F8D6E085F8D770A5F8DA00A5F8DC1035
S21400DFF0A5F8DE20A5F8E090A5F8E28085F8E4C054
S21400E000C5F8E830D4F8EC30C5F8EC30D4F8043174
S21400E01094F8F48094F8F5C094F8F6E0D4F8FC0090
S21400E020C5F80431D4F80831D4F8F090B4F8F87094
S21400E03094F8001194F8012185F8F48085F8F5C06D
S21400E040B4F81281B4F810C185F8F6E0C5F8FC0003
S21400E05094F814E1B4F81601C5F80831D4F80C3178
S21400E060C5F8F090A5F8F87085F8001185F801213C
S21400E070A5F810C1A5F8128185F814E1A5F81601D7
S21400E08052AFC5F80C3194F8183185F818310FCF17
S21400E09005F5947EAEE80F000FCFAEE80F000FCF69
S21400E0A0D4F81C61C5F81C61D4F8206194F8198175
S21400E0B094F81AC1C5F82061D4F8246185F819814E
S21400E0C085F81AC1C5F82461AEE80F0004F5B272EF
S21400E0D097E803008CCA94F860C1D4F8706185F89C
S21400E0E060C1C5F8642194F878C194F8792194F851
S21400E0F07A81B4F880A1C5F86831C5F86C7194F8D7
S21400E1007B31D4F87C71C5F8706185F878C1D4F895
S21400E1107461B4F882C185F87921E34AC5F8746160
S21400E1208EE8030085F87A814FF002094FF0030865
S21400E13085F87B31C5F87C71A5F880A1A5F882C169
S21400E140B4F884C1B4F886A194F8881194F889E1EB
S21400E150009294F88A71CDF80890CDF80480D4F82F
S21400E1608C61A5F884C1A5F886A185F8881185F884
S21400E17089E185F88A71C5F88C612046CB4BCC4A7C
S21400E180CC4D4FF40071FCF705F804F108000FC8F9
S21400E190A7796B61D4F82A30B4F804E0AF71A860B0
S21400E1A0E769206AC5F82A30636B94F818C0A5F8AA
S21400E1B004E0E96094F819E0616A2A61EF6194F876
S21400E1C0282094F83C7028626B6304F14400A36B2B
S21400E1D085F819E0696285F82820AB6385F83C70FD
S21400E1E085F818C094F83DC094F8507085F85070C3
S21400E1F00DC8E76D94F84010EF65D4E91A6785F806
S21400E2004010686494F8511094F85200AA64626D45
S21400E21094F83EE0EB6485F85110A36D216E85F806
S21400E22052006A65206F626F85F83DC085F83EE053
S21400E230AB65C5E91A6728676A672966D4F880104F
S21400E240D4F89020D4F89430C5F88010D4E91E672E
S21400E250D4F89810C5F89020D4F89C20C5F89430CF
S21400E260C5F89810D4F8A030D4F8A410C5F89C20AF
S21400E270C5E91E67D4F8A820C5F8A030D4E92267FF
S21400E280D4F8AC30C5F8A410C5F8A820D4F8B0105F
S21400E290D4F8B420C5F8AC30C5F8B010D4F8B8300F
S21400E2A0D4F8BC10C5F8B42004F1C400D4F8C020DB
S21400E2B0C5F8B830C5E92267C5F8BC10C5F8C02057
S21400E2C007C8B4F8D0C0B4F8D2E0B4F8D47094F864
S21400E2D0D630C5F8C400C5F8C81094F8D70094F82E
S21400E2E0D810C5F8CC20A5F8D0C0B4F8DA20B4F819
S21400E2F0DCC0A5F8D2E0A5F8D470B4F8DEE0B4F837
S21400E300E07085F8D63085F8D700B4F8E23094F897
S21400E310E40085F8D810D4F8E810A5F8DA20A5F8B7
S21400E320DCC0A5F8DEE0A5F8E07085F8E400C5F8E6
S21400E330E810A5F8E230D4F8EC30C5F8EC30D4F8A4
S21400E340F0A094F8F57094F8F600B4F8F810D4F845
S21400E350FC2094F8013194F8F4E094F800C1D4F865
S21400E3600461C5F8F0A085F8F570B4F812A1D4F8E9
S21400E370087185F8F600A5F8F810D4F80C01B4F882
S21400E3801011C5F8FC2085F8013194F81421B4F872
S21400E390163185F8F4E085F800C1C5F80461C5F8C3
S21400E3A00871C5F80C01A5F81011A5F812A185F89A
S21400E3B014210DF5A47EA5F8163194F8183185F8C9
S21400E3C01831BEE80F0005F594770FC7BEE80F00BA
S21400E3D00FC7BEE80F00D4F81C61C5F81C61D4F85E
S21400E3E0206194F819A194F81AC1C5F82061D4F8F0
S21400E3F0246185F819A185F81AC1C5F824610FC7EC
S21400E400D4F86421D4F86831C5F864219EE8030086
S21400E410D4F8742194F860E1D4F86C6194F87AC169
S21400E42085F860E1C5F8683194F879E194F87831B8
S21400E430C5F8742194F87B21C5F86C6185F87831AD
S21400E440D4F87061D4F87C3185F879E185F87AC122
S21400E450B4F880E1B4F882C185F87B21164AC5F885
S21400E460706187E803004FF0000AC5F87C31A5F814
S21400E47080E1A5F882C1CDF80880B4F88471B4F8BC
S21400E48086C194F888E10D4B8DE80404A5F88471E4
S21400E49094F8891194F88A71D4F88C61A5F886C12D
S21400E4A085F888E10CE000BFDCA903007CA9030026
S21400E4B0BCA90300301F0020ECA903008CA90300B0
S21400E4C085F8891185F88A71C5F88C612046DC4A82
S21400E4D0DC4D4FF48071FBF75DFE04F108000FC8B9
S21400E4E0B4F804E0A779A5F804E0AF7194F818E052
S21400E4F0677EA860E960E069216A2A616B61626AEA
S21400E50094F8283085F818E06F76D4F82AE0676B20
S21400E510E8612962A06B94F83C106A6285F828309E
S21400E5206F63A86385F83C10C5F82AE094F83DE0D0
S21400E530626CA36C6A64AB6494F8512094F8523011
S21400E54094F8401085F8512085F85230E26D236E1D
S21400E550E06C85F84010EA6594F850102B66D4E914
S21400E5601A23E86485F85010606DA16D94F83E702B
S21400E5706865A965206F616F85F83DE085F83E7097
S21400E58028676967C5E91A23D4E91E23D4F89000E2
S21400E590D4F88010C5F89000D4F89800C5F880101C
S21400E5A0C5F89800D4F89410D4F8A000C5F89410D4
S21400E5B0C5F8A000D4F89C10D4F8A800C5F89C10A4
S21400E5C0C5F8A800D4F8A410D4F8B000C5F8A41074
S21400E5D0C5F8B000D4F8AC10D4F8B800C5F8AC1044
S21400E5E0C5E91E23D4E92223D4F8B410C5F8B80030
S21400E5F0D4F8C000C5F8B410C5F8C000D4F8BC10F4
S21400E600C5F8BC1004F1C400C5E9222307C8B4F855
S21400E610D430B4F8D0E0B4F8D270C5F8C400C5F869
S21400E620C81094F8D60094F8D710C5F8CC20A5F8F2
S21400E630D43094F8D820B4F8DE30A5F8D0E0A5F8A9
S21400E640D270B4F8DAE0B4F8DC7085F8D60085F855
S21400E650D710B4F8E000B4F8E21085F8D820A5F892
S21400E660DE3094F8E420D4F8E830A5F8DAE0A5F82F
S21400E670DC70A5F8E000A5F8E21085F8E420C5F8FF
S21400E680E830D4F8EC3094F8F47094F8F500D4F848
S21400E690F0E094F8F610B4F8F820C5F8EC3085F8F9
S21400E6A0F470D4F8FC3094F8017185F8F500D4F8CD
S21400E6B00401B4F812C1C5F8F0E085F8F61094F835
S21400E6C000E1D4F80811A5F8F820C5F8FC30D4F815
S21400E6D00C21B4F8103185F80171C5F8040194F8DE
S21400E6E01471B4F8160185F800E1C5F80811C5F8EC
S21400E6F00C21A5F812C185F81471A5F81601A5F825
S21400E700103194F8183194F8192185F818310DF560
S21400E710A47E1646BEE80F0005F594770FC7BEE840
S21400E7200F000FC7BEE80F0085F81961D4F81C610A
S21400E730C5F81C61D4F8206194F81AC1C5F82061A8
S21400E740D4F8246185F81AC1C5F824610FC7D4F837
S21400E7506421D4F86831C5F864219EE80300D4F833
S21400E760702194F860E1C5F86831D4F8743185F802
S21400E77060E1C5F8702194F878E194F87921C5F83D
S21400E780743194F87A31D4F86C6185F878E185F8BC
S21400E790792194F87BE1D4F87C2185F87A31B4F8B5
S21400E7A082C1B4F88031C5F86C6187E8030085F84B
S21400E7B07BE1C5F87C21A5F88031234AA5F882C103
S21400E7C0CDF814805146DFF890E0B4F884A10492A6
S21400E7D0B4F886211D4BCDF80CE094F888E11C486F
S21400E7E0029394F889C101904FF4005794F88A81F7
S21400E7F00097D4F88C61A5F884A1A5F8862185F841
S21400E80088E185F889C185F88A81C5F88C6120463B
S21400E8104FF400334FF480220CF056F904F1100246
S21400E8202CCA0C4E6168A06894F80CE07160216AEE
S21400E83094F82FC0B4F82C80B0604FF0800A0DE03A
S21400E840CCA90300C02000209CA80300BCA703009E
S21400E850FCA8030060260020CCA70300E06986F829
S21400E8600CE0326194F828E094F829207361B561D1
S21400E87094F82A3094F82E503162616A86F828E0BF
S21400E88086F82A3086F82FC0F061716286F8292053
S21400E89014A95246A6F82C8086F82E5006F13000B1
S21400E8A025F046F9524634A906F1B00025F040F9A5
S21400E8B05449554A03910292544BD4F8342101939B
S21400E8C04FF48050D4F83831CDF814900090D4F836
S21400E8D03001C6F83001C6F83421C6F83831D4F80D
S21400E8E03C31B4F848C194F84AE194F84B81D4F826
S21400E8F04C21C6F83C31464FD4F84031C6F840317A
S21400E900A6F848C186F84AE186F84B81C6F84C213D
S21400E910D4F85061C7F85061D4F854613D4DC7F83B
S21400E9205461DFF8F4E0CDF810E0012120464FF402
S21400E93080334FF400220CF0C7F8A668226960689E
S21400E94094F80CE06369AE602A61266AA26994F8BE
S21400E95028C0B4F82C8094F82E90686085F80CE0F7
S21400E960606A94F829E06B61AA6194F82A30E2693B
S21400E9702E6294F82F6085F829E085F82A3014A9CD
S21400E980EA616862524685F828C0A5F82C8085F8AA
S21400E9902F6005F1300085F82E9025F0C9F8524614
S21400E9A034A905F1B00025F0C3F804F598700FC837
S21400E9B0D4F840610796D4F84C61C5F83001B4F835
S21400E9C04881C5F8341194F84AE194F84B71C5F8BB
S21400E9D04C610799D4F85061D4F85441C5F83821F1
S21400E9E05846C5F85061C5F84011A5F84881C5F8E5
S21400E9F03C3185F84AE185F84B71C5F854416DB055
S21400EA00BDE8F08FECA70300DCA703000CA9030009
S21400EA1060260020B8270020ACA80300142903DCD9
S21400EA20034A52F821007047024B18680AF026BDC8
S21400EA3048A70300CC300020F0B5B14AD2F8E43045
S21400EA406FF3861385B0C2F8E430D2F8E4305E0681
S21400EA50FBD4D2F8E430AA49012060F30303C2F8DD
S21400EA60E430D2F8E43043F04003C2F8E4304B68B8
S21400EA7013F00403FBD1A348A34A816941F4006163
S21400EA808161116863F341011160936813F002031A
S21400EA90FBD1536310799A4940F002001071D06B95
S21400EAA040F47C1040F00200D06353649364D36457
S21400EAB0136553659365906A40F001009062D1F843
S21400EAC0E42063F38612C1F8E4200A46D2F8E43064
S21400EAD05D06FBD4D2F8E4308949012060F30303D5
S21400EAE0C2F8E430D2F8E43043F04003C2F8E43031
S21400EAF04B6813F00403FBD18248844A816941F4D1
S21400EB0080518161116863F341011160936813F0CD
S21400EB100203FBD153631079794940F0020010716B
S21400EB20D06B40F47C1040F00200D06353649364D2
S21400EB30D364136553659365D1F8A42063F38612F6
S21400EB40C1F8A4200A46D2F8A4305C06FBD4D2F85A
S21400EB50A4306B49062060F30303C2F8A430D2F851
S21400EB60A43043F04003C2F8A4304B6813F01803F7
S21400EB70FBD1644C624A606940F400406061D1F8A1
S21400EB80E80063F38610C1F8E800D2F8E8305806CB
S21400EB90FBD4D2F8E8305A49062060F30303C2F8E3
S21400EBA0E830D2F8E83043F04003C2F8E8304B686B
S21400EBB013F01803FBD1534C514AA06940F400509F
S21400EBC0A061D1F8F80063F38610C1F8F800D2F817
S21400EBD0F8305906FBD4D2F8F8304949062060F3DD
S21400EBE00303C2F8F830D2F8F83043F04003C2F816
S21400EBF0F8304B6813F01803FBD14248404AC4690A
S21400EC00462544F04004C461C1F81C51046A44F02F
S21400EC1020040462D1F8F40063F38610C1F8F4000F
S21400EC20D2F8F430C3F38013002BF9D1D2F8F410E5
S21400EC303448334C63F30301C2F8F410D2F8F410EE
S21400EC4041F04001C2F8F4105168C16941F010016A
S21400EC50C161D2F8181163F38611C2F81811D4F8FE
S21400EC601831C3F38013002BF9D1D4F81811284AB1
S21400EC70244D63F30301C4F81811D4F8183143F097
S21400EC804003C4F8183107CA63682C6A01AB44F025
S21400EC9010042C620DF1100C83E807004FF0010EF3
S21400ECA01946042702260325FE2451F8042B136870
S21400ECB06FF341031360136913F00203FBD110795D
S21400ECC040F00200107110686EF383001060106848
S21400ECD067F30A2010601673557382F82F4082F887
S21400ECE0303082F831301375136843F00203136036
S21400ECF013699B07FCD46145D7D105B0F0BD00BFB2
S21400ED00001C0040000800400060014100800141F6
S21400ED1024A703008B498C4ACB682DE9F04743F0C3
S21400ED2080734FF001080024CB605460C2F8008066
S21400ED300646FFF781FE854B85491A690D68854FA3
S21400ED4064F341021A611A69A72161F317421A6136
S21400ED501A6968F383021A611A69072161F30B22A4
S21400ED601A611A6942F002021A61284641460CF0FE
S21400ED705DF97948002100F09BFC214628460CF0FE
S21400ED8055F9764B764AC3F88480022183F8C01082
S21400ED901068FAF783FF57F8040F036821B25B6A1E
S21400EDA001349847152CF6D109F036FB6D4B1868E0
S21400EDB002F028FA6C4801F02BFD6C4B186807F03F
S21400EDC0FDFD6B4B186809F0A9FF6A4B1868FDF744
S21400EDD099F8694806F058FC684AD2F890306FF304
S21400EDE08613C2F89030D2F89010C1F38011002933
S21400EDF0F9D1D2F89000624C5B4F624BDFF890C1BD
S21400EE0061F30300C2F89000D2F8901041F0400180
S21400EE10C2F8901052686169D7F8EC0041F480613E
S21400EE204FF4805E6161E022C3F800E040F4804069
S21400EE304FF480384FF4003E4FF480214FF40059D1
S21400EE404FF480444FF4004A83F80C23C7F8EC00D4
S21400EE50C3F800904FF4002083F80D234FF480177A
S21400EE601C6083F80E23C3F800A083F80F23C3F8B2
S21400EE70008083F81023C3F800E083F811234FF4D2
S21400EE80001E19604FF4800183F81223186083F87F
S21400EE9013234FF400001F6083F81423C3F800E028
S21400EEA083F8152319604FF0807183F816234FF00E
S21400EEB00078186083F817231960DCF8000083F8E0
S21400EEC018234FF080614FF0006CC3F8008083F881
S21400EED019234FF48078196083F81A236021C3F849
S21400EEE000C083F81B234FF0200C4022C3F808E034
S21400EEF083F855139F6083F85413C3F80C804FF4BF
S21400EF007A71C3F80CC083F8682383F8652300F091
S21400EF107FFB00B1FEE71C4BC0222146284683F843
S21400EF2023200CF075F842F63B0400F09DFBA0424F
S21400EF30FBD9164B186800F04BFE01233370BDE872
S21400EF40F08700BFF0ED00E0001000E00018004081
S21400EF50DC30002044A70300C0D40100008000413C
S21400EF60741B0020CC2D0020A02B0020CC2F0020CE
S21400EF70CC300020801B0020B82C0020001C004055
S21400EF800008004000E100E000ED00E0C02D002099
S21400EF90B42D002072B6094A094B012918BF002378
S21400EFA01360BFF34F8F0749074BCA6802F4E0624D
S21400EFB01343CB60BFF34F8F00BFFDE7FCFF02207B
S21400EFC0EF6916F000ED00E00400FA05014B186842
S21400EFD001F076BAC02D002001480BF0AFBC00BF90
S21400EFE0B827002001480BF0D1BC00BFB82700208E
S21400EFF001480BF007BD00BFB827002001480BF002
S21400F0009DBC00BF1029002001480BF0BFBC00BF0C
S21400F0101029002001480BF0F5BC00BF1029002085
S21400F02001480BF08BBC00BF6026002001480BF0A7
S21400F030ADBC00BF6026002001480BF0E3BC00BF5B
S21400F04060260020024B00211868FAF76FBE00BF4A
S21400F050741B0020024B01211868FAF767BE00BF38
S21400F060741B0020024B02211868FAF75FBE00BF2F
S21400F070741B0020024B03211868FAF757BE00BF26
S21400F080741B0020024B04211868FAF74FBE00BF1D
S21400F090741B0020024B05211868FAF747BE00BF14
S21400F0A0741B0020024B06211868FAF73FBE00BF0B
S21400F0B0741B0020024B07211868FAF737BE00BF02
S21400F0C0741B0020024B08211868FAF72FBE00BFF9
S21400F0D0741B0020024B09211868FAF727BE00BFF0
S21400F0E0741B0020024B0A211868FAF71FBE00BFE7
S21400F0F0741B0020024B0B211868FAF717BE00BFDE
S21400F100741B0020014B186801F01EB8C02D0020AB
S21400F110024B0D211868FAF709BE00BF741B0020C9
S21400F120024B0E211868FAF701BE00BF741B0020C0
S21400F130024B0F211868FAF7F9BD00BF741B0020B8
S21400F140024B034ADA62034808F0F0BE00100042A1
S21400F1500FFC3F00C0250020024B034ADA6203483A
S21400F16008F0E4BE001000430FFC3F003C250020E2
S21400F17008B50D4B1B7803B108BD0C4B1B78002B54
S21400F180FAD00B4B18680AF01FF90A48FBF78AFA00
S21400F1900948FBF787FA0948FBF784FA0848BDE8F0
S21400F1A00840FBF77FBA00BF502200209C2B0020AF
S21400F1B0CC300020101C0020A01D0020301F002096
S21400F1C0C0200020304A2DE9F843304B1668304AFC
S21400F1D0DA62304600F0CAF92E4BDFF8F480D3F836
S21400F1E00090484609F00EFE2B4B186807F0A0FD6D
S21400F1F02A4B18680BF0B0FF294B1868FDF7CCFCBB
S21400F200284B1F683846FAF7BFFD98F800305BB108
S21400F210254C264804F1500501E054F8040F036815
S21400F2201B6A9847AC42F8D13846FAF7C1FD204829
S21400F23006F058FA1F4801F0BDFB304600F0ACF966
S21400F2401D4A1E49136809780133136011B198F8F6
S21400F250003023B93046BDE8F84300F08DB9484683
S21400F2600AF0B2F81648FBF71DFA1648FBF71AFA2A
S21400F2701548FBF717FA1548FBF714FA3046BDE8B1
S21400F280F84300F079B900BFB42D002000600141BA
S21400F2900FFC3F00CC300020CC2F0020DC300020BC
S21400F2A0801B0020741B002048A70300B02300200A
S21400F2B0B82C0020A02B0020B02D002050220020CB
S21400F2C0101C0020A01D0020301F0020C0200020A1
S21400F2D09C2B002008B51348134B98420BD01349BB
S21400F2E0814208D0984206D2C2431A4422F0030252
S21400F2F0043224F01DFC0E480E4B984208D007D26C
S21400F300C2431A4422F003020432002124F00EFD08
S21400F31006F016F824F082F80748FFF7FBFCF4F72F
S21400F320DBFFFEE700000020E00A00203CDF0300D1
S21400F330E00A002058B500209C2B00202DE9F84359
S21400F3405248534D534CDFF8BC91DFF8BC81524F06
S21400F35006F070F9514B524A52481A600026C3F81C
S21400F360406101F0C3F9504B504AC3F8406128464B
S21400F3701A60FAF7B7F84E4B2B602046FAF7B2F849
S21400F3804C4B23604846FAF7ADF84B4C4B4DC9F84A
S21400F39000404046FAF7A6F8DFF87091C8F800403B
S21400F3A03846FAF79FF8DFF868813C602846FAF797
S21400F3B099F8434C434F2C604846FAF793F8424D71
S21400F3C0C9F800404046FAF78DF8404CDFF8449103
S21400F3D0C8F800403846FAF785F8DFF83C813C600C
S21400F3E02846FAF77FF83A4F2C604846FAF77AF83C
S21400F3F0384C394DC9F800404046FAF773F838469D
S21400F400C8F80040FAF76EF828463C60FAF76AF843
S21400F41032482C60FDF7C8FD3148DFF80081314DD9
S21400F420314C324FDFF8F890FDF7BEFD3048FDF75F
S21400F430BBFD3048FDF7B8FD40462F4B40F8043B77
S21400F440FAF750F82D4BC8F8003005F5A270743363
S21400F450C5F84061C5F80090C8F80430FAF742F8DD
S21400F46007F1740804F5A270C4F84061C4F800906F
S21400F4702F60C5F84481FAF735F8C4F84481276050
S21400F4801F48BDE8F843FDF7C3BD00BFB82C0020F9
S21400F49044260020B0230020DC240020542A00202C
S21400F4A08CA60300A02B002010290020DCA6030059
S21400F4B038BE0300F4BB030054BC03003C25002008
S21400F4C0A4BC03005023002080230020B0A4030027
S21400F4D09822002024BC0300DC220020101C002000
S21400F4E0A01D002060260020B827002094BD030041
S21400F4F0301F0020C020002088A50300D8A50300E8
S21400F5009C2B00201C2400207C240020C0250020EA
S21400F51020230020C81B0020542200205026002054
S21400F52024BD030070B50F4D2C6814F0010402D002
S21400F5300D4B186870BD302017F068FB0A4A04604F
S21400F54005214FF0FF36012301758460C460046115
S21400F5508461C461046244628462C462466010606E
S21400F5602B6070BDAC2D0020B82D0020014B5B68D1
S21400F57003607047001000E0064B01685B68426855
S21400F5805B1A9342826838BF43609342C36088BF69
S21400F59083607047001000E01C4A38B5D36843F01B
S21400F5A08073D360037D013BDBB20446037523B949
S21400F5B0036905220133036102752568A3696B4060
S21400F5C003F04043B3F1804F01D0A56138BD002D54
S21400F5D008DB626AE36AA5610132C3F1780322623E
S21400F5E0A36238BDE1690131E16178220023002081
S21400F5F022F000FB606228B1C0EB0010C3005B4243
S21400F600E362E2E7E061E062DFE700BFF0ED00E022
S21400F610C1EB0113DB00C7290D4A03F1FF338CBF92
S21400F62000210121B3F1807F11700ED2094A0A48E9
S21400F63010B4E0245360072180F8234000231846C6
S21400F640936011605DF8044B70470120704700BF5F
S21400F6505022002010E000E000ED00E0014B1B68A7
S21400F66018697047B42D00200E4B0F4A5B6812686D
S21400F670002B10B40ADBD46A0C49506A2344A1FB61
S21400F680032300EB93105DF8044B7047946A074918
S21400F690106A1B1BA1FB032300EB93105DF8044BC1
S21400F6A0704700BF001000E0B42D002089888888CD
S21400F6B070B40D4E50EA0103746813D073680025C9
S21400F6C01C1B8D4208BF84420CD27268001BA2EB42
S21400F6D0030361EB050100251C468D4208BF8442EA
S21400F6E01346F2D370BC7047001000E008B5FFF771
S21400F6F019FF014B186008BDB42D002030B4124A23
S21400F7004261036A114D85611A244FF4C0610622D6
S21400F71080F83540818580F8342053F8102FC0F8E3
S21400F7202E209B880A4A4386D0F82E105424432362
S21400F73080F8373080F83640064B1160428E1A80CB
S21400F740002030BC704700BF59FC010071F8000073
S21400F750880800428C0800422DE9F84F8046086869
S21400F760078889464FF0000ED8F800109A465FFAD0
S21400F77087FC73460CEB030404F0070420B201EB8D
S21400F780C00595F90750002D01DBFEE720B201EB1E
S21400F790C00001344679C57946F0800B45F08005F7
S21400F7A080F805B0C571F00904F00704EED0F24504
S21400F7B004D30133082B0EF5027EDBD1164602F584
S21400F7C082553846BAF5027F544628BF4FF4027475
S21400F7D051F830002246314624F0AAF9D9F800C084
S21400F7E0D8F80010BCF8003001EBC30E4FF0000B49
S21400F7F0DEF80420581C02F0404264F30D0BBAEB0E
S21400F800040ACEF8042000F0070006F50276AEF8EB
S21400F81004B025D19EF805005A1C40F0800002F086
S21400F8200702BB428EF80500ACF800200AD001EBB8
S21400F830C3020733D07903F007036FF3C710BB4248
S21400F840D071F4D101EBC701084ACB796FF3C71327
S21400F850CB71136843F4007313600020BDE8F88F83
S21400F860B542ACF80000ADD1ECE700BF000800429E
S21400F8700A894B8993422DE9F041066A23D0033268
S21400F8804FF6FC7010400D4610F03CFE074610B3D5
S21400F89003462C4662896168184624F049F9628955
S21400F8A0246803461344002CF4D12B893A4606F10B
S21400F8B00C01301DFFF750FF0446384610F054FD8B
S21400F8C02046BDE8F0814A68301D06F10C01BDE80F
S21400F8D0F041FFF741BF4FF0FF34F1E72DE9F04765
S21400F8E0D0F808C007689CF800800FFA88F617F86A
S21400F8F03630DC0707EBC60664D50D46044641469F
S21400F90000234FF0100E12E0000602D5BEF1100FD5
S21400F91014D101330131DBB201F00F00102BC1B25C
S21400F92007EBC0064ED017F83000C0074AD57079EE
S21400F93010F0400FE8D000069E46EAD5B788C7F319
S21400F9400C079742F04408F00F08A3EB0E0128BFFF
S21400F950174673458CF800805FFA81F837DA08F1AD
S21400F96011085FFA88F8B8F1000F2BD00026B146D0
S21400F9709FB9A2682368117813F831006FF300006E
S21400F98003F83100137801360133F6B203F00F03A3
S21400F9904645137018DA002FEBD0A2682368127859
S21400F9A0802F53F83210BA4628BF4FF0800A2846F8
S21400F9B021F00301524624F0BBF8D144A7EB0A0716
S21400F9C05544D6E74FF000094846BDE8F08708F1F1
S21400F9D001085FFA88F8C6E7F8B5374E356815F0BF
S21400F9E0010502D0354B1868F8BD41F6C41017F073
S21400F9F00DF90446112712236760E36013220D21D8
S21400FA0014270B236261E161676363640C2702239A
S21400FA100F200E221C212363A36323642365E06268
S21400FA20E264616567622946E763A7652560A560AD
S21400FA302561A5612562A562A56484F85C5084F8FA
S21400FA405D5084F85E5084F85F5084F8605084F807
S21400FA50615084F86250A4F8645004F594704FF432
S21400FA60006224F063F9294604F628104FF4825207
S21400FA7024F05CF941F66C1741F66811E31941F67B
S21400FA806A12C820605204F5CC500821A1540430F4
S21400FA90E55129465D609D60DD601D615D613C222B
S21400FAA024F044F9054904F5CE5201230C60156094
S21400FAB020463360F8BD00BFBC2D0020C42D0020BA
S21400FAC000223E4B80F85C2080F85E2080F85D20A7
S21400FAD01A683B4942F010021A601A465963936846
S21400FAE05907FCD513686FF304131360536B4FF676
S21400FAF0FF719BB28B425DD010B41368314C2F4916
S21400FB0043F01003136054638B685A07FCD50B68E8
S21400FB102B4C2A4A6FF304130B604B6B0B6843F0B5
S21400FB2010030B604C6393685B07FCD51368264C88
S21400FB3022496FF304131360536B136843F01003EA
S21400FB40136054638B685C07FCD50B686FF3041373
S21400FB500B604B6B9BB22BB1012380F85E305DF8D7
S21400FB60044B70470B68194C144A43F010030B60A3
S21400FB704C6393685907FCD51368134C0F496FF311
S21400FB8004131360536B136843F01003136054633D
S21400FB908B685B07FCD50B686FF304130B604B6B2D
S21400FBA0C3F30723072BD7D1002380F85E305DF818
S21400FBB0044B7047012380F85E307047000800420F
S21400FBC0000002600080025000006E6000076E5069
S21400FBD02DE9F843E24B1A681507044603D51A6860
S21400FBE0500700F1A282DE4ADE48136843F0100395
S21400FBF01360536843F001035360536843F00203F5
S21400FC005360536843F4807353605368042161F370
S21400FC1094435360D3686FF30003D360136961F3B2
S21400FC2004031361136943F440731361136943F4C7
S21400FC30806313611569022363F3174540F2011CC4
S21400FC4000231561C2F8B830C2F8BCC004F5947C35
S21400FC50C4F868C004F5D47CC4F870C004F50A7C07
S21400FC6004F6A801C4F878C004F52A7C5FFA81FE81
S21400FC70C4F880C004F54A7C4EF0020EC4F888C072
S21400FC8004F56A7CE3666367E367C4F88430C4F807
S21400FC908C30C4F890C0C4F8E01084F8E0E004F5B6
S21400FCA0956104F5A56EC4F8A010C4F8A8E004F5A4
S21400FCB0B56104F5C56EC4F8B010C4F8B8E004F534
S21400FCC0D56104F5E56EC4F8C010C4F8C8E004F5C4
S21400FCD0F56104F6280EC4F8D010C4F8D8E004F68F
S21400FCE028114FF0800EC4F8EC30C4F8E81084F801
S21400FCF0EFE0714604F59A5604F5336E04F5AA55FE
S21400FD00C4F8F4301036183584F8ED10C4F8F0E076
S21400FD1084F8F7108E4604F58A5704F6385104F531
S21400FD20856CF1460837C4F89430C4F89C30C4F8A3
S21400FD30A430C4F8AC30C4F8B430C4F8BC30C4F84E
S21400FD40C430C4F8CC30C4F8D430C4F8DC30C4F8BE
S21400FD50E43084F8623084F8F5E0C4F8F810C4F8AB
S21400FD6098C0C021C4F8FC3004F57468C4F80431A7
S21400FD70C4F80C31C4F81431C4F81C31C4F824316A
S21400FD80A4F86430C4F81061C4F8185184F8FFE091
S21400FD9084F8FDE084F807E184F805E184F80FE1D3
S21400FDA04FF4801304F5BB5E04F1E80504F1680621
S21400FDB0C4F8087184F82711C4F8008184F80D91FE
S21400FDC084F8179184F8159184F81F9184F81D9192
S21400FDD0C4F820E184F82591D5619661C0F8883092
S21400FDE0C0F88831836023686168DB0103F18243D1
S21400FDF003F50043581803EB510390F8402042F0F7
S21400FE00010280F8402093F8302011F0010F4FF0E7
S21400FE100B0114BF61F3071261F3030283F830206D
S21400FE20A368E268DB0103F1824303F500439818F8
S21400FE3003EB520390F8401041F0010180F84010A7
S21400FE4012F0010F93F830204FF00B0114BF61F34E
S21400FE50071261F3030283F8302023696269DB012D
S21400FE6003F1824303F50043981803EB520390F81E
S21400FE70401041F0010180F8401012F0010F93F895
S21400FE8030204FF00B0114BF61F3071261F3030239
S21400FE9083F83020A369E269DB0103F1824303F5AE
S21400FEA00043981803EB520390F8401041F001010C
S21400FEB080F8401012F0010F93F830204FF00B013D
S21400FEC014BF61F3071261F3030283F83020236A3C
S21400FED0626ADB0103F1824303F50043981803EBE3
S21400FEE0520390F8401041F0010180F8401012F0E3
S21400FEF0010F93F830204FF00B0114BF61F3071287
S21400FF0061F3030283F83020A36AE26ADB0103F19F
S21400FF10824303F50043981803EB520390F8401011
S21400FF2041F0010180F8401012F0010F93F83020E4
S21400FF304FF00B0114BF61F3071261F3030283F85D
S21400FF403020236B626BDB0103F1824303F5004331
S21400FF50981803EB520390F8401041F0010103E0BB
S21400FF600008004200E100E080F8401012F0010FA7
S21400FF7093F830204FF00B0114BF61F3071261F3C2
S21400FF80030283F83020A36BE26BDB0103F18243AC
S21400FF9003F50043981803EB520390F8401041F025
S21400FFA0010180F8401012F0010F93F830204FF056
S21400FFB00B0114BF61F3071261F3030283F83020CC
S21400FFC0236C626CDB0103F1824303F5004398184F
S21400FFD003EB520390F8401041F0010180F8401006
S21400FFE012F0010F93F830204FF00B0114BF61F3AD
S21400FFF0071261F3030283F83020A36CE26CDB0186
S21401000003F1824303F50043981803EB520390F87B
S214010010401041F0010180F8401012F0010F93F8F2
S21401002030204FF00B0114BF61F3071261F3030296
S21401003083F83020236D616DDB0103F1824202F506
S21401004000425018022702EB510280F8407092F8E5
S214010050300003F1824311F0010703F500430B441E
S21401006014BF6FF3071067F3030082F8300093F8AC
S21401007040003249324A40F0010083F8400093F8CC
S214010080400040F0020083F840008B6A43F0800392
S2140100908B628B6A43F002038B6213786FF3410322
S2140100A0137053689907FCD4A06D2549C3089B00BB
S2140100B003F18043012703F520538740176100F0C1
S2140100C00700DF6980004FF00F0E0EFA00FE27EAE8
S2140100D00E07DF61D3F81CE0052707FA00F040EAB7
S2140100E00E00D861137843F0020313704B689B0728
S2140100F0FCD42046FFF7E4FC41F66C1041F6701183
S21401010041F674170F4B265041F67812655004F1EC
S214010110640004F1620604F5CB51E6511C31A0508F
S2140101201868BDE8F8430BF0BDB91A686FF3C3024F
S2140101301A601A686FF382021A6054E500080042DA
S21401014000280040E83000202DE9F041856DA14CE3
S214010150A14BA2490122AA4062611A6842F010022C
S2140101601A601A46596393685D07FCD513686FF3E6
S21401017004131360516BCC0715D44D0744BF0023FD
S21401018080F85C308C0701D4BDE8F081924B1A6888
S214010190012180F85D101107F6D51A68520700F1A3
S2140101A02181BDE8F0811468136801251B07C4F39B
S2140101B0C00480F85C506DD513685F076AD5136874
S2140101C06FF3C303136013686FF38203136090F831
S2140101D0F7E090F8F57090F8FF6090F8FD5090F811
S2140101E0072190F8053190F8EF8090F8EDC04EF0B9
S2140101F0800E47F0800746F0800645F0800542F005
S214010200800243F0800380F8F7E080F8F57090F8FC
S2140102100FE190F80D7180F8FF6080F8FD5090F8BE
S214010220176190F8155180F8072180F8053190F88C
S2140102301F2190F81D3145F0800542F0800243F001
S214010240800348F080084CF0800C4EF0800E47F09A
S214010250800746F0800680F8155180F81D3180F839
S214010260EF8080F8EDC080F80FE180F80D7180F81E
S214010270176180F81F2190F8272190F8253142F068
S214010280800243F08003002580F8272180F825317D
S214010290A0F86450504B524D1A6842F010021A6092
S2140102A01A465D6393685E07FCD513686FF3041303
S2140102B01360536B55689BB2C3F3400666F30005A3
S2140102C055605568C3F3800363F3410555601368B1
S2140102D0C3F3C0036BB99C423FF44FAF6CB13E4BC6
S2140102E01A6842F008021A601A6842F004021A609C
S2140102F043E71368C3F38003EDE7374B1A6864F3EB
S214010300C3021A601A6864F382021A6090F8F7E072
S21401031090F8F57090F8FF6090F8FD5090F807217E
S21401032090F8053190F8EF8090F8EDC04EF0800E11
S21401033047F0800746F0800645F0800542F08002CF
S21401034043F0800380F8F7E080F8F57090F80FE14D
S21401035090F80D7180F8FF6080F8FD5090F81761F5
S21401036090F8155180F8072180F8053190F81F2183
S21401037090F81D3142F0800243F0800348F0800877
S2140103804CF0800C4EF0800E47F0800746F0800659
S21401039045F0800580F81D3180F8EF8080F8EDC0CB
S2140103A080F80FE180F80D7180F8176180F815511B
S2140103B080F81F2190F8272190F82531A0F8644095
S2140103C042F0800243F0800380F8272180F825312F
S2140103D0D3E600BF002800400008004200006E601F
S2140103E000007A601A686FF3C3021A601A686FF326
S2140103F082021A6090F8F74090F8F51090F8FF2006
S21401040090F8FD3090F8EF8090F8EDC090F807E195
S21401041090F8057190F80F6190F80D5144F0800442
S21401042041F0800142F0800243F0800380F8F740FB
S21401043080F8F51090F8174190F8151180F8FF2014
S21401044080F8FD3090F81F2190F81D3141F08001B1
S21401045042F0800243F0800348F080084CF0800CA4
S2140104604EF0800E47F0800746F0800645F0800586
S21401047044F0800480F8151180F81D3180F8EF8073
S21401048080F8EDC080F807E180F8057180F80F610B
S21401049080F80D5180F8174180F81F2190F8272128
S2140104A090F8253142F0800243F08003002180F865
S2140104B0272180F82531A0F86410BDE8F08100BF3F
S2140104C00B4B82B05A6900921A6A01925A6A009AD4
S2140104D0920644BF009A5A61019B019A9B0744BF4A
S2140104E0012380F85F30024B1A6202B0704700BFEA
S2140104F00008004241F68813C058704790F86030F3
S21401050013B941F68813C150704700BF70B590F813
S214010510615086B00DB106B070BD06460CF01CFEEB
S2140105200CF0F2FD06AB06F5CC5443F8045D06F577
S214010530CB5204340C321449144D009202911A46DF
S21401054019462046019510F0ABF8204610F0C6F982
S214010550204610F0EBF9204610F0C6F90C4B1A684D
S21401056012070DD40A4B1A6842F008021A601A687C
S21401057042F004021A60012386F8613006B070BDAD
S2140105801B685B07EED5F6E71D570200FDF6000077
S214010590000800422DE9F04100F5CD5700F5CC5694
S2140105A004370436D7F80080D8F80830D8F8005059
S2140105B01B7800218C46102209E0A4880006C4F3AB
S2140105C00C04A4444FF0010113D4013A11D015F8DC
S2140105D033E0581C1EF0010F05EBC30400F00F03B7
S2140105E007D0607910F0400FE7D10029E5D1000669
S2140105F0EBD5BCF1000F27D01FFA8CF14FF4C17276
S214010600002010F0DFF904464046CCB162896168EB
S214010610FFF764F9636898890CF006FBB0F5006F84
S21401062007D040F60603984203D0204610F076FB2A
S214010630B8E733693146204698470028F5D1B1E737
S21401064022462146FFF74AF9BDE8F04114F0A4BC62
S2140106502DE9F04100F5CC5506460435002440F25C
S214010660DC5828460DF0F6FE40B10134E4B2042C05
S214010670F7D9002086F86000BDE8F081FEF7EEFFAE
S214010680074607E0FEF7EAFFC01B4045304618D88C
S214010690FFF780FF28460EF091F80028F2D00134CB
S2140106A02846E4B20EF08AF8042C0ED80028D8D0DA
S2140106B006F5CE536A6A1A60012086F86000BDE826
S2140106C0F08128460DF0F0FDE9E70028D1D006F5C7
S2140106D0CE536A6A1A600120EFE700BF08B5FFF73C
S2140106E07BF9014B186008BDC02D0020F8B5464FB8
S2140106F0DFF818E13E4604460FCE25460FC596E8BC
S214010700030007F1180685E803000FCE04F118056B
S2140107100FC596E8070007F1340385E807000FCBFD
S21401072004F1340585E80F0008267F25C8234FF419
S214010730FA7284F8645084F8656000254FF0FF363D
S2140107400120FE21C4F844E084F8680084F87C1097
S214010750A26422652946E3646365A565E56584F8B8
S214010760665084F86750E566A4F87450A567C4F827
S2140107707D5026662667C4F88150C4F88550C4F8B3
S214010780895004F1A000C4F88D504022C4F891505D
S214010790C4F89550C4F8995023F0C8FA6FF00407CE
S2140107A006F0F70E4FF0100165F3820E65F3C307EE
S2140107B065F30411C4F8E0604FF4804C84F8E0E07F
S2140107C084F8E27084F8E110C4F8E850C4F8EC50FC
S2140107D0C4F8F050C4F8E460C4F8F850C4F8FC500B
S2140107E0C4F800512046C4F8045184F8085184F82E
S2140107F0095184F80A5184F80B51C4F80C51C4F815
S2140108001051C4F8F4C0F8BDDCAA0300FC80E00F68
S214010810F0B4644AD2F810316FF38613C2F810317F
S214010820D2F810315D06FBD4D2F810315D490524AB
S21401083064F30303C2F81031D2F8103143F04003D9
S214010840C2F810314B6813F01403FBD1564D5749CB
S2140108502C6A574A44F004042C6291F8325102245F
S21401086064F3071581F8325191F8455145F00105B9
S21401087081F8455191F8335164F3071581F83351E6
S21401088091F8475145F0010581F8475191F83351E8
S21401089064F3030581F8335191F84651042645F077
S2140108A0010581F84651C1F89840C1F89460C1F835
S2140108B08840C1F88860116863F341011160D3690B
S2140108C013F00203FBD11468394944F00C04146098
S2140108D0146844F0804444F408141460546844F4E2
S2140108E000345460946844F0807494601373136801
S2140108F043F002031360CB699C07FCD4D0F8F430B4
S214010900BFF35B8FD0F8E040294A63408B62137EC9
S2140109109907FCD5254B264A0421C3F89810C3F83D
S2140109209410137E5B07FCD5936A90F80B21D0F8E0
S2140109300C11C0F810116340C0F814317ABBD0F81E
S214010940F430D0F8F810D0F8E870D0F8FC50D0F8B1
S214010950EC60D0F80021594039404B4083EA05014C
S21401096031405940D0F8F03090F809514A401340D0
S2140109704B4035B190F80A2123F480430AB143F481
S21401098080430B4D0949C0F80C3163400224AB6229
S2140109900122C1F89440F0BC80F808217047D0F8D5
S2140109A00431EEE7001C00400008004000800041D2
S2140109B00008004390F80831002B78D0836D5A1E4A
S2140109C0F0B482650BB9026D8265416D90F86630B0
S2140109D08A4234BF0C22082202440133DBB2526D34
S2140109E0C0F800213E2B80F8663061D990F8683057
S2140109F090F86710002480F86640002B00F07A819A
S214010A0090F864300131C9B299420A4680F86710FD
S214010A10C0F27E8180F8684023464CE0FE230A46F9
S214010A2080F87C30B149C0F8F8200B7E9C07FCD5D5
S214010A30AF4BAE490424C3F89840C3F894400B7EEC
S214010A405B07FCD58B6AD0F8E06090F80B11D0F804
S214010A500C41C0F810417340C0F81431002940F031
S214010A60D480D0F8F430D0F8E870D0F8FC40D0F854
S214010A70EC50D0F800115A403A40534083EA040241
S214010A802A405A40D0F8F03090F8094151400B40C6
S214010A90534034B190F80A2123F480430AB143F459
S214010AA08043924AC0F80C3173409362F0BC7047A1
S214010AB090F867209B009342B4BF0C23082303449D
S214010AC0B0F874105B6EC0F8FC300029A6D090F820
S214010AD07C30826F0133DBB23F2B80F87C3000F232
S214010AE09780D0F8A0109B000A42DBB204D090F8A1
S214010AF07D409C42B8BF8A43D0F8A4100A4204D075
S214010B0090F87E409C42B8BF8A43D0F8A8100A42AB
S214010B1004D090F87F409C42B8BF8A43D0F8AC100E
S214010B200A4204D090F880409C42B8BF8A43D0F86D
S214010B30B0100A4204D090F881409C42B8BF8A4364
S214010B40D0F8B4100A4204D090F882409C42B8BF54
S214010B508A43D0F8B8100A4204D090F883409C42E9
S214010B60B8BF8A43D0F8BC100A4204D090F884403B
S214010B709C42B8BF8A43D0F8C0100A4204D090F80D
S214010B8085409C42B8BF8A43D0F8C4100A4204D0BC
S214010B9090F886409C42B8BF8A43D0F8C8100A42F3
S214010BA004D090F887409C42B8BF8A43D0F8CC1056
S214010BB00A4204D090F888409C42B8BF8A43D0F8D5
S214010BC0D0100A4204D090F889409C42B8BF8A43AC
S214010BD0D0F8D4100A4204D090F88A409C42B8BF9C
S214010BE08A43D0F8D8100A4204D090F88B409C4231
S214010BF0B8BF8A43D0F8DC10114204D090F88C407C
S214010C009C42B8BF8A4382670CE7D0F8043148E7B4
S214010C10002311F0010280F87C3004D090F88D207A
S214010C20002A40F0CB808B0704D590F88E30002B3D
S214010C3040F0BE804F0704D590F88F30002B40F06F
S214010C40B1800E0704D590F89030002B40F0A480B8
S214010C50CD0604D590F89130002B40F097808C0695
S214010C6004D590F89230002B40F08A804B0603D5CD
S214010C7090F89330002B7DD10F0603D590F8943071
S214010C80002B71D1CE0503D590F89530002B65D198
S214010C908D0503D590F89630002B59D14C0503D518
S214010CA090F89730002B4DD10B0503D590F898306E
S214010CB0002B41D1CF0403D590F89930002B35D1C4
S214010CC08E0402D590F89A3053BB4D0402D590F8A5
S214010CD09B30FBB9CB0B96D090F89C30002B92D072
S214010CE0D0F8DC1080F88C300A438CE7000800430B
S214010CF00080004190F865400139C9B2A1420A4618
S214010D0080F867103FF7D7AE012180F86810D2E669
S214010D102346D0E6D0F8D84080F88B302243D9E776
S214010D20D0F8D44080F88A302243CEE7D0F8D040BD
S214010D3080F889302243C3E7D0F8CC4080F8883069
S214010D402243B7E7D0F8C84080F887302243ABE7A4
S214010D50D0F8C44080F8863022439FE7D0F8C040E0
S214010D6080F88530224393E7D0F8BC4080F8843081
S214010D70224387E7D0F8B84080F8833022437BE7E8
S214010D80D0F8B44080F8823022436FE7D0F8B04004
S214010D9080F88130224362E7D0F8AC4080F880309A
S214010DA0224355E7D0F8A84080F87F30224348E731
S214010DB0D0F8A44080F87E3022433BE780F87D20BF
S214010DC0D0F8A0202FE700BF2DE9F04F012300F156
S214010DD034084D4E80F80B3183B08146454600F10C
S214010DE044040022002755F8043B1343C9F8043194
S214010DF030463946FEF75CFCA54202D0D9F80421FC
S214010E00F1E709F11803404E01939B464FF0000AA3
S214010E100027BAF1060F304639460AF1010A48D1D1
S214010E20DBF80020D9F8043137481343C9F80431F8
S214010E300021FEF73DFC3548334E0021FEF738FC15
S214010E40002758F8042BD9F8043123EA0203C9F81D
S214010E50043130463946FEF72BFC4545F1D1BFF348
S214010E605B8F09F1F40353E8002F42F4804243E814
S214010E7000210029F7D1BFF35B8F234E0025002701
S214010E80019B062D1A463046394605F1010522D149
S214010E901A68D9F804311C4823EA0203C9F8043158
S214010EA00021FEF705FC002389F80B3103B0BDE8ED
S214010EB0F08F5BF8183CD9F80441DBF80020234397
S214010EC01343C9F80431FEF7F3FBBAF1070F0BF130
S214010ED0040B9ED1AFE753F8183CD9F804411268C9
S214010EE024EA030323EA0203C9F80431019B04330D
S214010EF00193FEF7DDFB072DC2D1002389F80B31E4
S214010F0003B0BDE8F08F00BFC0C62D00808D5B002A
S214010F10F8B50E4D2B6813F0010402D00C4B18687F
S214010F20F8BD102015F072FE01230949037009224D
S214010F301B27172684738470476086600860437099
S214010F40C3702B6002734273F8BD00BFC82D00202A
S214010F50D02D002043788B4200F0818001292DE9B5
S214010F60F04700F085806AD302297ED1434F40F2D4
S214010F708F184FF4C876424A41701468414B6FF39C
S214010F80410414601C686FF341041C6093689C075D
S214010F90FCD43C4DAC6814F00204FBD13946007811
S214010FA0394FDFF8F89004F023FB3849384A344BC0
S214010FB05C636C635C641C674C640C675464146704
S214010FC0CC648C67D46494674C6502F5FF52C1F813
S214010FD0804001F500511C3204316C6407F1100A9F
S214010FE02C67546414674C640C67D4649467C3F824
S214010FF04080C5F8408057F8044B23681B684B4572
S21401100022D1A079122823D0314604F1300000F015
S21401101077FDBA45EFD11A4A1A49136843F002031D
S21401102013600B6843F002030B6093689907FCD4C6
S214011030144A93689B07FCD40120BDE8F0874FF063
S21401104013081426134F96E7204698471228DBD13B
S214011050F9F79EF8B042014628BF3146D5E7837BB3
S214011060002B3FF47BAF002070470020BDE8F087DF
S2140110704FF063086426084F7DE700BF80841E009A
S214011080006001410080014138A70300046001416E
S21401109008600141A086010020A10700259E0000EE
S2140110A002292DE9F04707461646A2F1090467D042
S2140110B00D46E4B2092C2ED97C19207B801BB0FA90
S2140110C080F04009BDE8F0874D4D0673D5F80080E5
S2140110D0D8F8003031465B68404698476D682B6803
S2140110E028465B683146984797F902207B6803EBF0
S2140110F0C21303F1824303F500430A2E93F84020FE
S21401110066D0122E69D06FF3000283F840203B7B35
S214011110B34241D10125012303FA04F440F20F231F
S2140111201C42C9D04FEA4508DFF8D49059F828A0E8
S2140111307C19DAF80030267308F101085B6831463D
S2140111405046984759F82880D8F8003007EB8505AF
S2140111505B6831464046984794F902206B6803EB7A
S214011160C21303F1824303F500430A2E93F840208D
S21401117017D0122E1AD06FF3000283F840209CE796
S214011180E4B2092C05D80123A34040F20F221342F2
S2140111909AD13B7BB34202D00020BDE8F0870125FF
S2140111A088E742F0010283F8402086E742F0010218
S2140111B083F84020F8F7ECFF054601460AF13000B7
S2140111C000F09EFC294608F1300000F099FC74E717
S2140111D042F0010283F84020DBE742F0010283F887
S2140111E04020F8F7D5FF8146014608F1300000F0AF
S2140111F087FC494605F1300000F082FC87E700BF16
S21401120038A7030070B5092305460373437301210C
S214011210FFF7A0FE95F902206868D20102F1824329
S21401122003F500431C1801218140002684F8406024
S214011230596103EB500310F0010F93F830004FF0A3
S2140112400C040CBF64F3030064F3071083F830004A
S2140112503E4B1A440120916095F90320A968D201FA
S21401126013445C188840002684F84060586103EBFC
S214011270510311F0010F93F83010354E4FF00C0466
S21401128014BF64F3071164F3030183F8301002F10D
S214011290824303F500430024986056F8040BC4F318
S2140112A0460302682B445268197B01349047042C8C
S2140112B0F3D12B7B95F902200A2B25D0122B23D0B4
S2140112C06B6803EBC21303F1824303F5004393F803
S2140112D040206FF3000283F840206B7B95F90320D2
S2140112E00A2B23D0122B21D0AB6803EBC21303F1D8
S2140112F0824303F5004393F840206FF3000283F81E
S21401130040200123AB7370BD6B6803EBC21303F17E
S214011310824303F5004393F8402042F0010283F82C
S21401132040206B7B95F903200A2BDBD1AB6803EBDE
S214011330C21303F1824303F5004393F8402042F0C1
S214011340010283F840200123AB7370BD0080004189
S21401135038A7030008B5FFF7DBFD014B186008BD91
S214011360CC2D0020F8B5044672B690F8203013B1A3
S21401137000238361C36162B3A069E269637B801A5B
S2140113802BBB0844D4E90E2347F6FF7600273240EC
S2140113903B400025C10FC4E90E23E56184F8221005
S2140113A01FF01CFF21F00043194620F02DFA276E8E
S2140113B0666EA16EE26E84F820500123A06167621A
S2140113C0A662E1622263237362B61846F8BD404204
S2140113D0D7E76069081AD5E7F8B5044672B601235F
S2140113E0CA0F80F8222084F8203008461FF0F6FE47
S2140113F021F00043194620F007FAC317D90341EA42
S214011400504141F288320023C00320F0A3FBA368B9
S2140114106FF00042DE035F0CB2424FF0000373EB45
S2140114200705BCBF16461F4686420B46024677EBAB
S2140114300301D4E90E01B8BF3246002747F6FF760E
S21401144030403940266EA56EE36E6266A2626FF08A
S21401145000470022C4E90E0101206662E5622363AB
S214011460A761E261207362B6F8BD00BF2DE9F04FB7
S214011470037B2DED028B012B85B0044638D0072B5C
S21401148000F2DA80DFE813F02F00D800D701BE00A3
S21401149086005F02D8000800417B90F822308B421C
S2140114A000F02D828069E3691844D4E90E6747F697
S2140114B0FF72002316401F40C4E90E6781F0010247
S2140114C001250023A06184F82220257384F82130A9
S2140114D0F20B42EA4742D31AE2616360626901B1E4
S2140114E05B421344636105B0BDEC028BBDE8F08F2F
S2140114F0826990F82010D0F82C90C0F844905714C8
S214011500D603C0E91267002963D1056C002D00F0EF
S2140115101781417B90F822200091914200F0F881DA
S21401152080F8213000200523237320658246D4E904
S2140115300E67A5EB6903F618A5EB090547EBE377FC
S2140115405545C4E90E67256400F3AB804A46AAEB0D
S21401155005054FF00009D317C4F840A029464846B0
S214011560CDE9022320F046FBEB17A0FB05BC00FBF0
S21401157003CC4FEA5C02B61894F8211047EB090732
S214011580C4E90E67002900F06E81072323730099D2
S214011590E3699DE7016C406CD4E90E23D4E9126738
S2140115A0A1EB6005521943EBE573B242A1EB0001D2
S2140115B073EB07002164C4E90E2354DA002952DDD7
S2140115C0012A73F100014EDB1F461646E369617B73
S2140115D07EE7836A056C002B00F0A180002D40F0A9
S2140115E0308190F822202068236500218368627389
S2140115F084F8211020469847637BD4F850A0256CC8
S214011600009394E0D0E90E67437BD0F840A00093A6
S214011610524616EB0A064FEAE27394F820105F4131
S214011620C4E90E6700293FD0BAF1000F39D106236D
S21401163023730099E3694BE7027C002302F0FE0264
S21401164063F341020020002122742364E361636096
S214011650A361237384F82030C4E90E0105B0BDEC04
S214011660028BBDE8F08F0023062263642364C4E97D
S2140116700E672273E369617B2AE702232373D4E9A9
S2140116800E67636C05EB6302B6181D4447EBE27701
S21401169055452564C4E90E6780F2A280002D40F30B
S2140116A09F800099E36913E7D4E91601864277EB38
S2140116B0010503DA012E77F10005F2DA0025311A69
S2140116C0284620F097FA626CA2FB0089D31700FB2C
S2140116D0039E8346AEFB0B234FF0000C0EFB0C3330
S2140116E05808321A67EB0503D4E91267B242AAEB2F
S2140116F00E0073EB07012064C4E90E2380F2A98073
S214011700A84240F3A680012A73F10001C0F2A1802D
S21401171004201F46009920731646E369D8E6427BEB
S21401172000921946002084F821102065824655450E
S21401173000F0DB80A1DD05232373D4F84490F6E6A0
S214011740D0E90E2311461A4690F822304373134609
S2140117509F4208BF8E42CDE9001280F821500ED07C
S21401176003689B68984794F82130256C002B40F05D
S214011770CA80D4E91223CDE90023D4F82C9085FB46
S2140117800501CB0FC0184E4641F10001F71749106D
S2140117904FEA30004A463B4620F0DCF9D4F824A054
S2140117A0CDE902014A463B468AFB0A0120F0D2F9FE
S2140117B0DDE90223821A61EB030310461946DDE9CF
S2140117C0002382428B4163DBC4F850A0554540F3A9
S2140117D0918005232373637BD4F844900093A6E697
S2140117E0DA17A5EB0A05914698461A4629464B464E
S2140117F0C4F840A0002020F0FDF90246A2FB050136
S214011800002305FB03110AEB5105761B42464B46A6
S2140118108AFB0A0167F1000720F0ECF9D4E91223EC
S21401182049084FEA3000121A63EB0103C4E9162394
S21401183003232373ECE6437B056CD0F850A000939A
S2140118401DE7407B94F82220009090427FF46AAF17
S214011850C9E60023062263642364C4E90E6700997F
S2140118602273E36934E6DDE902238AFB0A0120F0EC
S214011870C1F9D4E9122349084FEA3000121A63EB82
S21401188001030320C4E9162300992073E3691FE6C8
S214011890A669F117CB03DDE90201F203801843EADA
S2140118A0564359410B4600FB07F109FB0313A0FB06
S2140118B00901194420F010F900EE100AB5EE400AAD
S2140118C0F1EE10FAB1EEC08A39D418EE100A20F003
S2140118D0A9F96FF0004282424FF0000373EB010654
S2140118E0B8BF10462065824670E703232373D4E908
S2140118F00E678DE602232373637B0093BFE6C06900
S214011900A369C01AD1E5637BD4F84490009309E635
S2140119104A46D31785FB050120F01CF9D4E90E23AE
S21401192049104FEA3000B61A67EB0307864277EB99
S2140119300103B4BF0123002384F8213016E71DF00C
S21401194089F9256CC1E7437B056CD0F850A0D0F827
S21401195044900093EBE500BFF0B4047C16490160A7
S214011960002204F0C004012502210026002762F3AC
S214011970861404744260826002734273426182611B
S214011980C26180F8202080F8212080F8222082621F
S2140119900264426402654266857345620566C162F9
S2140119A001638166C166C0E90E67C0E91267C0E9D6
S2140119B01667F0BC704700BF28AB0300D0B472B600
S2140119C0036E446E816EC26E4362002600230027BA
S2140119D0C0E90E678462C16202630364C361037374
S2140119E080F820308361436062B6D0BC704700BF88
S2140119F010B5044691B112A3D3E90023C803490CDC
S214011A0020F0A8F8E36A022B20F00102B8BF0223F7
S214011A1093421846B8BF1046E066206372B6E36A82
S214011A20226B9342B8BF134600210122E362A162F2
S214011A3084F82020227362B610BD00BFAFF3008089
S214011A4040787D0100000000D0B541F2883204469E
S214011A500023C803490C20F07DF80F46A16806460E
S214011A60CA036FF000404B0C90424FF0000171EB3F
S214011A70030EBCBF02460B46964277EB0301BCBF82
S214011A8032463B46012A73F10001B8BF01222266A5
S214011A90D0BD00BF000000000B4610B5490C04463F
S214011AA0D80307A3D3E9002320F054F820F001005F
S214011AB00228B8BF0220A06610BD00BFAFF30080A9
S214011AC040787D01000000000B4610B50446490C25
S214011AD0D80309A3D3E9002320F03CF8E36A022BDC
S214011AE0B8BF022320F001008342B8BF0346E36675
S214011AF010BD00BFAFF3008040787D0100000000FC
S214011B00F0B472B6036E456E846EC26E43620026F2
S214011B1000230027C0E90E678562C462026303647E
S214011B20C361037380F820308361436062B66FF04F
S214011B300044CA034B0C94424FF00005816075EBDC
S214011B400301BCBF22462B46012A73F10001446AF9
S214011B50BCBF01220023E517944275EB0301B8BF11
S214011B6022460266F0BC7047436863B3037C13F0F9
S214011B7018022AD11346027C63F38202D2B21346BC
S214011B80C2F3C00262F34513DBB21A46C3F3001375
S214011B9063F38612D3B202745A0714D5427BE2B9B4
S214011BA0190710D543F00103037472B6C36A026BBA
S214011BB09342B8BF134600210122C362816280F8B6
S214011BC02020027362B600207047C3F3C102C3F33C
S214011BD04113D31A18BF0123CDE7DA06F3D543F034
S214011BE002030374E1E700BF2DE9F04F2DED028BF0
S214011BF090F88A3790F888179DB003F0FF02814667
S214011C000492002B00F0D28314460022C9B2134678
S214011C101CA801330244DBB2481CA34202F8101C84
S214011C201A4600F00F01F3DB99F88B2799F88837ED
S214011C30934200F0BD839DF8603093424FF000035D
S214011C4000F0D484049804E011F8101C914200F0CE
S214011C5018840133DBB21CA9834219441C46F3DB0A
S214011C6000230593069399F8563A002B40F0B48367
S214011C709FED2B7B8DED0C7B069D049B1A46AA429D
S214011C8040F3C584059CCA461CAB5F19682617F845
S214011C9010BC06FB0BA6D6F80C011FF08FFA024605
S214011CA00B46CDE900231FF0FFFA80468946002C3B
S214011CB040F02F829AF8563A002B00F0B7829AF835
S214011CC0563A002B00F02582682303FB0BA3DDE9BF
S214011CD00C67D3F81831002B00F0A18232463B4640
S214011CE0404649461FF052FD002800F0AA8249EC02
S214011CF0108B1CF0BFFD682351EC100B03FB0BABE4
S214011D001FF0AAFDCBF810010134049BE4B29C42FB
S214011D102546B9DBD146002213466820049C14E010
S214011D20000000000000000016F8101C15F8102C2A
S214011D3000FB0191013300FB0292DBB2D1F81011D6
S214011D40C2F81411A3421A461ADA1CA98D18511C9E
S214011D501CAEA1420E44E7DB15F8102C99F86C1A5C
S214011D6000FB0295002940F06A82D5F81011013374
S214011D7000FB0292DBB2A342C2F814111A46E4DB5E
S214011D80049A1CAB1344682613F8117C06FB0796CD
S214011D90D6F8185125B1D9F8944A002C40F0A483FE
S214011DA0D6F81041682303FB0797D7F80C31A342F6
S214011DB038BFC7F81031049B9D1E069B9D4275DBFC
S214011DC0049A1CAB1344A3F111044FF0680814F8ED
S214011DD001AD677808FB079308FB0A96D3F8100154
S214011DE01FF0ECF902460B461FF05EFAD6F818A172
S214011DF0013DCDE90001BAF1000F1CD0D9F8943AA3
S214011E001846C3B11FF0DAF902460B461FF09AF8DE
S214011E10CDE9020150461FF0D1F902460B46DDE935
S214011E2002011FF041FA02460B46DDE900011FF0F0
S214011E3089F8CDE90001D6F810011FF0BFF98246F6
S214011E40D6F80C018B461FF0B9F95246CDE90201CE
S214011E505B46504659461FF027FA9DED000B41ECB4
S214011E60110B1CF071FBDDE90223B0EE408AF0EEA7
S214011E70608A194610461FF017FAB0EE480AF0EECF
S214011E80680A41EC110B1CF05FFB1CF0F3FC51ECF3
S214011E90100B1FF0E1FC08FB0797C6F81001D7F8F6
S214011EA01031C6F81431069B9D4290DA059B01332A
S214011EB05FFA83FB049B5B45C8BF4FF0680867DD8C
S214011EC01CAB5B4413F8115C13F8104C08FB05952A
S214011ED008FB0494D5F81871D4F81061D4F80CA155
S214011EE0002F47D0D9F8943A00933046002B41D0C2
S214011EF01FF064F902460B461FF0D6F9CDE9020140
S214011F00D5F810011FF05AF9CDE9060100981FF027
S214011F1055F902460B461FF015F8CDE90001384683
S214011F201FF04CF902460B46DDE900011FF0BCF933
S214011F30DDE90623CDE90001104619461FF0B4F984
S214011F4002460B46DDE900011EF0FCFF02460B4689
S214011F50DDE90201CDE900231FF018FCDDE90023CD
S214011F60002840F0E181DDE902011FF02DFC002888
S214011F7040F00782059A0BF10103564508BF5A4601
S214011F805FFA83FB049B05929B4599DB049B0692B3
S214011F90069A19469142134640F317821CAA134427
S214011FA013F8103C99F8562A89F88B37049B002AB7
S214011FB000F0F881002B00F08C809DF8608068238B
S214011FC003FB0898D8F810011FF0F8F80646D9F870
S214011FD0940A0F461FF0F2F802460B461EF0B2FFB7
S214011FE000229F4B1FF060F9DDE90C231EF0AAFFCB
S214011FF0324604460D463B46304639461FF054F9F4
S21401200022462B461FF0E0FB002840F0C182002349
S214012010DDF810A01C4668264F461CAA134413F888
S214012020105C06FB05731D46D3F81001D3F80C218E
S214012030D3F81481904284BF1046C3F8102180451E
S21401204041D9D3F818B1BBF1000F3CD0D7F8949A18
S214012050B9F1000F37D01FF0B1F8CDE900014046C5
S2140120601FF0ACF8CDE9020148461FF0A7F802467A
S2140120700B461EF067FF8046584689461FF09EF8BD
S21401208002460B46404649461FF00EF9DDE900239D
S21401209080468946104619461FF006F902460B4649
S2140120A0404649461EF04EFFDDE90223804689463A
S2140120B0104619461FF0F8F842464B461FF084FBBF
S2140120C0002840F0D3810134E4B254452346A4DB12
S2140120D0B94699F8563ABBB199F88A37A3B199F837
S2140120E08837682202FB039393F8682162B199F856
S2140120F0582A012A00F0478299F8582A022A03D161
S214012100D3F81031C9F8E8301DB0BDEC028BBDE83C
S214012110F08F002D00F02681682505FB0BA617F829
S214012120113CD6F81C01169305FB03A51FF068F8B1
S214012130CDE90201D5F824011FF062F802460B46EC
S214012140DDE90201CDE90E231EF0FAFECDE90A0112
S214012150D6F820011FF054F8CDE90801D5F828017A
S2140121601FF04EF80B46024606460F46DDE908010B
S2140121701EF0E6FEDAF8683A1793CDE91001002B57
S21401218070D00F46DDE90A1227F00043139322F0C0
S21401219000431290149115939DED121B9DED140BA7
S2140121A01CF0A6F957EC106B2BA3D3E9002310EE15
S2140121B0100A39461FF0EAFA002800F01981D5F80E
S2140121C00C011EF0FBFF06460F469DED001B47EC7B
S2140121D0106B1CF0B9F953EC102B104619461FF082
S2140121E063F8324641EC180B3B46304639461FF041
S2140121F05BF849EC118B41EC100B1CF0A5F9B0EE25
S214012200481AF0EE681A1CF09FF9682303FB0BA32B
S21401221057EC106BD3F81831002B7FF45FAD6823B1
S21401222003FB0BAB0023CBF810316DE5D6F8183164
S214012230002BF4D04FF000084FF0000957E50021BD
S21401224095E500220023304639461FF09FFA002804
S214012250F0D1B046B9464AE58DEDB5A0F7C6B03E19
S21401226000408F40DDE90E23DDE902011FF01CF876
S21401227032463B46CDE90001DDE908011FF014F8BE
S21401228002460B46DDE900011EF05CFE0022D44B3F
S21401229006460F461FF098FA002800F0F6809FEDDC
S2140122A0C80B1CF0E7FADDE90A23104619468DED46
S2140122B0000B1EF0F9FFDDE9102306460F46104617
S2140122C019461EF0F1FF02460B46304639461EF00F
S2140122D039FE41EC100B1CF0CDFADAF8940A1EF028
S2140122E06DFFB9A3D3E9002306460F46DDE90001D9
S2140122F01FF04CFA002800F08F80169A682303FB23
S21401230002A3D3F80C011EF059FF02460B461EF03D
S214012310CBFF49EC118B41EC100B1CF015F9B0EE1C
S214012320408AF0EE608A6AE750461EF047FF024692
S2140123300B461EF0B9FF9DED000B41EC110B1CF096
S21401234003F91CF097FA51EC100B1FF085FAC4F84C
S2140123501001C5F81401D4F81061D4F80CA1CDF819
S21401236014B007E6682303FB0BA3D3F81831002B40
S2140123707FF4BDAC682303FB0BAB0023CBF8103115
S214012380C2E49DED000B1CF075FA51EC100B1FF02A
S21401239063FAC4F81001C5F81401D4F81061D4F832
S2140123A00CA1E7E5002B7FF432AE92E690F8883771
S2140123B099F8563A03F0FF02002B00F0DB80049BED
S2140123C03BB99FED7F7B8DED0C7B99F88837DBB2AF
S2140123D0E8E5002306930593D9F8900A1EF0EEFE71
S2140123E002460B461EF060FF069DCDE90C0144E453
S2140123F017981EF0E3FE32463B461FF07FF8024672
S2140124000B46D5F80C01CDE900231EF0D7FEDDE919
S214012410002306460F46E0E66DA3D3E90023DDE977
S21401242000011FF0D1F900283BD00AF52663D3E955
S2140124300023304639461EF037FF0022694B1EF056
S21401244033FF169A682303FB02A341EC180BD3F85B
S2140124500C011EF0B3FE02460B461EF025FF49ECAA
S214012460118B41EC100B1CF06FF8C8E649EC108B91
S2140124701CF000FA51EC100B1FF0EEF9C5F8140130
S21401248021E605930694FFF7EEBB0022564B304635
S21401249039461FF07BF9002800F0AC809FED4E0B0B
S2140124A0FFE6DDE9002300204D491EF049FD46A365
S2140124B0D3E90023CDE902011FF068F918B19FEDB9
S2140124C0427B8DED027B0AF52663D3E90023304675
S2140124D039461EF0E9FEDDE900231EF0E5FEDDE9E2
S2140124E002231FF00BF8ACE7D6F814011EF066FEC7
S2140124F0824620468B461EF061FE02460B461EF0C3
S21401250021FDCDE9000128461EF058FE02460B4685
S214012510DDE900011EF0C8FE524604465B460D4644
S214012520504659461EF0C0FE02460B462046294636
S2140125301EF008FDD6F81041824620468B461EF056
S2140125403DFE02460B461EF0AFFE02460B465046C7
S21401255059461FF01BF900283FF424AC4BEC10AB96
S2140125601CF088F951EC100B1FF076F90446C6F8FA
S214012570100117E49FED127B06928DED0C7B059200
S2140125801546FFF77ABBD3F81031C9F86C30BBE5B6
S214012590D8F80C011EF012FE02460B461EF084FE11
S2140125A045EC104B41EC110B1BF0CEFF1CF062F911
S2140125B051EC100B1FF050F9C8F8100127E500BFC9
S2140125C000000000000000008DEDB5A0F7C6B03E8B
S2140125D02B8716D9CEF7EF3F000000000000F03F32
S2140125E00000F03F0000E03F0000F0BF06930593B7
S2140125F0FFF739BB32463B46002007491EF0A0FCD8
S2140126000022064B1EF050FE41EC100B49E6049BDF
S214012610002B7FF480ABD8E60000F03F0000E03FDF
S2140126202DE9F04390F888676825F6B205FB0605A4
S214012630044695F8680187B0F0B195F80831F3B112
S214012640012B4DD00020682202FB0642731C03F0CA
S2140126500F03002182F8681184F8883794F88A37C6
S21401266094F88B27013BDBB2B24284F88A3704BF69
S21401267094F8883784F88B3707B0BDE8F083D5F82F
S2140126801471D4F8940A05F5A0710EC995ED561B80
S21401269095ED540B0597D5F81071049741F28837DC
S2140126A003970290D5F80C01019095F8600100900F
S2140126B004F1080002F03CF90028C3D0012384F895
S2140126C0583AD5E9568904F68823C3E90089D5F82E
S2140126D03431C4F8703AD5F83831C4F8743AB2E7F0
S2140126E0D5F81421D5F840310592D5F81011D4F853
S2140126F0942A049141F2883103910292D5F80C2173
S2140127000192D5F84401D4F87C1AD4F8802A0090B6
S21401271004F1A00001F0A6FD002893D0D5F83431CD
S214012720C4F8703AD5F83831C4F8743A022384F8FC
S214012730583A88E7000000002DE9F04D2DED028B98
S21401274090F8503ADDB26F01C619044696F8A937DB
S21401275088B003F0FF0023B908B0BDEC028BBDE8DA
S214012760F08DD6F89037D4F87C0AD4F8808AC01A4F
S2140127701EF034FDCDE90601D6F89407A8EB00005B
S2140127801EF02CFD9DED061B41EC100B1CF070F8A5
S2140127900022002351EC100BB0EE408AF0EE608A66
S2140127A01EF0F4FF40B151EC180B27A3D3E9002328
S2140127B01EF0C8FB41EC180BB0EE480AF0EE680AB2
S2140127C0274404EB45164FF0000841F2883006F521
S2140127D0F46607F5F26196ED001BD4F894EA0EC98B
S2140127E0CDF81480CDF810800390D4F8900A0190AB
S2140127F0CDF808E097F8A807009004F1080002F069
S21401280097F8D0B1D6E900AB012104F688226B18FF
S21401281084F8581A03F00F03C2E900AB87F8A987BA
S21401282084F8503A94F8523A013BDBB284F8523AB3
S21401283008B0BDEC028BBDE8F08D6B1C03F00F03F6
S21401284087F8A907ECE700BF182D4454FB2119406F
S2140128502DE9F043046894F88A3787B08846A3B90F
S214012860B8F1000F09D094F8523A03F0FF05002B97
S2140128707AD1284607B0BDE8F08394F8553A9BBB59
S2140128804546284607B0BDE8F08394F88897682740
S2140128905FFA89F907FB094797F86851002DDFD0E1
S2140128A097F808310646002B64D0012B00F0AF8064
S2140128B02046682202FB094209F1010303F00F03D7
S2140128C0002182F8681184F8883794F88A3794F8DA
S2140128D08B27013BDBB24A4584F88A373ED0044653
S2140128E0B8F1000FC9D0BEE794F8536AF6B206EB0A
S2140128F0460304EB830797F8983903F0FF05002B8E
S214012900B7D041F28830D4F87C1AD7F89039D4F889
S214012910802A0390CDF81480CDF81080D4F8940A5C
S2140129200290D4F8900A0190D7F89409009004F127
S214012930A00001F097FC0136054606F00F0610B11F
S214012940022384F8583A87F8988984F8536A94F8E9
S214012950553A013BDBB284F8553A8AE794F8883752
S21401296084F88B370446BBE7204607B0BDE8F04342
S214012970FFF7E2BED7F8140107F5A0710EC997ED6F
S214012980561B97ED540B0590D7F81001049041F2B1
S21401299088300390D4F8940A0290D7F80C0101907D
S2140129A097F86001009004F1080001F0C1FF60B3E0
S2140129B0012384F8583AD7E9560104F68823C3E977
S2140129C00001D7F83431C4F8703AD7F83831C4F872
S2140129D0743A682202FB094209F1010303F00F036E
S2140129E0002182F8681184F8883794F88A3794F8B9
S2140129F08B27013BDBB24A4584F88A377FF439AF2F
S214012A0094F8883784F88B3733E7306851E7D7F87E
S214012A101401D4F87C1AD7F84031D4F8802A0590EE
S214012A20D7F81001049041F288300390D4F8940A44
S214012A300290D7F80C010190D7F84401009004F1F8
S214012A40A00001F00FFC0028DFD0D7F83431C4F81D
S214012A50703AD7F83831C4F8743A022384F8583AF1
S214012A60B7E700BFF8B500250446056045600830A5
S214012A7001F02EFF04F1A00001F0D0FBEB4984F831
S214012A808857002004F5266284F8895784F88B5706
S214012A9084F88A5784F8575A84F8505A002684F8DE
S214012AA0515A002784F8525A84F8535A84F8545AD3
S214012AB084F8555A84F8565A84F8585AC2E90001DF
S214012AC004F6882284F86C5AC4F8685A84F8785A4E
S214012AD084F86D5AC4F87C5AC4F8705AC4F8745A0B
S214012AE0C4F8805AC2E9006741F288374CF2503286
S214012AF0C4F8907AC4F8942A04F6982604F52D6250
S214012B000127C4F8987A04F25C4EC6E9020184F8FB
S214012B10A85AC6E9060184F8B85AC6E90A01C6E900
S214012B200C01C4F8D07A04F58066C2E9020184F883
S214012B30E05AC2E9060184F8F05AC2E90A01C2E97C
S214012B400C0104F58C62002304F2644704F58D60E1
S214012B5084F8A95704F5996184F8085B84F8095B41
S214012B6084F86851C4F80C51C4F81051C4F81451D3
S214012B70C4F81851C4F82C51C4F83051C4F8345173
S214012B80C4F8385184F8985984F8D051C4F874516F
S214012B90C4F87851C4F87C51C4F88051C4F81C318B
S214012BA0C4F82031C4F82431C4F82831C4F884317B
S214012BB0C4F88831C4F88C31C4F89031C4F8945103
S214012BC084F8C957C4F8985184F8A459C4F89C519C
S214012BD084F8E957C4F8A05184F83852C4F8DC5197
S214012BE0C4F8E051C4F8E451C4F8E851C4F8EC3133
S214012BF0C4F8F031C4F8F431C4F8F831C4F8FC5123
S214012C00C4F80052C4F80452C4F8085284F8B05903
S214012C1084F8A052C4F84452C4F84852C4F84C523E
S214012C20C4F85052C4F85432C4F85832C4F85C326E
S214012C30C4F86032C4F86452C4F86852C4F86C52DE
S214012C40C4F8705284F8095884F8085384F8BC59BB
S214012C50C4F8AC5284F82958C4F8B05284F8C8595C
S214012C60C4F8B45284F84958C4F8B852C4F8BC320F
S214012C70C4F8C032C4F8C432C4F8C832C4F8CC525E
S214012C80C4F8D052C4F8D452C4F8D85284F8705359
S214012C90C4F81453C4F81853C4F81C53C4F820538A
S214012CA0C4F82433C4F82833C4F82C33C4F83033BA
S214012CB0C4F83453C4F83853C4F83C53C4F84053EA
S214012CC084F8D45984F8D85384F86958C4F87C53E6
S214012CD084F8E059C4F88053C4F88453C4F8885380
S214012CE0C4F88C33C4F89033C4F89433C4F89833DA
S214012CF0C4F89C53C4F8A053C4F8A453C4F8A8530A
S214012D0084F84054C4F8E453C4F8E853C4F8EC53C8
S214012D10C4F8F053C4F8F433C4F8F833C4F8FC33F9
S214012D20336004F2C44684F88958C4F80454C4F8DD
S214012D300854C4F80C54C4F8105484F8EC5984F8B8
S214012D40A854C4F84C54C4F85054C4F85454C4F8A5
S214012D505854CEF80030136004F2CC423B60036056
S214012D6004F59A6784F8A958C4F86C5484F8F8599D
S214012D70C4F87054C4F87454C4F8785484F81055E0
S214012D80C4F8B454C4F8B854C4F8BC54C4F8C05415
S214012D9004F22C5033600B6004F5A666136004F24F
S214012DA0345104F5A7623B6084F8C95804F294577D
S214012DB0C4F8D454C4F8D854C4F8DC54C4F8E05465
S214012DC084F8045A84F87855C4F81C55C4F820557C
S214012DD0C4F82455C4F828550360336004F5B3607D
S214012DE00B6004F29C56136004F5B46104F2FC52C5
S214012DF084F8E958C4F83C5584F8105AC4F840558C
S214012E00C4F84455C4F8485584F8E055C4F88455C8
S214012E10C4F88855C4F88C55C4F890553B600360D7
S214012E2004F5C067336004F2046001E00000F03F7F
S214012E300B6004F5C16684F80959C4F8A455C4F8B2
S214012E40A855C4F8AC55C4F8B05584F81C5A84F893
S214012E504856C4F8EC55C4F8F055C4F8F455C4F80F
S214012E60F85504F26461136004F5CD623B600360BB
S214012E7004F26C6704F5CE603360C4F80C5604F2B5
S214012E80CC6684F82959C4F8105684F8285AC4F830
S214012E901456C4F8185684F8B056C4F85456C4F8F4
S214012EA05856C4F85C56C4F860560B60136004F5B7
S214012EB0DA6104F2D4623B60036004F5DB6784F8F0
S214012EC04959C4F87456C4F87856C4F87C56C4F800
S214012ED0805684F8345A84F81857C4F8BC56C4F897
S214012EE0C056C4F8C456C4F8C85604F234703360E9
S214012EF00B6004F5E766136004F23C7104F5E862C2
S214012F003B60C4F8DC56C4F8E056C4F8E456C4F88E
S214012F10E85684F8695984F8805784F8405AC4F80A
S214012F202457C4F82857C4F82C57C4F83057036000
S214012F30336020460B60136084F88959C4F84457FF
S214012F40C4F84857C4F84C57C4F8505784F84C5A3C
S214012F50F8BD00BF41B32AB3F8B50D4616460127A2
S214012F60044680E8600080F8577A024639462846CB
S214012F70F7F706FA20B9002184F8571A0846F8BD73
S214012F80394622466068F7F7FBF90028F3D094E843
S214012F900C00C2F82051C2F82461C3F82051C3F8CE
S214012FA02461F8BD104670470846704738B5044698
S214012FB0002580F8565A083084F8585A84F8785A0A
S214012FC002F064F904F1A00001F060FC84F8A9574E
S214012FD084F8685184F8985984F8D05184F8C95710
S214012FE084F8385284F8A45984F8A05284F8E95732
S214012FF084F8085384F8B05984F8705384F8095853
S21401300084F8D85384F8BC5984F8405484F8295875
S21401301084F8A85484F8C85984F8105584F8495897
S21401302084F8785584F8D45984F8695884F8E059B6
S21401303084F8895884F8EC5984F8A95884F8F85922
S21401304084F8C95884F8045A84F8E95884F8105A60
S214013050206884F8095984F8E05584F81C5A84F8E5
S214013060485684F8295984F8B05684F8285A84F8C2
S214013070185784F8495984F8805784F8345A84F8E4
S2140130808B5784F8695984F86D5A84F8405A84F845
S214013090895984F84C5A84F8885784F8895784F8F3
S2140130A08A5784F8505A84F8515A84F8525A84F848
S2140130B0535A84F8545A84F8555A08B1F7F7CCFA9B
S2140130C0606818B1BDE83840F7F7C6BA38BD00BF2A
S2140130D038B50446002580F8565A083084F8585A00
S2140130E002F0D4F804F1A00001F0D0FB84F8A9574F
S2140130F084F8685184F8985984F8D05184F8C957EF
S21401310084F8385284F8A45984F8A05284F8E95710
S21401311084F8085384F8B05984F8705384F8095831
S21401312084F8D85384F8BC5984F8405484F8295854
S21401313084F8A85484F8C85984F8105584F8495876
S21401314084F8785584F8D45984F8695884F8E05995
S21401315084F8895884F8EC5984F8A95884F8F85901
S21401316084F8C95884F8045A84F8E95884F8105A3F
S214013170206884F8095984F8E05584F81C5A84F8C4
S214013180485684F8295984F8B05684F8285A84F8A1
S214013190185784F8495984F8805784F8345A84F8C3
S2140131A08B5784F8695984F86D5A84F8405A84F824
S2140131B0895984F84C5A84F8885784F8895784F8D2
S2140131C08A5784F8505A84F8515A84F8525A84F827
S2140131D0535A84F8545A84F8555A18B1294630304F
S2140131E0FEF706FC606828B130300021BDE83840A3
S2140131F0FEF7FEBB38BD00BF90F8573ACBB12DE9BC
S214013200F04190F8783A8CB004469BB1006810B152
S2140132100021F7F7F7F8606810B10021F7F7F2F828
S21401322094F8783A013BDBB284F8783A0CB0BDE802
S214013230F081704790F8563A002BF7D090F8583A3C
S2140132400790012B47D090F8583A022B76D094F885
S214013250582A0023012A0893099300F0F68094F86F
S214013260583A022B00F01F8194F8583A012B00F0CF
S214013270CC8094F8583A022BD8D1D4F8C030D4F880
S214013280A8209342D2D1D4F8C420D4F8AC108A42F4
S214013290CCD1C4F87C3A0021C4F8802A07A8FFF7ED
S2140132A0D7FA0028C2D1206810B10021F7F7AAF892
S2140132B0606810B10021F7F7A5F8002384F8563AA4
S2140132C084F8583A94F86C3A002B0CBF00230A2372
S2140132D084F8783AAAE790F82C30002B00F0838027
S2140132E0436A826B934280F28380D31AA26A9A421F
S2140132F080F282800BAA04F108000AA901F0C0FF3F
S2140133000B9B0A9A0798C4F87C2AC4F8803A90F86E
S2140133108A37002B40F0FB8090F8523A002B6FD191
S214013320002384F8563A84F8583A94F86C3A002BFD
S21401333014BF0A23002384F8783A77E7D0F8A83038
S214013340D0F8C020934282D1D0F8AC20D0F8C41077
S2140133508A427FF47CAFC0F87C3AC0F8802A90F8A5
S2140133608A37002B40F0ED80254695F8553A002B1C
S214013370D6D095F8536A0C27F6B207FB065797F88E
S2140133809839002BCCD04FF0000841F28833D5F89D
S2140133907C1AD5F8802ACDF81480CDF810800393D6
S2140133A0D5F8943A0293D5F8903A0193D7F8943920
S2140133B00093D7F8903905F1A00000F053FF731C75
S2140133C003F00F03002800F0CE80022285F8582A69
S2140133D087F8988985F8533A95F8553A013BDBB258
S2140133E085F8553A33E7426A836B9A423FF77DAFD9
S2140133F09B1AC3F5004379E7092B3FF728AF79E716
S214013400FFF79AF900288BD021E794F82C30002B8F
S21401341050D0636AA26B934250DAD31AA26A9A42D8
S21401342050DA0BAA0AA904F1080001F029FF0A9A4A
S2140134300B9BC4F87C2A0121C4F8803A07A8FFF741
S21401344007FA00287FF4F2AE2DE709AA08A904F1CD
S214013450080001F0ADFB00283FF406AF089949B912
S214013460099B3BB994F8582A022A3CD094F8583A5A
S214013470012B53D02068F6F7C5FF09996068F6F767
S214013480C1FF94F8583A012B20D094F8583A022BF1
S2140134907FF4CCAED4F8C020D4F8C430C4F87C2A6B
S2140134A0C4F8803AC2E609AA08A904F1A00000F00F
S2140134B0BBFFD0E7626AA36B9A42AEDC9B1AC3F5E8
S2140134C00043ABE7092B3FF7B1AEAAE70BAA0AA95F
S2140134D004F1080001F0D4FE0A9A0B9BC4F87C2A7A
S2140134E0C4F8803AA2E6D4F8C000D4F8A8209042E6
S2140134F0BCD1D4F8C400D4F8AC209042B6D1194659
S21401350007A8FFF7A5F900283FF4CDAE8EE6FFF732
S21401351087F800287FF49BAE0798FDE694F82C30D8
S214013520B3B1636AA26B934216DAD31AA26A9A42BD
S21401353016DA012107A8FFF78BF900287FF476AE8B
S214013540B1E6FFF76DF800287FF481AE079D0CE722
S214013550626AA36B9A42E8DC9B1AC3F50043E5E76F
S214013560092B87DCE5E787F8980985F8533A95F83B
S214013570553A013BDBB285F8553AD1E6000000002A
S2140135802DE9F04F2DED028B95B090F8575A029128
S2140135909DF880100191039200932DB9284615B02D
S2140135A0BDEC028BBDE8F08F002B40F31A82B0EE23
S2140135B0418AF0EE618A036804465BEC10AB23B1E6
S2140135C093F80021002A00F00C826268002A00F0BD
S2140135D0298392F80011002900F003822BB1D3F859
S2140135E06431990500F1FD8122B1D2F864319B0561
S2140135F000F1F78172B694F88A370F2B00F3F88141
S214013600D4F87C3A0A93D4F8803A0B9394F88A3724
S214013610002B00F0C38294F889370F33682203F039
S2140136200F0302FB0343D3F83421D3F838310A924F
S2140136300B9300220023504659461EF0A7F898B176
S2140136400FF20459D9E90089002600275046594649
S21401365042464B461DF076FC32463B4682468B463A
S2140136601EF094F80028F1D10FF2DC43D3E90023D1
S214013670504659461EF09EF888B10FF2CC47D7E95E
S21401368000675046594632463B461DF059FC3246C5
S2140136903B4682468B461EF08DF80028F1D100226B
S2140136A0002351EC180B1EF071F859EC188B98B1E9
S2140136B059EC188B002600270FF28C43D3E9002320
S2140136C0404649461DF03EFC32463B46804689460A
S2140136D01EF05CF80028EFD10FF26C43D3E900230B
S2140136E0404649461EF066F888B10FF25C47D7E9B6
S2140136F000674046494632463B461DF021FC3246AD
S2140137003B46804689461EF055F80028F1D10098C0
S2140137101DF064FDB0EE480AF0EE680ACDE904013A
S2140137201AF086FE53EC102BB0EE480AF0EE680A4B
S214013730CDE906231BF03CF80298B0EE408AF0EE85
S214013740608A1DF04BFDDDE9062306460F46DDE9DE
S21401375004011DF0A9FD02460B46304639461DF010
S214013760F1FB41EC100B1AF05DFF0E9003981DF073
S21401377035FD53EC182B06460F46DDE904011DF016
S21401378093FD0B460246394630461DF0DBFB41EC05
S214013790100B1AF047FF4BEC10AB0F901BF008F81C
S2140137A08DED060B4BEC10AB1AF042FE019B51EC73
S2140137B0100B8DED080B002B00F01D8110EE102A6A
S2140137C00B461DF071FD06460F46DDE90601024671
S2140137D00B461DF069FD02460B46304639461DF084
S2140137E0B1FB41EC100B1BF045F857EC106BD2A364
S2140137F0D3E9002310EE100A39461DF0E5FF002834
S21401380040F0FF819FEDCA7B49EC108B8DED0C7B60
S2140138101AF0CEFF8DED060B49EC108B1AF008FE60
S2140138209FEDC37B8DED080B8DED107BDDE9080167
S21401383002460B461DF038FD06460F46DDE9060139
S21401384002460B461DF030FD02460B463046394611
S2140138501DF078FB41EC100B1BF00CF857EC106BCD
S214013860B5A3D3E9002310EE100A39461DF0ACFFCC
S214013870002800F0D08132463B46DDE906011DF006
S2140138803DFEDDE90823CDE90601104603F10041BE
S21401389032463B461DF032FE9DED067B0F460B463B
S2140138A0019906468DED127B0246002900F06381E0
S2140138B051EC170B1DF0F0FF3946129030461DF003
S2140138C0EBFF069042464B46504659461DF07CFF9C
S2140138D042464B46002800F06D81504659461DF081
S2140138E02FFBCDE9080194F889770498FFB2682682
S2140138F006FB07464FF0000E86F808E1D4F8903A2A
S214013900C6F80C31059BC6F810E1C6F814E123F0A1
S2140139100041DDE908231DF0C7FC0022884B1DF09D
S21401392011FB1DF099FFC6F81801DDE910011DF025
S214013930B3FFC6F81C01DDE90C011DF0ADFF0A9AC4
S214013940C6F82C210B9AC6F830210E9ADDED127AB4
S214013950C6F834210F9AC6F83821029AC6ED497A7C
S214013960C6F84021DDED067A039AC6F844210137F0
S214013970009AC6F820010123C6E954ABC6E9568968
S21401398007F00F07C6ED4A7AC6F848219DF80420CD
S21401399086F8602186F8683184F8897794F88A3742
S2140139A00133DBB284F88A3794F88A37002B40F06B
S2140139B0F18094F8883784F88B3794F8563A4BB9E7
S2140139C094F86D0A30B994F88A37002B40F02E81AE
S2140139D084F8560A62B6284615B0BDEC028BBDE8DF
S2140139E0F08F0025284615B0BDEC028BBDE8F08FA0
S2140139F062B60025D2E5DDE9060102460B461DF05A
S214013A0053FC06460F46DDE9080102460B461DF04B
S214013A104BFC02460B46304639461DF093FA41EC04
S214013A20100B1AF027FF57EC106B43A3D3E90023C2
S214013A3010EE100A39461DF0C7FE00284FD19FED43
S214013A403C7B49EC108B8DED0C7B1AF0B1FE8DEDB5
S214013A50060B49EC108B1AF0EBFC9DED0C7B8DED03
S214013A60080B8DED107BDDE9080102460B461DF0C3
S214013A701BFC06460F46DDE9060102460B461DF015
S214013A8013FC02460B46304639461DF05BFA41EC04
S214013A90100B1AF0EFFE57EC106B27A3D3E90023A7
S214013AA010EE100A39461DF08FFE002850D1DFEDCA
S214013AB0257ACDED067ACDED127A42464B46504632
S214013AC059461DF063FE002800F08E8052465B4684
S214013AD0404649461DF034FACDE9080103E7DDE921
S214013AE0060101F100430246CDE906231946324696
S214013AF03B461DF003FD3B463246CDE91001DDE9AC
S214013B0008011DF0FBFC49EC108BCDE90C011AF005
S214013B104FFE8DED060B49EC108B1AF089FC019BCC
S214013B208DED080B002B7FF481AE9CE7AFF3008090
S214013B30000000000000000095D626E80B2E113E7E
S214013B400000E03F00000000182D4454FB211940FE
S214013B50DDE90623104603F1004132463B461DF0DF
S214013B60CDFC3246CDE912013B46DDE908011DF0E8
S214013B70C5FC02460B46DDE91201CDE906231DF020
S214013B808BFEDDE906231290194610461DF084FED1
S214013B90069092E72046FEF727F80EE794F8563A85
S214013BA0002B3FF446ADD4F8703A0A93D4F8743A31
S214013BB00B933EE5504659461DF0E8FD78B1524656
S214013BC05B46404649461DF0BBF902460B461AA124
S214013BD0D1E900011DF0B4F9CDE9080183E69FEDB6
S214013BE0167B8DED087B7EE642464B46504659468F
S214013BF01DF0EAFD0028F2D042464B465046594693
S214013C00E1E7DDE90801024601F10043CDE90823B9
S214013C10DDE906016BE7DFED0A7ACDED067ACDED3B
S214013C20127A4FE6002B7FF4DAACE3E42046FEF787
S214013C30F7FCCDE6AFF30080182D4454FB21194064
S214013C4000000000000000002DE9F04F2DED028B72
S214013C5090F8575A87B02DB9284607B0BDEC028BAD
S214013C60BDE8F08F036823B193F80041002C00F003
S214013C70E1804468002C00F0D58094F80061002EA5
S214013C8000F0D88023B1D3F864319E0500F1D280CC
S214013C90D4F864319F0500F1CD8072B690F88A376A
S214013CA00F2B00F3CE80D0F87CBAD0F8807A90F84B
S214013CB08A37002B00F0DD8090F889370F3303F048
S214013CC00F03682404FB0303D3F834B1D3F8387127
S214013CD003910446A1EB0B0092461DF07FFA804645
S214013CE08946AAEB0700CDE904891DF077FA42461A
S214013CF0CDE900014B46404649461DF0D5FA8046BF
S214013D008946DDE9000102460B461DF0CDFA024662
S214013D100B46404649461DF015F941EC100B41ECA7
S214013D20180B1AF0A7FD59EC108B5CA3D3E90023FE
S214013D3010EE100A49461DF047FD002840F0848029
S214013D409FED537B8DED007B8DED047BB0EE480A35
S214013D50F0EE680A1AF08EFD94F8898768265FFAF5
S214013D6088F806FB08464FF0010986F80891D4F852
S214013D70903AC6F80C31002351EC100B0022C6F81D
S214013D801031C6F81431444B1DF0DCF81DF064FD0B
S214013D90C6F81801DDE904011DF07EFD0346C6F8EC
S214013DA01C31DDE9000100931DF076FDC844009B3F
S214013DB0C6F8243108F00F08039BC6F82CB1C6F8E4
S214013DC03071C6F83431C6F838A1C6F84031C6F8A5
S214013DD044A186F86891C6F82001C6F8280184F83F
S214013DE0898794F88A374B44DBB284F88A3794F88B
S214013DF08A37002B39D194F8883784F88B3794F8B2
S214013E00563A43B994F86D0A28B994F88A37002BC4
S214013E1039D184F8560A62B6284607B0BDEC028B43
S214013E20BDE8F08F002B3FF438AFD3F864319B0523
S214013E307FF533AF0025284607B0BDEC028BBDE801
S214013E40F08F62B6002507E7DDE9040142464B46DE
S214013E501DF054FB4246CDE904014B46DDE9000165
S214013E601DF04CFBCDE9000170E72046FDF7BCFED6
S214013E70C5E790F8563A002B3FF42AAFD0F870BA4F
S214013E80D0F8747A24E72046FEF7CAFBC1E700BFE4
S214013E9000000000000000000000E03F95D626E884
S214013EA00B2E113E81B32DE9F84F57EC106B0C46E3
S214013EB0924605460022002310EE100A394659ECB8
S214013EC0118B1DF06DFCE0B90022002340464946E7
S214013ED01DF066FCA8B905F52A6205F52B63C5F841
S214013EE0984A05F69820C2E9006785F8A8AAC3E9AA
S214013EF0008900F019F9012185F8081B0846BDE87C
S214013F00F88F0020BDE8F88F0846704781B32DE989
S214013F10F84F57EC106B0C469246054600220023DC
S214013F2010EE100A394659EC118B1DF039FCE0B938
S214013F3000220023404649461DF032FCA8B905F68A
S214013F40D82205F6E823C5F8D04A05F52D60C2E962
S214013F50006785F8E0AAC3E9008900F0E5F80121C9
S214013F6085F8091B0846BDE8F88F0020BDE8F88FE4
S214013F700846704772B6C0F87C1AC0F8802A62B646
S214013F80704700BF90F8083B13B190F8093B03B99E
S214013F90704710B500F698210446032000F004F897
S214013FA0C4F8900A10BD00BF2DE9F0470C6882B036
S214013FB0002C45D0D1E902890D4682460022002315
S214013FC04046494657EC106B1DF0FEFBA8B395ED35
S214013FD0067B0022002351EC170B8DED007B1DF0B4
S214013FE0F3FB50B300220023304639461DF0CEFBCA
S214013FF030BBBAF1060F23D8DFE80AF0605D694FDF
S21401400026046900304639460022454B1DF076FAF3
S21401401006460F4620461DF0D1F832463B461DF0B7
S21401402043F9DDE900231DF03FF941EC100B1AF0CE
S21401403067FB51EC100B1DF00FFC02B0BDE8F087DA
S214014040002002B0BDE8F087304639462EA3D3E9FA
S21401405000231DF053FA06460F462B7C032B46D051
S214014060042B3AD0022B08D14046494626A3D3E971
S21401407000231DF043FA8046894642464B463046A9
S21401408039461DF03BFA064620460F461DF096F8C7
S21401409002460B4630463946C1E7304639461AA332
S2140140A0D3E900231DF02AFA00221D4B1DF026FA43
S2140140B006460F46D1E730463946F5E747EC106B22
S2140140C01AF01EFB51EC100B1DF0C6FBB5E7AAF16A
S2140140D0050ABAF1010FC0D89CE7404649460CA331
S2140140E0D3E900231DF00AFA80468946C5E7404613
S2140140F0494609A3D3E900231DF000FA8046894604
S214014100BBE700BFAFF30080666666666666394049
S214014110A60A462575029A3F52B81E85EB51044001
S21401412000004E40000000002DE9F84305680446F3
S214014130002D3FD0D0E902670022002330463946E1
S2140141401DF042FBB0B3D4E90689002200234046A5
S21401415049461DF039FB68B3237C032B44D0042B5E
S21401416038D0022B08D1304639462AA3D3E900239A
S2140141701DF0C4F906460F46002200233046394694
S2140141801DF022FBF0B128461DF018F842464B46BA
S2140141901DF08AF832463B461DF0B0F902460B4642
S2140141A000201B49C4E90A231DF0A8F9C4E90C0143
S2140141B0BDE8F883164B0022C4E90A23C4E90C23A0
S2140141C0BDE8F88328461CF0F9FF42464B461DF031
S2140141D06BF8E3E73046394609A3D3E900231DF01F
S2140141E08DF906460F46C7E73046394606A3D3E99A
S2140141F000231DF083F906460F46BDE7AFF30080A6
S214014200A60A462575029A3F52B81E85EB51044010
S2140142100000F03F6666666666663940F0B40022C6
S214014220002600270024002541F28831C0E91467E2
S214014230C0E91667C0E90445C0E906450260426068
S2140142408260C260026242628262C262026342634A
S214014250C26342648264026642668163A0F84010CB
S214014260F0BC70472DE9F04F89B0CD17149CC4639C
S214014270129CC460139C8463A946129CBDF85470BA
S214014280169D179E05978846CDE900894FEAE37B80
S214014290B3EB01086BEB090945648664A0F840702E
S2140142A02646E717D5171446B8F1000FCDE90245A3
S2140142B079F10004016083604260C0F2AB80B41AF9
S2140142C04FEAE27567EB0505002C75F1000EC0F2AA
S2140142D09D80444575EB090E77DA6D104FEA34047C
S2140142E004EB08050563002D78D0044628461646DB
S2140142F00F469A461CF062FF80468946AAEB0700E5
S2140143001CF06CFF42464B461DF0F8F8129B8246A5
S2140143108B46981BC4E914AB1CF060FF42464B4623
S2140143201DF0ECF802460B4643EC172B139884ED70
S214014330167BCDE906231CF041FF80460598894689
S2140143401CF03CFF02460B46404649461DF0D6F897
S2140143508046894602460B46504659461CF0A4FF45
S21401436000222F4B1CF0A0FF00222E4B1CF0EAFD72
S2140143701DF04AFA42464B46A062DDE906011CF0F2
S21401438093FF0022264B1CF08FFF0022254B1CF0CA
S214014390D9FD1DF039FA019BE062DA03039B27621F
S2140143A0DB0342EA574243EA56434FEAC73EF1036C
S2140143B001206261E36166622766C4F810E0666602
S2140143C0A161656309B0BDE8F08F5FEA69094FEA4C
S2140143D0380808EB04050563002D86D1129C456359
S2140143E0FA0342EA54424FEACB31C26141EA5341F1
S2140143F0129A4161DE03E4030362426203660661C8
S21401440042668461284609B0BDE8F08F644265EBD8
S21401441045055EE7D8F1000869EB49094FE700BF9B
S2140144200000E0400000E03F2DE9F04F0346006A3F
S2140144309C6889B0A042009400F086815C6B002CD9
S21401444000F0D880009CB4EB000A4FEAE47B6BEBEB
S214014450E07BD8680290BAF1000F7BF10000C0F251
S2140144600882586A029CB4EB00084FEAE47969EBCB
S214014470E079B8F1000F79F10000C0F27F81D045F4
S21401448079EB0B0080F2E8805FEA69094FEA3808A9
S214014490D0441C6B9F6B44451D4638468CBFA4EB2D
S2140144A008040024924689461CF088FEEE6BCDE98E
S2140144B00601CDE90401002E40F0D48067B1C3485F
S2140144C0A0FB073000091CF079FE0022C04B06460F
S2140144D00F461DF05BF908B1BD4F0026DDE9042348
S2140144E0304639461DF070F908B9DDE90467B5F8BC
S2140144F040001CF063FE02460B46304639461CF06F
S214014500FDFFD5E9142306460F461CF0CDFE00221A
S214014510B04B1CF0C9FE0022AF4B1CF013FD1DF082
S21401452073F9D5E916230446A862394630461CF0CD
S214014530BBFE0022A74B1CF0B7FE0022A64B1CF0C8
S21401454001FD1DF061F9D5E90423D5E906671219C5
S21401455043EBE473D10B361847EBE077C5E9042348
S214014560002C41EA43424FEAD633E862C5E90667C2
S21401457043EA4743009940F322818A42B4BF0021AF
S21401458001210028029840F314818342B4BF002021
S214014590012011B1002840F02181296E511AC9F875
S2140145A00010696E591ACAF800102A666B662A62EC
S2140145B06B62D9F80020DAF80030002AB8BF524200
S2140145C0002BB8BF5B42D117DF17934277EB01048C
S2140145D010461E4680F2D7807F104FEA36069319A2
S2140145E06A6B93428CBF0023D31A6B63012009B018
S2140145F0BDE8F08FDC685F6A0294009DA846B8EBC0
S21401460000044FEAE57969EBE075002C75F10000CE
S214014610C0F22B810298B0EB07084FEAE07969EB0C
S214014620E779B8F1000F79F10000A246AB46C0F277
S2140146301781A04579EB050080F2AA805FEA690739
S2140146404FEA38063019002800F0AA80D045586392
S21401465079EB0B00FFF618AF5FEA6B0B4FEA3A0AED
S214014660D04416E7686C1CF0A9FDCDE90001304680
S2140146701CF0A4FD02460B461CF064FC06462046D0
S2140146800F461CF09BFD02460B46304639461CF091
S2140146900BFEDDE9002306460F46104619461CF0C0
S2140146A003FE02460B46304639461CF04BFC41ECF5
S2140146B0100B1AF0DFF8A86C8DED000B1CF07EFDD8
S2140146C0CDE90201E86B1CF079FD02460B461CF0B1
S2140146D039FC064640460F461CF070FD02460B4666
S2140146E0304639461CF0E0FDDDE9022306460F465A
S2140146F0104619461CF0D8FD02460B463046394690
S2140147001CF020FC41EC100B1AF0B4F8DDE9002394
S214014710DDE9060157EC106B1DF056F8002800F095
S214014720908032463B46DDE900011DF04DF8002839
S21401473040F084809DED007B8DED047BAB6800939B
S214014740EB680293AF6BB9E6DC685F6A0294A74236
S21401475000F094805C6B002C3FF44FAF02984FF052
S214014760000AB0EB07084FEAE07969EBE7794FF00A
S214014770000BD04579EB0B00BFF681AED8F10008EF
S21401478069EB49097BE649104FEA3000034427E705
S2140147906D104FEA340404EB080000287FF456AF8E
S2140147A0086010609968DA6819625A6209B0BDE853
S2140147B0F08F50D1181AB0FA80F04009E9E645D1D9
S2140147C0511AB1FA81F14909DBE600BFCDCCCCCC58
S2140147D00000F03F0000E0400000E03F2B6E009A32
S2140147E0D31AC9F800306A6EEB689B1ACAF8003013
S2140147F0AA68EB682A660021D7172A626B666B6285
S214014800FC036963A962E962DF17D9F800E0F903DE
S21401481044EA524441EA5341D203DB036C612A6104
S214014820E961AB61BEF1000F7FF4E1AEDAF800009A
S214014830003018BF012009B0BDE8F08FCDE904674C
S2140148407CE79DED067B8DED007B6AE78A42CCBF57
S2140148500021012195E68342CCBF0020012098E685
S214014860D8F1000869EB4909E3E6644265EB4505C2
S214014870D0E6DAF1000A6BEB4B0BF2E500240C6094
S214014880204614605C639C62DC62B0E630B40023B0
S214014890002200240025C0E91423C0E916230023C2
S2140148A0C0E90445C0E90645036043608360C36010
S2140148B0036243628362C362036343638363C363C6
S2140148C0A0F84030436483640366436630BC704797
S2140148D0F0B4002200240025002600270121C0E9AB
S2140148E01A45C0E91C45C0E91E45C0E92045C0E996
S2140148F02245C0E92445C0E90E67C0E91067C0E952
S2140149000067C0E90267C0E9046780F82410026303
S2140149108264C264026542658265A0F85C20026614
S21401492042668261C26102628262C262F0BC704704
S2140149302DE9F04F85B01D1EBDF844409DF8389016
S214014940029440F3198193468A4697A3D3E900233C
S214014950044651EC100B57EC116B8DED000B1CF05F
S214014960A3FC1CF051FF90A3D3E9002380463946EF
S21401497030461CF099FC1CF047FFB8F1000F80F29E
S21401498001816FEA080323F4FF4323F07F0308F550
S21401499000489844002880F2FB80C34323F4FF4379
S2140149A023F07F0300F500401844B9F1000F40F0F2
S2140149B0D480804580F2D880A0EB080185FB0123D6
S2140149C04FEAD23E5EEA434E4FEAE57700F0C180F9
S2140149D0B1FBFEFC5246D3175A46DE03D317FF033C
S2140149E0DB0347EA554746EA5A4643EA5B43E0613A
S2140149F021624FEACA304FEACB31EA036761C4F855
S214014A00188084F82490C4F828E0C4F82CE0666086
S214014A10E3602060A1602261BCF1000F00F0A98074
S214014A20C4F850C00F9961651099A1659DED007B92
S214014A30BDF80810A4F85C10129921660022002324
S214014A401399616684ED1C7BC4E91A23C4E9222309
S214014A50C4E92423C4F83080404600F05BFC80465D
S214014A60206B00F043FC676921694246D31708FBB7
S214014A7007F601FB0366A8FB0189B144C31700FBD7
S214014A8007F74FEAD83201FB037742EA4942A0FB17
S214014A9001014FEAE933D4E900893944C60B46EAF5
S214014AA04146C9130296039112EB080643EB090728
S214014AB0D4E90201DDE9022312184B414FEAD63E42
S214014AC0D10B4EEA474E41EA4341C4F848E0C4E9F7
S214014AD00E67C4E910232846E1641CF07FFB9DEDB8
S214014AE0000B06460F4619F0A3FC53EC102B50465C
S214014AF0CDE902231CF072FBDDE9022380468946DC
S214014B00304639461CF0D0FB02460B464046494625
S214014B101CF018FA9DED000BC4E91E0119F048FEC1
S214014B2053EC102B5846CDE900231CF057FBDDE96A
S214014B30002380468946304639461CF0B5FB0246BE
S214014B400B46404649461CF0FDF9C4E920014FF0EA
S214014B50010E704605B0BDE8F08F804504DCA0EB81
S214014B600801C1F5004129E7A8EB0001C1F50041A4
S214014B7024E70123236555E74FF0000E704605B084
S214014B80BDE8F08FB8F5004FA8BFC8F30E0801E7DF
S214014B90B0F5004FA8BFC0F30E00B9F1000F3FF407
S214014BA008AFDAE7AFF3008083C8C96D305FB44061
S214014BB02DE9F04F90F824308FB00293002B00F0CF
S214014BC01D82C469036B9C42C0F21D82E41A036A0B
S214014BD0C4F500449C4200F31B82036904931D46FE
S214014BE0ED0B436907932E4646EA4345DB130193D3
S214014BF00095DDE9005655EA060340F01F83E717E6
S214014C00E50B45EA474501260027CDE90067002C5C
S214014C10C56240F3FF81836AD0F854B00992AB4273
S214014C208CBF5B1B0023824658460A9308911CF0F2
S214014C30C5FADAF858308046894606460F46002BF4
S214014C4040F0EF81BBF1000F0CD0A548A0FB0B3064
S214014C5000091CF0B3FA0022A24B804689461CF0DC
S214014C6095FD18B1DFF87C924FF0000832463B46BE
S214014C70404649461CF0A8FD08B9B046B946BAF800
S214014C805C001CF09BFA06460F46DDE900011CF0AD
S214014C90DDFA02460B46304639461CF005FB024655
S214014CA00B46404649461CF029FC064620460F4660
S214014CB01CF094FA84A3D3E900231CF0F5FA044609
S214014CC00D4602460B46304639461CF07DFD08B9B6
S214014CD034463D46029B13B105F100431D46DAE911
S214014CE01C23204629461CF02DF9804689460022C1
S214014CF00023CAE91C891CF049FDA0B174A7D7E9B5
S214014D000067002400254046494632463B461CF0D3
S214014D1019F922462B46804689461CF037FD0028A5
S214014D20F1D1CAE91C896AA3D3E900234046494662
S214014D301CF040FD90B166A5D5E9004540464946C0
S214014D4022462B461CF0FCF822462B468046894616
S214014D501CF030FD0028F1D1CAE91C895EA3D3E915
S214014D600023404649461CF09FFA1CF04DFDB0F169
S214014D70000B80F279826FEA0B0323F4FF4323F0E2
S214014D807F030BF5004B9B44049B079ACAF830B08F
S214014D90D80BDAE9003440EA42402546D1131C46D6
S214014DA0CDE90A451CF052FA49EC108B06460F462F
S214014DB019F03EFBE00B53EC102B40EA4540E9139B
S214014DC0CDE902231CF042FADDE9022304460D4632
S214014DD0304639461CF068FA02460B4620462946FC
S214014DE01CF0B0F849EC108BCDE9020119F0E0FC9B
S214014DF0DAF80800DAF80C1053EC102BC00B40EA76
S214014E004140C913CDE90C231CF020FADDE90C233F
S214014E1004460D46304639461CF046FA02460B4615
S214014E20204629461CF08EF8DAE91E23804689467C
S214014E30DDE902011CF084F8DAE9202306460F4674
S214014E40404649461CF07CF89DED027B04460D4623
S214014E508AED1E7BCAE92089DAE9222330463946E3
S214014E601CF070F8DAE92423804689462046294654
S214014E701CF068F80022002304460D4640464946C9
S214014E801CF098FC0022184B002800F0CF81404609
S214014E9049461CF057F81CF0B7FC074600220023D1
S214014EA0204629461CF086FC00220F4B002800F005
S214014EB0B581204629461CF045F81CF0A5FC06469F
S214014EC014E000BFAFF30080182D4454FB21293FA6
S214014ED0182D4454FB21194083C8C96D305FB44076
S214014EE0CDCCCCCC0000F03F0000E03F38461CF0B3
S214014EF075F902460B46404649461CF021F8CAE9B8
S214014F00220130461CF06AF902460B462046294625
S214014F101CF016F8CAE92401584600F0FBF9079B75
S214014F200499DAF814B0C51700FB03F301FB053347
S214014F30A0FB01011944DDE90A344FEAD03848EAFA
S214014F40414813EB08034FEAE13944EB0904DAF868
S214014F501010DAF8300002919846A146DAE90245C7
S214014F6000F0C4F90299C31700FB0BFB01FB03BB5E
S214014F70A0FB01015944C20B42EA4142CB13A418DB
S214014F809AF82410DAF81C005D41CAE90E89CAE9CC
S214014F901045DAF83030002900F039819842AABF6E
S214014FA0C31A1B1AC3F50043DAF82020934200F314
S214014FB0B380DDE900894A46DD1703FB02F208FBF0
S214014FC00522A3FB08451544E20B42EA4542022BA3
S214014FD0CAF82C2040F3A380089B1F60099B1E6023
S214014FE0DAF84820DAF84C3017441E44CAF84870FC
S214014FF0CAF84C6001200FB0BDE8F08FC369046B9E
S214015000A3427FF7E3AD1C1B036A9C427FF7E5AD25
S2140150100023C362002318460B6013600FB0BDE87F
S214015020F08FDAF8600004931CF0C8F8049BCDE911
S214015030020118461CF0C2F802460B461BF082FF1E
S21401504006460A980F461CF0B9F802460B4630464B
S21401505039461CF029F9DDE9022306460F461046BB
S21401506019461CF021F902460B46304639461BF01C
S21401507069FF41EC100B19F0FDFBDAF864008DEDC9
S214015080020B1CF09BF8CDE90401DAF858001CF07D
S21401509095F802460B461BF055FF064628460F4676
S2140150A01CF08CF802460B46304639461CF0FCF8DC
S2140150B0DDE9042306460F46104619461CF0F4F8AF
S2140150C002460B46304639461BF03CFF41EC100BBE
S2140150D019F0D0FBDDE902234046494657EC106B38
S2140150E01CF072FB002800F0B780DDE90289324629
S2140150F03B46404649461CF067FB002800F0AF805F
S2140151009AF824300293DAF810300493DAF814305F
S214015110DAF854B0079395E50023CAF82C3000F06E
S214015120F9F88046DAF81C0000F0E0F8DAF81460C6
S214015130DAF81010DAF84870424608FB06F44FEA2F
S214015140E079D31700FB06F601FB034401FB096671
S214015150A8FB0123DAE9008923444FEAD23B4BEA54
S214015160434B1BEB0804A0FB01014FEAE33C4CEB6D
S21401517009053144DAE90289E60B46EA45464FEA73
S214015180D03B089B09984BEA414BF71B1F601BEB72
S21401519008024FEAE13C4CEB0903DAF84C10D70B56
S2140151A047EA4347791A0160DAF81C00CAF84860F2
S2140151B0CAE90E45CAE91023CAF84C70CAF830008D
S2140151C01CF00CF82CA3D3E900231CF06DF8CAE9F7
S2140151D01C0130461CF002F8CAE91E0138461BF0D5
S2140151E0FDFF0023089CCAF82C3024680022002307
S2140151F0CAE92001CAE92223CAE9242394BB0998F3
S2140152000068003018BF01200FB0BDE8F08F98424B
S214015210D6BF1B1AC31AC3F50043C5E62046294666
S2140152201BF08EFE1CF0F0FA06465FE64046494645
S2140152301BF086FE1CF0E8FA07462FE63346A84622
S214015240E71704FB03F308FB0733A4FB08671F44B7
S214015250F50B45EA4745DAE4CDE9028945E74646D6
S2140152604F464DE70120C6E6BBF5004FA8BFCBF37E
S2140152700E0B89E5AFF30080182D4454FB21293F1E
S214015280836C0B60C36C1360704700BF30B40022A0
S214015290002300240025C0E91A23C0E91C23C0E925
S2140152A01E23C0E92023C0E92223C0E924230023CA
S2140152B00122C0E90045C0E90245C0E90445C0E94C
S2140152C00E45C0E9104580F824208361C36103625E
S2140152D08362C36203638364C36403654365836552
S2140152E0A0F85C300366436630BC7047C0F34911D2
S2140152F04B1C074AC3F3090300F01F0052F8233082
S21401530052F821209B1A00FB03F002EB6010704755
S21401531034AB030000F50050C0F349114B1C074A9B
S214015320C3F3090300F01F0052F8233052F821207E
S2140153309B1A00FB03F002EB6010704734AB0300CE
S214015340A14B42F20262F0B49A611A699207FCD547
S2140153509E4A9F4B5363536813F08003FBD1D2F8E8
S21401536088009A4963F38610C2F88800D1F888301D
S2140153705B06FBD4D1F88830944A052060F303031A
S214015380C1F88830D1F8883043F04003C1F888303E
S214015390536813F0140FFBD18B4B77221020422158
S2140153A09A64D8641A4683F844101369DF01FCD462
S2140153B0864A4FF484731362536813F00403FBD1D7
S2140153C08448824901244471D2F8840063F386102C
S2140153D0C2F88400D1F884305E06FBD4D1F884305C
S2140153E07A4A052060F30303C1F88430D1F884308B
S2140153F043F04003C1F88430536813F01403FBD123
S214015400714872495F26102502244663856380F839
S2140154103040D2F8800063F38610C2F88000D1F8DD
S2140154208030C3F38013002BF9D1674C6A48674A72
S2140154302377086353685D06FCD4664B674951625F
S2140154405869674E674D684C604940F48050586112
S214015450986940F480409861586940F480605861CA
S214015460986940F080009861986940F400709861EE
S214015470D86940F02000D861186940F4804018616E
S214015480D86940F00400D861186A40F0010018623B
S214015490186A40F008001862186A40F480701862B2
S2140154A0D86940F04000D861586940F4804058619E
S2140154B0186A40F02000186201274FF47003B760A5
S2140154C0C5F8883094634B6813F48073FBD1474A60
S2140154D0CA63D1F890003D4A63F38610C1F8900084
S2140154E0D2F890305C06FBD4D2F8903037490620CB
S2140154F060F30303C2F89030D2F8903043F04003D3
S214015500C2F890304B6813F01803FBD1D1F8A40011
S2140155102E4A63F38610C1F8A400D2F8A4305806C8
S214015520FBD4D2F8A4302949062060F30303C2F85D
S214015530A430D2F8A43043F04003C2F8A4304B683C
S21401554013F01803FBD1D1F8F800204A63F3861054
S214015550C1F8F800D2F8F8305906FBD4D2F8F83082
S2140155601A49062060F30303C2F8F830D2F8F8307F
S21401557043F04003C2F8F8304B6813F01803FBD130
S214015580D1F81C01114A63F38610C1F81C01D2F848
S2140155901C315B06FBD4D2F81C310C49062060F3A3
S2140155A00303C2F81C31D2F81C3143F04003C2F8A1
S2140155B01C314B6813F0180FFBD1044A5368002BBB
S2140155C0FCD1F0BC704700BF00100040001C00403A
S2140155D0010319000008004007010200010B320018
S2140155E00060004100ED00E008013A0008010C00EF
S2140155F070B40E4A00F1080452F8243003F00F0389
S214015600012B01D070BC704752F82460084DB5FBE1
S214015610F1F189B261F31F4642F824608340516874
S214015620C1F38B011942FAD170BC7047001C0040CF
S21401563040787D0138B51149114B124A01600025A9
S214015640044642608360C56005614561058329465D
S214015650C8221C301EF06AFB84F8E45084F8E5503A
S21401566084F8E650A4F8E850C4F8EC5084F8F050FA
S21401567084F8F150A4F8F250204638BD34BB03003C
S21401568054BB030044BB030030B4124AD2F8FC30CA
S2140156906FF38613C2F8FC30D2F8FC30C3F38013E4
S2140156A0002BF9D1D2F8FC000B490C4C0C4D63F3DE
S2140156B00300C2F8FC00D2F8FC3043F04003C2F805
S2140156C0FC305368CB6943F08003CB61256030BC66
S2140156D0704700BF001C004000080040001C00424C
S2140156E000000307F8B590F8E530002B38D0294ABA
S2140156F060235371136913F04003FBD1D569028B04
S21401570090F8E61080F8F010AA1A12B20446A0F833
S214015710F2202DB229BB258304F10C03BFF35B8F66
S21401572053E8006F164443E800610029F8D1BFF33F
S2140157305B8F94F8E430184D04EB83070133F96965
S21401574085FB0325DA17701AC2EB25126421322570
S21401575001FB00F105FB12336161FE6184F8E43060
S214015760F8BDC668BFF35B8FB0F9E820B0F9180042
S214015770A16884F8E6303244121A0848C4F8EC20CE
S21401578091F9031000680122F4F794FAB4F9F220B3
S214015790C1E700BF001C00421F85EB51741B0020AF
S2140157A0F0B50D78C5F34114012C83B052D1304EBB
S2140157B08C883378A34202D07378A3424AD12B0651
S2140157C0174606460C4638D4CD8800F07FFC637831
S2140157D0202B01460FD0222B28D100231A4619462A
S2140157E0184600F007FC234B1B681BB360889847DC
S2140157F0002003B0F0BD072D36D17FB31E4B0068E5
S21401580000901B688A8889798DF806106C46ADF879
S214015810042013B16846984760B194E80300174B1B
S2140158200A0C186099809A71002001E06FF00C0054
S21401583003B0F0BD002003B0F0BD012AFAD04B78CA
S214015840212BF3D1CA88072A0ED100230B4900F079
S214015850D1FBEDE76FF0090003B0F0BD3B462A46E9
S214015860304600F0C7FBE3E74FF0FF30E0E700BF4C
S214015870E02D0020E82D0020EC2D0020F02D00204A
S21401588001292DE9F843164608D014D302290CBF86
S2140158906FF01A006FF00C00BDE8F8838468002AE8
S2140158A047D013685B7903F0F703022B41D06FF002
S2140158B00900BDE8F88313688768002BF7D007F165
S2140158C0FF3807F101095A79997802F0F702022A9E
S2140158D0EDD118F8012F914261D0FF2A5BD188F8EB
S2140158E0001018467168052200F000FC044680B9D5
S2140158F041E02B064CBF88F802503D71284600F067
S214015900AFFE346020787168204400F009FC04463C
S21401591088B363792279A578E17802EB032292B203
S214015920284600F04BFE0028E3D06FF01300BDE8D8
S214015930F8832378FF2B07D0A078FF25A84225708F
S21401594002D000F071FEA5706378FF2B07D0E078D7
S214015950FF25A842657002D000F066FEE57020794A
S214015960FF2803D000F060FEFF2323710F4B0020B9
S2140159705871BDE8F88333687168187804221844B2
S21401598000F0B4FBC14503460DD1084B01225A7104
S2140159900020BDE8F8836FF01B00BDE8F8836FF0C8
S2140159A01100BDE8F883002B8DD180E7E02D0020A3
S2140159B008B500F091FB01280DD8084B084A0949A3
S2140159C0596018469A6000F061FB0749012000F013
S2140159D01FFB002008BD6FF0100008BDD42D00206D
S2140159E0E02D00208158010000010020084B10B472
S2140159F05C793CB10A465DF8044B014618790023F0
S214015A0000F0F8BA6FF010005DF8044B704700BF65
S214015A10E02D0020084B10B45C793CB10A465DF8D5
S214015A20044B0146D878012300F0E4BA6FF0100069
S214015A305DF8044B704700BFE02D002010B5044C04
S214015A40E07800F0CBFE2079BDE8104000F0C6BE3D
S214015A50E02D002008B503281BD8DFE800F0120A65
S214015A6006020D4B1960002008BD0C4B1960002082
S214015A7008BD0B4B0A46D878022100F005FF00202E
S214015A8008BD074B0A461879022100F0FDFE0020EA
S214015A9008BD6FF00C0008BDE82D0020EC2D00209D
S214015AA0E02D0020014B5879704700BFE02D002003
S214015AB000487047F02D0020054B10B55C682CB1EE
S214015AC0636803B198472468002CF9D110BD00BF64
S214015AD0F82D002038B5154689B101290DD1234B83
S214015AE09C6854B1636801222946002013B1984787
S214015AF00A3002D12468002CF4D1002038BD137876
S214015B00002BFAD15378052B14D0092BF5D15288E6
S214015B10164BDA763ABB03252A46DC689A76002CC1
S214015B20EBD063682946012003B198472468002C0E
S214015B30F7D1E2E75088C0B200F0F0FC6B887BB981
S214015B4002252A46094BDC689A76002CD5D0636874
S214015B502946012003B198472468002CF7D1CCE7E9
S214015B6003252A46EEE704252A46D6E7F82D002027
S214015B702DE9F041B64FBC6886B006460D465CB1CD
S214015B8063680022294630461BB1984770B10A3037
S214015B9008D12468002CF3D12B7813F0E00225D02D
S214015BA0802A07D0002006B0BDE8F081012006B0AB
S214015BB0BDE8F0816A780A2AF4D801A151F822F0EA
S214015BC0DF5C0100A55B0100A55B0100A55B010090
S214015BD0A55B0100A55B0100935C0100A55B0100CC
S214015BE0715C0100A55B0100295C01006A78013A3D
S214015BF00A2AD7D801A151F822F000BFF75D0100AB
S214015C00A55B0100C75D0100A55B0100A95D010060
S214015C10A55B0100A55B0100A55B0100835D01009A
S214015C20A55B0100275D01007B7FAA88134113F065
S214015C30010300F08E813C691CB9B3E72468002C8F
S214015C40B0D063682A460221204698470028F5DB33
S214015C507B6918707B6903930124002303A80494CD
S214015C608DF814308DF8153000F024FD20469AE7A3
S214015C707B69FA7E1A707B6903930124002303A8CB
S214015C808DF8146004948DF8153000F013FD20464D
S214015C9089E76B881A0A022A00F00A81032A00F0B3
S214015CA0F080012A7FF47EAF3B68EC8893E803001E
S214015CB0122C28BF122400F019FA034600283FF4DC
S214015CC071AF002203A8039304948DF814608DF835
S214015CD0152000F0EFFCB0FA80F0400963E703F00E
S214015CE01F01012940F2918002297FF45BAFA88849
S214015CF0C0B200F091FD031EFFF654AF03F001039E
S214015D0001937B69BDF804201A807B690393022204
S214015D10002303A88DF8146004928DF8153000F066
S214015D20C9FC01203FE73B68FA7E6C88AD8893E8A2
S214015D30030000F00FFA00283FF434AF0190C17859
S214015D40837803EB012310FA83F3194604220293A6
S214015D5000F0CCF900283FF425AF8378AB424FF032
S214015D60040203D1C378A34200F0C980019B0299C3
S214015D70187803441846019300F0B8F90028ECD1CE
S214015D8010E76A88D2B2002A42D13C693CB1636806
S214015D9020460022012198472468002CF7D103AD44
S214015DA028460023012202E00023012203A88DF8E1
S214015DB01460039304938DF8152000F07BFCB0FA71
S214015DC080F04009EFE6022B7FF4ECAEEF88002F5F
S214015DD07FF4E8AEA8880121C0B200F01DFD0124C1
S214015DE003A8039704978DF814608DF8154000F00A
S214015DF061FC2046D7E6022B7FF4D4AEEF88002F55
S214015E007FF4D0AEA8883946E6E70023019378E709
S214015E103B6893E8030000F09DF900283FF4C2AE0A
S214015E20C178827802EB012210FA82F31946042225
S214015E30049300F05BF903900028B0D0FF2403AD73
S214015E4090F80280A04510D03C692CB992E000BFC2
S214015E50F82D0020246834B163682A4600212046C4
S214015E6098470028F6D103984446037804990344DA
S214015E7018460422039300F039F903900028DFD175
S214015E808EE73A68EC883D7F92E80300DAB200F0CC
S214015E908DF9034600283FF485AE01788C427FF6E3
S214015EA010AF013D25420CBF012200220C4609E736
S214015EB03A68EC883D7F013392E80300DAB200F0DD
S214015EC049F9024600283FF46DAEC178837803EBAA
S214015ED001239BB29C424BD9013D25420CBF0121B7
S214015EE000211C4603A8039204948DF814608DF8D3
S214015EF0151000F0DFFBB0FA80F0400953E63E696A
S214015F00019026B94EE63668002E3FF44BAE736814
S214015F1001AA0121304698470028F4D1014601AA7A
S214015F2073683046984700287FF43CAE2CB17B7FDF
S214015F30012202FA05F52B437B77002303A803937E
S214015F4004938DF814308DF8153000F0B3FB012062
S214015F5029E67A6913707A690392012403A88DF8F9
S214015F6014308DF81530049400F0A4FB20461AE690
S214015F700021B7E7444678E770B538B3012824D145
S214015F80194D2C693CB163682046002201219847CF
S214015F902468002CF7D1002420460226EC766C7784
S214015FA0AE7600F041FB287F00F0BAFA2146204683
S214015FB00E4A00F069FC204631460D4A00F064FCAA
S214015FC02046BDE8704000F04BBB70BD064BDC6858
S214015FD00D4644B163682946002003B198472468FA
S214015FE0002CF7D170BD70BDF82D0020715B01004B
S214015FF0D55A010000B585B08DF80C0001A80191B5
S21401600002928DF80D3000F055FB05B05DF804FBEB
S214016010012809D005D3022802D1054800F066BC44
S2140160207047044800F062BC034800F05FBC00BF44
S214016030042E0020FC2D0020002E002038B5054639
S214016040003018BF012040F255320C4900F04AFCDE
S21401605000F0DCF900280FDB094C20220021204645
S2140160601DF064FE07496561002000F051FA012029
S214016070054900F04DFA002038BD00BF64BB03009F
S214016080F82D0020B95A0100795F01000146014848
S21401609000F02CBC082E002010B50A4B9C7E54B98B
S2140160A060B102681860D2791A7701229A7600F0F8
S2140160B031FA204610BD6FF0030010BD6FF00800E6
S2140160C010BD00BFF82D002000F026BA014B58691C
S2140160D0704700BFF82D0020034B987E10F0100F7C
S2140160E018BF1020704700BFF82D0020884214D238
S2140160F00378012B11D910B44478944206D109E0F3
S2140161000378012B05D94478944203D01844814280
S214016110F6D800205DF8044B70470020704700BF9A
S214016120884213D20378012B10D94278042A0DD065
S214016130052A08D10CE00378012B07D94278042AF6
S21401614004D0052A03D018448142F4D800207047B1
S214016150704700BF884226D20378012B23D910B49A
S2140161604478022C06D112E00378012B05D9447835
S214016170022C0CD018448142F6D800205DF8044B5E
S21401618070470378012BF8D94378022BF5D1437970
S2140161909342F3D0C478837803EB042310FA83F098
S2140161A08142EED8E9E70020704700BF884216D248
S2140161B030B4002505E04478032C08D01844814209
S2140161C002D90378012BF6D8002030BC70479542DF
S2140161D0FBD01844814205F10105F2D8F4E700200E
S2140161E0704700BF00207047F0B50F4F00F00F0E4C
S2140161F03A4600235478A0421E4603F1010308D014
S214016200157820320DB9744503D00D2BF2D14FF01D
S214016210FF3607EB4616B378032B01D00020F0BDFE
S214016220B369BDE8F0401847182E00202DE9F04369
S214016230DFF830910746884687B000F00F0100234B
S21401624048464478A7421E4603F1010308D0057864
S21401625020300DB98C4203D00D2BF2D14FF0FF3612
S2140162607601B8F1000F10D109EB060419F80630D3
S21401627084F803802BB301234146A3704E4438466D
S214016280F369984707B0BDE8F083B8F1010F0BD06A
S214016290B8F1020F09EB060325D0B8F1030F1DD0A4
S2140162A006219970D970E9E709EB060419F806107A
S2140162B04FF0020884F80380E9B105234146A37034
S2140162C0DCE7A3780C36032B09EB06021FD0E36943
S2140162D06078414698470223A370D3E70020052142
S2140162E09870D970CAE719F806000421D97058B118
S2140162F001209870C2E7384684F80280019206F0C1
S2140163001BF9E178019AB9E783F80280BAE7E369F5
S214016310607894F90C500121984760B160780522A5
S2140163200223002DA270E370A8BF40F08000012177
S21401633006F002F9A6E70423A3706378CDF80C8073
S214016340002DACBF43F0800303F00F03012203A826
S214016350CDF810808DF814308DF8152006F0A8F9C8
S21401636090E700BF182E00202DE9F041264F044685
S21401637000F00F063A46002351788C421D4603F181
S214016380010332D01078203208B9B1422DD00D2B3E
S214016390F2D16FF013064FF0FF353E4431462046EA
S2140163A006F05CF9C0B208280AD00121204606F0A2
S2140163B0C3F844F080000121BDE8F04106F0BCB806
S2140163C007EB45150021204644F0800806F0B4F896
S2140163D001270021404606F0AFF83146AF706B69E1
S2140163E02046984720B1BDE8F0816E010C36D4E70F
S2140163F0052339462046AB7006F09EF839464046DE
S214016400BDE8F04106F098B8182E002010B505F04A
S2140164108FFD002870DB394C4FF4D07200212046E6
S2140164201DF084FC364B37496361FF22627084F8A5
S214016430212084F8412084F8612084F8812084F8A2
S214016440A12084F8C12084F8E1200020A361E36143
S2140164506363A363E3636365A365E3656367A36738
S214016460E367C4F89430C4F89830C4F89C30C4F894
S214016470B430C4F8B830C4F8BC30C4F8D430C4F86A
S214016480D830C4F8DC30C4F8F430C4F8F830C4F8B6
S214016490FC3084F8012184F8212184F8412184F814
S2140164A0612184F88121C4F81431C4F81831C4F884
S2140164B01C31C4F83431C4F83831C4F83C31C4F85E
S2140164C05431C4F85831C4F85C31C4F87431C4F896
S2140164D07831C4F87C31C4F89431C4F89831C4F8E2
S2140164E09C3106F01DFA0849012006F019FA02202F
S2140164F0064906F015FA002010BD00BF182E002030
S214016500E561010069630100E96101002D62010096
S21401651006F0F4B905F0ACBD05F0DABD05F0E2BD54
S21401652070B5254E7378002B43D096F82130002B9A
S2140165303FD096F84130002B3BD096F86130C3B37C
S21401654096F88130ABB396F8A13093B396F8C13084
S2140165507BB396F8E13063B396F801314BB396F806
S214016560213133B396F841311BB396F8613103B349
S21401657096F88131EBB1334600245978FF290AD0C9
S2140165801D7820330DB90F2905D001340D2CF4D117
S2140165906FF0140070BD00210246084605F0A8FD04
S2140165A0002805DB6401331900205870305570BD92
S2140165B070BD6FF0130070BD182E0020F8B5194C91
S2140165C000F00F0C04F5D07E274623465D78A842DE
S2140165D024D01E7820330EB965451FD09E45F5D1CF
S2140165E000256378FF2B0AD0267820340EB90F2BAE
S2140165F005D001350D2DF4D16FF01400F8BD0E460F
S214016600044605F075FD002807DB6D017B1906F0D1
S21401661003067E555C700020F8BDF8BD6FF01300D0
S214016620F8BD00BF182E002070B50C4E00F00F0507
S214016630334600245A78904208D01978203309B995
S214016640AA4203D001340D2CF4D170BD06EB4414DC
S21401665005F0C0FDFF23637070BD00BF182E00203B
S21401666070B5134D00F00F062B460022597888426C
S2140166700AD01C7820330CB9B14215D001320D2A4C
S214016680F4D16FF0110070BD5201AB5C002B14BF4A
S214016690012302231544AB7005F02EFE002800DB13
S2140166A070BD0023AB7070BD52010223F2E700BF3C
S2140166B0182E00202DE9F04FDFF81C81057A87B0EF
S2140166C0434605F00F07002259788D420CD01C78FE
S2140166D020330CB9B94207D001320D2AF4D16FF03C
S2140166E0110007B0BDE8F08F5401064608EB040B15
S2140166F002A896F809A0D6F8049006F02FF99BF8A0
S21401670002308DF807309DF80770FFB2012F11D0C7
S21401671002A806F02BF99DF80730DBB2052B40D016
S214016720062B22D0002B0CBF6FF01200012007B001
S214016730BDE8F08F032302A88BF8023006F016F9A5
S21401674018F80420B2B99BF813109BF8123003EB2B
S21401675001239BB24BBB04228BF8022004933268C0
S214016760337A039243F0800311E06FF00F0007B015
S214016770BDE8F08F1AF100073368039318BF0127AD
S2140167802A06CDF81090337AECD403F00F0303A851
S2140167908DF814308DF8157005F08AFF07B0BDE846
S2140167A0F08F022007B0BDE8F08F9BF90C109945D9
S2140167B04F4628BF1F46002905DB3368049703931D
S2140167C01746337AE1E7BB4232680497039294BFD7
S2140167D000270127337AC5E7182E002070B50D4E25
S2140167E000F00F05334600245A78904208D01978F5
S2140167F0203309B9AA4203D001340D2CF4D170BD5F
S21401680006EB441406F022F801220423A270E3707A
S21401681070BD00BF182E002070B50C4631B101299D
S21401682018BF0221BDE8704005F086BE154E05462C
S214016830334600F00F005A7895420AD01978203373
S21401684009B9824205D001340D2CF4D16FF0110044
S21401685070BD0221284605F06FFE00B970BD00210B
S214016860284605F069FE0028F8DB06EB44140321F0
S2140168700123A3702846E170E369002298470020AF
S21401688070BD00BF182E0020F0B5DFF854E000F010
S2140168900F07734600245D78A84208D01E7820337F
S2140168A00EB9BD4203D001340D2CF4D1F0BD0B4B13
S2140168B0002A08BF1A46012903D00AD3022904D0A8
S2140168C0F0BD0EEB4414A261F0BD0EEB4414E26180
S2140168D0F0BD0EEB44146261F0BD00BFE56101003E
S2140168E0182E002000B900BE704700BF70B50468BE
S2140168F006460D4644B18C4215D0234601E09D4222
S21401690011D01B68002BFAD101204F220849FFF74E
S214016910E9FF33680BB908E01C462368002BFBD15E
S21401692025602B6070BD0020EFE735602B6070BDE1
S2140169307CBB0300F8B51F4D2C6814F0010402D08F
S2140169401D4B1868F8BD742010F060F91A4E0460EB
S21401695003460C214FF0FF30032701225C60586686
S2140169609C609866DC601C841C615C625C611C85B2
S2140169709C61DC62DC611C865C631C87DC63A3F8BB
S21401698040405C64A3F84840DC64A3F850405C6572
S214016990A3F85840DC6583F8604083F861401C67C3
S2140169A083F86E7083F86C1083F86D1018463360A8
S2140169B02A60F8BDB82F0020F02F0020F0B5BD4B9F
S2140169C005460FCB85B004AC04E90F000C210098F6
S2140169D085F86C10032385F86E3085F86D1045F246
S2140169E0C3032B842B852B862B87A5F84030A5F86F
S2140169F04830A5F85030A5F8583090F901300022FB
S214016A004FF0FF3485F8602085F861202A676C66B0
S214016A10AC66DB01817803F1824202F5004202EBAB
S214016A205102CF0792F830004FF0010454BF64F3CF
S214016A30030064F3071082F830009F4A13440B44A6
S214016A40012493F8401041F0010183F84010019BA6
S214016A50997893F90130DB011A4402EB5102CE0713
S214016A6092F8300054BF64F3030064F3071082F811
S214016A703000914A13440B44012493F8401041F02E
S214016A80010183F84010029B997893F90130DB01EC
S214016A901A4402EB5102CF0792F8300054BF64F358
S214016AA0030064F3071082F83000834A13440B4452
S214016AB0012493F8401041F0010183F84010039B34
S214016AC0997893F90130DB011A4402EB510203F184
S214016AD0824392F83000CE0703F500430B444CBFC7
S214016AE064F3071064F3030082F8300093F8401053
S214016AF0724A41F0010183F84010D2F824316FF355
S214016B008613C2F82431D2F824315F06FBD4D2F8BA
S214016B1024316A49042060F30303C2F82431D2F811
S214016B20243143F04003C2F824314B68DE06FCD41E
S214016B306349644A0B6A43F480730B62138843F01B
S214016B4001031380136B13F00103FBD195F86D104D
S214016B500A2900F0E7800C2900F0DF80082900F000
S214016B60D580584B1A88012161F30A221A809A8827
S214016B7092B242F4004242F004029A801C6B14F076
S214016B800404FBD1204601F079FC0646204601F0BC
S214016B907FFC3368012123F0020333600246316033
S214016BA03368012BFCD0484B33604849484F40F6C8
S214016BB0011300200824D0605760012054809160A2
S214016BC0138001F05BFC0368012223F002030360DB
S214016BD002600368012BFCD03E4B0360012001F0EC
S214016BE057FC0023C360374A3B4E3C49466041F29E
S214016BF001630824448081600380936B43F00103A2
S214016C009363136B5C07FCD4936B2E4943F00043EC
S214016C109363137A43F0830313720B6BD806FCD489
S214016C201F23284CCB72206B10F04000FBD1E37879
S214016C3043F00103E37001F021FC024601201368D2
S214016C4043F00203136001F019FC03681D4A43F088
S214016C5002030360A388C3F30E03A380238843F0D3
S214016C6002032380136B9907FCD4002001F006FC75
S214016C7003689A07F9D4012001F000FC03689B071A
S214016C80F9D4104A92F82F3013F00103FAD1144EBA
S214016C90144CEB6242F2FF5146F2F80201202980C1
S214016CA0EB6329826B646B80EB646B826B65AA80F5
S214016CB01AE000BF9CBB030000800041001C00409E
S214016CC0000800400020004300462000CC2F002092
S214016CD04020004300472000F02F002034200043CE
S214016CE00000FF250000F860EB65AA826E62EB806B
S214016CF06C63EB8285F860002B812B836B816B8341
S214016D00AB81AB83EB81EB8305B0F0BDD38843F059
S214016D101803D38085F86C1023E7D08863F3C4008A
S214016D20D080F7E7D388022060F3C403D380F1E76D
S214016D302DE9F84390F86030002B00F0AB80894BCA
S214016D40044693F82F0010F0010000F0A580236F91
S214016D5094F86E2001339342236702D3012384F80B
S214016D606130238C666A2188E56A208D83FB06677D
S214016D70F20B42EA474289B202EB014201FB03F100
S214016D80A2EB4102130C23826688626280FB0589AE
S214016D904FEAD833B2B243EA494302FB00F003EBB1
S214016DA00243A3EB4003218E626BE362180C608200
S214016DB0A088268FB4F8405081FB0223D20B80B204
S214016DC042EA434200FB01F102EB0042A2EB410022
S214016DD0E36B6063020CA282E188B4F8480086FB8C
S214016DE003894FEAD83389B243EA494301FB06F6E1
S214016DF003EB0143A3EB46010B0C666CE38223898C
S214016E00E16385FB0667F20B9BB242EA474203FB4E
S214016E1005F502EB0342A2EB4502130CE66C238355
S214016E206189626480FB0667F30B8AB243EA4743D3
S214016E3002FB00F003EB0243A3EB40031A0C628350
S214016E40E364A089B4F85030626DB4F85810E66D6A
S214016E5083FB02894FEAD83280B242EA494200FBFC
S214016E6003F302EB0042A2EB4302130CA38381FB64
S214016E700667E0896265F30B82B243EA474302FB89
S214016E8001F103EB0243A3EB41031A0CE365E28332
S214016E90BDE8F883BDE8F88301F0F0FA0368C3F3B0
S214016EA04003DEB2002E7FF452AF266784F86130CD
S214016EB00125DFF8BC802C4F0FE038F8163094F827
S214016EC06C209BB2C2F10F018B409BB2072D24F8B8
S214016ED016302E460CDC0135EDB2012DEDD14FF00A
S214016EE0FF31386804F088F80307E6D52E46F2E746
S214016EF094F86D309A4205D00A2B2CD00C2B24D056
S214016F00082B1AD0A26E194B6266D3F81031A3660D
S214016F10002001F0B3FA02460120136843F0020391
S214016F20136001F0ABFA03680E4A43F002030360F4
S214016F309388C3F30E03938013E70A49CA8842F085
S214016F401802CA8084F86C30DCE7064AD1886FF3F1
S214016F50C401D180F6E7034AD188022060F3C40158
S214016F60D180EFE700200043DC300020A02B00207A
S214016F70BC2F0020072933DC30B5012B83B0054632
S214016F8033D036D3022B2DD110460C1D1AF026F91C
S214016F900B4602461A4900201AF0B0FA1AF07CFC99
S214016FA09FED180A00EE900A17F0C0FCDFED166A96
S214016FB09FED167AF6EE007AE0EE267A0120F4EEE0
S214016FC0C77AF1EE10FA49BFFCEEE77A47F6FF738F
S214016FD0CDED017ABDF8043025F8343003B030BD6C
S214016FE000207047002003B030BD02EB820290B251
S214016FF0CBE70431012025F8312003B030BD00BFB6
S2140170000000F03F0AD7233C0000004700FEFF4681
S214017010F8B5FFF78FFC0F4A0F4B106004210522CD
S21401702006270726082509240A2019809A8048F28F
S2140170300B0100221F819E811D829C8218839983E9
S2140170405A80DA805A81DA815A82DA825A83DA835E
S214017050F8BD00BFCC2F0020D02F002090F83D00B7
S214017060704700BF80797047042070478079C31E3F
S214017070012B83BF0638B0FA80F040090120704723
S21401708030B583B09DF81C40069D0094044600F080
S214017090FBFC95F90130054A23662260AA78044B69
S2140170A062662046A36603B030BD00BFF4BB030092
S2140170B00000A40638B53A4AD2F828316FF3861391
S2140170C00446C2F82831D2F828315D06FBD4D2F83E
S2140170D028313349042060F30303C2F82831D2F87B
S2140170E0283143F04003C2F828314B68D806FCD457
S2140170F02C4A2D49D0692D4B072565F31340D061E5
S2140171000A6A42F400720A621A7842F001021A70A0
S2140171109A68D207FCD45A7842F001025A705A781B
S21401712042F006025A709A8942F002029A819A89BE
S214017130052161F30B229A819A89022161F3830268
S2140171409A811B8A9BB223BB194B1D684FF4EE71C3
S214017150284604F09DF94FF4EF71A4F8680028461C
S21401716004F096F9B4F8683080B2B3F5006FA4F86D
S2140171706A001A4603DB00231A46A4F86830104456
S214017180B0F5006F04DBC3F5D4630433A4F86A30AA
S21401719038BD064A936813F00403FBD11382D3E784
S2140171A0001C004000180040000800400024004376
S2140171B0E830002070B42E4AB0F86810138A9BB2EB
S2140171C0994203D093685D07FCD41182C3682949AC
S2140171D00469274A01EBC313234493F8404044F063
S2140171E0010483F84040036E446E01EBC31323444D
S2140171F093F8401041F0010183F8401093689C0712
S214017200FCD41378990707D41378194943F002037D
S21401721013708B689A07FCD4154AD3799B07FCD068
S2140172200279154B02F00F015A18002482F88D409E
S2140172308468B3F87460D3F8E800012203EB810593
S2140172408A4020433243C3F8E800A3F87420C5F807
S214017250A040F433BFF35B8F53E8002F42F4801253
S21401726043E800210029F7D1BFF35B8F70BC70475C
S2140172700024004300800041A02B00208379062BC8
S21401728005D8012202FA03F313F0540F00D1704718
S21401729000F030BCF8B583798B426ED08A1E0C465E
S2140172A00546042A0DD8DFE802F01103110C11007F
S2140172B0022100F0D7FA2846FFF77CFF0323AB71C3
S2140172C02346E01AB0FA80F04009F8BD2C4BBFF314
S2140172D05B8F53E8002F22F4801243E80021002937
S2140172E0F7D1BFF35B8F2A7933F8807CE868AE6804
S2140172F02449F43B02F00F024FF0010E0EFA02FE93
S21401730003EB820227EA0E07A3F874702F69C2F80E
S214017310A060D3F8E82001EBC010384422EA060644
S214017320C3F8E86090F84030174A6FF3000380F81E
S21401733040302B6E686E01EBC313034493F8401084
S2140173406FF3000183F84010936813F00203FBD13A
S2140173501178890707D510780B4963F3410010703F
S2140173608B689B07FCD42146284600F07BFAAB7954
S214017370E01AB0FA80F04009F8BD0120F8BD00BF60
S214017380942C002000800041002400438379062BC2
S21401739005D8012202FA03F313F0540F01D100209D
S2140173A0704700F0ADBC00BF8379023B042B3CD88C
S2140173B0DFE803F03903393B390021EAE171F0B522
S2140173C089B240F2FF74A14228BF21460779194DC0
S2140173D0194E1A4AC1EB012385FB03E507F00F0797
S2140173E01D443E44DB17C3EBA52386F88D30B0F869
S2140173F06A50B0F86830124801FB05F1A2FB015251
S214017400891A02EB510103EB912189B2038AA14249
S21401741028BF21469BB2994209D083685B07FCD4FA
S21401742001820120F0BD00F0C1B9002070470120A3
S214017430F0BD00BF01021080A02B00200104200037
S2140174400024004338B504460D46FFF733FE2046B8
S214017450294600F075FC2069C20721D5E168C901FB
S21401746001F1824202F5004202EB5002012192F83C
S214017470303061F3071382F83030616ECB0721D4C8
S214017480236EDB0103F1824303F5004303EB510353
S214017490012193F8302061F3030283F8302038BDD0
S2140174A0E268D20102F1824303F5004303EB500385
S2140174B0012193F8302061F3030283F83020616ED6
S2140174C0CB07DDD5226ED20102F1824202F50042DF
S2140174D002EB5102012192F8303061F3071382F872
S2140174E0303038BD807970470320704700207047E0
S2140174F000207047F8B583798B4272D001290C467B
S21401750005463CD0022935D1374E036BBFF35B8F5E
S21401751056E8002F1A4346E800210029F8D1BFF3A8
S2140175205B8FF43E96F8083143B1304B296B1A68ED
S214017530536E0B42FCD02846F2F710F82B79B6F8BA
S2140175407410AF68D6F8E82003F00F0301209840C6
S21401755021EA000106EB8303A6F87410022022EA52
S21401756007020021C3F8A070C6F8E8200346A871F8
S21401757085F84010E01AB0FA80F04009F8BD036BB8
S214017580194EBFF35B8FDB4356E8002F1A4046E8DF
S21401759000210029F8D1BFF35B8FF43E96F808313D
S2140175A0AC711BB195F84030002BFBD02B79B6F8A7
S2140175B07420AD68D6F8E810012003F00F0306EB3F
S2140175C0830700FA03F31A430346E01A2943B0FA85
S2140175D080F0C7F8A050C6F8E810A6F87420400955
S2140175E0F8BD0120F8BD00BF942C0020CC2F002050
S2140175F070B5044616461A469DF81050F1F77CFF02
S2140176000023054A266384F834502260A363E363AB
S21401761084F84030204670BD24BC03008279012ADC
S21401762004D0022A01D1F1F7B7BE7047174A016BA1
S21401763012680346506E084226D193F8401070B483
S21401764091B9996B93F834400888072C80B207DC0F
S214017650000402EBC4060834050C706222F81450CC
S214017660012283F8402000E0996B0A8818790849BE
S214017670C2F3C81300F00F02D8B20A440228D8BFDA
S214017680002382F88D3070BC704700BFCC2F0020DD
S214017690A02B0020294B70B504461D680E462846CF
S2140176A094F8341001230222FFF764FC94F8343076
S2140176B05B0003F110022B441544A3633146E563D6
S2140176C02046F1F703FE23681D4A5B68934230D1DA
S2140176D0A379012B2CD0236B1A4ABFF35B8FDB43B4
S2140176E052E8001F194042E800100028F8D1BFF305
S2140176F05B8FF43A92F808310121A1711BB194F81D
S2140177004030002BFBD02379B2F87460A468D2F81D
S214017710E80003F00F01012302EB81058B403343A0
S2140177202043C5F8A040A2F87430C2F8E80070BD46
S21401773070BD20460121BDE870401847CC2F0020BF
S214017740F5740100942C00208279012A05D0022AC2
S21401775001D1F1F7A7BD002070470B4B10B50446C9
S214017760186803F04FFC58B9084BE26B1B68108889
S21401777093F86C3080B2C3F10F03184100B210BD0C
S2140177804FF0FF3010BD00BFDC300020CC2F0020B2
S2140177908079704701207047807904281DBF06381C
S2140177A0B0FA80F040090120704700BF82790023BB
S2140177B0042A80F8593080F85B302AD0062A26D170
S2140177C08BB2B3F5807F90F83C3028BFFF2170B4B0
S2140177D0C9B2002B40D00D46026C90F84430D61842
S2140177E096F83040AC4208D0002B0CBF40248024D1
S2140177F013692342FCD186F830500279184B02F007
S2140178000F021344012083F88D1070BC7047184690
S21401781070470B1C90F8452018BF01239A4204D0EC
S2140178200C2280F8453080F8582021B1B0F85C1061
S214017830B1FA81F1490990F83C30826B8B42036BB7
S2140178404FEAC31303F1824303F500434FF00100EF
S21401785014BF9A615A617047CD43EDB2BCE700BFD1
S214017860A02B002083798B4200F0CB802DE9F041DC
S214017870042982B004460D4600F08780062908D008
S214017880022933D0E81AB0FA80F0400902B0BDE808
S214017890F0810368794A5B69A171934240F0B38035
S2140178A0016C90F8446090F83C300022881983F00F
S2140178B0010384F8592084F85B205B4290F830205D
S2140178C0DBB29A4208D0002E0CBF402680260A69F9
S2140178D03242FCD180F83030B4F90410684E01F021
S2140178E00F02B318002083F88D0093E0002390F870
S2140178F03C20A17180F8593080F85B30036B816BB6
S214017900DB01002A77D103F1824202F50042516180
S214017910B4F904105A4E676BB6F87480D4F808C0F0
S214017920D6F8E80003F1824301F00F024FF0010E92
S21401793003F500433B440EFA02F728EA0707A6F8C8
S214017940747006EB82026FEA0C073840C2F8A0C0DA
S214017950C6F8E80093F840206FF3000283F8402051
S21401796094F83D30002B00F08680D6F8F03045487C
S2140179700EFA01F100221F4084F83D200068C6F887
S214017980F07003F033FDA3797CE70C22036880F8DE
S21401799058200026A1715B6990F84510A0F85C603C
S2140179A0984722793649206B636BB1F8747002F000
S2140179B00F024FF0010E03EBC0130EFA02F027EA96
S2140179C00007D4F808E0D1F8E800A1F8747001EBDC
S2140179D0820203F1824303F5004320EA0E00C2F857
S2140179E0A0E0C1F8E80093F8402066F3000283F8AF
S2140179F04020A37946E703F1824202F500429161F5
S214017A0086E70120704700219847B4F904101C4E00
S214017A1001F00F02D6F8E830606B0193236BA7687C
S214017A20B6F8748000EBC3134FF0010C01980CFA02
S214017A3002FE03F1824306EB820203F500434EEA9F
S214017A40080E3843A6F874E0C2F8A070C6F8E8003D
S214017A5093F8402042EA0C0283F8402094F83D3027
S214017A60002B90D0D6F8F03006480CFA01F100222F
S214017A7023EA070780E7022304E700BFAD7701008A
S214017A80A02B0020DC30002070B51D4604469DF872
S214017A901060F1F731FD95F90130144A2363226035
S214017AA0AA78626301239340002284F83C60A363B2
S214017AB084F83D20EB7A84F844300C2384F858305F
S214017AC084F84520A264E2642265626584F8592040
S214017AD084F85A2084F85B20A4F85C20AA7A044B28
S214017AE053F822302364204670BD00BF54BC030007
S214017AF07CBC0300F8B50446F1F74EFCA379042BD1
S214017B002DD1B4F85C305BBB94F84530002B40F0C7
S214017B109D8094F83D300C2284F858209BB1754D19
S214017B20A768D5F8F030B4F904107348002201268E
S214017B3023EA070384F83D2006FA01F10068C5F838
S214017B40F03003F053FC94F8593043B1B4F8543094
S214017B5003B3B4F856209A421CDB934270D0F8BDAA
S214017B60013B9BB2A4F85C30002BECD194F8452085
S214017B7094F83C309A42236BA26B4FEAC31303F18D
S214017B80824303F5004314BF9A615A610C2384F8BB
S214017B905830D8E794F85A305BBB94F85B30002B2A
S214017BA04ED1564A206D1368E16C1B1A8B42D6D310
S214017BB0B4F85C3094F83C1012682265B3FA83F38B
S214017BC05B098B42236B4FEAC31303F1824303F530
S214017BD000434FF00C0284F858204FF00100A26BCE
S214017BE084F85A0014BF9A615A61012384F845301B
S214017BF0F8BD424A206D1368A16C1B1A8B42AED3A6
S214017C00126894F83C30226500210C2284F85A1040
S214017C1084F85820002B5BD1236BA26BDB0103F1A8
S214017C20824303F500435A61B4F8563094F85B205A
S214017C3001330021A4F8563084F84510002A8ED06E
S214017C40002384F8593084F85B30F8BD2046F1F7FC
S214017C5077FC00287FF45DAF94F85830002B3FF492
S214017C6072AF013BDBB284F85830002B7FF46BAF68
S214017C7094F83D60E6B91F4A1F49D2F8F000A368A0
S214017C800F68B4F904100125034384F83D5005FA42
S214017C9001F13846C2F8F0302A4603F0A7FBB4F9E2
S214017CA0042005FA02F238463146D2B203F0F2F960
S214017CB094F83C30ABB9236BA26BDB0103F1824332
S214017CC003F500435A614FF4FA73A4F85C303AE7BF
S214017CD0236BA26BDB0103F1824303F500439A6138
S214017CE0A2E7236BA26BDB0103F1824303F500439A
S214017CF09A61E8E7A02B0020DC300020B02D0020A0
S214017D008379042B14D0062B05D0022B01D000203A
S214017D107047F1F7C7BA036C73B190F8442090F836
S214017D203C10134493F8300029B9C0F1FF007047A6
S214017D3090F84500704770474FF0FF30704700BF1E
S214017D4038B5456B0022EB07044680F8452080F8DD
S214017D503D2080F8592080F85B201AD4026BD201AE
S214017D6002F1824303F5004303EB5503042093F825
S214017D70302060F3030283F830202046F1F7A6FA9C
S214017D80236BA26BDB0103F1824303F500439A6088
S214017D9038BD006BC00100F1824202F5004202EBE1
S214017DA05502042092F8303060F3071382F8303021
S214017DB0E3E700BF80797047052070478079043873
S214017DC004288CBF00200120704700BFF0B583B0A7
S214017DD09DF82C4000940446089D099EBDF9287024
S214017DE0FFF752FE00230F49A4F8603040F6CC425C
S214017DF0A4F862306366A366E36684F8703084F89C
S214017E00823084F883306567A667A4F880702160A5
S214017E10A4F85E202A7B044B53F82230E367204601
S214017E2003B0F0BDA4BC0300CCBC030010B50368CE
S214017E30124A1B6880F88210934282B0044615D11C
S214017E408079082805D8012303FA00F010F4D07FC2
S214017E5001D102B010BD236BA26BDB0103F182439B
S214017E6003F5004331B15A6102B010BD0191984744
S214017E700199E6E79A6102B010BD00BFB57D010029
S214017E808279072A014608D80123934013F0540F3C
S214017E9012D113F0A00002D1704700207047CB6FBB
S214017EA0586C1A6C1B6CA0EB5200C0EBC030B0FBD8
S214017EB0F3F040F34F007047FFF722BF10B5837908
S214017EC0C46F023B226C052B2AD8DFE803F0252974
S214017ED0250325130079134B00F00F0011F5004F11
S214017EE003441BBF81EAE170A0EBE170FF20C011E3
S214017EF083F88D00C2F34F020B4B01FB02F183FBAB
S214017F0001030B449B13C917581AC91A104411448C
S214017F1020676167012010BDBDE81040FFF746BC31
S214017F20002010BDA02B002003000180B0F96230B4
S214017F30B0F9601090F8702070B50B4402B390F859
S214017F407020042A1CD00446C3F30E002368A4F84C
S214017F5062005D690EF03EFEB4F85E10414B11FB07
S214017F6000F19D4241F3CF3177D1A379E06F023B17
S214017F70026C052B1ED8DFE803F06B1D6B4A6B5AAB
S214017F808279072A17D0C16F364C4B6A43F001033A
S214017F904B6203685B690025A342A0F8625032D1A8
S214017FA00B6C023A5B08042A04D8DFE802F02703C8
S214017FB0271B270070BD47F6FE729342C3DDC16FD3
S214017FC0284A4B6A43F001034B6203685B6900244D
S214017FD09342A0F8624016D10B6C5B089BB20B670C
S214017FE04B6770BD0079204A00F00F0002449BB237
S214017FF0002082F88D000B674B6770BD0021BDE83D
S2140180007040FFF7D3BB0021BDE8704018472479C4
S214018010154B04F00F0411F5004F23441BBF81EAF2
S214018020E174A4EBE174FF24E41183F88D40C2F3FC
S2140180304F020E4B01FB02F183FB01430B449B13E2
S214018040C9175C1AC91A144411440467416770BD04
S2140180502046BDE87040FFF7A9BB20462B46BDE889
S21401806070401847BD7E0100A02B00200300018050
S2140180708379023B052B04D8DFE803F004030403ED
S21401808004067047FFF736BD90F87030032BF0B446
S2140180902CD0042B03D0022B4CD0F0BC70473749B0
S2140180A0446E0B68C26E1B1B9342F6D9C46F032342
S2140180B080F87030A26A324B42F00102A262027965
S2140180C009688568B3F87460D3F8E840416602F041
S2140180D00F01012203EB81008A4032432C43C0F892
S2140180E0A050A3F87420C3F8E840D6E72349446EAD
S2140180F00B68826E1B1B9342CFD9214A037909680C
S2140181008668B2F87450D2F8E840416603F00F036F
S2140181100121994002EB830325EA0105042724EA9D
S214018120060480F87070A2F87450C3F8A060C2F814
S214018130E840B2E7114B416E1B68826E5B1A9342B0
S214018140ABD90F4A03798668D2F8E810B2F87440C2
S21401815003F00F0301259D4002EB830324EA050487
S21401816021EA0601002580F8705080F88350A2F8B5
S2140181707440C3F8A060C2F8E8108EE7B02D002066
S214018180A02B002070B50446FFF7DAFD0023E26F4E
S21401819084F88230136843F001031360936813F088
S2140181A00103FBD10121536391771579244B254EA9
S2140181B0254845F002051571D56B45F00505D563D3
S2140181C0556A0D4355621B68A6FB0353DB0B013B47
S2140181D01364136C5364136C9364636F93F90120F7
S2140181E09D7800EBC21201FA05F65661A46F94F968
S2140181F00130A478DB011844A1408161966002EB4E
S2140182005502816092F8301003F182430520ED0794
S21401821003F500434CBF60F3071160F3030103EB62
S214018220540382F8301093F830200521E0074CBF44
S21401823061F3071261F3030283F8302070BD00BFBB
S214018240FC0000203BC637BE0080004182798A428E
S2140182507AD00829F8B50D4667D8012202FA01F34B
S21401826013F0540F044671D113F4907F5FD0017957
S2140182705D4A01F00F0194F88230002B40F09E8099
S214018280236BA66BDB0103F1824000F5004086619B
S214018290606B03F1824303F50043034402EB81065E
S2140182A093F840006FF3000083F84000A368C6F817
S2140182B0A030052D00F08B80B2F87400D2F8E8608B
S2140182C0012707FA01F120EA0101A2F8741026EA53
S2140182D00303616FC2F8E83091F90130434A8978A7
S2140182E002EBC3130B44012193F84000084383F8C3
S2140182F04000A06F90F90130807802EBC31303446D
S21401830093F840200A4383F84020E26F1368C3F3D2
S21401831040038B4206D0136861F3410313609368F0
S2140183209B07FCD4A5710120F8BD0020F8BD1A06F4
S214018330FBD501792C4AB0F95E3001F00F015018D7
S214018340DB1180F88D3096E701207047264F0379C0
S214018350D0F808E0B7F874C0D7F8E86003F00F0368
S2140183609A4007EB83032CEA020226EA0E06A7F8D8
S2140183707420C3F8A0E0C7F8E860FFF773FA002896
S214018380D3D0616F194B91F90120897803EBC212A2
S2140183900A44002192F840006FF3000082F8400082
S2140183A0A26F92F90100927803EBC013134493F87D
S2140183B040206FF3000283F84020A6E7236BA66BEC
S2140183C0DB0103F1824000F50040466160E7B2F848
S2140183D07470D2F8E800012606FA01F13943A2F8D2
S2140183E07410034375E700BFA02B002000800041F6
S2140183F010B5074C2368DB0702D5064B186810BD7D
S21401840001200EF003FC034A01231060236010BD17
S214018410F42F0020C430002070B4134A13491369A6
S214018420012043F4007313610A46088013889BB247
S214018430012BFBD00E4B0F4D0F4C4FF0004040264A
S21401844040F60271C3F8800083F81F635563946396
S2140184501180517B41F0010151731860136923F0BB
S2140184603F03136170BC70470008004000A0004144
S21401847000E100E000300020603000200528DABF6F
S214018480024B03EB00100020704700BF40A00041E4
S2140184900528DABF024B03EB00100020704700BF2F
S2140184A00030002008B5FFF7A3FF014B186008BD98
S2140184B0C030002020B119B10022082302600372E7
S2140184C0704700BF30B103688B4214BF6FF00F00D6
S2140184D0002070476FF00F00704700BF2DE9F04F86
S2140184E083B00193002800F08B8016468346002A4D
S2140184F060D04BB9037A042B0AD00068118909F0C1
S214018500BDFB304608F00AFC019803B0BDE8F08FC9
S214018510B0F806A081881789BAEB010348BF03F5B6
S2140185201673C3F51673BB4266DB6FB336480AF1A2
S214018530010380FB0324DD17C5EBA4154FF4167861
S21401854008FB1535ADB28D4254D08146002403E0B8
S214018550BBF80430AB4223D02146304608F038FE43
S214018560691C89FB013E0134CB17C3EBAE13A4B2E1
S2140185700BEB0A0E08FB1313A742AA468EF8090056
S214018580ABF806509DB2E3DCDBF80000394609F093
S21401859075FB304608F0C2FB019803B0BDE8F08FCA
S2140185A02746DBF80000394609F068FB304608F03C
S2140185B0B5FBF1E70C46204611460AF00FF83146A6
S2140185C020460AF007F83246314620460AF00CF8F3
S2140185D03146204609F0F6FF3146204609F0F6FFFF
S2140185E0204609F06BF80823CBF8006001968BF85B
S2140185F0083089E70027C7E76FF00103019383E797
S2140186006FF00F0301937FE7B5814E1B014A41606E
S21401861002607047E8BC030070B50D4604460121B0
S2140186202846164609F0BAFE002C60D0002E5ED110
S2140186304FF4197101201AF05DFC064600285CD043
S2140186402368056004220272002B38D06268231D5D
S214018650B2B3A26804F1080392B3E26804F10C0312
S21401866072B3226904F1100352B3626904F1140370
S21401867032B3A26904F1180312B3E26904F11C03D0
S214018680F2B12846002109F0A9FF2846002109F089
S214018690A1FF00221146284609F0A6FF2846002120
S2140186A009F090FF0021284609F090FF284609F0BE
S2140186B005F830461AF0EAFE4FF0FF3070BD23464B
S2140186C06A8B1E6042F040036B833146284609F0F0
S2140186D075FF2846164909F075FF2846154909F021
S2140186E079FF2846144909F071FF002070BD28461D
S2140186F008F0E4FF6FF00F0070BD0146284609F050
S2140187006DFF3146284609F065FF32463146284658
S21401871009F06AFF3146284609F054FF31462846DB
S21401872009F054FF284608F0C9FF4FF0FF3070BD2E
S214018730DD840100B5840100C584010038B5044616
S2140187400D46002109F04AFF2046002109F042FFAC
S21401875000221146204609F047FF2046002109F075
S21401876031FF2046002109F031FF204608F0A6FF20
S2140187701DB1002208232A602B7238BD2DE9F84F5F
S2140187800446674207F00307D1F84C31C0F8C03001
S214018790C7F10D0908464FEA9909012101F084FF46
S2140187A009F101090026012294F824304FEA890ACA
S2140187B0C7F1110B35469046022B00F01B82032DA4
S2140187C000F35981A3B1012BFCD1DAB1002E40F0A0
S2140187D08D8026606660A660E660102304F11202B2
S2140187E02146A06A02F00AF894F824300022E3E752
S2140187F0002A53D04FF0FF3323606360A360E36029
S2140188001023EBE7002E40F0A280A27CFF2A40F066
S2140188102881E27CFF2A40F02481227DFF2A40F055
S2140188202081627DFF2A40F01C81A27DFF2A40F054
S2140188301881E27DFF2A40F01481227EFF2A40F053
S2140188401081627EFF2A40F00C81A27EFF2A40F052
S2140188500881E27EFF2A40F00481227FFF2A40F051
S2140188600081627FFF2A40F0FC80A27FFF2A40F051
S214018870F880E27FFF2A40F0F48094F82020FF2A57
S21401888040F0EF8094F82160FF3E18BF01260135C5
S214018890EDB2032D4FF0010294DDECE0A27C02BBA9
S2140188A0E27CF2B9227DE2B9627DD2B9A27DC2B97B
S2140188B0E27DB2B9227EA2B9627E92B9A27E82B967
S2140188C0E27E72B9227F62B9627F52B9A27F42B953
S2140188D0E27F32B994F820201AB994F82120002AB0
S2140188E0D5D084F824800125002672E7002F00F0F9
S2140188F0BA80AA23012F237004F1010100F0DB8066
S214018900022F637004F1020100F0D380A370E11C12
S2140189100E224FF0AA33E351E31904334FF0AA3085
S214018920B9F1030F1860586000D09860D345A2EBE8
S2140189300A0201EB0A0008D0AA23012A01F80A302C
S21401894003D0022A437000D08370112346E7A17C2E
S214018950AA2900F0AA80E27CAA2A40D0237DAA2B6D
S21401896000F0A580637DAA2B00F0A780A37DAA2B2B
S21401897000F01881E37DAA2B00F0A180237EAA2BAC
S21401898000F01281637EAA2B00F01081A37EAA2B31
S21401899000F00E81E37EAA2B00F00281237FAA2B32
S2140189A000F00881637FAA2B00F01C81A37FAA2B0D
S2140189B000F01A81E37FAA2B00F0188194F820308A
S2140189C0AA2B00F0158194F82130AA2B00F008811B
S2140189D094F82230AA2B08BF102340F0ED80002225
S2140189E0022584F82450A274E27422756275A27579
S2140189F0E27522766276A276E27622776277A277AF
S214018A00E27784F8202084F8212084F8222084F854
S214018A1023205B10DDB20127DA0084F82C5007FA18
S214018A2002F294F82C60013A1046D117F2B2BA421B
S214018A30C8BF42FA07F7C4E91C0184F82D70002B61
S214018A403FD16D4BD4F8C010D3F8EC20C943114088
S214018A506A4AC3F8EC101368C4F8C8302846BDE863
S214018A60F88F012613E723464FF0AA3243F8042B6A
S214018A702146112252E7624A1068012384F8923097
S214018A800822022102F006FB5B4AD4F8C000D2F8A5
S214018A90EC305A4923EA00030968C2F8EC30002595
S214018AA0C4F8C8102846BDE8F88F134697E7022396
S214018AB095E70F222DE710222BE703238FE70523E7
S214018AC08DE7C3F10801CE004FF0FF30C6F120025A
S214018AD000FA02F220FA06FEA6F1200720FA07F7AE
S214018AE04EEA020E22464EEA070EF0400026C4F871
S214018AF058E0E06502F8016BCC27667004F11208B5
S214018B0056709670D670167156719671C3F1090239
S214018B105B00C4F809E0424401332144C4F80D0067
S214018B2027726674A06A01F069FE3146A06A01F0F8
S214018B30BBFD94F82C30C3F108030121E7542672DB
S214018B40A06A01F0B1FD94F82C30A06AC3F10902C5
S214018B50C3F108010127424407EB4303214401F016
S214018B604DFE3146A06A01F09FFD94F82D20224B60
S214018B7084F82E20D3F8F020D4F8C010D3F8EC00F7
S214018B80A4F8906022EA01024FF000084FF00009B5
S214018B9084F89260C4E926890143C3F8F02057E7B8
S214018BA009231CE704231AE7062318E7072316E719
S214018BB0082314E70A2312E7002384F82C3094F8DC
S214018BC02C300F4ADBB2012B4FF000004FF00001B2
S214018BD0CCBF5B100123C4E91C0184F82D304BE7A0
S214018BE00F23FCE60B23FAE60C23F8E60D23F6E644
S214018BF00E23F4E600230CE7A02B0020B02D002066
S214018C00DC3000202DE9F843424F3C6814F00104A3
S214018C1003D0414B1868BDE8F8834FF42D600DF082
S214018C20F5FF0346064603F8014B4FF0FF384FF0B9
S214018C30FF39002274705C709C70DC701C715C7172
S214018C409C71DC7100237472B472F47234737473A1
S214018C50B473F47334747474B474F47434757475CE
S214018C60B475F47534767476B476F47634777477AE
S214018C70B477F47786F82040C6E91689C6E90C234E
S214018C80C6E90E23C6E91023C6E91223C6E9142352
S214018C90C6E91823C6E91A23C6E91C23C6E91E231A
S214018CA0C6E92023C6E92223C6E92623C6E92823E6
S214018CB0C6E92A23C6E92C23C6E92E23012386F812
S214018CC0214086F8224086F8234086F82440B46284
S214018CD086F82C4086F82E40A6F8904086F89240FA
S214018CE0C6F8C040C6F8C84086F82D3086F8C430AD
S214018CF006F1D00406F52D652046283400F08AFCDE
S214018D00AC42F9D1044A0123166030463B60BDE807
S214018D10F88300BFC8300020D030002070B506466A
S214018D2000F1D00540242B6821B2013428465B6A45
S214018D30A4B29847802C05F12805F4D196F8243082
S214018D40022B0BD096F89230002B3CD1204A002300
S214018D501268C6F8C820B362C6F8C03000210120E8
S214018D60002200234FF0FF344FF0FF3586F82C1019
S214018D7086F82E1086F82D00A6F8901086F8921028
S214018D80C6E91C23C6E90C23C6E90E23C6E910234F
S214018D90C6E91223C6E91423C6E91823C6E91A232D
S214018DA0C6E91E23C6E92023C6E92223C6E92623EF
S214018DB0C6E92823C6E92C23C6E92E2386F8C40073
S214018DC0C6E9164570BD96F8C430002BBED1C5E77E
S214018DD0B02D002040398BB23F2B0FD8426C006C6F
S214018DE0C9B2C1F1200302FA03F3C840203918437F
S214018DF022FA01F1084300F001007047002000F05C
S214018E0001007047816A002900F0848090F82C30B8
S214018E10002B7FD090F89220002A7BD12DE9F04FCD
S214018E20D0E91EAB5AEA0B0491B000F0A380D0E95A
S214018E302045CDE902450024002590464FEAC30CA3
S214018E409646CDE90445CDE9004501220023264694
S214018E502F46069137E0B1F8F680D1F8EC50B1F81C
S214018E60F440C1F8F05008F10105ADB2A54246EA5A
S214018E70020647EA0307A1F8F65006DB2CB1DDE946
S214018E80004514431D43CDE90045D0E9224504EAD7
S214018E90020805EA030958EA09010BD024EA02048C
S214018EA025EA0305C0E92245DDE9004514431D43D3
S214018EB0CDE900450EF1010E5FFA8EFE92185B4178
S214018EC0E645F04627DA0AEA02040BEA030554EA05
S214018ED00501EFD008EB880800EBC801D1F8F04097
S214018EE0013CC1F8F040002CE4D1DDE90245144014
S214018EF01D402C43AFD1D0E9224504EA020805EA19
S214018F000309CDE9084558EA090400F01581DDE9B1
S214018F100845C3E77047D0E912890699CDE9068965
S214018F20DDE90489DDE9024542464B4622432B43EF
S214018F3014461D4642464B46DDE90689F643FF4385
S214018F4048EA020849EA030904EA060205EA0703B1
S214018F50DDE900452AEA04042BEA0505A246AB46EC
S214018F6008EA060409EA0705C0E92023C0E91EABA2
S214018F70C0E9124590F82E50013DEDB280F82E5012
S214018F8015B111B0BDE8F08F044690F82D3080F889
S214018F902E30084601F0B4FC2946A06A01F084FB95
S214018FA094F82CC00CF109032344D4E90E019A7CF1
S214018FB09D74CC2A00F04E81B4F890305A1C92B2BF
S214018FC0043B16460B929BB24FF6FB729342A4F8F3
S214018FD0906040F2C68100220023CDE90801CDE968
S214018FE00223D4E91A2322EA000023EA0101D4E984
S214018FF02623CDE90601104619464FEACC0ECDE9E7
S2140190000C01BCF1000F00F0D381CDE90401002270
S214019010002000211346CDE900014FF001084FF072
S21401902000094FF00C0A38E09900C81804EBC0009C
S214019030B0F8E6B00BF1FF3B1FFA8BFBA0F8E6B0E9
S214019040BBF1000F07D126EA080627EA0907C4E99B
S2140190500C67A0F8E4A0DDE9026706EA080607EA5D
S2140190600907194456EA070004EBC1014ED0B1F8CE
S214019070E030A1F8E2303BB9DDE9000140EA080042
S21401908041EA0901CDE900010132D2B218EB080824
S21401909049EB09099645134659DDD4E90C01064604
S2140190A00F4600EA080001EA09010143BCD1DDE9E7
S2140190B0060100EA080001EA090101434FEA8301BB
S2140190C001EB030004EBC0002BD0B0F8E4B0BBF119
S2140190D0000FC0D00BF1FF3B1FFA8BFBA0F8E4B0EA
S2140190E0BBF1000FB7D146EA080647EA0907C4E90B
S2140190F00C67DDE9046746EA080647EA0907CDE991
S21401910004674FF4FA76A0F8E660A4E7B1F8E20047
S2140191100028B9D0013880B2A1F8E2000028ABD00F
S214019120B2E7DDE9046726EA080627EA0907CDE97A
S2140191300467A0F8E4A08EE7D1F8E840C1F8F04053
S214019140DDE9044514431D43CDE90445B2E6DDE9F6
S2140191500023D4E910ABDDE9080180EA0A0081EAC0
S2140191600B0102400B4082EA0A0883EA0B09D4E9A4
S2140191702C2328EA0A0029EA0B0140EA020641EA02
S2140191800307D4E92E23CDE900892AEA08082BEA49
S214019190090943EA090142EA0800DDE900890B9B57
S2140191A0C4E91089C4E92C67C4E92E01002B00F03C
S2140191B08380D4E91267D4E91423D4E90C0103EAC5
S2140191C0070929EA010102EA06088B46CCF1080CD8
S2140191D0002128EA000003BA1A469BFA8BF341EAFB
S2140191E003084FEACC03D1438246C3F120056FEA58
S2140191F0080001FA05F520FA03F22A43A3F1200537
S21401920021FA05F52A43C4E91867D4F80D50D4F8B5
S2140192100960C4F8092021FA03F3CC22C4F80D3002
S214019220E565C4E91AABA66504F80C200121A06A1D
S21401923001F03AFA94F82C30A06AE21AC3F1080158
S21401924001251B32214405EB430311B0BDE8F04F65
S21401925001F004BBD4E91623D4F81F70D4F81B60C0
S214019260BB4208BFB2427FF4A7AED4F81320D4F8AD
S2140192701730A4F89050CCF10806F6006FEA0309FF
S2140192806FEA0208C6F1200728FA06F309FA07F77B
S214019290A6F1200229FA02F23B431343089329FA66
S2140192A006F30993DDE90823C4E90E2342404B4047
S2140192B0CDE902230B9594E6D4E91C23DDE9046786
S2140192C0D4E9280116401F4040EA060241EA070396
S2140192D0C4E92823DDE90C23BB42B046B94608BFE2
S2140192E0B242CDE90E893FF464AF58EA0903C4E9F6
S2140192F02689D4F8C07053D0DFF8C8E0D4E92A0133
S214019300DEF8F0603E43CEF8F06029EA010728EA6D
S214019310000656EA07033FF44CAF48EA000249EA62
S2140193200103C4E92A23BCF1000F3FF442AF244EE7
S2140193300B9A012705E00135EDB265452A46BFF6D1
S21401934038AF10AB2B4413F8083C002BF3D007FAC8
S21401935002F2D2B20321306801F09CFE94F82CC0D0
S214019360E9E7012184F89210A06A01F09DF91449F9
S214019370002300220868C4E926230221082201F0FE
S21401938089FE104BD4F8C020D3F8F000D3F8EC10C7
S214019390D24310400A40C3F8F000C3F8EC20F0E5D1
S2140193A0084AD2F8F03023EA0703C2F8F03000E7A3
S2140193B0CDE9042300220023CDE90023C9E600BF3E
S2140193C0DC300020A02B0020816AC1B190F89220E9
S2140193D0AAB190F8C42092B1094A30B41268D0F804
S2140193E0C85041F28834521BA24207D9002290F895
S2140193F0924080F8242030BCFFF7C0B930BC7047DB
S214019400B02D00200E4AF0B4D0F8C060D2F8E810B3
S214019410D0E92645F3431940002780F82470C2F8A6
S214019420E81054EA050115BFD2F8F030D2F8F01072
S21401943033430B40C2F8F030F0BCFFF76FBC00BFFF
S214019440A02B002090F82430022B05D090F8923003
S2140194502BB190F8C43013B990F82C007047816294
S21401946009B1FFF78BB9044BC0F8C0101B68C0F8F0
S214019470C8300846704700BFB02D002040398BB277
S2140194803F2B9DBF01EB810100EBC100D0300020D6
S214019490704700BF08B5FFF7B5FB014B186008BD64
S2140194A0CC30002080797047092070478079A0F180
S2140194B00400B0FA80F04009704700BF704700BF53
S2140194C070B4A1F140050122A1F16003C5F12004A9
S2140194D022FA04F402FA03F32343AA400226074DB4
S2140194E081800C2400218671056144618260C3601D
S2140194F08161C1610162416270BC70470300010075
S21401950083798B422FD002292DE9700314D00429C8
S2140195100BD1164B1E68D0E90245D6E914232B431E
S2140195202243C6E914230B468171C81AB0FA80F0AB
S2140195304009BDE8700370470C4B1E68D0E9022352
S214019540D6E91445D6E91E89D243DB4314401D40B3
S21401955002EA080203EA0903C6E91E23C6E914451E
S2140195600B468171E1E70120704700BFCC30002037
S2140195708379022B10D0042B0CD10B4B1B68D0E93E
S2140195800201D3E9122302400B40134314BF01200A
S2140195900020704700207047034B1B68D0E902018A
S2140195A0D3E91023EFE700BFCC300020064B1B6841
S2140195B0D0E90201D3E9262302400B40134314BF2E
S2140195C001200020704700BFCC3000208379042B97
S2140195D01CD130B40E4B69B91968D0E90223D1E920
S2140195E0124524EA020225EA03030120C1E91223F7
S2140195F030BC70471968D0E90245D1E912232243ED
S2140196002B430120C1E9122330BC7047002070476C
S214019610CC300020D0B50446EFF764FF084B09496B
S21401962023600026002300270C22C4E9026721617B
S2140196306261A361E361236263622046D0BD00BF1D
S214019640F4BC03000300010030B583B0069D9DF80D
S2140196501C40009501940446002500F0BBFF094B11
S214019660236084F844512046012101F011F82A466E
S2140196702946204601F052F8204600F09FFF20467A
S21401968003B030BD8CA6030090F82900704700BFD8
S2140196900023C0F83C31A0F8B030C0F8383170472C
S2140196A0026900230421C0F834310386C0F8303142
S2140196B091757047D0F83411D0F83021914212D00C
S2140196C030B4D0F83021D0F83011046903460132A5
S2140196D01831042502F03F0230F91100C3F8302199
S2140196E0A57530BC70474FF0FF307047D0F8342175
S2140196F0D0F830319A421DBFD0F83031183330F9E6
S21401970013004FF0FF307047D0F83431D0F83001F5
S214019710181A48BF40307047D0F83831D0F83C218D
S214019720581E801A48BF4030704700BF024690F866
S2140197302900B8B1D379012B15D070B4D2F83C41C9
S214019740013404F03F04D2F838319C42FBD0D2F801
S2140197503C3115695833012622F81310C2F83C41F2
S214019760AE7570BC70470020704700BFC37913B157
S214019770012B0ED07047D0F83821D0F83C319A42F0
S214019780F9D10269137ED807F4D4137E9907FCD564
S214019790704790F82E30072BECD090F82F30072B1F
S2140197A010B5044605D094F8293013B1E379012B9E
S2140197B000D010BD94F82E00FEF760FE03689B07EC
S2140197C0F1D4F6E72DE9F843026A416293780F4631
S2140197D092F90110026903EBC11303F1824303F509
S2140197E00043166893F840106FF3000183F84010A9
S2140197F0136899070446C6F3400603D513686FF34A
S21401980041031360D36913F00203FBD122683A487F
S2140198101168814265D1C4F83C31A4F8B030C4F86F
S21401982038315368354A934262D1256900230422B0
S214019830C4F834312386C4F83031AA75E07901289A
S21401984024D12F4B3B44B3FBF7F3013BFF2B92BFD5
S214019850DBB2FF2300202B73B6B12B6843F0020363
S2140198602B60EB699B07FCD4226A92F9011093786E
S21401987003EBC11303F1824303F5004393F8402041
S21401988042F0010283F84020BDE8F883384617F01D
S21401989095FC00221B4B17F007FD1B4B80461868F2
S2140198A0894617F08BFC02460B464046494617F0A0
S2140198B025FE02460B460020144917F041FB002204
S2140198C0134B17F0F1FC17F0E7FF17F099FC002295
S2140198D0104B17F037FB17F0BFFF80B2A8810120AD
S2140198E0BAE72046884722685368044A93429CD0C8
S2140198F0204698472569A1E791960100A1960100A7
S2140199003F4B4C0000003040FC0000200000F03FC0
S2140199100000F0400000E03F90F8293003B970479E
S21401992070B505683E4AEB6A9342044657D1C3793F
S214019930002B3FD0012B56D02269A069394990F9F6
S2140199400130867801EBC3130120B0405860206ACD
S21401995090F90130807801EBC313034493F840106B
S2140199606FF3000183F8401013689B0703D5136853
S2140199706FF341031360D36913F00203FBD12A6826
S21401998029498A4224D1C4F83C31A4F8B030C4F83D
S21401999038316B68254A93421ED12269002304217F
S2140199A0C4F834312386C4F830319175002384F825
S2140199B0293070BDD4F83821D4F83C319A42F9D117
S2140199C02269137ED807B8D4137E9907FCD5B4E76D
S2140199D0204690472568DCE720469847E6E7984703
S2140199E022692568A9E790F82E000728A4D094F8E4
S2140199F02F30072BA0D0FEF741FD03689A07EFD55D
S214019A0094F82930002BEBD0E379012BE8D194F8B8
S214019A102E00FEF733FD03689A07F1D4E0E700BF96
S214019A206D9701000080004191960100A19601000A
S214019A3038B5C3790171012B01D1002038BD016A07
S214019A40026991F901408B78156803EBC41303F1A1
S214019A50824303F50043C5F3400593F840106FF3C6
S214019A60000183F840101368990703D513686FF354
S214019A7041031360D36913F00203FBD10268044665
S214019A8011682548814242D1C4F83C31A4F8B0306F
S214019A90C4F838315368214A934234D122690023ED
S214019AA00421C4F834312386C4F830319175237902
S214019AB0022B23D01168012060F31B6111605168ED
S214019AC063F34D315160BDB1136843F00203136077
S214019AD0D3699B07FCD4226A92F90110937803EBB1
S214019AE0C11303F1824303F50043012093F840209C
S214019AF0024383F8402038BD012038BD13686FF358
S214019B001B631360DFE7204698472269CFE72046AC
S214019B1088472268BEE700BF91960100A196010022
S214019B20F8B54B1F042B5DD8C379012B56D0026ABA
S214019B30817192F901409378026903EBC41303F132
S214019B40824303F50043156893F840406FF3000421
S214019B5083F8404013689C07C5F3400503D5136896
S214019B606FF341031360D36913F00203FBD102685C
S214019B700F46166821498E4204463BD1C0F83C3157
S214019B80A0F8B030C0F8383153681D4A93422DD141
S214019B90226900230421C4F834312386C4F8303105
S214019BA09175536867F302035360EDB1136843F090
S214019BB002031360D3699B07FCD4226A92F9011051
S214019BC0937803EBC11303F1824303F500430120AD
S214019BD093F84020024383F84020F8BDA1F1080322
S214019BE0012BA4D90020F8BD0120F8BD20469847D6
S214019BF02269D6E7B0472268C6E700BF9196010002
S214019C00A1960100F8B54C1EE4B2012C01D9002042
S214019C10F8BDC57941710DB10120F8BD016A02692F
S214019C2091F901708B78166803EBC71303F1824331
S214019C3003F50043C6F3400693F8401065F30001B0
S214019C4083F840101368990703D5136865F3410339
S214019C501360D36913F00203FBD10268054611684D
S214019C601D48814230D1C5F83C31A5F8B030C5F861
S214019C7038315368194A93422AD12A6900230421AC
S214019C80C5F834312B86C5F830319175536864F3C5
S214019C9086135360002EBFD0136843F0020313608F
S214019CA0D3699B07FCD42A6A92F90110937803EBD7
S214019CB0C11303F1824303F50043012093F84020CA
S214019CC0024383F84020F8BD284688472A68D0E733
S214019CD0284698472A69D9E791960100A19601007E
S214019CE02DE9F04F05692B6843F0010389B004465E
S214019CF02B60EB6913F00103FBD12268DFF8D480F7
S214019D001168414553D1C4F83C31A4F8B030C4F8C9
S214019D1038315368284A934222D10022C4F83421AC
S214019D2023692286C4F83021244A04219342997576
S214019D301CD0234A934200F01083224A934200F03B
S214019D404183B3F1864F00F09A831F4A934243D072
S214019D501E4A934200F07283002009B0BDE8F08FDE
S214019D60204698472369154A9342E2D1032284F894
S214019D702F20174A0792A2F5807206924FF40032FE
S214019D800292312205924FF4803201923022022053
S214019D9001264FF02E0904924FF4804284F82E00DB
S214019DA03746CDF80C904FF0070A00922FE0204678
S214019DB088472268ADE700BFA19601000030004049
S214019DC0002001410040014100040043000C004313
S214019DD000052000919601004FF4001207920692AA
S214019DE02022029245220592102201924422072047
S214019DF002264FF042090492042284F82E0084F8C9
S214019E002F003746CDF80C904FF0230A0092216AB6
S214019E1091F9012091F802B0D20102F1824202F5D5
S214019E2000424FF0010E0EFA0BFCC2F818C0C2F841
S214019E3008C094F807C0F44540F09D81C44DC54A5A
S214019E4007F1200E2036009F45F82E70019F45F839
S214019E502670029F45F826700AF1200E52F82E5001
S214019E606FF3861542F82E5052F82E506D06FBD42D
S214019E7052F82E50B74E4FF0070C6CF3030542F81C
S214019E802E5052F82E5045F0400542F82E50756877
S214019E9015F01C05FBD11A68032666F384021A60C6
S214019EA01A68267A66F35D721A601A68667A66F32D
S214019EB01C721A601A6865F31B621A6062691E6872
S214019EC0527A62F315561E60497A1A6800290CBF49
S214019ED00021022161F311421A605A68A17961F3E7
S214019EE002025A601A6865F39E721A601A6842F492
S214019EF080721A605A6842F400525A605A6842F4F4
S214019F0000325A60A36994F828609A7893F9013070
S214019F10DB0103F1824101F5004101EB5201D70754
S214019F2091F830504CBF66F3071566F3030581F8C8
S214019F303050A17A012940F22F8202290AD103F179
S214019F40824303F50043134493F8402042F0010294
S214019F5083F84020072831D094F82F30072B2DD0D6
S214019F60FEF78CFA0368012223F002030360026005
S214019F700368012BFCD0069B036094F82E00FEF7C5
S214019F8087FA0023C36023692833436094F82F00BF
S214019F90FEF774FA0368012223F0020303600260ED
S214019FA00368012BFCD0079B036094F82F00FEF793
S214019FB06FFA0023C3602369283383602068664AEA
S214019FC00369D4F82490934240F0BD81216A226946
S214019FD091F901508B78166803EBC51303F18243A0
S214019FE003F50043C6F3400693F840106FF30001F3
S214019FF083F840101368990703D513686FF341037C
S21401A0001360D36913F00203FBD10268424540F0A6
S21401A0101182C4F83C31A4F8B030C4F83831436832
S21401A0204E4A934240F00282256900230422C4F876
S21401A03034312386C4F83031AA75E379012B40F018
S21401A0405081474B4B44B3FBF9F3013BFF2B28BF31
S21401A050FF23DBB22B73002E00F06F812B6843F0D9
S21401A06002032B60EB699B07FCD4226A92F901304C
S21401A0709078DB0103F1824202F50042024492F835
S21401A080401041F0010182F84010A669354A96F960
S21401A0900110B77802EBC1110126BE408E606169DE
S21401A0A094F8286091F802C091F901E01CF0010FC4
S21401A0B04FEACE1E00F00881724402EB5C0206F005
S21401A0C00F0692F8301066F3071182F83010254912
S21401A0D001EB0E0202EB0C0E012707FA0CF74FF00C
S21401A0E003088EF840805760E269947892F901205F
S21401A0F0D201114401EB540114F0010F91F83070B4
S21401A10014BF66F3071766F3030781F83070154925
S21401A1100A4422441944012401EB500182F84040CC
S21401A12091F8302003F18243C40703F500434CBF86
S21401A13066F3071266F30302034481F83020012216
S21401A14083F840202B6843F002032B600CE000BF2D
S21401A15000E100E0001C0040C5970100A196010047
S21401A1603F4B4C0000800041EB699B07FCD401206B
S21401A17009B0BDE8F08F29686EF38401296029686B
S21401A1806FF34F31296029686FF31C7129602968C4
S21401A1906EF315512960BCF1000F04D194F8291013
S21401A1A0002940F0AF816B68A27962F302036B600D
S21401A1B02B6843F080432B602379022B00F07C81CF
S21401A1C02A68012161F31B622A606A6863F34D32D3
S21401A1D06A6063796A68013B63F386126A606B683A
S21401A1E043F400336B606B6843F480336B606B68D9
S21401A1F084226FF349236B60AA75EB695B07FCD475
S21401A200BDF80C20A285B74B049A1A441046059A4D
S21401A21003EB09011A44BE461546009F43F82E700B
S21401A220202281F80023019943F8261080F80023A4
S21401A230029A43F826204FF0E00E85F800E3A36962
S21401A24094F828509A7893F90130DB0103F18241A2
S21401A25001F5004101EB5201D60791F830004CBFE1
S21401A26065F3071065F3030081F83000E17A0129F0
S21401A27040F2C78002290AD103F1824303F5004365
S21401A280134493F8402042F0010283F840200AF17B
S21401A290200E954A52F82E306FF3861342F82E3070
S21401A2A052F82E30C3F38013002BF9D152F82E103A
S21401A2B063F3030142F82E1052F82E3043F04003A8
S21401A2C042F82E30536879E602EB0E0101EB5C0191
S21401A2D006F00F0691F8302066F3030281F830206D
S21401A2E0F5E6484616F06AFF0022804B16F0DCFFC2
S21401A2F07F4B80461868894616F060FF02460B467B
S21401A3004046494617F0FAF802460B4600207949BE
S21401A31016F016FE0022784B16F0C6FF17F0BCFAB0
S21401A32016F06EFF0022754B16F00CFE17F094FA2D
S21401A33080B2A881002E7FF491AE226A92F9013094
S21401A3409078DB01A1E6494620469847226A2569AE
S21401A35092F901309078DB0197E64FF400120792EC
S21401A36006924FF000720292392205924FF08072E7
S21401A37001923822072001264FF0360904924FF445
S21401A380800284F82E0084F82F003746CDF80C9012
S21401A3904FF0170A00923AE5002940F0928003F147
S21401A3A0824101F50041012595408D6103F182430B
S21401A3B003F50043134493F840206FF3000283F83B
S21401A3C04020C7E54FF40012079206924FF0005264
S21401A3D002923D2205924FF0805201923C220720C4
S21401A3E001264FF03A0904924FF0806284F82E005D
S21401A3F084F82F003746CDF80C904FF0180A0092DB
S21401A40005E5002965D103F1824101F500410120EE
S21401A4109040886103F1824303F50043134493F8A7
S21401A42040206FF3000283F8402030E7204698472B
S21401A430256902E6204690472068F0E5052284F863
S21401A4402F204FF4005202924D222D4905924FF4CF
S21401A450805201924C22042002264FF04A090791AD
S21401A4600492A1F580714FF48062069184F82E0063
S21401A4703746CDF80C904FF0250A0092C7E44FF40A
S21401A48000120792069241220592402201260720D9
S21401A49002214FF03E0904924FF080423746019662
S21401A4A0029184F82E0084F82F000E46CDF80C9009
S21401A4B04FF0220A0092AAE42B686FF31B632B600D
S21401A4C087E603F1824101F50041012595404D6182
S21401A4D06CE703F1824101F500410120904048619B
S21401A4E098E700BF00E100E0001C0040000030409B
S21401A4F0FC0000200000F03F0000F0400000E03FBC
S21401A500001320005A44186892F840106CF30001BA
S21401A51082F840101A68C0F3400B900703D51A68FA
S21401A5206CF341021A60DA6912F00202FBD121686B
S21401A5300B6843453BD1C4F83C21A4F8B020C4F8CD
S21401A54038214B681C4A93422DD1226900230421ED
S21401A550C4F834312386C4F830319175217B1368F1
S21401A56000290CBF0021022161F311431360BBF1E6
S21401A570000F3FF418AE136843F002031360D3696B
S21401A5809907FCD4236A93F901209B7803EBC21345
S21401A59003F1824303F5004393F8402042F00102A1
S21401A5A083F84020FFE5204698472269D6E72046F3
S21401A5B098472168C5E700BFA196010090F82920B9
S21401A5C02AB9C27901218A4280F8291000D9704738
S21401A5D0FFF786BBF8B50446204F8261C361204D64
S21401A5E0A760069FDFF880C09DF81C006560072302
S21401A5F000250E4627624FF4165180274FF6FF724C
S21401A60084F82E3084F82F30C4F800C0616284F8D4
S21401A6102800A28529463A466661257384F82950A2
S21401A62084F82A5004F1300019F080FB3A46294696
S21401A63004F1B00019F07AFBC4F83051C4F8405167
S21401A640C4F83451C4F83851C4F83C51327A054B39
S21401A65053F8223023612046F8BD00BF00010002F6
S21401A660020108006CBD030024BD0300436A0749CC
S21401A67003F543424F320868B2FBF3F2022A38BFB1
S21401A68002220B681B1A9A42FBD87047B02D002095
S21401A690012901D90020704790F82920C1710AB11B
S21401A6A0FFF71EBB012070470129817214D90229C8
S21401A6B010D1826992F90110937803EBC11303F16B
S21401A6C0824303F50043012093F84020024383F8B8
S21401A6D04020704700207047826992F901309278D5
S21401A6E0DB0199B103F1824101F50041012090405F
S21401A6F0486103F1824303F500431344012093F8B4
S21401A70040206FF3000283F84020704703F1824136
S21401A71001F50041012090408861EAE738B5C37928
S21401A7200172012B427200D038BD016A026991F9AB
S21401A73001408B78156803EBC41303F1824303F5DC
S21401A7400043C5F3400593F840106FF3000183F80A
S21401A75040101368990703D513686FF3410313601C
S21401A760D36913F00203FBD102680446116821483D
S21401A770814236D1C4F83C31A4F8B030C4F838313F
S21401A78053681D4A934230D1236900220421C4F83C
S21401A79034212286C4F830219975217A1A6861F32A
S21401A7A05D721A60617A1A6861F31C721A60002D74
S21401A7B0BAD01A6842F002021A60DA699207FCD42B
S21401A7C0226A92F90110937803EBC11303F18243D5
S21401A7D003F5004393F8402042F0010283F840203D
S21401A7E038BD204688472268CAE72046984723692D
S21401A7F0D3E700BF91960100A196010070B404460C
S21401A80090F8290020B1E07901284FF0000001D02E
S21401A81070BC7047002BFBDD2569B9B14E1C097869
S21401A820A96203E094F829100029F1D0297E49078E
S21401A830F8D5297E8907F5D552B10130A96A11707C
S21401A840984202F1010207D03146E5E70E46E7E7F6
S21401A85001308342A96AF7D11846D9E72DE9F843B2
S21401A86090F829502DB190F80780B8F1010F03D068
S21401A87000252846BDE8F88390F82EE0BEF1070FC4
S21401A880F6D090F82F40072CF2D0164604467046B4
S21401A8901F468946FDF7FCFD36B33E4440F60103EC
S21401A8A086600380BEB2468094F82E00FDF7E6FD72
S21401A8B0036843F00203036094F82F00FDF7E8FDF8
S21401A8C0B9F1000F15D04F4440F2014347600380B1
S21401A8D0468094F82F00FDF7D1FD036843F002038C
S21401A8E003602846BDE8F883044B8360A0F8008027
S21401A8F0D8E7024B436001230380E9E7D430002008
S21401A90090F82E30072B16D090F82F30072B10B565
S21401A910044605D094F8293013B1E379012B01D010
S21401A920012010BD94F82E00FDF7A8FD03689B07D3
S21401A930F0D4012010BD0120704700BFC379012B60
S21401A94022D0D0F83821D0F83C3101699A4219D08A
S21401A9500B7EDA0703D418E00B7EDB0714D5D0F89C
S21401A9603831D0F838215832013330F912208A6252
S21401A97003F03F03C0F83831D0F83821D0F83C3125
S21401A9809A42E9D101230B7570477047C379012BB1
S21401A99000D1704710B4016991F8203003B3002349
S21401A9A0C0F83431C0F83031D0F8343103F1180230
S21401A9B04BF6BD540133C0F8343120F812400B7EFB
S21401A9C043F080030B760BE0D0F830219A420FD08B
S21401A9D0D0F834218C6A183220F81240C0F834318D
S21401A9E0D0F834310A7E0133520703F03F03EBD42B
S21401A9F0D0F830219A4202D05DF8044B7047042308
S21401AA000B75F9E7C379012B036922D01A7ED209A7
S21401AA101ED080221A765A8B920709D55A8B42F09D
S21401AA2002025A8390F8402142F0010280F8402148
S21401AA305A8BD10710D45A8B520709D55A8B42F03C
S21401AA4004025A8390F8403143F0040380F8403101
S21401AA50704780221A7670475A8B42F001025A8359
S21401AA6090F8402142F0020280F84021E3E700BF5F
S21401AA7090F84A01704700BFA0F5A270F8E700BF42
S21401AA8007207047A0F5A270FAE700BF03681B6BAA
S21401AA90184700BFA0F5A270F8E700BF08B5036825
S21401AAA01B6B984700B208BDA0F5A270F6E700BF81
S21401AAB000207047A0F5A270FAE700BF704700BFFC
S21401AAC0A0F5A270FAE700BF2DE9F04182B08846F2
S21401AAD00C9D9DF834400095019409A9044617463B
S21401AAE01E460EC9089DFFF775FD04F5A270EEF728
S21401AAF0F9FC094B84F84B8103F1080220467C33AC
S21401AB00C4F84C71C4F85061C4F854512260C4F8BA
S21401AB10443102B0BDE8F0818CBD030038B504466F
S21401AB20FEF750FE94F82930054613B12046FFF78C
S21401AB309DFD284638BD00BF38B590F84A318B4296
S21401AB400DD0102B0D46044600F08C80A5F10D03A8
S21401AB50032B00F28C80DFE803F06931064F0125F4
S21401AB60284638BD9847D4F85421424BBFF35B8F33
S21401AB70D24353E8001F114043E800100028F8D1E3
S21401AB80BFF35B8FD4F85021BFF35B8F53E8001FF0
S21401AB90114343E800100028F8D1BFF35B8F012171
S21401ABA084F84A512046FFF773FD94F82950002D8A
S21401ABB0D5D02046FFF75AFD284638BD2D4BD4F890
S21401ABC05421BFF35B8F53E8001F114343E8001085
S21401ABD00028F8D1BFF35B8FD4F85021BFF35B8F09
S21401ABE0D24353E8001F114043E800100028F8D173
S21401ABF0BFF35B8F0021D3E7012200212046FFF738
S21401AC008DFD01212046FFF74FFD23681A4A1B6977
S21401AC101A4993422046A5D1FEF7D4FD94F829306F
S21401AC20002BA0D02046FFF721FD9CE7D4F8542145
S21401AC30104BBFF35B8FD24353E8001F114043E82C
S21401AC4000100028F8D1BFF35B8FD4F85021BFF372
S21401AC505B8FD24353E8001F114043E800100028E1
S21401AC60C6D0F7E7064B1868FEF7CCFB6EE7002563
S21401AC7076E700BF942C00201DAB010020A1070041
S21401AC80CC300020A0F5A270FFF756BF10B50446E1
S21401AC90FEF7FAFC00B110BD2046FFF78FFC2046F8
S21401ACA0FFF7E4FC0C4BD4F84C21BFF35B8F53E861
S21401ACB0001F114343E800100028F8D1BFF35B8F53
S21401ACC094F84A31102BE6D1044B21461868BDE8AA
S21401ACD01040FEF7B7BB00BF942C0020CC300020FC
S21401ACE010B50446FEF7D0FCA8B194F84A31102BF3
S21401ACF012D02046FEF710FED4F84C31094ABFF3B5
S21401AD005B8FDB4352E8001F194042E80010002821
S21401AD10F8D1BFF35B8F10BD034B1868FEF772FBCB
S21401AD20E7E700BF942C0020CC3000200368374AA8
S21401AD30DB68934210B50446A0F8481150D1FEF7DF
S21401AD40A3FCA8B194F84A31102B59D02046FEF73F
S21401AD50E3FDD4F84C312E4ABFF35B8FDB4352E858
S21401AD60001F194042E800100028F8D1BFF35B8F9E
S21401AD702368284ADB6C934238D194F84A310D2B6C
S21401AD8028D0102B37D0D4F85421214BBFF35B8F3A
S21401AD90D24353E8001F114043E800100028F8D1C1
S21401ADA0BFF35B8FD4F85021BFF35B8FD24353E8D8
S21401ADB0001F114043E800100028F8D1BFF35B8F55
S21401ADC00D2384F84A3120460021FFF761FC94F8F0
S21401ADD0293003B910BD2046BDE81040FFF746BC38
S21401ADE0984723680B4ADB6C9342C6D020460D2158
S21401ADF0BDE810401847084B1868FEF703FBC2E78A
S21401AE00054B1868FEF7FEFAA0E700BFE1AC0100AB
S21401AE10942C002039AB0100CC300020A0F5A270A4
S21401AE20FFF784BF10B50368044609BB264ADB68F2
S21401AE3093421AD1FEF728FCA8B194F84A31102B98
S21401AE403CD02046FEF768FDD4F84C311F4ABFF3CC
S21401AE505B8FDB4352E8001F194042E800100028D0
S21401AE60F8D1BFF35B8F012010BD9847012010BDBC
S21401AE70174A9B689342F8D1FEF706FC0028F2D1E8
S21401AE802046FFF79BFB2046FFF7F0FB0F4BD4F85D
S21401AE904C21BFF35B8F53E8001F114343E80010BA
S21401AEA00028F8D1BFF35B8F94F84A31102BDAD122
S21401AEB0084B21461868FEF7C5FAD4E7054B186813
S21401AEC0FEF7A0FABDE700BFE1AC0100942C00201C
S21401AED08DAC0100CC300020A0F5A270A2E700BF27
S21401AEE080797047A1F10400B0FA80F040097047FC
S21401AEF0022070470120704700207047704700BF4E
S21401AF000423818083717047044B1A68BFF35B8FFB
S21401AF1083681A4214BF012000207047942C002039
S21401AF20836871B9BFF35B8F0D4ADB4352E8001F9C
S21401AF30194042E800100028F8D1BFF35B8F0120CA
S21401AF407047074ABFF35B8F52E8001F194342E878
S21401AF5000100028F8D1BFF35B8F0120704700BFB7
S21401AF60942C002038B504460D46EEF7BBFA024B8A
S21401AF70A5602360204638BD38BE0300F8B5194DDC
S21401AF802C6814F0010402D0174B1868F8BD442051
S21401AF900BF03CFE144A154F154E1649046001236A
S21401AFA044608460C460046144618461C461446235
S21401AFB080F8284080F82A4080F82B40046280F808
S21401AFC029408485C485048680F8324080F8334061
S21401AFD080F8404080F8414047638663C163106053
S21401AFE02B60F8BDD8300020E0300020FA00C409FC
S21401AFF08813EC2C8813C4094068BFF35B8F0840A4
S21401B000704700BF4068BFF35B8FC0F300207047F6
S21401B01008B50023016280F8403003600248F5F766
S21401B020D3FE012008BD00BFA02B002080F84110F0
S21401B03051B9174B0422C3F8042193F8422142F078
S21401B040010283F842217047031DBFF35B8F53E86B
S21401B050002F42F0080243E800210029F7D1BFF390
S21401B0605B8FBFF35B8F0C3050E8003F43F0080363
S21401B07040E80032002AF7D1BFF35B8F044B04226D
S21401B080022183F84211C3F81821C3F8082170473A
S21401B09000800041014491F824301A4381F82420AD
S21401B0A0704700BFCBB2DA0710B5044605D590F855
S21401B0B0252042F0020280F82520980705D594F84D
S21401B0C0252042F0010284F825205A0705D594F878
S21401B0D0262042F0010284F82620D80605D594F8E9
S21401B0E0252042F0040284F82520C1F30721CA0670
S21401B0F005D594F8262042F0020284F82620144A48
S21401B100126892F8612012B111F00C0F18D11B06CB
S21401B11005D594F8263043F0080384F8263004F168
S21401B120240001F029FC94F829300A4A94F83210D8
S21401B13082F80A11003318BF012382F8093110BDC5
S21401B14094F8262042F0040284F82620DFE700BFA8
S21401B150C02D0020A02B00202DE9F04182B0002355
S21401B1600193984B4468BFF35B8F1A68964F138A16
S21401B170DFF87482E1B2CE0705469BB24CBF42F6B9
S21401B180534043F2A82083429DF804008F4ED4BF5B
S21401B1900023012363F300008DF80400138A366848
S21401B1A088079BB24CBF41F2691040F6D3708342C8
S21401B1B09DF80400CCBF0023012363F341008DF802
S21401B1C00400938A9DF80400C9069BB24CBF45F261
S21401B1D0447144F692518B42CCBF0023012363F3A2
S21401B1E004108DF80400D7F8A03095F841C092F805
S21401B1F061E09DF805207649764F0968DB43C0B2C9
S21401B20063F382006EF30002C3B28DF805206CF37F
S21401B210C303D7F8F0208DF804008DF8043091F8B8
S21401B22092E00032D1E926019DF8041096F85C30D0
S21401B23018BF012262F345119DF805208DF8041010
S21401B24083F0010363F341028DF80520CBB296F833
S21401B2505D1096F85E60D2B261F382028DF8052029
S21401B2606EF3C7135C4A8DF804309DF8041092F80B
S21401B27044219DF80530003260F3861157488DF859
S21401B280041018BF012266F3C30362F304130268B5
S21401B290534E92F8062262F345138DF80530284680
S21401B2A00199FFF7FFFE306803681B68434540F0CD
S21401B2B08480807904280CD09DF8043013F0040FA4
S21401B2C0D7F8F03014BF43F0080323F00803C7F89B
S21401B2D0F030706803681B68434570D18079042894
S21401B2E00CD09DF8043013F0040FD7F8F03014BFDB
S21401B2F043F0040323F00403C7F8F030019ABFF3C8
S21401B3005B8F019B6A6024EA030305F11002BFF319
S21401B3105B8F52E8001F194342E800100028F8D15D
S21401B320BFF35B8F019ABFF35B8F05F10C0322EA33
S21401B330040453E8002F224343E800210029F8D1F2
S21401B340BFF35B8F05F10803019ABFF35B8F53E8E8
S21401B350001F114343E800100028F8D1BFF35B8FAC
S21401B360019BBFF35B8F55E8002F1A4345E8002188
S21401B3700029F8D1BFF35B8F297995F8403041EA6F
S21401B380D10101F001018B4285F8401012D0154C15
S21401B39004F1100754F8040BEFF7F8F9BC4295F8DE
S21401B3A04010F7D13068FCF741FD95F84010706801
S21401B3B0FCF73CFD02B0BDE8F08198477AE7984774
S21401B3C08DE700BFCC2F002000800041C02D00205B
S21401B3D0CC300020A02B0020542A0020E83000208A
S21401B3E030A7030038A70300B57D0100C3694AB939
S21401B3F023EA010142698369C1610A431943426133
S21401B400816170471943F5E708B5FFF7B7FD014BB2
S21401B410186008BDDC30002030B583B09DF81C40B4
S21401B420069D019400950446FFF7D4F8044B23606B
S21401B43020460021FFF72CF9204603B030BD00BF9F
S21401B440DCA6030038B50F4D2B6813F0010402D0BB
S21401B4500D4B186838BD4FF402700BF0D7FB03464E
S21401B4604FF40072C3F80002084980F8044280F8DD
S21401B470054280F8064218F05BFB0349012208608A
S21401B4802A6038BDE4300020EC3000200040800007
S21401B490B1F5EF7F9ABF4018B0F920004FF0FF30AA
S21401B4A0704700BFF0B4D0F8F451D0F8F80100248A
S21401B4B044EA00026B1C08BFB2F1FF3F05D02E0C18
S21401B4C0274656EA07002B4602D0074A42F21543A2
S21401B4D01E0A150E140C100A0E708D70CC704B706F
S21401B4E04A710871F0BC70470000B01008B5FFF74C
S21401B4F0A9FF014B186008BDE83000200020704706
S21401B5002DE9F0410546807C0F4600F00F04002926
S21401B5104FD0554BB5F810E003EB441340F2FF361D
S21401B5205B69B645C3F30D0399B200F095800EF141
S21401B530FF3295F813C01A4092B20CF00708630167
S21401B54003F18243022683F80761AB686E681944EB
S21401B550B142A96035D2761A1CF0200FB6B25ED081
S21401B5602B68E868764528BF76461944324618F0B7
S21401B570DFFA3D4BE868620199180861134459697E
S21401B58066F30D01596159696FF39B31596147B9EA
S21401B59002F18243B8F1010F14BF4A224E2283F80A
S21401B5A00921640104F18244802384F80531BDE851
S21401B5B0F08195F813C0B5F810E00CF007080A46BC
S21401B5C0C3E71CF0100F1AD16401B8F1010F04F1A2
S21401B5D082440CBF4B234A23964584F808312CD06D
S21401B5E0FF2828D0EB7C5A0625D56FF386131F4912
S21401B5F0EB74AA680B69BDE8F04100211847E97CA5
S21401B6001B4B620113446FF30411E97459686FF31D
S21401B6100D01596059686FF39B315960B7E7124BBA
S21401B620286862019D180144B6F5005F28BF4FF4F3
S21401B63000562961A2E7BDE8F081EB7C0B4A6FF367
S21401B6408613EB74D36898470028F4D1EB7CA87C6A
S21401B65043F04003EB74C3E795F813C0C1F3090246
S21401B6600CF007086BE700BFE0330020B031002084
S21401B670F03300202DE9F04F857C83B004460F4659
S21401B68005F00F05002900F08580764B068A4FEA03
S21401B6904518434440F2FF3259685B689642C1F34D
S21401B6A08D3AC3F30D0900F0D780013EC27CB6B2D5
S21401B6B009EA060302F0070B690101F18241012044
S21401B6C081F80701910612D5D4F804E0BEF1000F07
S21401B6D048D0A0680193AEEB000292B29A4228BF0E
S21401B6E01A462368E168184418F022FA019B62683A
S21401B6F0002A36D0002F5BD1A36853449A42A36038
S21401B70060D9E17CD21A880692B240F18B80268AF3
S21401B7105449E36841F80830B24228BF3246C2F3C2
S21401B7200D0201EB0803586862F39B3058605A68B3
S21401B7306FF30D025A605FB9BBF1010F08BF4144B8
S21401B74008F182480ABF2D2325238F7688F8093110
S21401B7506D0105F18245402385F8043103B0BDE84B
S21401B760F08FE27CD6064BD5E37C3E49E26803F0D7
S21401B770EF0343F02003E37441F8082001EB0803CC
S21401B780208A5A6860F39B325A605A686FF30D023A
S21401B7905A60D0E7068AC27C40F2FF339E4237D118
S21401B7A0BA4602F0070B3B46B9464FEA451889E709
S21401B7B0218A9942A0D9E27CA3686FF304124B4414
S21401B7C0E274A360BBF1010F08F182480CBF2D2380
S21401B7D0252388F8083115B9224BE2681A60A07C47
S21401B7E0FF28BBD0E37C5A06B8D56FF386131E49F3
S21401B7F0E3740B69A268002103B0BDE8F04F184757
S21401B80017B1228A9A42D6D8A3685344A360D9E7CF
S21401B810013EB6B202F0070B8A460B4689464FEA4E
S21401B82045184FE7208A824205D9B2F5005F0ED946
S21401B8304FF4005205E03CBF41F02001E174C2F331
S21401B8400D0220680749034441F8083069E722EAF7
S21401B8500602C2F30D02F4E7C27CC9F3090302F043
S21401B860070B29E7E0330020B03100202DE9F04F27
S21401B8704FF0824281B0168CB6B2002E00F02C81B9
S21401B880C44D00240127A87CFF2830D000F00F0308
S21401B89007FA03F232422AD04FEA431E0EF18248DB
S21401B8A0724698F8071198F809310B40C1461ED028
S21401B8B0B9494FEA840A0AEB040C01EB8C0C9CF89C
S21401B8C027B00BF04701012900F0F4801BF0800F30
S21401B8D015D113F020015AD113F0040F40F09880CF
S21401B8E0D90700F1E2800BF00701012958D0013495
S21401B8F01B2C05F11405C6D101B0BDE8F08F13F07D
S21401B900400140F0438113F0080F40F08981990708
S21401B91000F137810BF007010129E8D1590700F141
S21401B9204182DB06E3D51BF0400F11D09A490AEBA2
S21401B930040301EB83034FF0800E93F827106FF397
S21401B940861183F82710402388F804E188F805312A
S21401B950914B0AEB040103EB8101904B91F827C050
S21401B96003EB020E6FF3C30C02F1824381F827C08A
S21401B9704FF0000C6F218EF80AC08EF81AC088F8B6
S21401B980071183F80811844B9B689847AFE7AA68AC
S21401B990202389F80831804B01211B699847A6E7C7
S21401B9A0190700F1FD80DB06A1D51BF0400F11D071
S21401B9B079490AEB040301EB83034FF0800E93F8F9
S21401B9C027106FF3861183F82710402388F804E1C7
S21401B9D088F80531704B0AEB040103EB81016F4BCC
S21401B9E091F827C003EB020E6FF3C30C02F18243FA
S21401B9F081F827C06F2200218EF80A108EF81A10DF
S21401BA0088F8072183F80821634B9B6898476EE7FF
S21401BA10624B98F800C19E440CF0070C9EF80A3061
S21401BA20BCF1020FDBB27CD013F0020332D09EF8D9
S21401BA300A106FF341018EF80A1002F182430BF0EF
S21401BA4007010422012988F8072183F808217FF4D9
S21401BA504EAF1BF0400F3FF44AAF4F490AEB0402CA
S21401BA6001EB82022032D179C9093FF440AF4A2165
S21401BA704FF0800E88F804E188F8071183F8081162
S21401BA80D179454B6FF38611D1711B69AA680021E4
S21401BA9098472CE74149881802F1824204218372B3
S21401BAA088F8071182F8081121E701212846FFF7D7
S21401BAB0E1FD1CE713F0100F40F0E0805A0600F19C
S21401BAC0E7809B067FF513AF2023AA6888F8083124
S21401BAD0314B1B6998470AE7918B138B9BB20B403E
S21401BAE013F0040040F0DC8013F4007140F0E080B5
S21401BAF0180600F1408113F0700440F0918113F0B4
S21401BB00080140F09E81DB077FF5BAAE40F20123C3
S21401BB102148938344689382702504201583234625
S21401BB20DEE013F0010F3FF47FAF9EF80A301BF002
S21401BB30400F61F300034FF004018EF80A3088F8D5
S21401BB40071188F808113FF4D2AE134B0AEB040133
S21401BB5003EB810102F182434FF0250E402288F863
S21401BB60052188F807E183F808E191F827200A4BB8
S21401BB706FF3861281F827201B69AA68042198476B
S21401BB80B5E601212846FFF7BBFCB0E6AA684023CC
S21401BB90FFE600BFC4310020B0310020E0330020B2
S21401BBA0C34B98F800119E44C1F302119EF81A3057
S21401BBB00229DBB200F0988013F0020353D09EF8FE
S21401BBC01A1002F182436FF3410108228EF81A100F
S21401BBD088F8072183F808211BF0400F3FF487AE51
S21401BBE0B44A0AEB040E02EB8E0E0EF1200E9EF8FE
S21401BBF00710C9097FF47BAE25224FF0400C88F868
S21401BC0005C188F8072183F808219EF80720A94B6B
S21401BC1061F386128EF807201B69AA68984766E6C4
S21401BC20A34B98F800C19E44CCF3021C9EF81A3030
S21401BC30BCF1020FDBB27AD013F0020313D09EF8E8
S21401BC401A1002F182430BF007024FF0080C6FF353
S21401BC504101012A8EF81A1088F807C183F808C135
S21401BC607FF445AEB8E79249881802F1824208216E
S21401BC70837688F8071182F8081138E60BF0070377
S21401BC80012B7ED0102388F8073188F808312EE67C
S21401BC904023AA6888F80831864B1B69984726E630
S21401BCA00421844B91831B6801B0BDE8F04F18470F
S21401BCB040F2012170247E4B9183918214831A896C
S21401BCC002F00F02032A00F028811A8D02F00F02FB
S21401BCD0032A18BF014600F01F81764B5B680320DC
S21401BCE001B0BDE8F04F1847D9077FF565AF9EF85C
S21401BCF01A1002F182436FF3000108221BF0400F75
S21401BD008EF81A1088F8072183F808213FF4EFAD62
S21401BD10684A0AEB040102EB81014FF0800E4A22C9
S21401BD2088F804E188F8072183F808211DE713F055
S21401BD30010F81D09EF81A301BF0400F61F300030B
S21401BD404FF008018EF81A3088F8071188F80811A4
S21401BD503FF4CDAD574B0AEB040103EB810102F131
S21401BD6082434FF04A0E802288F8042188F807E1C2
S21401BD7083F808E1F9E64F4B80205B689083052045
S21401BD80AEE71BF0400F3FF4E3AD9CF827306FF3AE
S21401BD9086138CF827308021402388F8041188F810
S21401BDA00531D5E5424B98F800119E4401F0070194
S21401BDB09EF80A300229DBB200F0808013F00203FD
S21401BDC03FF468AE9EF80A1002F182436FF3410118
S21401BDD004221BF0400F8EF80A1088F8072183F81A
S21401BDE008213FF484AD334A0AEB040102EB8101DA
S21401BDF02031CA79D2093FF47AAD4A224FF0800E3B
S21401BE0088F804E188F8072183F80821CA79294BC4
S21401BE106FF38612CA711B69AA680021984766E506
S21401BE20702340F2012024499383938210830B6C84
S21401BE3003F00303032BFAD11E4B00215B6802209B
S21401BE404EE71C4E82F800410820702140F2012383
S21401BE50908327469182354613834FF0FF0807E00B
S21401BE601B2C85F8268085F8277005F1140516D059
S21401BE7095F8260004EB840306EB8303FF2803F101
S21401BE80200304F10104EBD0DA795106E8D56FF30B
S21401BE908612DA71EA69336903219847E0E70021DF
S21401BEA06022034817F042FF73680021012017E75C
S21401BEB0E0330020B031002000100040D9077FF5A4
S21401BEC07DAF9EF80A1002F182430A466FF3000224
S21401BED004211BF0400F8EF80A2088F8071183F81A
S21401BEE008113FF404AD114A0AEB040E02EB8E0E64
S21401BEF04FF0400C252288F805C188F8072183F801
S21401BF0008219EF82720094B6FF386128EF827200A
S21401BF101B69AA689847EAE4012003EB4010002356
S21401BF2001890381C1F30A11D7E600BFB0310020B1
S21401BF302DE9F0414FF082429378DB0751D54FF05F
S21401BF4082439C7814F00104FBD1454B454A1A60A4
S21401BF501E461D465A609A60DA601A61A046FF279F
S21401BF6007E01B2C85F8267085F8278005F1140557
S21401BF701DD095F8260004EB840306EB8303FF2807
S21401BF8003F1200304F10104EBD0DA795106E8D578
S21401BF906FF38612DA71EA693369032198471B2C1D
S21401BFA085F8267085F8278005F11405E1D1602211
S21401BFB000212D4817F0BAFE2C4B1B68C3F3441022
S21401BFC0C3F3822213F01F0327D01F2B25D09B011A
S21401BFD038B31F2825D080B232B3072A24D01103E4
S21401BFE024E093789F07FCD113789E070DD513782C
S21401BFF003F0FD0313704FF0824293789D07FCD146
S21401C0004FF0824293789C07FCD44FF08242012382
S21401C010137093789807FCD191E74FF410730028BA
S21401C020D7D11920002AD8D14FF4C0414FF082420F
S21401C03003430B431385D37843F00303D370D378BC
S21401C040042143F00C03D37013461170987810F056
S21401C0500300FBD1044A5A6201221A81BDE8F0812D
S21401C060B0310020FDB40100E033002084008000E0
S21401C0704FF0824293789B0724D170B49378980747
S21401C080FCD11378DBB2990707D443F0020313708F
S21401C0904FF0824293789B07FCD10C4B4FF08242C3
S21401C0A04FF480304FF400364FF480254FF40024CF
S21401C0B040F28D2198609E609D609C6011830020F7
S21401C0C070BC70476FF01000704700BF00E100E0E1
S21401C0D04FF08242138923F001031B041B0C1381CA
S21401C0E0704700BF4FF0824340F08000987270475F
S21401C0F02DE9F04110F00F054FFA80FC2AD0BCF173
S21401C100000FB4BFAB1C2B46022D01F0030159D81A
S21401C1109C00DFF8B8E0E6180EEB860696F8266077
S21401C120FF2E4BD1D1B1BCF1000F3ADB6F007E1967
S21401C130DFF89C8058F826604EBB23440EEB830341
S21401C140013183F8271083F826001E629A840020A6
S21401C150BDE8F08101F003012B46D9E725B1BCF11A
S21401C160000F01DBAE1C00E02E4606EB86060EEB4A
S21401C170860696F82660FF2E20D16F007E19DFF81E
S21401C180508058F8266046B1BCF1000F0CDB3D44E8
S21401C19008EB85052D899542CFDA6FF01200BDE8D0
S21401C1A0F081DFF82C806F002F4408EB87077D684D
S21401C1B015B17E899642F0DB2E46BEE76FF013007E
S21401C1C0BDE8F0816FF01100BDE8F081B0310020CC
S21401C1D060BE03002DE9F04710F00F0782B04FFA5A
S21401C1E080F909D0B9F1000FB4BFBE1C3E46022F3C
S21401C1F003D902B0BDE8F0873E464FEA86083D4DBA
S21401C20008EB060305EB830393F82610FF29F0D00D
S21401C21093F827304A2204468DF8052025205A0631
S21401C2208DF804001BD403F00703012B50D0B9F19D
S21401C230000F54DB600100F1824090F8003103F0FA
S21401C240F80380F80031464405EB86050022FF23FB
S21401C25085F8272085F8263002B0BDE8F08701F082
S21401C2600F0303F108025001B9F1000F00F18240FB
S21401C270B5BF4FF0800E4FF0400E80F804E080F816
S21401C28005E00DF1080E50010EEBD97E5A0100F1C2
S21401C290824002F1824208EB060305EB83031EF897
S21401C2A004EC80F807E082F808E193F827E0DA6901
S21401C2B003F1200A6FF3861E2B698AF807E0084609
S21401C2C0032198479AF8073003F00703012BAED1F4
S21401C2D0600100F18240002380F80031B3E77F015E
S21401C2E007F1824797F8003103F08F0387F8003192
S21401C2F0A9E700BFB0310020F0B546B210F00F003C
S21401C30045D04201002E02F18242B4BF831C03468F
S21401C31092F80041844A591C01EB81010228E4B2DB
S21401C32002EB810100F29F8003EB830302EB8303A0
S21401C33093F82620FF2A00F0968093F827207B4D5D
S21401C34002F0070E4001BEF1010F05EB000728D0F1
S21401C350002E65DB610740F0A480998C744B02F0D7
S21401C360070200F182462243B1F5007F86F80021DC
S21401C37003EA81327AD94FF0E0412B180A43402470
S21401C38000217A6086F8054199720846F0BD4FF0A3
S21401C3908243684993F80041A1F11402E4B20346CE
S21401C3A0C2E714F0770F7CD19B8C614A00F182467C
S21401C3B01124B3F5007F02EA833286F800414CD996
S21401C3C04FF0E044C3F30D03234322434FF0800EA6
S21401C3D040247A607B6186F8054186F804E18A7C10
S21401C3E00F8AD1F80CE002F00F022B185101002041
S21401C3F098726E18987645F801E0736867F39B3378
S21401C4007360726801F1824360F30D02B027102554
S21401C410726083F8047183F8054183F80951F0BD11
S21401C42014F0700F3DD19B8C120102F0700200F1E6
S21401C43082462243B3F5007F86F80021C3F30D013F
S21401C4401AD94FF0E0422B180A43802400217A6162
S21401C45086F8044199760846F0BDB3F5807F23D966
S21401C4604FF0C044AEE76FF01100F0BDB1F5807F2C
S21401C47008D94FF0C04180E7B3F5807F07D94FF068
S21401C480C042E0E7802907D94FF0A04175E7802B2D
S21401C49014D94FF0A042D6E7402914D94FF0804175
S21401C4A06BE76FF01300F0BD802B02D94FF0A0446C
S21401C4B088E7402B0CD94FF0804483E7402B0CD9FA
S21401C4C04FF08042BFE720290CD94FF0405154E786
S21401C4D0202B0CD94FF0405474E7202B0CD94FF089
S21401C4E04052B0E710290CD94FF0005145E7102B08
S21401C4F00DD94FF0005465E7102B0ED94FF00052BE
S21401C500A1E7082994BF00210121090735E7082B77
S21401C51094BF00240124240754E7082B94BF00236A
S21401C52001231A078FE700BFB0310020E033002057
S21401C53000C0FF0FC431002043B210F00F00F0B569
S21401C5404FEAD3751ED0002BB4BF831C03465C1C78
S21401C550404A04EB8404022802EB84026DD80129C8
S21401C56014D089B3937C03F00F035B0103F182437C
S21401C570102293F8061102FA05F30B4214BF0120AC
S21401C5800020F0BD0129344A0346EAD1314903EBC4
S21401C590830301EB8301102491F8262002F00F0299
S21401C5A05001202300F18240AC40AB40E4B2DBB244
S21401C5B080F8054180F8093191F8273043F00803E7
S21401C5C081F827300020F0BD9E00224CF21804EBC3
S21401C5D08202102092F8262002F00F02510101F18A
S21401C5E08241A84091F8067107421BD052012027CC
S21401C5F002F18242AF40C0B25FFA87FE81F80401C1
S21401C60082F808E191F807213A420DD1334404EB50
S21401C61083042034E37903F00702012A10D06FF374
S21401C620C303E3710020F0BD012202FA05F5EDB265
S21401C63081F807E181F80451E8E76FF01100F0BDD9
S21401C64091F8060110F03000ECD160F3C303E371FA
S21401C650F0BD00BFB0310020C431002070B400F03E
S21401C6600F00124A4301D418D55864680228C4F34F
S21401C6700D0418D8B9B103F1824393F80021112AA9
S21401C6800ED193F8072112F0100007D06A682E68C1
S21401C6904A6010220E60204683F8072170BC70475E
S21401C6A06FF01200FAE76FF01100F7E7E0330020B1
S21401C6B02DE9F04F037A4FFA83F913F00F0387B091
S21401C6C03AD0B9F1000FB4BF9D1C1D465D4E05EB77
S21401C6D0850206EB820205F10108928C40F2FF31D9
S21401C6E008EB88088A4206EB880850D0571EBFB26E
S21401C6F04168022B07EA010700F291800368B3F153
S21401C700005F23D24FEA850B0BEB050306EB830391
S21401C7101B6A002B00F092804FF0010A0BEB050418
S21401C72006EB840404F1200294F827301B0730D569
S21401C730022007B0BDE8F08F424EB28C40F2FF31C6
S21401C7408A421DD006F114081D46CFE73E4C03EB86
S21401C750010EA645D6D813F00303D3D1B9F1000FC5
S21401C76060DB8A42CED8002F60D04FEA850B0BEBF8
S21401C770050206EB8202126A002A50D09A46CDE7DD
S21401C78041681D46C1F3090706F11408B6E71746C6
S21401C790AEE7019005A8029200F0E0F8029A019B2C
S21401C7A0D07910F0400131D140F0400E82F807E018
S21401C7B005A803930291019200F0D8F8039B019A11
S21401C7C0186892F807E060614FEAD97060F3C71EF7
S21401C7D06AF3451E58680299A06182F807E0E16194
S21401C7E05B7AC3B91F465D4406EB8506B9F1000FB7
S21401C7F096F8273067F3041386F8273040464FF043
S21401C800000117DBFEF736FF002092E705A800F0CF
S21401C810ADF801208DE7B7FA87F77F09E3E76FF0F8
S21401C820110086E79A464FEA850B77E7BA464FEA44
S21401C830850B73E7FEF764FE00207AE76FF01200BF
S21401C84077E700BFB0310020FF1F032043B210F08E
S21401C8500F0017D1F0B58100274D0A1805EB8202AB
S21401C86083B092F8264025268DF80460FF2C4FF001
S21401C8704A068DF8056003D092F82720520608D4A0
S21401C88003B0F0BD002BB4BF821C0246022831D98A
S21401C890704704F00F0202F108067701002B07F13A
S21401C8A08247B5BF4FF0800E4FF0400E87F804E088
S21401C8B087F805E002AF07EBD37376015201014416
S21401C8C006F1824602F1824205EB810113F8040C5F
S21401C8D0F07182F8080191F827602D69CA696FF333
S21401C8E0861681F82760204602212B4603B0BDE854
S21401C8F0F04018471046ADE7B0310020064B00293E
S21401C90008BF1946012803D008B9044B19607047BF
S21401C910024B5960704700BFFDB40100B0310020E2
S21401C920084B002908BF194630B1012807D0022854
S21401C93004BF054B19617047034B99607047024B62
S21401C940D9607047FDB40100B0310020FEF78EBFFC
S21401C950FEF78CBFFEF78ABFFEF788BFEFF31083A2
S21401C960036072B6BFF35F8F704700BFBFF35F8F80
S21401C970036883F310887047437930B4082B10D8C6
S21401C980DFE803F0253B4D60748AA1051100038999
S21401C990013B9BB2038123B9428A83730823028138
S21401C9A0437130BC70470389013B9BB20381002B66
S21401C9B0F7D18189013989B28181002900F0B380DC
S21401C9C0438A03810122072382734371E9E70178D1
S21401C9D0002940F089804178002940F0CB80837897
S21401C9E0002B40F01A81C378002B40F018810379A0
S21401C9F00425002BD5D0415D77E00389013B9BB22E
S21401CA000381002BCDD1028AC37301240221C38A7C
S21401CA100281B3FBF2F3847341714381C1E7038959
S21401CA20013B9BB20381002BBBD14389827B013B37
S21401CA309BB282F0010243818273002B6DD0038A80
S21401CA400381AEE70389013B9BB20381002BA8D18A
S21401CA50C279018A438A0181013201250424B3FB8C
S21401CA60F1F382818573447143819AE70389013B1F
S21401CA709BB20381002B94D14389827B013B9BB2FD
S21401CA8082F0010243818273002BD8D1428A8373DC
S21401CA9005230281437184E70389013B9BB203812D
S21401CAA0002B7FF47EAF8389013B9BB2838173B3F6
S21401CAB0028A438A028101240421B3FBF2F38473C0
S21401CAC0417143816DE70389013B9BB20381002BD2
S21401CAD07FF467AF8379428A0281013301210722FD
S21401CAE08381817342715CE7002511F0010349D10E
S21401CAF00133DBB241FA03F2D407F9D5848AC57152
S21401CB0000210122837104818173427149E7428BBE
S21401CB10837306230281437143E7028B83730323E6
S21401CB20028143713DE78379C2790133DBB2072B7A
S21401CB3085BF0132D2B219460B46042A15461BDDC3
S21401CB400478012254FA01F5C2731DD00022E907C8
S21401CB5052D401250133DBB244FA03F1C907F9D5F2
S21401CB60C2718371002D49D1028B85730323028123
S21401CB70437116E70125B8E7845C54FA01F129D020
S21401CB80C57BEBE70023B9E7437883BB02210B465D
S21401CB90C35C002B45D14A1CD2B2052A0DD0835C5A
S21401CBA02BBB8A1CD2B2052A07D0835CFBB9CB1CEF
S21401CBB0DBB2052B01D0C35CC3B9027812B124E005
S21401CBC0835C23BB0132D2B2AA42F9DD0023837310
S21401CBD04371E6E60132D2B2042AEED8835C33B959
S21401CBE0A91CC9B205290B46D2D1E6E7042219468B
S21401CBF01C46C57B0023B1E7C2718371838A03811A
S21401CC000022012382734371CBE6134600221D46A0
S21401CC100123C3732C46002399E70225EBE603257F
S21401CC20E9E60A46E3E700BF40BA80B2704700BFB4
S21401CC3000BA70472DE9F04F87B00301DFF8A492E0
S21401CC40019303441B0109EB0304009094F83B2075
S21401CC5009EB8202D2F88054002D00F0858009EBA2
S21401CC6003054035284617F00BFD00F1120189B285
S21401CC704FF42072362003F0A5FE8046002800F00F
S21401CC802B810023208F049303930593FFF7CCFF9A
S21401CC90ADF80C0001204FF480738DF80E0003A947
S21401CCA00C224046ADF8103004F046F9013D0C2642
S21401CCB04FF6FE7B6B782E2B05F1010700F0C48042
S21401CCC0002B00F0C6803D46002400E02BB115F88D
S21401CCD0013F01342E2BE4B2F8D1A5EB070A1FFA67
S21401CCE08AFA234633445B4500F3A5802246314643
S21401CCF0404604F07FFA731C5246344439469BB2D0
S21401CD00404604F041F9A4B22A78661CB6B2002A5D
S21401CD10D0D13146404604F06DFA06A94FF0012302
S21401CD2041F8103DA31C9BB20422404604F02CF9A6
S21401CD309DE80C00134409EB0313694A93F83F106E
S21401CD4093F83B3009EB810902EB8302D9F87004B2
S21401CD503523414608F0C0FB0446404603F0DEFF9B
S21401CD60204607B0BDE8F08FD9F80060403426B100
S21401CD7099F80830834200F0A780D9F80C302BB11F
S21401CD8099F8142000998A4200F09580D9F8183055
S21401CD902BB199F8202000998A4200F08380D9F8B7
S21401CDA0243023B199F82C2000998A4271D0019938
S21401CDB0009A8B1809EB031393F83F3032B199F8B8
S21401CDC03A20022A5BD0009A012A06D099F84A2115
S21401CDD0022A4FD0009A022A06D099F85A22022A2D
S21401CDE052D0009A032A03D099F86A23022A34D033
S21401CDF0032B14D809EB8303D3F8700408F040FC26
S21401CE009DE80C00134409EB0313042193F83F201B
S21401CE1083F83F1009EB82030022C3F870249DE8D3
S21401CE200C001344002409EB0319204689F83A4004
S21401CE3007B0BDE8F08F404603F070FF6FF00504C1
S21401CE40204607B0BDE8F08F00239A461C463D46B3
S21401CE5048E79A461C463D4644E799F86F239A42AE
S21401CE60C6D19DE80C00134409EB0313042283F892
S21401CE703F20D4E799F84F219A42ABD1F1E799F8D0
S21401CE803F209A429FD1ECE799F85F229A42A8D1B7
S21401CE90E7E72046D9F82820002198470023C9F85B
S21401CEA0243084E7D9F81C20002120469847002327
S21401CEB0C9F8183073E7D9F81020002120469847A2
S21401CEC00023C9F80C3061E7D9F80420294620462A
S21401CED0B047C9F8005050E74FF0FF3440E700BFB5
S21401CEE0C0380020403400202DE9F0410401824D75
S21401CEF0231805EB0313064693F83A20022A44D07A
S21401CF00032A38D0012A1CD0BDE8F0812A8F9A4224
S21401CF1017D095F84A21022A03D1B5F848219A423A
S21401CF200FD095F85A22022A03D1B5F858229A4210
S21401CF3007D095F86A23022A0FD1B5F868239A42DA
S21401CF400BD116F085FF95F83A20022A83B2DDD080
S21401CF5095F84A21022AE4D1DFE734446749684A52
S21401CF60240125440C442B873046C4F80220BDE832
S21401CF70F041FFF75FBE1A6BF2B9344405EB0415B6
S21401CF80002385F83A30BDE8F08193F83C20013A59
S21401CF90D2B283F83C20002AB6D193F83D20013264
S21401CFA0D2B2042A83F83D200CD083F83C203046C8
S21401CFB0BDE8F041FFF73EBE013A1A63002ADCD015
S21401CFC0BDE8F08193F83B20002A4AD04D4BD5F8B6
S21401CFD00080A21903EB021303F11007B8F1000F4A
S21401CFE002D02B7AB34256D0EB6813B12A7DB242F7
S21401CFF058D0AB691BB195F82020B24259D06B6A64
S21401D0001BB195F82C20B2423ED0A31905EB0313B1
S21401D01093F83F308EB395F83A20022A61D0012E5C
S21401D0202BD195F85A22022A60D0032E03D095F808
S21401D0306A23022A44D0032B9FD805EB8303D3F837
S21401D040700408F01DFBA31905EB0313042193F8E4
S21401D0503F2083F83F1005EB82030022C3F87024BB
S21401D0608BE7D5F884140029B0D0012183F83D2040
S21401D07083F83B1083F83C1099E795F84A21022A79
S21401D0802AD0022ECDD1D2E73846AA6A0021984787
S21401D09000236B62B9E76A6800213846C04700235F
S21401D0A02B60A1E72A690021384698470023EB60E8
S21401D0B09FE7EA690021384698470023AB619EE75F
S21401D0C095F86F239A42B6D14FF4887303FB065343
S21401D0D0042283F83F2050E795F84F219A42D0D199
S21401D0E0F2E795F83F209A4299D1EDE795F85F224D
S21401D0F09A429AD1E8E700BF4034002078340020F5
S21401D1000200010070340020704700BF012800D9DA
S21401D1107047074B29B103EB80000A68C0F88024EA
S21401D1207047044A03EB80001368C0F88034EFE7C9
S21401D1304034002088BE030008B50020FFF7D4FE67
S21401D1400120FFF7D1FE0220FFF7CEFE0320BDE847
S21401D1500840FFF7C9BE00BF08B503F0EBF803F0BF
S21401D1604DFA03F09BFA07F045FF04F097FAFFF734
S21401D170CBFFBDE8084007F0D9BE00BF2DE9F84354
S21401D180002800F09480002900F09180054617469B
S21401D1900E464FF420724FF49A713620984603F0EB
S21401D1A011FC8146002800F08280032F1FD0B3793E
S21401D1B0002B68D03F4B1868D9F8044030604FF414
S21401D1C09A720021204616F0B1FD01232370637088
S21401D1D095F83430A3703068FFF72AFD042F60609D
S21401D1E01DD0FB1F012B1AD9032F1AD113E0737917
S21401D1F0032BDCD044684FF49A720021204616F0C7
S21401D20095FD01232370637095F83430A370306860
S21401D210FFF70EFD60607379043B012B01D86B6844
S21401D220E36004F1200305F12E01994295F82E30B2
S21401D230237795F82F30637705D205F1320304F191
S21401D2401C02934224D82B6BC4F81E3063236FF064
S21401D2507D0553203521012284F8F27084F8EC30E4
S21401D26084F8EF3084F8ED5084F8EE0084F8F0107E
S21401D27084F8F120B8F1000F02D00323A8F800309B
S21401D2804846BDE8F88316F0E3FD0A4B186093E7BD
S21401D29095F83030A37795F83130E37795F832304A
S21401D2A084F8203095F8333084F82130CEE74FF0FB
S21401D2B00009E5E7CC380020002875D0416A00292E
S21401D2C072D010B58B6A00225C1C82B04A820BD0E9
S21401D2D0A2F177321E33A2FB03235B09B3F5803F2D
S21401D2E044D203B901238B82CB6A5A1C44D0364AF6
S21401D2F01E33A2FB03235B09B3F5803F32D2002B1A
S21401D3005BD101234B810A6BCB81541C38D02E4C48
S21401D3101E32A4FB02425209B2F5803F40D2002AD7
S21401D3204ED101228A819A420A822ED9CB79002BCC
S21401D33030D00B6A00934A6A019222B9CA69134037
S21401D34043F0807301934B790A2B04D000230A2201
S21401D3504A718B710B811C3101AB6A4603F040FAAE
S21401D36002B010BD4FF6FF734B81CCE74FF6FF734B
S21401D3708B82CB6A5A1CBAD10A6B4B89541CC6D114
S21401D3808A899342D2D3002AD0D000234B81CB790D
S21401D390002BCED10B7F1A0607D4FF230093CAE7D2
S21401D3A04FF6FF728A81BEE77047BF2B8CBF6FF0C6
S21401D3B07F434FF6FF730093BDE79BB24B81A2E715
S21401D3C092B28A81AFE700BF8988888870B5254DFB
S21401D3D0EA78002382B004460362436212B1224B0C
S21401D3E0DB6883622B7913B11F4B1B6901E0A36ACB
S21401D3F05B086A79E36212B11B4B5B6903E0A36ABF
S21401D400C3EBC303DB082363AB790A69E2613BB173
S21401D410154B9869FFF70CFC01232062E37100E0CD
S21401D420E371EB7923B1104BD869FFF701FC606219
S21401D4302B7AA3B10C4E306AFFF7FAFB02AC44F824
S21401D440040D00202146FFF761FE6B7A3BB1706A3E
S21401D450FFF7EEFB214601900120FFF757FE02B0D1
S21401D46070BD00BF683B0020743B00202DE9F047EB
S21401D470456A6B79032B84B0074604D00023032248
S21401D4806A71AB712B810DF10E03032229463846D2
S21401D490FFF774FE0646002800F0B380BDF80E4084
S21401D4A0436804F1010E03F1F008A01CE11C221DE3
S21401D4B01FFA8EFE80B2631D4FF0390C08F804C0C7
S21401D4C089B24FF0020C92B29BB208F80EC04FF030
S21401D4D0040A08F800C04FF0400E322008F801E0B8
S21401D4E008F8020008F803A004F106091FFA89F9F2
S21401D4F0E869ADF80E90FFF79BFBE21D92B204F1CE
S21401D5000803010E4FEA104E9BB208F8091008F8FE
S21401D51002E004F109014FEA102E08F803E089B28F
S21401D52004F10A0204F10B0392B29BB204F10C0E51
S21401D53008F801001FFA8EFE04F10D00372108F8E5
S21401D540021004F1100C08F803A080B204F10E01D9
S21401D55004F10F0204F11103012408F80E4089B208
S21401D560032408F8004092B21C249BB21FFA8CF0E8
S21401D57008F80140432B4FF006044FF0FF0108F86E
S21401D5800240ADF80EC008F800103DD800215A1C24
S21401D59092B2442A08F803101346F8D1F03291B239
S21401D5A0304603F0F1FA194B00975868184A43239E
S21401D5B0314607F0F5FE0446304603F0AFFBAB7983
S21401D5C0FF2B18D00133DBB2092BAB7113D8C3EB99
S21401D5D0431203EB8203DB009BB20E4A03F2F31302
S21401D5E082FB0312DB17C3EB62139BB220462B812F
S21401D5F004B0BDE8F087142320462B8104B0BDE8B3
S21401D600F0874FF0FF34DAE71A46C7E7CC38002038
S21401D61084BE0300D34D62102DE9F04784B0002884
S21401D62000F0F480456A002D00F0ED806B79012B47
S21401D63004D0002301226A71AB712B810DF10E0318
S21401D640032229460646FFF799FD0746002800F003
S21401D650BC80BDF80E404268631C02F1F0089BB224
S21401D6600222392108F8041008F80320A018B6F899
S21401D6702CE0E11C221D80B2631D4FEA1E2C89B2EC
S21401D68092B29BB208F800C04FF0040A322008F8A4
S21401D69001E008F8020008F803A004F106091FFAE1
S21401D6A089F9E869ADF80E90FFF7C2FAE21D92B269
S21401D6B004F10803010E4FEA104E9BB208F8091058
S21401D6C008F802E004F109014FEA102E08F803E019
S21401D6D089B204F10A0204F10B0392B29BB208F874
S21401D6E00100362108F8021008F803A004F10C091D
S21401D6F01FFA89F9A869ADF80E90FFF799FA04F1B7
S21401D7000D0292B204F10E03010E4FEA104E9BB2C7
S21401D71008F8091008F802E004F10F014FEA102E8C
S21401D72008F803E089B204F1100204F1110392B281
S21401D7309BB204F1120E08F801001FFA8EFE04F1E6
S21401D7401300372108F8021004F1160C08F803A09C
S21401D75080B204F1140104F1150204F11703012447
S21401D76008F80E4089B2032408F8004092B21C243F
S21401D7709BB21FFA8CF008F80140432B4FF00604C9
S21401D7804FF0FF0108F80240ADF80EC008F800108F
S21401D7903FD800215A1C92B2442A08F803101346B7
S21401D7A0F8D1F03291B2384603F0EEF91A4A1B4B23
S21401D7B05068019300964323194A394607F06CFDD9
S21401D7C00446384603F0AAFA01E04FF0FF34AB797D
S21401D7D0FF2B16D00133DAB2052AAA7111D84FF4FD
S21401D7E07A7393409BB20F4A03F2F31382FB031240
S21401D7F0DB17C3EB62139BB22B81204604B0BDE856
S21401D800F0877823F8E76FF00504F6E76FF00F046A
S21401D810F3E71A46C5E700BFCC38002088BE0300F0
S21401D82084BE0300D34D62102DE9F041456A6A7942
S21401D8300023062A82B00646EB6103D00622AB71AE
S21401D8402B816A714FF420724FF49A71362003F0DF
S21401D850B9F8074600287CD0AB79DFF86C81002B3D
S21401D86000F09780D8F800007C6828604FF49A7220
S21401D8700021204616F05AFA01232370637096F8A9
S21401D8803430A3702868FFF7D3F906F132036060DD
S21401D89004F11C02934296F82E30237796F82F3027
S21401D8A0637705D904F1200306F12E02934275D859
S21401D8B0336BC4F81E300122352384F8F03084F827
S21401D8C0F12084F8F2206323786884F8EC3084F839
S21401D8D0EF306FF07D01532384F8ED1084F8EE30BD
S21401D8E03921022380F8F31080F8F430B38D80F8E4
S21401D8F0F6301B0A4FF0370C4FF0040E80F8F53067
S21401D90080F8F920FF231C210622032480F8F7C0A3
S21401D91080F8F8E080F8FD3080F8FB1080F8FC20F5
S21401D92080F8FA4036220021FE3016F0FFF94FF457
S21401D9309A71384603F028F9204B0193D8F8040071
S21401D940009643231E4A394607F0A6FC384603F0E4
S21401D950E5F9AB79FF2B16D00133DAB2052AAA71A5
S21401D96011D84FF47A7393409BB2164A03F2F3131D
S21401D97082FB0312DB17C3EB62139BB200202B81E1
S21401D98002B0BDE8F081782300202B8102B0BDE80B
S21401D990F08116F05DFAC8F8000065E796F83030B9
S21401D9A0A37796F83130E37796F8323084F8203052
S21401D9B096F8333084F821307DE700BF88BE030037
S21401D9C084BE0300D34D6210CC380020B24B2DE943
S21401D9D0F04FD3F804A0DAF824908BB09346B9F14F
S21401D9E0000F09D099F8043033B153892B2B03D992
S21401D9F053681A78022A05D0584603F08FF90BB0FF
S21401DA00BDE8F08F9AF834204AB3187F9AF82E10A2
S21401DA108842F1D1012A22D9587F9AF82F108842DC
S21401DA20EAD1022A1BD0987F9AF830108842E3D1B7
S21401DA30032A14D0D87F9AF831108842DCD1042A00
S21401DA400DD093F820009AF832108842D4D1052AD6
S21401DA5005D093F821109AF833209142CCD158681A
S21401DA60FFF7E6F8D9F800309842C5D18B4B8B49C1
S21401DA7000225A601A81BBF80A300A602B2BBBD9E8
S21401DA800492BBF80820CDF80CB04FF0F008CDF8A2
S21401DA9018A0CDF81C909346039D00E06B89434582
S21401DAA0A8EB0301ABEB030209D82D681FFA81F836
S21401DAB01FFA82FB002DF1D1DDF80CB09CE76A68F5
S21401DAC00192D84580F0458112F80810FF29424698
S21401DAD000F03F8108F10206B6B24645ECD3C246D5
S21401DAE0CDF81480CDF808B00AF101009842074637
S21401DAF080F22581019C224452783B2900F20E8156
S21401DB00DFE811F03C005F000C0102010C010C0182
S21401DB10DC000C010C010C010C010C010C010C01C8
S21401DB200C010C010C010C010C010C010C010C0187
S21401DB300C010C010C010C010C010C010C010C0177
S21401DB400C010C010C010C010C010C010C010C0167
S21401DB500C010C010C010C010C010C010C010C0157
S21401DB600C010C010C010C010C01F900D000C600DF
S21401DB70BD000C010C010C01B500AC001FFA80FAC7
S21401DB809A45C0F0E280029AAAEB030AD31A9BB226
S21401DB901FFA8AFA9A4502938ED22D68002D8BD0F1
S21401DBA06B680193019B13F80A10FF29524600F097
S21401DBB0D0800AF10206B6B25645FFF47DAF6B89F6
S21401DBC092E7042A7FF478AF0AF1040714464FF06F
S21401DBD006094FF6FD739F423FF76EAF0AF1020A40
S21401DBE012FA8AFA1FFA8AFA2C4B13F80930002225
S21401DBF00992002B40F0D980284B03EB0908284BEB
S21401DC0003EB890B1DE0042C40F2C080A2077FF4D1
S21401DC1053AF4FF0010308F8013B0998FFF708F8E6
S21401DC20331D9BB2043CB3424BF8040BE4B2FFF441
S21401DC3043AF98F8002009F101091E46002A40F07A
S21401DC40B480042C274628BF04273A46334609A940
S21401DC50284603F039F9B842D5D02DE7042A7FF4D7
S21401DC602BAF0AF1040714464FF00509B1E7042A61
S21401DC707FF422AF0AF1040714469146A9E7042A65
S21401DC807FF41AAF0AF1040714464FF00209A0E721
S21401DC90012AF1D010E700BF18B50020683B00202C
S21401DCA0743B0020012A7FF407AF059BF02B7FF41D
S21401DCB003AF14464FF000098BE7002291077FF46B
S21401DCC0FBAE082A144628BF082494423FF6F4AE59
S21401DCD002EB0A004FF6FD7188423FF7EDAE0AF1FE
S21401DCE0020A12FA8AF21FFA82FA002C3FF448AFAF
S21401DCF04FF0080978E7042A7FF4DEAE0AF104073C
S21401DD0014464FF0030964E7032A7FF6D5AE02EB0B
S21401DD100A074FF0070904245BE7002200293FF4B5
S21401DD202DAF02EB0A004FF6FD7188423FF7C4AEF5
S21401DD300AF1020A12FA8AF21FFA82FA20E72A6820
S21401DD40002A34D052681278D7E6029B9A45FFF42F
S21401DD5029AF994B1B7863B1984B97491B680022F2
S21401DD60012B0A7000F0A280022B06D0032B00F0D4
S21401DD709B80049B002B00F0A280002304934FF0AD
S21401DD806C0B4FF02C08039B5B8985E600F09380B3
S21401DD90012C7FF491AE9DF82400874B4FF00102D1
S21401DDA003F80920854B43F829006B89E8E63B29EF
S21401DDB0B3D801A252F821F07DDB0100B9DA0100E7
S21401DDC01BDD0100B9DA01001BDD01001BDD0100CE
S21401DDD0BBDC01001BDD01001BDD01001BDD0100BA
S21401DDE01BDD01001BDD01001BDD01001BDD010049
S21401DDF01BDD01001BDD01001BDD01001BDD010039
S21401DE001BDD01001BDD01001BDD01001BDD010028
S21401DE101BDD01001BDD01001BDD01001BDD010018
S21401DE201BDD01001BDD01001BDD01001BDD010008
S21401DE301BDD01001BDD01001BDD01001BDD0100F8
S21401DE401BDD01001BDD01001BDD01001BDD0100E8
S21401DE501BDD01001BDD01001BDD01001BDD0100D8
S21401DE601BDD01001BDD01001BDD01001BDD0100C8
S21401DE701BDD01001BDD01001BDD01001BDD0100B8
S21401DE801BDD0100B9DA0100B9DA0100B9DA0100D7
S21401DE90B9DA01001BDD01001BDD01001BDD0100FD
S21401DEA0B9DA0100B9DA0100012304934FF0EC0B53
S21401DEB04FF06C0867E70998FEF7BAFE6DE73E4B30
S21401DEC0DDF818A05B78DDF81C90DDF80CB0002BAF
S21401DED03FF492AD394ADBF804401379052B1DD087
S21401DEE0062B2CD0022B7FF487AD99F80530062B34
S21401DEF07FF482AD304B9B78002B3FF47DADDAF892
S21401DF002450BDF8103090682B81FEF791FEA86171
S21401DF102369EB615046FFF77FFB6DE599F8053005
S21401DF20012B28D0033B022B3FF666AD2146DAF8DB
S21401DF302400FFF74BFA5046FFF7BEF95CE599F867
S21401DF400530DA1E022A02D9012B7FF455ADDAF824
S21401DF5024305A790C2A04D000220C2159719A7166
S21401DF601A81174B50461A46194602F039FC50469C
S21401DF70FFF75AFC40E52146DAF82400FFF726FAB7
S21401DF809AF835301B07D6D5DAF824406379082B82
S21401DF9004D00499A171082321816371504600229F
S21401DFA004F11C0101F084FDA379FF2B1CBF013392
S21401DFB0A371012323811FE5683B0020743B0020E9
S21401DFC088BE0300436A53B15A790A2A0CD8DFE89F
S21401DFD002F0060B0B0707070B0B0B0B070070472E
S21401DFE000229A71FFF742BA00229A71FFF71CBC11
S21401DFF0002800F09D802DE9F043456A83B015B1F5
S21401E0006B79082B02D003B0BDE8F0830A68EB6990
S21401E0109A42F8D100230C226A710446AB712B8117
S21401E0204FF420724FF49A71362002F0CBFC8046F2
S21401E030002875D0AB79DFF82C91002B79D0D9F870
S21401E0400000D8F8046028604FF49A720021304628
S21401E05015F06CFE01233370737094F83430B3708E
S21401E0602868FEF7E5FD6168F160706004F132032F
S21401E07006F11C029A4294F82E30337794F82F302A
S21401E080737705D206F1200304F12E02934255D888
S21401E090236BC6F81E3004233521012286F8F010C2
S21401E0A086F8F12086F8F230D8F80470632286F8F4
S21401E0B0EC2086F8EF20532132226FF07D0086F89F
S21401E0C0ED0086F8EE1087F8F43087F8F320E8695B
S21401E0D0FEF7AEFDFF23010C020A060E87F8F930A3
S21401E0E087F8F80087F8F61087F8F72000213A221B
S21401E0F087F8F56007F1FA0015F018FE4FF49A71EB
S21401E100404602F041FD154B0193D9F804000094F6
S21401E1104323134A414607F0BFF8404602F0FEFD8E
S21401E120AB79FF2B1CBF0133AB7114232B816AE73C
S21401E130704715F08DFEC9F8000082E794F830307C
S21401E140B37794F83130F37794F8323086F820308C
S21401E15094F8333086F821309DE700BF88BE03006F
S21401E16084BE0300CC380020F0B5446A6379052BE1
S21401E17085B0054604D0002305226271A371238170
S21401E1800DF10E03032221462846FEF7F7FF064649
S21401E19000287FD0BDF80E3040685A1CF03092B28D
S21401E1A002213927C75481545A18B5F82CC0DF1CF0
S21401E1B092B24FEA1C2EBFB2191D00F802E089B2D6
S21401E1C05A1D00F807C092B203F1060E4FF0370C45
S21401E1D000F801C01FFA8EFEDF1D4FF0040C00F898
S21401E1E002C0BFB203F108014FF0010C00F80EC0E7
S21401E1F089B203F109024FF0030C00F807C003F1DE
S21401E2000A0E92B21C270B3347549BB21FFA8EF1AB
S21401E21006278754432B4FF0FF02ADF80EE0425419
S21401E2203BD800215A1C92B2442AC1541346F9D154
S21401E230F03291B2304602F0A7FC194B00955868AF
S21401E24004F118024323314607F0AAF80546304682
S21401E25002F064FDA379FF2B17D00133DBB2092B43
S21401E260A37112D8C3EB431203EB82031B019BB2CB
S21401E2700C4A03F2F31382FB0312DB17C3EB6213A0
S21401E2809BB22846238105B0F0BD2823284623816A
S21401E29005B0F0BD4FF0FF35DCE71A46C8E700BF12
S21401E2A0CC380020D34D62102DE9F047446A84B083
S21401E2B064B3627952B3A36903930A2A4FF0000349
S21401E2C00546A361E361236263622363E362A3629B
S21401E2D0C4F80E30C4F8123020D0043A012A1DD9F1
S21401E2E05A4B28461A46194602F07AFA63791BB148
S21401E2F000236371A371238123793BB1544E357A90
S21401E300013DEDB2357225B10023237104B0BDE89D
S21401E310F087706807F0B4F97560F5E74FF420727E
S21401E3204FF49A71362002F04DFB80460028D7D074
S21401E330A379DFF81C91002B00F08380D9F8000048
S21401E340D8F8046020604FF49A720021304615F028
S21401E350EDFC01233370737095F83430B370206888
S21401E360FEF766FC6968F160706005F1320306F13C
S21401E3701C029A4295F82E30337795F82F30737732
S21401E38005D206F1200305F12E0293424AD82B6BE3
S21401E390C6F81E3035210122072386F8F01086F8CC
S21401E3A0F12086F8F2306323D8F8047086F8EC3052
S21401E3B086F8EF300DF1100A6FF07D02532386F8D0
S21401E3C0ED2086F8EE303622042387F8F32087F80E
S21401E3D0F4305AF8040DFEF72BFC030E020C87F8F6
S21401E3E0F80087F8F530000AFF2387F8F93087F838
S21401E3F0F62087F8F7003A2207F1FA00002115F017
S21401E40095FC40464FF49A7102F0BEFBD9F8040021
S21401E410009552464323414606F0C2FF404602F0AD
S21401E4207DFC5DE795F83030B37795F83130F377BA
S21401E43095F8323086F8203095F8333086F821305A
S21401E440A8E715F005FDC9F8000079E788BE0300C6
S21401E450CC38002000286ED0F8B590F83530DB07B0
S21401E46066D5838D456AB3F5107F5ED30646F5B152
S21401E470324F2B793C7A1BB3013CE4B23C72002C40
S21401E48043D034220021284615F050FC01232B717D
S21401E49096F83530013413F004003C722FD16B79B5
S21401E4A0022B30D00223A8716B712881F8BD34206D
S21401E4B002F028F80546002837D0204F70623C7AD3
S21401E4C034220021284615F031FC002CDED107F05D
S21401E4D0FDF8786048B3427A194942F02002427248
S21401E4E0442206F063FE43221549786807F098F83F
S21401E4F022461449786807F0BFF83C7AC6E73046EA
S21401E500FFF792F970B90020F8BD786807F0B8F8FF
S21401E5107C603C7A34220021284615F007FC002C4A
S21401E520B4D1D4E73046FFF7BFFE4FF0FF30F8BD59
S21401E5306FF00F00F8BD6FF00F007047CC38002069
S21401E54088BE0300CDD901002DE9F0476F4B1D6849
S21401E55084B0F5B16E4EDFF8C0816E4F6C6AACB117
S21401E560617999B1A28A2AB1638A01339BB29A4230
S21401E570638211D0238A1BB15A1E012B228212D02C
S21401E580E3891BB15A1E012BE28115D02D68002D9F
S21401E590E4D104B0BDE8F0872846FFF785FE28469B
S21401E5A0FFF758FFF2E701F0FB03012B15D00A290C
S21401E5B013D00429EAD115E001F0FB03012B01D0A9
S21401E5C00A29E3D12846FFF7CFFDA389628A9B1A61
S21401E5D0012BC4BF5B10E381D8E7002304226271DC
S21401E5E0A37123810DF10E03032221462846FEF76F
S21401E5F0C5FD8146002866D0BDF80E3040685A1C1D
S21401E600F03092B202214FF0390E00F803E0815447
S21401E6105A18B5F82CA003F1030C92B24FEA1A214E
S21401E6201FFA8CFC03F1040E81541FFA8EFE591D4D
S21401E63000F80CA089B29A1D4FF0370A00F80EA018
S21401E64092B203F1070C4FF0040A00F801A01FFA7A
S21401E6508CFC03F1080E4FF0010A00F802A01FFA25
S21401E6608EFE03F1090103F10A024FF0030A0B3390
S21401E67000F80CA092B24FF01C0C89B29BB200F8C5
S21401E6800EC0432B4FF0060C4FF0FF0E00F801C0F2
S21401E690ADF80E2000F802E005D800215A1CC1543E
S21401E6A093B2442BFAD1F03399B2484602F06CFA91
S21401E6B0D8F80400009543233A46494606F070FE12
S21401E6C0484602F02BFBA379FF2B1CD00133DBB2AB
S21401E6D0092BA37117D8C3EB431203EB8203DB00AC
S21401E6E09BB203F2F31386FB0312DB17C3EB621331
S21401E6F09BB2A28A618A2381531A012B7FF746AF08
S21401E7005B10238242E71423F3E700BFECB400203A
S21401E710D34D621084BE0300CC380020F8B5264BDA
S21401E7201C6804B30026012703E0013B2B81246803
S21401E730CCB1656A002DFAD02B89012BF5D8F6D11C
S21401E7406B792E810C2B16D0062B14D0012B0BD0F7
S21401E750082B1AD0032BEAD1AB79012B204628D9F6
S21401E760FFF762F8E3E7F8BDAB79052B204606D83C
S21401E770FEF752FFDBE72046FFF756F8D7E7FFF72D
S21401E78093FD2046FFF766FED1E7AB79012B03D94F
S21401E7902046FEF791FDCAE7002205F11C0120463E
S21401E7A001F086F9AB792F81FF2B1CBF0133AB71CA
S21401E7B0BDE7FEF75BFEBAE7ECB4002058B1406A4D
S21401E7C048B140790A2805D0043801288CBF0020BA
S21401E7D001207047012070472DE9F04F83B08C4629
S21401E7E00192D24C002A00F0B283002800F0FF818B
S21401E7F0217D002961D0056863689D4200F05F8233
S21401E800012900F079814FF0000B4FF00A0E618A62
S21401E810DA465E46F04694F82C90B9F1000F40F0C7
S21401E820088294F844900123B9F1000F57D194F867
S21401E8305C90B9F1000F40F0C88094F87490B9F17B
S21401E840000F40F0A98094F88C90B9F1000F40F0C9
S21401E850EF8094F8A490B9F1000F40F0CF8094F8BF
S21401E860BC90B9F1000F40F0FC8094F8D490B9F157
S21401E870000F40F0108194F8EC70002F40F02381D7
S21401E8801CF0020F40F0D6820A2B019D81465DD016
S21401E8901F467900B9F1000F05D0CA1904EBC20270
S21401E8A0D9F800005060394404EBC1040022A56089
S21401E8B06282184603B0BDE8F08F94F82C90B9F147
S21401E8C0000F24D14946CB46CA464B4694F844909D
S21401E8D04FF00A0E7646F046B9F1000FA7D005684C
S21401E8E0626B954200F0F281B9F1010F00F01081E0
S21401E8F0B4F842708F4201D3394602260A2B94F8A7
S21401E9005C9096D1B9F1000F60D1032395E74FF0E3
S21401E9100A0E05688B468A460B467646F046E76938
S21401E920BD4200F0C581B9F1010F00F0DA80678DB4
S21401E9308F4224BF394601260A2B94F844907FF46F
S21401E94073AFB9F1000FCBD1022370E71CF0010FB2
S21401E95000F070820A2E08D1B8F10A0F40F0458106
S21401E960BEF10A0F00F0668276464FEA460808EBCB
S21401E970060A4FEACA0A374654F80A0020B102F0DE
S21401E980CDF9002344F80A30B04404EBC80800224D
S21401E990334688F814207CE70568626E954200F0DD
S21401E9A0AB81B9F1010F00F0C380B4F872708F42E9
S21401E9B001D3394604260A2B94F88C907FF445AF90
S21401E9C0B9F1000F35D1052343E70568E26C95429E
S21401E9D000F08381B9F1010F00F0B780B4F85A70E6
S21401E9E08F4201D3394603260A2B94F874907FF49C
S21401E9F026AFB9F1000FD0D1042324E70568D4F877
S21401EA009420954200F07081B9F1010F00F0AA80C0
S21401EA10B4F8A2708F4201D3394606260A2B94F821
S21401EA20BC907FF41EAFB9F1000F1BD107231CE782
S21401EA300568E26F954200F06681B9F1010F00F0BA
S21401EA409F80B4F88A708F4201D3394605260A2B77
S21401EA5094F8A4907FF4FFAEB9F1000FCFD106234E
S21401EA60FDE60568D4F8AC20954200F05481B9F172
S21401EA70010F00F09280B4F8BA708F4201D3394684
S21401EA8007260A2B94F8D4907FF4F1AEB9F1000F63
S21401EA9002D10823EFE60568D4F8C420954200F0B9
S21401EAA04281B9F1010F00F08680B4F8D2708F422E
S21401EAB001D3394608260A2B94F8EC707FF4DDAEB4
S21401EAC017B90923DCE60568D4F8DC20954200F086
S21401EAD03281012F7DD0B4F8EA508D4228BF092635
S21401EAE0CEE6A769002F00F00483678D5745FFF433
S21401EAF023AFBA46CE461FE72168002900F0DE8222
S21401EB0000210A268B468E46B046B4F812A082E64D
S21401EB10276B002F00F0C982B4F842705745FFF406
S21401EB20EDAEBA464FF0020EE8E600BFD838002038
S21401EB30276E002F00F0D482B4F872705745FFF4A8
S21401EB403AAFBA464FF0040E35E7A76C002F00F037
S21401EB50BE82B4F85A705745FFF446AFBA464FF036
S21401EB60030E41E7D4F89070002F00F08382B4F8CA
S21401EB70A2705745FFF452AFBA464FF0060E4DE766
S21401EB80A76F002F00F08882B4F88A705745FFF40B
S21401EB905EAFBA464FF0050E59E7D4F8A870002FBD
S21401EBA000F07182B4F8BA705745FFF46AAFBA46FE
S21401EBB04FF0070E65E7D4F8C070002F00F0A08272
S21401EBC0B4F8D2705745FFF476AFBA464FF0080E48
S21401EBD071E7D4F8D810002900F09B82B4F8EA1047
S21401EBE0514528BF4FF0090E4AE64646BDE6237D4D
S21401EBF00BB3012B00F021814FF00A0E658AF04617
S21401EC0081460746064694F82C30002B00F0878193
S21401EC10012B00F0C883638D9D4240F227850A23AD
S21401EC200A2B94F8441015D1002940F0AE80022337
S21401EC3013E00A2373E694F82C30002B40F0718120
S21401EC404FF00A0E7646F0460546814607460346CD
S21401EC5094F84410002940F0988094F85C1000293C
S21401EC6040F0818094F8741000296CD194F88C10CF
S21401EC70002940F09B8094F8A410002940F0B88049
S21401EC8094F8BC10002940F0A28094F8D410002912
S21401EC9040F0BF8094F8EC1000293FF4F1AD012953
S21401ECA000F01681B4F8EA10A94228BF0926E7E564
S21401ECB0276A019ABA427FF436AE0123F9E5A368C2
S21401ECC0019A9A427FF49CAD0023F2E5A26B019F64
S21401ECD097427FF409AE0223EBE5226D019F97422E
S21401ECE07FF478AE0323E4E5D4F89820019F974299
S21401ECF07FF48AAE0623DCE5A26E019F97427FF47D
S21401ED0050AE0423D5E5D4F88020019F97427FF4C6
S21401ED1094AE0523CDE5D4F8B020019F97427FF449
S21401ED20A6AE0723C5E5D4F8C820019F97427FF415
S21401ED30B8AE0823BDE5D4F8E050019AAA427FF4A4
S21401ED40C8AE0923B5E5012900F08280B4F8721037
S21401ED50A94201D30D4604260A2B94F88C1087D1BC
S21401ED6021BB052387E7012900F08B80B4F85A10F0
S21401ED70A94201D30D4603260A2B94F874107FF49A
S21401ED8073AF0029DFD1042370E701296DD0B4F8F1
S21401ED904210A94201D30D4602260A2B94F85C10B4
S21401EDA07FF45DAF0029DED103235BE7012900F084
S21401EDB08280B4F88A10A94201D30D4605260A2B93
S21401EDC094F8A4107FF459AF91B9062358E70129A6
S21401EDD000F08A80B4F8BA10A94201D30D4607267E
S21401EDE00A2B94F8D4107FF452AF91B9082351E757
S21401EDF0012953D0B4F8A210A94201D30D46062624
S21401EE000A2B94F8BC107FF43DAF0029DFD107230D
S21401EE103BE7012976D0B4F8D210A94201D30D46BA
S21401EE2008260A2B94F8EC107FF436AF00293FF43D
S21401EE3048AE34E74FF0FF333BE52368002B00F084
S21401EE40B5820A26678AB046054681468646DAE6D0
S21401EE50216E002900F08B83B4F87210B942FFF4DA
S21401EE607BAF0F464FF0040E76E7216B002900F0CA
S21401EE707583B4F84210B9428FD30F464FF0020E95
S21401EE808BE7A16C002900F0D982B4F85A10B94278
S21401EE90FFF472AF0F464FF0030E6DE7D4F89010F3
S21401EEA0002900F0C282B4F8A210B942A8D30F46D6
S21401EEB04FF0060EA4E7A16F002900F06283B4F8B4
S21401EEC08A10B942FFF47BAF0F464FF0050E76E786
S21401EED0D4F8D810002900F05E82B4F8EA10B942DE
S21401EEE028BF4FF0090ECBE4D4F8A810002900F093
S21401EEF05183B4F8BA10B942FFF472AF0F464FF01F
S21401EF00070E6DE7D4F8C010002900F0A082B4F80F
S21401EF10D210B94285D30F464FF0080E81E7012380
S21401EF2096E6012B40F09D804FF00A0E7646F0469D
S21401EF300546814682460346A169002900F0DD8127
S21401EF40678D5745C0F005814FF0010E68E6237DB9
S21401EF50002800F07A81002B5BD0056861688D423D
S21401EF603FF4B2AE012B00F02A82019E678A4FF071
S21401EF700A0EF046B146B24694F82CB0BBF1000F2B
S21401EF8000F0CF800A23E1698D423FF496AEBBF1D3
S21401EF90010F00F0F081618DB94201D30F460126C1
S21401EFA00A2B94F8441044D1002945D1022394F841
S21401EFB05C10002940F0B78094F87410002940F0E6
S21401EFC0CA8094F88C10002940F0DB8094F8A410D5
S21401EFD0002940F0EC8094F8BC10002940F0FE8037
S21401EFE094F8D410002940F0108194F8EC10002910
S21401EFF03FF446AC0568D4F8DC2095423FF4A1AE58
S21401F000012900F0C381B4F8EA10B94228BF0926E5
S21401F01036E494F82CB04FF00A0EBBF1000F40F026
S21401F0200C81019B7646F0461F4699469A4694F80F
S21401F03044100029BBD00568626B95423FF44BAE85
S21401F040012900F08B81B4F84210B94201D30F4672
S21401F05002260A2B94F85C10ABD1002964D1032355
S21401F060AAE74FF00A0E658DF0468146074603462D
S21401F0700126D5E5B4F8A2705F45FFF4CFACBB46D8
S21401F0804FF00608CAE4B4F8BA705F45FFF4F9AC6D
S21401F090BB464FF00708F4E4B4F88A705F45FFF406
S21401F0A0D6ACBB464FF00508D1E4B4F842705F45D4
S21401F0B0FFF424ACBB464FF002081FE44FF00A0EE3
S21401F0C08A4688467646B4F812B0FFF7A4BBB4F871
S21401F0D05A705F45FFF488ACBB464FF0030883E4E3
S21401F0E0B4F872705F45FFF466ACBB464FF0040897
S21401F0F061E4678D5F45FFF41FACBB46C8461BE461
S21401F100B4F8D2705F45FFF4D6ACBB464FF00808A2
S21401F110D1E4B4F8EA10594528BF4FF00908FFF7C3
S21401F120AFBB012383E70568E26C95423FF4DAAD95
S21401F130012900F05F81B4F85A10B94201D30F4695
S21401F14003260A2B94F874107FF438AF21B90423F0
S21401F15037E7574664E50568626E95423FF4D1ADE0
S21401F160012900F0EE80B4F87210B94201D30F46BF
S21401F17004260A2B94F88C107FF425AF11B90523C9
S21401F18024E70568E26F95423FF4C3AD012900F01C
S21401F190CB80B4F88A10B94201D30F4605260A2B54
S21401F1A094F8A4107FF414AF11B9062313E7056889
S21401F1B0D4F8942095423FF49DAD012900F0A68035
S21401F1C0B4F8A210B94201D30F4606260A2B94F8CA
S21401F1D0BC107FF402AF11B9072301E70568D4F824
S21401F1E0AC2095423FF49DAD012900F01081B4F8A2
S21401F1F0BA10B94201D30F4607260A2B94F8D41049
S21401F2007FF4F0AE11B90823EFE60568D4F8C42000
S21401F21095423FF48EAD012900F0DE80B4F8D2109D
S21401F220B94201D30F4608260A2B94F8EC107FF456
S21401F230DEAE00293FF445ACDDE6019B0568764667
S21401F240F0461F4699469A469DE6002B47D0012B6D
S21401F25000F093824FF00A0E658AF0460746814613
S21401F260064694F82C30002B40F09D81012394F83B
S21401F2704410002940F0618194F85C10002940F0A8
S21401F2804A8194F87410002940F0338194F88C1068
S21401F290002940F01C8194F8A410002940F0058153
S21401F2A094F8BC10002940F0EE8094F8D4100029A0
S21401F2B040F0D68094F8EC1000293FF4E1AA012929
S21401F2C07FF4F0ACD4F8D810002900F06082B4F8CE
S21401F2D0EA10494528BF4FF0090EFFF7D1BA94F856
S21401F2E02C30002B40F07281019B4FF00A0E7646BF
S21401F2F0F0461D461F469946B9E7618D4945FFF41C
S21401F30028AF894657464FF0010889E4D4F8901093
S21401F310002900F08881B4F8A2105145FFF456AFD9
S21401F3208A464FF0060E51E7A16F002900F08C8146
S21401F330B4F88A105145FFF432AF8A464FF0050EF5
S21401F3402DE7216E002900F08881B4F8721051452E
S21401F350FFF40FAF8A464FF0040E0AE7216B00292F
S21401F36000F02582B4F842105145FFF472AE8A4689
S21401F3704FF0020E6DE6A169002900F02182618D31
S21401F3805145FFF40DAE8A46DE4609E6D4F8D8109C
S21401F39000297FF423ACB4F8EA10494528BF4FF0A2
S21401F3A00908FFF76DBABA460A23C5E54FF00A0EFB
S21401F3B07646B4F8129005460746804623E423684D
S21401F3C0002B00F00582DDF804E0B4F812A00A264E
S21401F3D0B0467746F146CFE5D4F8C010002900F0D4
S21401F3E00B82B4F8D2105145FFF41EAF8A464FF097
S21401F3F0080E19E7A16C002900F0F581B4F85A103F
S21401F4005145FFF49EAE8A464FF0030E99E6D4F8B6
S21401F410A810002900F09F81B4F8BA105145FFF4F6
S21401F420ECAE8A464FF0070EE7E6B4F8A21049455F
S21401F430FFF4E6AC89464FF00608E1E4B4F85A104A
S21401F4404945FFF499AC89464FF0030894E4B4F8B3
S21401F450D2104945FFF4E5AC89464FF00808E0E4D0
S21401F460012900F06C81B4F8D210A94201D30D46EF
S21401F47008260A2B94F8EC107FF41EAF00297FF4BF
S21401F4801EAFFFF71EBB012900F03B81B4F8BA108E
S21401F490A94201D30D4607260A2B94F8D4107FF40F
S21401F4A006AF0029DCD1082304E7012900F01D81FD
S21401F4B0B4F8A210A94201D30D4606260A2B94F8E9
S21401F4C0BC107FF4EFAE0029DDD10723EDE601295C
S21401F4D000F0E580B4F88A10A94201D30D4605264E
S21401F4E00A2B94F8A4107FF4D8AE0029DDD10623A8
S21401F4F0D6E6012900F0C880B4F87210A94201D3FB
S21401F5000D4604260A2B94F88C107FF4C1AE002910
S21401F510DDD10523BFE6012900F0AB80B4F85A100F
S21401F520A94201D30D4603260A2B94F874107FF4E2
S21401F530AAAE0029DDD10423A8E6012969D0B4F8D2
S21401F5404210A94201D30D4602260A2B94F85C10FC
S21401F5507FF494AE0029DED1032392E6B4F842107C
S21401F5604945FFF41AAC89464FF0020815E4B4F891
S21401F57072104945FFF4F0AB89464FF00408FFF7D7
S21401F580EBBBB4F88A104945FFF419AC89464FF035
S21401F590050814E4B4F8BA104945FFF421AC8946CD
S21401F5A04FF007081CE4012B00F02F81638D9D426C
S21401F5B09DBF1D4601260A230A230A2B94F84410F0
S21401F5C07FF457AE0029B8D1022355E6012B10D19E
S21401F5D04FF00A0E7646F046054607468146034634
S21401F5E0A16979B1618D4945E7D389464FF0010E8E
S21401F5F0E3E74FF00A0EF046658D0746814603465F
S21401F6000126DAE7618DB942D7D30F464FF00108DC
S21401F610D3E7216B81B1B4F84210494595D38946A9
S21401F6204FF0020E91E7B4F8A2104945FFF4CEADB3
S21401F63089464FF00608C9E5B4F84210B94284D3AA
S21401F6400F464FF0020880E7B4F88A104945FFF4E8
S21401F650A6AD89464FF00508A1E5B4F872104945F4
S21401F660FFF487AD89464FF0040882E51D460A235C
S21401F670FEE4A16CF1B1B4F85A104945FFF454AF59
S21401F68089464FF0030E4FE7216EE1B1B4F87210D0
S21401F6904945FFF437AF89464FF0040E32E7A16FB4
S21401F6A0D1B1B4F88A104945FFF41AAF89464FF034
S21401F6B0050E15E7B4F85A10B942FFF435AF0F46F8
S21401F6C04FF0030830E7B4F87210B942FFF41AAFEE
S21401F6D00F464FF0040815E7B4F88A10B942FFF454
S21401F6E0FFAE0F464FF00508FAE6D4F89010A1B128
S21401F6F0B4F8A2104945FFF4E1AE89464FF0060E74
S21401F700DCE6D4F8A81089B1B4F8BA104945FFF47C
S21401F710C3AE89464FF0070EBEE6B4F8A210B94252
S21401F720FFF4CCAE0F464FF00608C7E6B4F8BA10A1
S21401F730B942FFF4B1AE0F464FF00708ACE6D4F875
S21401F740C01089B1B4F8D2104945FFF492AE89468B
S21401F7504FF0080E8DE6B4F8BA104945FFF44DADEA
S21401F76089464FF0070848E5B4F8D210B942FFF4CD
S21401F77080AE0F464FF008087BE623687BB10A2669
S21401F780B046B4F8129005460746864669E5B4F8D1
S21401F790EA10B94228BF4FF00908FFF771B84FF0D9
S21401F7A00A0E7646678A05468146804659E5B4F8CC
S21401F7B042104945FFF44DAC89464FF0020848E433
S21401F7C0618D4945FFF4ECAB8946D846FFF7E8BBA7
S21401F7D0DDF80480B4F812904FF00A0E76464746DC
S21401F7E0C246FFF7C9BBB4F85A104945FFF4A9ACA5
S21401F7F089464FF00308A4E4B4F8D2104945FFF453
S21401F80013AD89464FF008080EE50A23E8E600BF67
S21401F8102DE9F04F3C4CDFF8F88085B004F1F00597
S21401F8200026277D77B1638A01339BB2B3F5967FB5
S21401F83063820FD2012F0BD0032F15D0042F01D1D5
S21401F840022323751834AC42EBD105B0BDE8F08F26
S21401F850042B0FD9206810B101F060FA26602675D6
S21401F8601834AC42DDD1F0E7042323751834AC42DA
S21401F870D7D1EAE74FF420721C210E20D4F8089065
S21401F88001F0A0F809F12E02834603920028D9D090
S21401F8903846DBF804A0FDF7C7F9039AAAF8060074
S21401F8A01168CAF80810194B9188AAF80C10186844
S21401F8B09988CAF81200AAF81610D9F80410CAF8DE
S21401F8C00E106168CAF8181004218AF805104FF066
S21401F8D0080E062040F606018AF804008AF802E0BF
S21401F8E08AF800608AF801708AF80360434600913E
S21401F8F04846594605F064FF1834584601F00EFA9A
S21401F900AC428ED1A1E700BFD83800203CC003002E
S21401F91034C00300002978D02DE9F04746683388C3
S21401F920B3F5807F84B00D46044605D0204601F02D
S21401F930F5F904B0BDE8F0873379062BF6D1737973
S21401F940042BF3D17388082BF0D12846314606F0F4
S21401F950CDF96F68D6F80E000390B36906F1080872
S21401F960002F54D0BB4251D10127BA46002840D0BF
S21401F970294600F05BFC814600283AD1039B03F040
S21401F980F003E02B35D051462A4603A8FEF724FFA4
S21401F99000282EDBDFF814E100EB4001C9000EEB76
S21401F9A001024FF0020A4FF0180C0C2382F814A043
S21401F9B0956010FB0C33D8F800004EF80300734432
S21401F9C0B8F8040098805EF801A0A2F81290BAF187
S21401F9D0000F0ED04FF40063009305F12E024EF88F
S21401F9E0019043465146284605F0EAFE504601F08E
S21401F9F095F9F388B3F5807F0CD0B3F5007F95D1E8
S21401FA00284603A9FEF7F4FA90E7704700274FF05F
S21401FA10020AABE7002F89D04FF420721C210E207A
S21401FA2000F0D0FF05F12E09074600283FF47EAF0F
S21401FA3002207E68FDF7F8F8F080D9F80030B36050
S21401FA40B9F80430B381D8F80030C6F81230B8F8E7
S21401FA500430F3826A68039BC6F80E20B36106225F
S21401FA60042373713271AA880E4B33604FF6A96373
S21401FA709A420CD040F60601009143464A46284673
S21401FA80394605F09DFE384601F048F94EE740F646
S21401FA90060300934A462846034B394605F090FE76
S21401FAA0F1E700BF0001080034C00300D838002089
S21401FAB02DE9F04F0D4685B00446014628681746E5
S21401FAC000F0B4FB002840F0A4802B6803F0F0029D
S21401FAD0E02A00F09E80002B00F09B802246012148
S21401FAE02846FEF779FE002871DBC6B24FEA4609C2
S21401FAF0DFF8608109EB060308EBC30304F12E0A65
S21401FB001A7D52B1002F00F08980012A4FF0FF3094
S21401FB104CD860D005B0BDE8F08F012018754FF4C1
S21401FB2020721C219C600E2000F04CFF83460028AA
S21401FB3000F08880DBF8043003930120FDF774F8A9
S21401FB40039B424AD880DAF800109960BAF804009C
S21401FB50116892889881C3F81210DA826268C3F835
S21401FB600E202A689A6101225A704FF0080E00256D
S21401FB700620042140F6060283F802E01871597146
S21401FB801D70DD705946324B00922046524605F0F4
S21401FB9017FE584601F0C2F82846002FBAD009EBE6
S21401FBA0060308EBC3031A7D012AB2D9182303FB07
S21401FBB006834FF400655246394620460C330095BD
S21401FBC088F8F06005F0FCFD05B0BDE8F08F40B2A6
S21401FBD005B0BDE8F08F57B13B7B59062AD43B46AA
S21401FBE002E01A7B520625D41B68002BF9D1384651
S21401FBF001F0D6F8DFB109EB060358F8330008B177
S21401FC0001F08CF84E44002048F8367005B0BDE887
S21401FC10F08F6FF00F0005B0BDE8F08F4FF4207243
S21401FC201C210E2000F0CEFE8346002882D14FF024
S21401FC30FF306FE73A464FF420710E2001F0F6F9D7
S21401FC400746D7E74FF0FF30A7E700BF3CC00300E9
S21401FC5034C00300D83800202DE9F04F054687B0A0
S21401FC600E4610682946914600F0E0FA002840F05A
S21401FC708680D9F8002002F0F003E02B00F0A38084
S21401FC806B68A96853400B420FD093B24FF6A96137
S21401FC908B420AD07368DB689BB28B4205D0EA6858
S21401FCA0002A00F0188105F10C09B64C94F8F070A2
S21401FCB04FEA470808EB070304EBC303187D012846
S21401FCC002D999688D4267D0237D012B03D9A1689B
S21401FCD08D4200F0908094F82C30012B03D9216AD4
S21401FCE08D4200F08F8094F84430012B03D9A16B2C
S21401FCF08D4200F08E8094F85C30012B03D9216D83
S21401FD008D4200F08D8094F87430012B03D9A16EDA
S21401FD108D4200F08C8094F88C30012B04D9D4F8F5
S21401FD2080108D4200F08A8094F8A430012B04D90B
S21401FD30D4F898108D4200F0888094F8BC30012BDE
S21401FD4004D9D4F8B0108D4200F0878094F8D430EE
S21401FD50012B04D9D4F8C8108D4200F08E8094F897
S21401FD60EC30012B03D9D4F8E0108D427DD0324619
S21401FD7049462846FFF79CFE07B0BDE8F08F824B48
S21401FD804FF400620092314605F12E02284605F036
S21401FD9017FD07B0BDE8F08F5968914294D102284B
S21401FDA000F04581182303FB074404F10C0905F113
S21401FDB02E0A4FF400644B465246314628460094BC
S21401FDC005F0FEFCD8E799F8013099F8021099F889
S21401FDD003208DF8110003F07F0301245E208DF8C7
S21401FDE013308DF810408DF812008DF814108DF830
S21401FDF0152004ABC4E7616891427FF46CAF002222
S21401FE00174641E0E1698A427FF46DAF0122174649
S21401FE103AE0616B8A427FF46EAF0222174633E006
S21401FE20E16C8A427FF46FAF032217462CE0616EC5
S21401FE308A427FF470AF0422174625E0E16F8A42BA
S21401FE407FF472AF052217461EE0D4F894108A425A
S21401FE507FF473AF0622174616E0D4F8AC108A4238
S21401FE607FF474AF072217460EE0D4F8DC109142F7
S21401FE707FF47DAF0922174606E0D4F8C4108A4203
S21401FE807FF46DAF08221746022B84F8F02010D0BD
S21401FE9007EB470704EBC70404F10C0305F12E0832
S21401FEA04FF40064424631462846009405F088FC2B
S21401FEB062E74FEA470909EB0703DB00E218528ABB
S21401FEC0B2F58E7F64D8B2F5877F07D20C33234410
S21401FED005F12E08E4E76FF003004DE74FF42072BA
S21401FEE01C210E2003F10C0A029300F06BFD029B0D
S21401FEF00433A2448346039305F12E08002800F03C
S21401FF004181DBF8042002920120FCF78DFE029A63
S21401FF101E49D080D8F800009060B8F804E0086860
S21401FF208988A2F80CE0C2F81200D1826968039BA6
S21401FF30C2F80E10E3589361062104231171537120
S21401FF40A8880121517000234FF6A96188421370D9
S21401FF50D3704FF0080E40F6060382F802E05946C9
S21401FF60009342460CBF084B534628464F4405F0C3
S21401FF7027FC04EBC704584600F0D0FE0322534684
S21401FF8022758DE7D838002034C003003CC003003A
S21401FF904FF420721C210E20029300F013FD029BE9
S21401FFA082469B461A1D05F12E08002800F0EC80BB
S21401FFB0DAF80430039201200293FCF735FE029B27
S21401FFC07549D880D8F800009860B8F804E0086849
S21401FFD08988A3F80CE0C3F81200D9826968039AED
S21401FFE0C3F80E10A2589A610621042219715A719B
S21401FFF04FF0080E00220121597083F802E01A70B2
S214020000DA7040F606034246514600932846634B92
S21402001005F0D6FB504600F081FE09EB070204EB22
S214020020C2020BF10C0303212344117538E75B8AE5
S214020030B3F58E7F56D8B3F5877FFFF4B3AE07EBE2
S2140200404703DB0003F10C094FF4207204331C2132
S2140200500E20029300F0B6FCA144834605F12E0A58
S21402006000283FF4A6AEDBF8043003930120FCF729
S214020070DBFD039B484AD880DAF800109960BAF88C
S214020080040011689288C3F812109881DA826A68AE
S214020090C3F80E20029AA2589A6106210422197108
S2140200A05A71A888012159704FF0080E00224FF6A7
S2140200B0A961884283F802E01A70DA7040F60603F5
S2140200C0009352460CBF354B4B465946284647448A
S2140200D005F076FB04EBC704584600F01FFE032229
S2140200E0227566E61C214FF420720E2000F06AFC90
S2140200F007EB47094FEAC909834609F1040105F1EE
S2140201002E0A002843D0DBF8043003910120029324
S214020110FCF78AFD029B204AD880DAF80000986035
S214020120BAF804E010689288A3F80CE0C3F812004C
S214020130DA826A680399C3F80E2062589A61062129
S214020140042219715A714FF0080E002201215970CB
S21402015083F802E01A70DA7040F6060352465946F1
S214020160009328460D4B05F02BFB584600F0D6FDB3
S21402017008EB070204EBC20209F10C090321A144B1
S214020180117516E653468BE60C33234488E609F1CE
S2140201900C09A1440DE600BF3CC0030034C00300B6
S2140201A02DE9F0414FF4207282B0064688460E20B2
S2140201B01C2100F007FC90B3054601206C68FCF792
S2140201C033FD06F12E07E0803A68164BA260B98826
S2140201D01A689B88A181C4F81220E3827368C4F867
S2140201E00E30D8F80030A361042363710622002380
S2140201F022712370E3700122082040F60603627023
S214020200A0703A4600932946074B304605F0D8FAC6
S214020210284600F083FD002002B0BDE8F0814FF0D2
S214020220FF30F9E73CC0030034C00300431E03332B
S21402023014D891F8353013F002030DD04B6898426B
S2140202400AD08A684340134206D1D24332EA0003F8
S2140202500CBF012000207047002070470120704725
S2140202602DE9F04182B002AE036846F8043D2F4DF8
S2140202702F4C0DF1080C00274FF02E0E96F800803A
S214020280002000E01046A4FB0831C90801EB8103F8
S214020290A8EB43030DF108088044303303F0FF0354
S2140202A0421C08F8083CD2B201F0FF080029E9D146
S2140202B006F8018B2AB30F2F07F101011DDC421E3F
S2140202C02B70D3B26A1CF0B10F2907F1020814DCB6
S2140202D002AA1A44023812F8082C6A70C0B2AA1C83
S2140202E00BB3B8F10F0F07F1030106DC02AB0344B0
S2140202F0EA1C13F8083CAB7028B1002002B0BDE837
S214020300F0812A4639460F2901F10107F5DC6645D8
S21402031082F800E002F10105B0D104480023137010
S21402032002B0BDE8F0814146EDE700BFCC390020BF
S214020330CDCCCCCC0A4B0B4A70B423F0030303F5A6
S21402034080514FF48056002501241E601D714FF027
S21402035010200C71516008601360936070BC704787
S2140203609F3B0020DC390020002866D0830764D13A
S214020370334B1968A0F108028A425ED32DE9F04396
S2140203805C6800F10C05AC4258D310F8045C002DF2
S21402039054D030F8085CB5F5805F4FD830F806ECDC
S2140203A0BEF5805F4AD8A2EB010C1FFA8CFCF4451E
S2140203B001EB0E0703D031F80E6066453ED14E19AA
S2140203C0B44203D0B6F80280E04537D1D3F80880AD
S2140203D04FF00009424500F8049C01D29A6090460C
S2140203E0B24217D096F80490B9F1000F12D1B44277
S2140203F010D0358820F8085C3488464508BF9A60D5
S214020400B4F5805F06D00C44A4F802C030F806ECBF
S21402041001EB0E07BA4211D03E797EB99E683D8046
S214020420B24208BF9F6030F8083CB3F5805F05D043
S2140204301944A1F802E0BDE8F0837047BDE8F083F6
S214020440DC390020CB1C23F003039BB20B2B3AD9DA
S214020450B3F5805F51D899424FD8F0B5284D2A6837
S21402046082422FD8696888422CD2A0F1080130F85F
S214020470086C891A89B2A6F10804641AA4B29C42CE
S2140204801FD31FD002EB060E9EF80470EFB103F1E5
S2140204901407A74216D801F1080423449BB2AF689A
S2140204A0D418A74288BFAC6000252571D652618059
S2140204B020F8083CD15AB1F5805F03D00A44538035
S2140204C0F0BD0020F0BD0C23C5E701F10807AC68BB
S2140204D032F806C03B449BB2744502EB030408BFE5
S2140204E0AC600025A4F800C06180257120F8083CA5
S2140204F02188B1F5805FE1D1E4E70020704700BFB4
S214020500DC390020002851D02DE9F041C61C26F027
S2140205100306B6B20B2E27D9B6F5805F21D8B042B5
S2140205201FD82B4FD7F808E03968AEEB0105ABB2FF
S214020530C6F5805C63451D4613D26FF0070806E0D9
S214020540CB5A1A44964211D99C451D4609D9C81859
S214020550A8EB03020479002CF2D0CD5A2B469C4518
S214020560F5D80020BDE8F0810C26D8E706F1140C79
S214020570624507D201241A460471864517D0083010
S214020580BDE8F08106F108022A4492B28E184FF0B6
S214020590010C34718B527580028080F804C08B5A2D
S2140205A0B3F5805FE9D00B445A80E6E770477C6873
S2140205B0A04205D10346BB60E1E7A34205D01A88F4
S2140205C08B181A79002AF8D1F5E72346F3E700BF1D
S2140205D0DC39002038B501FB00F4A3B29C420AD1F4
S2140205E01846FFF78FFF054618B12246002113F082
S2140205F09DFB284638BD0025284638BDF0B5134F6A
S214020600134B144D07F1240CA7F10C0204244FF0EF
S214020610000E033323F00303C5F800E064B10021A3
S21402062016880A4600E003460132A242196003EB2E
S21402063006002B601946F6D1BC4505D057F8042FA4
S214020640956853685488E4E7F0BD00BF98BE03007F
S214020650B04B0020E8390020092809D8054B03EBE7
S2140206608000C3689B68186818B102681A607047F1
S214020670002070478CBE0300092808D839B1044B05
S21402068003EB8000C3689B681A680A6019607047AB
S2140206908CBE03006FF00B00704700BF704700BFB0
S2140206A02DE9F04182B0099F00287FD0002F7DD02F
S2140206B0DFF82481089DDFF824E1064644480C460C
S2140206C098F8001086F83810002A08BF0246002163
S2140206D07160B160F16086F835107162B1621268BD
S2140206E035628C4208BF04460A9DB1858B4208BF1C
S2140206F00346F16135612168C6F814E0002A59D034
S214020700B2601B6803B1F36069BB3046B847002885
S2140207104CD1304F96F838103C68FF2904BF86F853
S2140207203800002164B194F838308B4214D0234646
S21402073003E093F838208A420ED01B68002BF8D1CB
S214020740FE290ED04B1CDBB23046346088F80030EF
S2140207503E6002B0BDE8F0810131C9B286F83810B9
S214020760DBE70023F0E72368002BCED0002201A9A6
S21402077068468DE80C0001F099FF01A9684604F06E
S214020780B3FF01A9684600F0D5FD96F83530226819
S214020790726003F00501052910D0F369002BB4D06E
S2140207A0304698473046B8470028B2D0002002B0FC
S2140207B0BDE8F0811B68002BA5D1A5E7002AECD086
S2140207C01B07EAD5311D3046FFF7EAFCE5E700BF16
S2140207D088BE0300ECB40020103A00209506020002
S2140207E0F0B53D4D002914BF0E462E46044630682D
S2140207F0002A14BF17462F4683B0002B18BF1D468B
S21402080070B13B68A26893424FF000012AD0A36001
S2140208102B68E268934200D0E36049B303B0F0BDB0
S2140208206368CBB101A901906846009301F03EFFD0
S21402083001A9684604F058FF01A9684600F07AFD4F
S21402084094F835203368636002F00501052939D033
S214020850E3690BB1204698473B68A26893424FF083
S2140208600101D4D12B68E2689342D5D10029D5D1B3
S214020870636832689A42D1D001A968460192009311
S21402088001F014FF01A9684604F02EFF01A968468C
S21402089000F050FD94F835203368636002F00501DD
S2140208A0052906D0E369002BB8D02046984703B046
S2140208B0F0BD002BF6D01307F4D5211D2046FFF716
S2140208C06FFCEFE7002BC3D01207C1D5211D2046CF
S2140208D0FFF766FCBCE700BF88BE0300014B18604A
S2140208E0704700BFF0B40020F0B110B590F8352084
S2140208F0D10704460CD4C36942F0010280F83520C1
S21402090013B1984794F8352002F00503052B00D062
S21402091010BD6368002BFBD01307F9D5211D2046B6
S214020920BDE81040FFF73CBC704700BF00B310B5EF
S21402093090F835205107044600D510BD42F0040257
S21402094080F83520FDF73EFB204605F023F994F8A3
S214020950353003F00502052AEFD16268002AECD092
S2140209601B07EAD5211D2046BDE81040FFF718BC3C
S214020970704700BF68B1084B1A6812B907E01268E0
S2140209802AB192F838300133DBB29842F7D11046DA
S2140209907047024610467047ECB40020074A084BE0
S2140209A0106800221A7010B906E0C06820B1436FC2
S2140209B0002BFAD001F0CABE704700BFFCB400207C
S2140209C0F4B40020412A2DE9F8431446894663D040
S2140209D05BD9B2F5C17F87B22BD0B2F5207F56D154
S2140209E0FB1CCA1C22F0030223F0030313449BB22F
S2140209F00546934203F1100080B248D3824246D89D
S214020A00FFF780FD8046002843D0002143190A469E
S214020A1069F30F024A48C8F80C00133323F00303A5
S214020A2069F31F4288E80A00C8F808204046BDE875
S214020A30F8830026434DB04640F2EC5409E030609D
S214020A40A9EB03031FFA83F900270646B9F1000F44
S214020A501FD00920FFF700FEFB1C23F00303E31A56
S214020A609BB2074413374B4528BF4B46002227F05C
S214020A70030730B380E88400A0F808904381C5607D
S214020A80B8F1000FDBD18046DAE7012A04D04FF036
S214020A9000084046BDE8F8830820FFF7DDFD8046E3
S214020AA00028F6D00023012204734373C3738273B3
S214020AB0A0F80890A0F80A90036043604046BDE89C
S214020AC0F883214B01221A70B8F1000FDFD098F894
S214020AD00E30013BDBB288F80E30002BD7D198F8E7
S214020AE00D30D8F800409B0717D498F80C3003F066
S214020AF00F03022B1AD0012B1DD09BB1002CC6D09F
S214020B00A37B013BDBB2A373A046002BBFD198F8B0
S214020B100D30D8F800409B07E7D5D8F8103040468D
S214020B209847EBE74046FFF71FFCE7E741460920F8
S214020B30FFF7A2FDE2E741460820FFF79DFDDDE74D
S214020B408000010082000100F4B4002070B403307B
S214020B5020F00300BDF81050039C0E18AE420FD8CA
S214020B6004B1044418460226012500230273467384
S214020B708573C373446001814181036070BC704712
S214020B80002070BC704700BF38B503898B4239D944
S214020B9042890D469542A3EB0101044689B201D86B
S214020BA008E023895B1A23812468AD1A6289ADB2F4
S214020BB0AA42F6D3237B190704D1954202D0637B5F
S214020BC09A0730D5206865812581C0B1837B013BB9
S214020BD0DBB283739BB9437B05689B0716D4037B02
S214020BE003F00F03022B14D0012B17D05BB135B1E3
S214020BF0AB7B013BDBB2AB732846002BEBD000236A
S214020C00236038BD38BDFFF7AFFBF0E703699847AE
S214020C10EDE701460920FFF72FFDE8E70146082029
S214020C20FFF72AFDE3E763681B1BE918204689B233
S214020C30FFF708FC0446C5E758B1B1F5803F08D275
S214020C4009B90846704703898AB213449BB29A428E
S214020C5001D90120704730B490F90C40002C02DB19
S214020C60012030BC7047446800F11005611AA942A1
S214020C70F6D3448941602244038142810020F0E792
S214020C8098B1B1F5803F10D289B143898AB29A42AF
S214020C900BD830B4456804899B1A2944A21A4381AA
S214020CA04160028130BC0020704701207047084630
S214020CB0704700BF002930B404DB58B391B9002056
S214020CC030BC704730B3494243898AB29A4221D82F
S214020CD0456804899B1A2944A21A4381416002810D
S214020CE00020EDE703898AB213449BB29A4211D8D8
S214020CF090F90C40002C07DB4468611A4489416075
S214020D00224403814281DAE7456800F11004691A39
S214020D10A142F3D2012030BC704700BF38B578B389
S214020D20857B013DEDB285738DB129E0037B03F02F
S214020D300F03022B1AD0012B1DD0A3B10135EDB241
S214020D407CB1A37B013BDBB2A37320464BB9437B4A
S214020D5004689B07EAD5036901359847EDB2002C73
S214020D60EFD1284638BDFFF7FFFAE7E7014609202C
S214020D70FFF782FCE2E701460820FFF77DFCDDE78D
S214020D800025284638BD00BF38B10023006801336D
S214020D909BB20028FAD1184670470346FBE700BF0D
S214020DA010B1837B01338373704700BF98B191B152
S214020DB0026830B40AB90FE0224603890D89146826
S214020DC02B4403811046002CF6D130BC08891389C7
S214020DD011600344138170470246F6E7B8B1A9B121
S214020DE0026830B40AB918E0224603890D891468ED
S214020DF02B4403811046002CF6D113890889116012
S214020E000344138130BC8B7B01338B7370470029FC
S214020E10FCD08B7B01338B7370470246EDE700BF35
S214020E2000284DD02DE9F0410D46002944D0028914
S214020E300B899A4206463FD300274C89B8467389E7
S214020E4069687068E21BA3EB0804944228BF144644
S214020E5040443944224612F06BFE6B8927449F4277
S214020E60738928BF2D68A04428BF002798450DD057
S214020E7095B16C892B899C4215D0328973899A4226
S214020E80DDD1336893B95DB16C89D8E736688EB127
S214020E904FF00008002DECD1328973899A42F0D0C7
S214020EA02846BDE8F0812B68002BE6D06FF00500DF
S214020EB0BDE8F081002DF3D06FF00F00BDE8F081A1
S214020EC06FF00F00704700BF2DE9F041074650B3A0
S214020ED00E4661B3154662B34FF0000806EB0800F3
S214020EE07A8953B19A42A3EB020106D83F688BB2C5
S214020EF0002FF3D14046BDE8F081D41AA4B2AC422A
S214020F0028BF2C4679682D1B224619444444ADB2AC
S214020F1012F00EFE1FFA84F83F68002DEAD0002376
S214020F20002FDBD1E6E780464046BDE8F0818846E2
S214020F30E0E79046DEE700BF18B32DE9F0418846A9
S214020F40D9B1038993421646054612D300276AB1E1
S214020F506C896868B44228BF344608EB070122460B
S214020F6012F0E6FD361B27442D68F1D10020BDE8BD
S214020F70F0814FF0FF30BDE8F0816FF00F00BDE862
S214020F80F0816FF00F007047002847D02DE9F0413E
S214020F901646428993420F46044603D20BE0628904
S214020FA09A4208D824689B1A9BB2002CF7D14FF0BD
S214020FB0FF30BDE8F081208999198842F7DBD21A02
S214020FC09642606822DD95B2761B2A461844394658
S214020FD0B6B212F0ADFD3D44EEB127680FB305B3CD
S214020FE03B89B342E3D34FF000087C897868B44269
S214020FF028BF344605EB0801224612F099FD361B3F
S214021000A0443F68F1D10020BDE8F0813246184482
S214021010394612F08DFD0020BDE8F0814FF0FF301A
S21402102070476FF00F00BDE8F08100BF41292DE93F
S214021030F04717460C46B2F808906DD065D9B1F560
S214021040C17F1FFA80FA31D0B1F5207F5FD10AF155
S214021050030309F1030222F0030223F003031344FD
S2140210609BB20546934203F1100080B24FD38242F0
S2140210704DD8FFF747FA8046002848D0431900218A
S21402108013330A4623F0030369F30F0288E80A00C3
S21402109069F31F424B48C8F80820C8F80C003946C6
S2140210A04046FFF7BDFE4046BDE8F0870024464EA8
S2140210B0A04640F2EC550AE02060A9EB03031FFAB3
S2140210C083F94FF0000A0446B9F1000FE7D0092071
S2140210D0FFF7C2FA0AF1030323F00303EB1A9BB2EB
S2140210E082440AF1130A4B4528BF4B4600212AF0D8
S2140210F0030240B380E80600A0F808904381C66069
S214021100B8F1000FD8D18046D7E7012904D04FF0B6
S21402111000084046BDE8F0870820FFF79DFA8046A3
S2140211200028F4D000230122A0F80890A0F80A9024
S2140211300473036043604373C37382733946404645
S214021140FFF76EFEAFE7214B01221A70B8F1000FCF
S214021150DDD098F80E30013BDBB288F80E30002B5B
S214021160D5D198F80D30D8F800409B0717D498F8D8
S2140211700C3003F00F03022B1AD0012B1DD09BB1AB
S214021180002CC4D0A37B013BDBB2A373A046002B8A
S214021190BDD198F80D30D8F800409B07E7D5D8F8AF
S2140211A0103040469847EBE74046FFF7DDF8E7E7A2
S2140211B041460920FFF760FAE2E741460820FFF7BA
S2140211C05BFADDE78000010082000100F4B4002033
S2140211D058B14389994203D208E043898B4205D825
S2140211E00068C91A89B20028F7D170474368585C6C
S2140211F0704700BF58B14389994203D208E0438939
S2140212008B4205D80068C91A89B20028F7D1704700
S21402121043685A54704700BF2DE9F84F434FDFF832
S2140212201091396880467869FFF700F8D8F80430DC
S214021230D9F800405D7A002C72D0002833D10646D9
S21402124007F1100A03E0E368264613B31C46237C24
S214021250AB42F8D1227AF2B9236813B17A69934283
S214021260F1D1637CDA0703D53A6963689A42EAD118
S214021270D4F814B0BBF1000FE5D0534642462146DF
S214021280A069D847002840D1E36802202646002BF2
S214021290DCD1BDE8F88F7B6893F838300133DBB2D7
S2140212A09A42D0D1D8E70020064607F1100A03E09A
S2140212B0E3682646FBB11C46237CAB42F8D1227A71
S2140212C0DAB92368002BF3D1637CDB0703D56268A7
S2140212D03B699A42ECD1D4F814B0BBF1000FE7D0C8
S2140212E0534642462146A069D84770B9E3680220B1
S2140212F02646002BDFD1BDE8F88F7B6893F838309E
S2140213000133DBB29A42D3D1DBE766B1E268D9F8A1
S2140213100030F260C9F80040E3600120BDE8F88FB3
S2140213202046BDE8F88F0120BDE8F88F18B50020EA
S214021330143A0020A0B1026892B189B10B687BB161
S214021340084B1B6863B110B400E002681C68A24236
S21402135004BF0A681A60DB68002BF6D15DF8044BFE
S214021360704700BF143A002070B50646806F18B169
S214021370FFF7D4FC0023B367746F6CB1636825680B
S21402138018460BB1FFF7CAFC21460420FFF774F992
S2140213902C46002DF2D17567F46E4FF6FF73338636
S2140213A064B16368256818460BB1FFF7B7FC21469F
S2140213B00420FFF761F92C46002DF2D1346F64B198
S2140213C06368256818460BB1FFF7A8FC214604207F
S2140213D0FFF752F92C46002DF2D10023F36633674D
S2140213E0A6F8683070BD00BF30B5037D85B00446F0
S2140213F019B1042B13D0072B11D0012B00F09E80BD
S21402140048D3022B34D0042B00F0C480072B00F004
S214021410E480032B00F0BE80002005B030BDA26F32
S214021420002A49D0238BE08A626A216D0293231D2B
S214021430019000932046234603F0AEF8237D012B4D
S21402144004D90A2B02D02046FFF78EFF674B1A6894
S214021450944242D0002A42D0D3689C4200F0AD802B
S214021460002B3CD0DA68944200F0A8801346F7E7D7
S2140214705E4B1A6894423FD0002A3FD0D3689C4203
S21402148000F09F80002B39D0DA68944200F09A80F0
S2140214901346F7E7E38ACBB1554B1A68944211D04C
S2140214A092B1D3689C4200F094806BB1DA689442A1
S2140214B000F090801346F8E7218D41F2D062914207
S2140214C0B0D19AE7E2681A600023E3602146022060
S2140214D0FFF7D2F8002005B030BDE2681A60454B2F
S2140214E0454A1B68012100259C421170E560EDD13A
S2140214F002F05AFB284690E7E2681A600023E3608F
S2140215002046FFF731FF237D0A2B0AD0012B08D095
S214021510638BDA0705D543F002036383204603F0A4
S2140215202FF90025344B25750122E582214602203B
S2140215301A70FFF7A1F8284605B030BD2F490020E3
S21402154001F10C0551F8043B1B6833B1DA6F944283
S21402155008BFD867DB68002BF8D1A942F2D1284B26
S2140215601A68944209D052B1D3689C422DD033B146
S214021570DA6894422AD01346F9E7E2681A60002530
S214021580E5602575E58221460320FFF775F82846B3
S21402159005B030BD204602F0A1FE28B9052323750A
S2140215A0204603F0EDF837E7431C7FF436AF638B33
S2140215B043F00803638300202FE71346E268DA60ED
S2140215C08DE71346E268DA6098E71346E268DA6067
S2140215D0D5E71346E268DA6076E7204602F07EFE3A
S2140215E00028E1D109232375DAE700BFFCB4002006
S2140215F008B5002010B50020F8B4002030BF030064
S21402160004B50020002946D0F8B56AB3088D1589BE
S2140216100544ADB241F2D0639D4221D91D4608462B
S2140216204E6AC96A05851446428E40F66837BA4243
S21402163094BF8A18CA1933449A1A002A23DB5B1A03
S21402164040F2B3529342458505D9438B43F00203D9
S214021650438303F095F82046FFF760FB0020F8BDB1
S214021660A842DBD82B46DAE7002BF7D10B7D012BFD
S21402167003D04B8B43F010034B830846BDE8F8407B
S2140216800121FFF7B1BE731A002B02DD002343854A
S214021690E1E78B1BFBE76FF00F00704708B512F00F
S2140216A0D7FB034B6FEA80406FEA9040188008BD74
S2140216B00801002001460220FEF7DEBF002800F0E7
S2140216C00A8130B5037D012B85B0044659D0428B82
S2140216D0042B42F0100242831BD0072B19D0002B9A
S2140216E06FD0022B40F0BC807C4B1A68944200F00C
S2140216F09580002A00F09480D3689C4200F0DC803B
S214021700002B00F08D80DA68944200F0D6801346F3
S214021710F6E7A26F002A6BD0238B626A216D0293D2
S214021720E38A0193231D00932046234602F034FFEA
S214021730237D012B04D90A2B02D02046FFF714FE84
S214021740664B1A68944200F0AC804AB1D3689C4259
S2140217504AD02BB1DA68944247D01346002BF9D10F
S2140217605F4B604A1B68012100259C421170E560B0
S21402177000F09A8002202146FEF77EFF002005B088
S21402178030BD5949002001F10C0551F8043B1B6895
S21402179033B1DA6F944208BFD867DB68002BF8D102
S2140217A0A942F2D1514B1A6894422AD0002A2AD072
S2140217B0D3689C427CD033B3DA68944279D013461D
S2140217C0F9E7E38A002BD5D0494B1A6894427FD0BA
S2140217D0002A63D0D3689C425DD0002B5ED0DA68C4
S2140217E0944259D01346F8E71346E268DA60B7E740
S2140217F0218D41F2D06291428ED1002B7FF471AFDF
S214021800DFE7E2681A600025E5602575E582214675
S2140218100320FEF731FF284605B030BDE2681A60A5
S2140218200023E3602046FFF79FFD237D0A2B0AD0A4
S214021830012B08D0638BDA0705D543F002036383D6
S214021840204602F09DFF0025264B25750122E582E3
S214021850214602201A70FEF70FFF284605B030BD5B
S214021860042B05D0072B2BD0032B01D0002086E7B4
S214021870204602F033FD28B905232375204602F0E0
S2140218807FFFF3E7431C7FF47AAF638B43F00803D2
S2140218906383002073E71346E268DA600023E3609E
S2140218A068E7E2681A605BE702F07EF9284666E7B8
S2140218B01346E268DA60A6E71346E268DA60AFE744
S2140218C0204602F00BFD0028DCD109232375D5E75C
S2140218D0E2681A60E2E76FF00F007047FCB400207F
S2140218E010B50020F8B4002030BF030004B5002075
S2140218F008B500202DE9F04F87B00591002865D085
S214021900017D0A29044600F0A980D0F850A0D0F83C
S21402191024B0D0F89080D0F81090002959D1C68A09
S214021920002E3FD10596276F67B17B683D68184643
S2140219300BB1FFF7F3F939460420FEF79DFE2F465A
S214021940002DF2D1E76E67B17B683D6818460BB191
S214021950FFF7E4F939460420FEF78EFE2F46002DE7
S214021960F2D1676F67B17B683D6818460BB1FFF727
S214021970D5F939460420FEF77FFE2F46002DF2D118
S214021980059B002B52D121460220FEF775FEB8F1C8
S214021990000F1BD048466FF00C01434607B0BDE867
S2140219A0F04F18473E4B1A68904273D04AB1D3683C
S2140219B0984247D02BB1DA68944244D01346002BA3
S2140219C0F9D100231E46E3600593ACE707B0BDE8F5
S2140219D0F08F344BC68A1A68904209D052B1D36847
S2140219E0984237D033B1DA68944234D01346F9E7D6
S2140219F0C2681A6000230129E36010D02046FFF770
S214021A00B3FC237D0A2B0AD0012B08D0638BDA079E
S214021A1005D543F002036383204602F0B1FE224A54
S214021A200023012111702375E3827CE7238B029346
S214021A30231D8DE848005A4651462346204602F0AA
S214021A40ABFDA0E71346E268DA6000231E46E360B9
S214021A50059368E71346E268DA60CBE7134B1A6829
S214021A6090421AD05AB1D368984205D03BB1DA6890
S214021A70944202D01346F9E71346E268DA6000237E
S214021A8021460220E3602375E38207B0BDE8F04FEB
S214021A90FEF7F2BDC2681A6093E7C2681A60EEE704
S214021AA008B50020FCB40020F8B400200CB50020D5
S214021AB008B508460121FFF71DFF6FF00C0008BDB0
S214021AC00121FFF717BF00BFF8B5304B002908BF4A
S214021AD01946002857D0037D002B51D11AB32C4E3D
S214021AE006F1100756F8043B1B6813B90DE0DB68D5
S214021AF05BB1DC8A9442FAD11C681CB10D680DB148
S214021B00AC42F4D16FF00700F8BDBE42EAD10B68D2
S214021B1003B103601F4BC2821A68C260186003F0EA
S214021B20CBF90020F8BDDFF870E0DFF870C0BEF831
S214021B3000204FF480464FF6FF77013292B2144DE2
S214021B40BA4208BF4FF4404255F8043B1B6813B92B
S214021B500DE0DB685BB1DC8A9442FAD1013EB6B294
S214021B60002EEAD1AEF800206FF00100F8BDAC45B9
S214021B70EAD1AEF80020002AC9D16FF00100F8BD04
S214021B806FF00500F8BD6FF00F00F8BD88BE0300C9
S214021B902CBF030008B50020080100203CBF03004C
S214021BA070B500283BD0067D002E38D104460320AF
S214021BB0FEF752FD0546002831D02269E38A02610B
S214021BC00122C3820275627D4275627A4272067291
S214021BD0E27AC272A27A8272226802608BB1134BD8
S214021BE01A68944209D052B1D3689C421AD033B1D3
S214021BF0DA68944217D01346F9E7E2681A600023BF
S214021C00E36021460220FEF737FD094B094A1968B0
S214021C10E960AA611D6003F04FF9284670BD0025F1
S214021C20284670BD1346E268DA60E8E708B5002089
S214021C3004B50020B11A0200F0B4058DC46A418EC4
S214021C40466A2B1B40F66837B942024603EB06008B
S214021C5094BF431AC31B002B02DB5585F0BC7047AA
S214021C60331B002B04DD002318465385F0BC704757
S214021C70A41B54850020F0BC704700BF48B3028DF9
S214021C80114489B241F2D063994270B422D91946FE
S214021C90456AC46A428E018540F66836B24294BFEF
S214021CA0A218A2192B449A1A002A0CDB1B1B40F21C
S214021CB0B352934241850BD9438B43F002034383CD
S214021CC070BC02F05DBD2B1B002B07DD0023438595
S214021CD070BC70478A42DAD80B46D9E7631BF6E730
S214021CE02DE9F04FDFF8C882DFF8C8A2D8F8002046
S214021CF09AF80030DFF8C0B20132013387B0C8F874
S214021D0000208AF80030A54B1C68002C75D04FF0D6
S214021D1000099AF80030A27F9A4200F0D180227D14
S214021D20A377022A94F8423000F0D7800B2B00F2F9
S214021D30C48094F89970002F00F0408194F89A308D
S214021D400B2B00F2BA80964B1F4494F89830F97B1E
S214021D50994200F2AB81B4F86070002F40F089809F
S214021D60204602F061FF002800F08A80227D0121D1
S214021D70062A00F09680667A16F0080600F0AB8017
S214021D80042A00F0E080072A00F0DD800023059395
S214021D90666F56B1D8F80020206AB4F94030121A9D
S214021DA003EB4303B2EB430F49D2237D032B57D0F9
S214021DB0092B00F09980002F40F06F81237F627F0D
S214021DC0E5680133DBB29A42237712D8D4F88C2026
S214021DD0002323778BF80030002A00F04481214646
S214021DE0206990479BF80030002B8CD1002800F029
S214021DF03A81A1462C46002C8BD16A4E34680025C7
S214021E00D4B1D8F80030226A9B1AF02B5ED9237D13
S214021E10012B04D90A2B02D02046FFF7A5FA002D83
S214021E2000F05181E368EB60E768214602203C46F9
S214021E30FEF722FC002CE4D107B0BDE8F08F7368F1
S214021E40356818460BB1FEF769FF31460420FEF7E7
S214021E5013FC2E46002DF2D1237D6567032BA7D1F6
S214021E60D8F80030226A9B1A282B43D8002FA5D018
S214021E7040E03946204602F097F9002800F0268115
S214021E8094F899300027062B84F898703FF66EAFC8
S214021E90227D0133062A84F899304FF001017FF43F
S214021EA06AAF638BDB067FF571AFD8F80030226A23
S214021EB09B1A282B88BF0F4668E70221012757E79F
S214021EC0A146E468002C7FF424AF96E72546E46832
S214021ED0002C96D1B0E705965AE7052B7FF629AF78
S214021EE000230593012753E7D8F80030226A9B1A8D
S214021EF0F02BBBD9D4F890502046FFF735FAE368AA
S214021F00B9F1000F00F0DC80C9F80C30059B002BFD
S214021F1040F0B680214602202669E468FEF7ACFB54
S214021F2000238BF80030002D3FF465AF30466FF08B
S214021F300C01A8479BF80030002B7FF4E4AE002C7F
S214021F407FF4E7AE59E7D4F89450D8F80020206A18
S214021F50154E05F5242303F6B843A6FB0363121AAF
S214021F60B2EB531F00F28880104994F89B3001FBB5
S214021F7003530D49A1FB0313B2EB531F7FF606AFC3
S214021F80204602F0E3FD00287FF400AF94F89B3071
S214021F900590013384F89B30FAE600BFFCB40020BB
S214021FA02CBF03000CB50020D34D6210F8240100AC
S214021FB000B50020183A0020F8B40020B4F93030FA
S214021FC0002B06DB47F6FF718B4207D001331BB2AC
S214021FD02386B4F9401099423FF7C9AE204602F074
S214021FE021FA38B1236F002B7FF4C0AEE36E002BCC
S214021FF03FF4BCAE237D022B15D094F8422038481D
S214022000B4F93C10B4F93E300C2A94BF80180C3058
S21402201003EBE103017E47F6FF728B409342A8BFB3
S2140220201346A4F84030B4F84820B4F86030618E05
S214022030A4F84810934228BF13464A0092B25B089F
S2140220409342A4F84A304FF000004FF00003208677
S21402205038BFA4F84A20A4F86A30204602F034FDBD
S214022060227D012184E62046A1462C4602F088FB0A
S214022070002C7FF44EAEC0E601230F46059387E69A
S214022080238B626A216D0293E38A0193231D0093D8
S2140220902046234602F080FA3CE7012BD4F8905003
S2140220A07FF62DAF0A2B3FF42AAF25E70133DBB2CA
S2140220B0994284F898307FF64EAE0121002757E603
S2140220C0084A136022E7E7683760AEE6204602F069
S2140220D057FB00287FF4D4AE0746227D012147E64F
S2140220E02CBF0300FCB400202DE9F84FDFF8748102
S2140220F0DFF8749198F80030013388F8003041F226
S214022100D06B574B1C68002C6CD098F80020A37F2D
S214022110934230D0638BA277D90748D41A0732D4B9
S214022120A56FE76815B3D4F8846095F80DA0002370
S21402213089F80030A367002E56D02A462146206929
S214022140B047E0B91AF0200F0CD0238D5B4501D0C2
S21402215001332385D4F8845025B100231A4621463C
S2140221602069A84799F80030002BCAD13C46002CBB
S214022170CBD1BDE8F88FE468002CC6D1F9E70D3064
S21402218018BFA567EEE7227D23F00803042A6383BF
S21402219003D0072A1ED0032AC2D1204602F09EF898
S2140221A088B905232375204602F0EAFAB8E743F019
S2140221B002036383204602F0E3FA638B23F00303F1
S2140221C09BB26383AAE70130AAD1638B43F008036C
S2140221D06383A5E7204602F081F80028F3D109239D
S2140221E02375E0E7BDE8F88F228D2B8913449BB256
S2140221F05B451BD941F2D0610B46666AE06A628E85
S214022200238540F6683E724594BF821800EB0E02A4
S21402221031448A1A002A18DB0A1A40F2B3518A425B
S214022220638507D82846FEF779FD8BE79A42E1D800
S2140222301946E2E7638B43F002036383204602F00B
S2140222409FFA2846FEF76AFD7CE7331A002BD4BFB6
S214022250831B002363852846FEF760FD72E700BFF6
S214022260FCB40020183A0020F8B4002008B5FFF7A6
S2140222703BFF064A53780133DBB25370DB0700D4C8
S21402228008BDBDE80840FFF72BBD00BF183A002086
S21402229000285DD0F8B5856FD0F884606F7B002388
S2140222A00446836756B301462A460069B04768B1BA
S2140222B00D3020D0A5676FF00400F8BD331A002B4E
S2140222C049DD002363852846FEF728FDBB0610D5A8
S2140222D0238DD4F8845041F2D06293421CBF01335E
S2140222E0238535B100231A4621462069A8470D30BA
S2140222F001D00020F8BD6FF00C00F8BD018D2A89D0
S2140223000A4492B241F2D0639A421DD91A46666ACC
S214022310E06A618E228540F6683E714594BF411898
S21402232000EB0E013344591A0029C7DB1B1A40F290
S214022330B3518B426285C6D9638B43F00203638333
S214022340204602F01DFABEE79142DFD81346DEE7CA
S2140223506FF00F007047831BB4E700BF78B138B543
S21402236004466368256818460BB1FEF7D7FC21467B
S2140223700420FEF781F92C46002DF2D138BD7047B5
S21402238058B110B50446406808B1FEF7C7FC2146AE
S2140223900420BDE81040FEF76FB9704700B14175E2
S2140223A0704700BF38B505460420FEF755F90446C7
S2140223B050B168682968AA68EB6860602160A2600C
S2140223C0E3606068FEF7ECFC204638BD2DE9F84372
S2140223D005460220FEF740F9044650B39C2200212F
S2140223E0204611F0A3FC6B4A6B4B16686B4865756A
S2140223F040F6683593F800E069496A4A6A4B2662F5
S214022400FF274FF40676A4F86450A0624FF0061534
S2140224104FF6FF7084F81EE0E7726686C4F83E50F8
S2140224202086A164C4F88420C4F894302046BDE80F
S214022430F8835E4E34682CB34FF005084FF0090956
S21402244001E03C46F7B1638BE7681A07F9D5227DAF
S21402245023F00803042A638303D0072A3FD0032A03
S214022460EFD1204601F03AFF28B984F814802046BE
S21402247002F086F9E5E70130E3D1638B43F0080307
S2140224806383DEE74A4B1B688BB1424A196A1468BB
S2140224901846611A05E01A6AA21A8A4224BF114631
S2140224A01846DB68002BF6D10121FFF723FA02203B
S2140224B0FEF7D2F80446002890D13168D9B1354BE0
S2140224C02246186801E0C96889B10B7D092BFAD14A
S2140224D00B6AC31A934224BF1A460C46F3E72046F9
S2140224E001F0FCFE0028C6D184F81490BFE714B1B0
S2140224F02046FFF7FFF90220FEF7AEF80446002852
S2140225007FF46CAF316899B1224B2246186801E01D
S214022510C96849B10B7D082BFAD10B6AC31A9342DC
S21402252024BF1A460C46F3E714B12046FFF7E2F939
S2140225300220FEF791F8044600287FF44FAF2B06E0
S21402254025D4E5B12B46134932680E68013BDBB24F
S21402255000207AB1577D9F4205D2116A701A3B4617
S2140225601446D268F5E7FCD1116AA6EB010E864541
S214022570F7D3F3E71CB120460121FFF7BBF902208F
S214022580FEF76AF8044600283FF450AF26E77F239A
S214022590D9E700BF00B50020183A0020D016D016A2
S2140225A00100680B0516020000DD6D00FCB4002079
S2140225B00CB500204020FFF709BF00BF00B1016143
S2140225C0704700BF08B1C0F88410704708B1C0F861
S2140225D08010704708B1C0F89010704718B1037D9C
S2140225E0012B08BF8161704710B1C0F88C1042778A
S2140225F0704700BF30B1037D012B03D90A2B01D0EF
S214022600FEF7B2BE704700BF02688A4210B50C469B
S2140226102FD04AB1D368994227D02BB1DA689442B8
S21402262024D01346002BF9D1237D0022E2605BB151
S2140226300A2B0CD0012B0AD02046FEF795FE237DEE
S2140226400A2B04D0012B02D0638BDA0703D40023B3
S2140226502375E38210BD43F002036383204602F033
S2140226608FF800232375E38210BD1346E268DA6012
S214022670DAE7CB680360D7E7034B044A5868126868
S21402268010445860704700BF0801002000B50020C3
S21402269051B18B8D43B1282B05D9283B9BB298426A
S2140226A028BF184670470020704700BF08B102686E
S2140226B002B97047F8B5224B1C6805460E46ACB107
S2140226C021688A424FF6A96705D0E46874B12A6881
S2140226D021688A42F9D192B2BA4220464FF00101ED
S2140226E0F3D0E468FFF706F9002CF0D1154B1C680E
S2140226F04FF6A96734B1226829688A4212D0E46884
S214022700002CF8D1D6B133685BB10F4B1B6843B1CE
S21402271019682A68914204BF32681A60DB68002B87
S214022720F6D1F8BD92B2BA4220464FF00101E6D089
S214022730E468FFF7DFF8002CDDD1E3E7F8BD00BF61
S214022740FCB4002008B5002004B5002070B5446F24
S21402275074B106466368256818460BB1FEF7DEFAC2
S21402276021460420FDF788FF2C46002DF2D175671E
S21402277070BD00BF2DE9F041C368054698890F4633
S214022780FAF752FAC20748D4002F36D0F968254E17
S214022790D1F804E02B8930683A89A3EB0E03034490
S2140227A09A1A002AB8BF3C4612DA2AE03C68384633
S2140227B0FFF7E6FD0CB3E16830682B89D1F804E038
S2140227C022890344A3EB0E039A1A002A19DB274632
S2140227D08889FAF729FAC307E8D5D5F80C800120CC
S2140227E0B8F80C40FAF720FA20433C68A8F80C0028
S2140227F03846FFF7C5FD002CDDD100242C60BDE86D
S214022800F081002BFADDAEEB000081B22981686808
S214022810FEF7BAF92C60BDE8F0813846FFF79EFD58
S2140228200024EBE71C3A00202DE9F04F4D4EB6F897
S21402283004E0BEF1000F4FD0B789D6F81080002210
S2140228408246B068F280144613465FFA87F940F271
S214022850B35B002842D003F114054544A3EB0901FB
S2140228609E4503F1010CC9B235D99F428CBF2A7826
S214022870425C012A1FFA8CF451D03ED3022A3FD181
S214022880991CA74289B256D8A4EB0904E4B2025DA9
S214022890042A63D14A1C724560DADA1C92B2002816
S2140228A04CD08F4252D8A1EB0901C9B20433445C22
S2140228B09BB22402974246D8A2EB0901C9B2425CF7
S2140228C02243511E89B240F2B454594588BF22466B
S2140228D0AAF8002020E082B9BDE8F08F03F11301C8
S2140228E041449E4503F1010CF5D911F8015F01221E
S2140228F095421FFA8CF42FD019D2F480BDE8F08FDF
S2140229009A1CA74291B20FD8A4EB0904E4B2025D66
S214022910012A23D913449BB201221C4699E70135AA
S21402292023469BE79A1C91B24444227DF0E7022D8F
S214022930F8D1991C89B24444227DA9E74144043364
S2140229400C7D9BB224024244127DB9E74144043313
S2140229500C7D9BB22402ADE72346C2E7F180BDE8B8
S214022960F08F00BF1C3A0020438BDB0610B50446EE
S21402297006D4D0F890301BB16FF00E01006998476C
S21402298021460448FFF740FE2046FEF793FE01204C
S21402299010BD00BFFCB400202DE9F843AB4D2B7DE3
S2140229A00446D80623D5636D2A68B4F860E0A06DA5
S2140229B0991A002951DB9342AB6900F08E80984247
S2140229C000F0928076468446616C5F1A002F56DDD0
S2140229D0226D9A1A002A40F38E80204601F052FE9B
S2140229E0636B23B1A969A26B511A002952DBAB8B28
S2140229F013B1227D062A13D92A68636AD11A0029DE
S214022A0006DB218DC3F101035B1A1344002B05DD9F
S214022A10638B43F002036383BDE8F883BDE8F88363
S214022A20626A2868111A012906D4C0F10106F31A4F
S214022A301344002B40F38C81831A002B48DB00F1F1
S214022A40010C218DACEB02035B1A002B40F3F280E3
S214022A502046BDE8F84301F015BE2969AB69CE8968
S214022A60B4F86210A4F86060B142616C38BFA4F892
S214022A7062605F1A002F6265A3659C46A8DCAF8B76
S214022A8027B970446644B04200F08A82002384F874
S214022A904330A5E76E49B4F93C200968C91AA1EB90
S214022AA0E20189B208B20028B4F93E300A44BCBF3B
S214022AB0494208B2A3EBA303034412B29BB2A28715
S214022AC0002103EBE202A4F84020E38761638EE76D
S214022AD0638B43F002036383BAE7C11A0029BFF689
S214022AE06EAF2969CE89BBE72B69DE89B64580F0D1
S214022AF0B6810346B4E7628B51070AD522F0040278
S214022B0092B2B4F84A0062830021A4F84800A4F8FE
S214022B106A10E18FB4F93C60207D6364032801EB00
S214022B20E6034FF00001A4F8403084F8421084F81F
S214022B30431000F29881276FA7B961E278683E6871
S214022B40FEF722F9B4F86620E98B101AA4F866009C
S214022B503B8938460B44EB83FFF712FC002E00F04D
S214022B604F823746FB685868FAF762F8FB68B7F890
S214022B70088006469889FAF757F8AB6910F0030002
S214022B80A6EB030618BF0120464430440028D5DDD4
S214022B90E66E2767A6B928E270683768FEF7F4F88B
S214022BA0B4F86620E98B101AA4F86600338930461A
S214022BB00B44EB83FFF7E4FB002F00F015823E4642
S214022BC0F3685868FAF734F8F368B6F808800746E8
S214022BD09889FAF729F8AB6910F00300A7EB030708
S214022BE018BF0120474438440028D5DD276FE66623
S214022BF0B7FA87F35B095942002221862277B4F896
S214022C006420E88B618B0244A4F864200A057FF5F1
S214022C10E7AE002B40F03282FB68E66C5868FAF7A3
S214022C2007F8301A00283FF7DBAE638B23F4006305
S214022C306383D5E6824200F0AB80666F002E00F01A
S214022C404882002700F1FF3812E000BF1C3A00203D
S214022C5000B50020FA685268A8EB0202002A03DBDD
S214022C60BEF1000F40F3EE8132683746BAB116461F
S214022C70F1684B689842ACEB030E00F0C381002F5C
S214022C80E8D1C21A002AEFDA9D48FFF78BFB00282C
S214022C903FF4DEAE60673146FFF76CFDD8E6C31A36
S214022CA0002B7FF7D5AE8889F9F7BEFFC2073FF53E
S214022CB0CFAE9348FFF776FB306000283FF4C8AEED
S214022CC0F368328959682B680A44D21A002A05DD4D
S214022CD05B1A99B231817068FDF756FFAB8B286894
S214022CE0616A228D03445B1A9B1A002B7FF7B0AEF3
S214022CF03368DB689889F9F797FFC30710D53368FE
S214022D00D3F80C80B8F80C703846F9F78DFF00F04F
S214022D103E00F9F789FF27F47C570743A8F80C70A2
S214022D202868218D626A3368091A114489B21981AA
S214022D305868FDF729FF3368DA681E899089F9F723
S214022D4073FF10F0030018BF01200644AE837FE62F
S214022D50686A2E8D0289438989B2521A761A8B4284
S214022D6092B22E8508D20026468102810068C91AD0
S214022D70438989B28B42F7D3FDF782FF238DE96A36
S214022D80626A4A60C3F10103002B2A603FF760AE15
S214022D90EB6A2E8D9889F9F747FF10F0030318BFE8
S214022DA001233344228D9BB29A42AB83C0F0BB818F
S214022DB0626F002A7BD0EB6A9889F9F735FFC10764
S214022DC071D4676F002F00F0EB81F868AB8BD5F8F3
S214022DD00080D0F804E03A8903EB0801A1EB0E0C60
S214022DE0ACEB0202002A18DA78E13E683846FFF7B2
S214022DF0C7FA002E00F0C081F068AB8BD5F80080D1
S214022E00D0F804E0328903EB0801A1EB0E0CACEB20
S214022E100202002AC0F2638137468089F9F704FF6E
S214022E20C207E2D5EB6A9889F9F7FEFE8307DCD47F
S214022E30D5F82C900120B9F80C80F9F7F5FEEB6A6C
S214022E402E8D48EA0000A9F80C009889F9F7ECFEE6
S214022E5010F0030018BF01200644AE83C5E776468D
S214022E6084460346B0E5B4F84810B4F84A308B42BC
S214022E70BFB240F2D78012F4006F638E0CBF0222FC
S214022E80012213FB02F39BB2BB4294BFCF18CF19A9
S214022E90BFB2B94200F2D180A4F848704BE603688C
S214022EA06367FFF76DFA606F0028F8D1AB8B29686D
S214022EB01944228D6162D31A23852046FEF7BCFE92
S214022EC06B6A1A8912B100222B636A62EB6A9889CE
S214022ED0F9F7AAFEC00705D595F8343043F020036B
S214022EE085F83430666F002E00F0D780F368616A8A
S214022EF05A688A4240F0D18000274FF0070825E042
S214022F003C3A0020FDF752FF7760F3689889F9F79C
S214022F108BFE10F0010F30460AD095F83430227D31
S214022F2043F02003042A85F8343008BF84F814805E
S214022F3033686367FFF724FA666F002E00F0AD80F1
S214022F40F368616A5A688A4240F0A7802A609889C4
S214022F50B6F80890F9F768FE636AF26810F00300A4
S214022F604B4418BF0120184460629089B6F8089056
S214022F70F9F75AFE10F00300238D18BF01204844CB
S214022F80181A20852046FEF757FE73681A89002A0B
S214022F90BBD02A6B19461046002AB3D12B63B3E77F
S214022FA0B4F930000028FFF671AD99427FF46EAD99
S214022FB094F84300431CDBB298423CBF184684F8A0
S214022FC04330032840F2D180B4F84820638E13447D
S214022FD09BB24FF6FF719A4288BF0B46A4F8483060
S214022FE0204601F085FAFBE4276FB7FA87F35B0900
S214022FF000265A422286E6662677A4F86860FEE530
S2140230000027C5E52A8D33899A427FF621AD6748A7
S214023010FFF7C8F900283FF41BAD002F00F0B08080
S214023020386038E6B4F86A201744BBB29A423ED8F3
S21402303099423ED9A4F86A307DE54FF6FF73A4F8AC
S214023040483078E55948FFF7ADF9804600283FF446
S214023050FFACFA683B8951682A680B449B1A002B1E
S21402306005DD521A91B239817868FDF78DFDC7F8F1
S214023070008031464046FFF77DFBE9E44EB1F36837
S214023080E66C5868F9F7D4FD301A00283FF7A8AC6A
S214023090618B21F400616183A2E4638BD90713D5A7
S2140230A023F0010343F002036383BDE8F8834FF67F
S2140230B0FF73628E0A4492B25B1A9142A4F86A3097
S2140230C0BBD8A4F8482036E543F001036383BDE885
S2140230D0F8833648FFF766F96067B9E43E46BCF106
S2140230E0000F1EDDAEEB080EEB6AA5F828E0988905
S2140230F0F9F79AFD8707298D02D5013989B2298504
S214023100686AFDF741FDEB6A2F8D9889F9F78CFD09
S21402311010F0030318BF01233B4429689BB2AB831C
S21402312019446667C5E6EB6A9889F9F77DFDC60716
S21402313028D4228DEB6A2A859889F9F775FD8007CF
S214023140298D02D5013989B22985686AFDF71CFDE9
S214023150EB6A2E8D9889F9F767FD10F0030318BF06
S214023160012333449BB2AB8322E63FF439AF636B51
S214023170002B3FF442AC36E4AB8B29681944D0E707
S214023180606788E5EF6ABE893046F9F74DFD00F0C4
S2140231903E00F9F749FD26F47C560643BE81C8E791
S2140231A0AB8B29683E461944BBE700BF3C3A002079
S2140231B02DE9F04F4389AF4D42682A61132B89B03F
S2140231C0044605D9AC4E31687069FDF72FF828B170
S2140231D0204609B0BDE8F04FFDF7A0BD736903F0C5
S2140231E0F003E02BF4D006F1140106F11007228951
S2140231F000913B460621204602F0A2FB80460028AC
S214023200E6D12B699889F9F70FFD810A01F0FC01D6
S2140232101329DDD922898BB29A42D9D36089C5F89F
S2140232200880A3F1140292B29842AA80C0F0B3803A
S2140232302046AA81FDF724FDD5F81080B8F80000D4
S214023240F9F7F2FCD5F81090A8F80000B9F80200D9
S214023250F9F7EAFCD5F81080A9F80200D8F80400BD
S214023260F9F7E6FCD5F81090C8F804002860D9F8FB
S2140232700800F9F7DDFCD5F81080C9F80800A86147
S214023280B8F80E00F9F7D0FC2B69A8F80E0098895A
S214023290F9F7CAFCC2B202F03F0391072B75B4F8E5
S2140232A008C040F0DE80A5F81CC0CDF810C0DFF8DC
S2140232B0D4B12B69DBF80090B9F1000F00F08B80D7
S2140232C03169069171690791D6F804E00592C846FD
S2140232D000210BE09EF838000130C0B2824209D0CD
S2140232E0D8F80C004146002874D0804698F808208A
S2140232F0002AEFD1B8F818A018888245F0D1B8F89D
S21402330016A058888245EBD1D8F80400069A904257
S214023310E6D1D8F80000079A9042E1D1059A31B179
S214023320D8F80C00C860CBF80080C8F80C900021D2
S214023330EB621307A5F828C06C622962296385F838
S2140233403410E98303D5637B43F001036373D8F833
S2140233507830002B00F098804046FEF799FF0D303B
S21402336008D0D8F87830002B00F08E80AB8B002B7C
S21402337000F08A80B8F82A30002B00F095823F4E83
S214023380686A002434602C6310B1FDF7C7FC6C62D7
S21402339009B0BDE8F08F14212046FDF771FC618963
S2140233A0B5F80480A9812046A8EB0108FDF768FC61
S2140233B0206843891FFA88F84345FFF409AF43683B
S2140233C0AB604146FDF75CFC2389A3EB0808A4F832
S2140233D0088031E7059A2A490868002800F0D68056
S2140233E0D6F804C0D6F810A0D6F81490114609E014
S2140233F09CF838200132D2B2964508D0C068002820
S21402340000F0C38090F808E0BEF1000FF0D1028B06
S214023410B3F800E09645F1D1C28AB3F8028090452F
S214023420ECD142685245E9D102684A45E6D14B07DB
S2140234303FF5CEAE8E0740F103832A68436AD31A5D
S21402344004D4018D5B1A002B40F30183049B002BEE
S2140234503FF4BEAE438B43F00203438301F090F980
S214023460B6E60CF101039BB29C450493AB833FF690
S214023470AFAE1CE71C3A002018B5002010B500209D
S2140234800CB50020FCB400202C7DBC4E6007C6F8AC
S214023490008025D598F81430022B00F00982D8F85F
S2140234A024202B689A4200F009829B1A04D4B8F8AA
S2140234B028209B1A002B1DDD95F834301C0720D5DA
S2140234C0D8F8903023B16FF00D01D8F81000984765
S2140234D04146AB48FFF798F84046FEF7EBF84FE751
S2140234E014F0020900F0F18098F81430023B012B28
S2140234F040F2EB80B8F81A3043F00203A8F81A300C
S214023500DAE7EA8B5AB1D8F8803033B14146D8F8B8
S214023510100098470D303FF433AF0023EB8395F845
S2140235203430D80600F1EC812A6BB2B1B8F81A3002
S21402353013F0100340F0EB81D8F88440002C00F022
S214023540AE824146D8F81000A04710F10D0F3FF4A6
S21402355017AF10B12B6BC8F8783095F8343099064F
S21402356008D5D8F87830002B00F081825A7B42F0DA
S21402357020025A7395F8343000223260DA0600F1DF
S214023580DB81404601F0FCF8FAE60A467D49D1F8AE
S21402359000A0BAF1000F00F09E81D6F804E0D6F83B
S2140235A014C00592D14600200CE09EF83810013176
S2140235B0C9B28A420AD0D9F80C104846002900F04F
S2140235C08A81894699F80820002AEED1B9F81610A1
S2140235D0B3F802808845EED1D9F80080E04502D0E3
S2140235E0B8F1000FE7D1059A8E4638B16549C1F8A1
S2140235F00090D9F80C10C160C9F80CA051073FF52D
S214023600E7AD12F0100840F0898197077FF5E0AD2C
S21402361099F81500FEF7DAFE0746002800F0AA81A0
S21402362029692B6891F801E00A78316942EA0E228C
S2140236300133B9F816E00283726902600326A0F825
S21402364016E041604362C3620675FFF715F82B6801
S214023650D9F810203A61013BB86538657864F86598
S2140236607B65C7F87C9099F80930DBF80020CBF828
S214023670007003F00C037B7299F808303B72FA6014
S21402368001F01AFC404B012207F132001A70FFF7D4
S214023690CBF82B697E8EDB89A7F860303D1DA7F834
S2140236A06230284602F092FC2A4601463046FEF771
S2140236B0EFFF12217886384600F06AFE002840F0B6
S2140236C05481384601F05CF882E5B8F81A30D9061B
S2140236D003D42E4B1B68C8F82030002388F89B3092
S2140236E088F89A3008F13200FFF79EF898F81430FE
S2140236F0023B072B3FF6E0AEDFE803F0B47B6998A7
S2140237004A691D044046FFF747F92B7DDF067FF521
S214023710D3AED8F85020AB699A427FF4CDAED8F833
S2140237206C30002B7FF4C8AE95F8343043F01003AB
S21402373085F83430C0E64046FFF72EF92B7DDB06CF
S2140237407FF5BAAED8F85020AB699A427FF4B4AE91
S214023750D8F86C30002B7FF4AFAE4046FEF74AFF37
S214023760DBF80030984500F0F881002B00F0A081CD
S214023770DA68904500F099811346F6E710B5002006
S214023780FCB4002004B50020F8B4002000B50020E8
S2140237904046FFF701F995F834309A067FF58CAE6D
S2140237A0B8F81A3043F00203A8F81A304046FEF77B
S2140237B021FFDBF80030984500F0CF81002B00F0A7
S2140237C07781DA68904500F070811346F6E7404646
S2140237D0FFF7E2F895F834309C067FF56DAEB8F840
S2140237E01A30072243F00203A8F81A3088F8142089
S2140237F062E6E30640F16B81D8F84430A969DB4300
S214023800CB4205D4D8F85030CB1A002B40F36E8149
S2140238102B69A88B1A8802922A685B880193024455
S2140238200097BD4B404600F0B7FE45E64046FFF720
S214023830B3F895F8343013F0200F2B7D00F0838018
S214023840D80605D5D8F85020AB699A4200F06C81AC
S214023850B8F81A30082243F00203A8F81A3088F89B
S214023860142029E604F01203122B00F08F80E206E1
S2140238707FF522AE2B69A98B1A8802922A685B888A
S214023880019300970A44A44BA969404600F084FEBF
S21402389098F84230052B3FF60FAE0023A8F83030DA
S2140238A0404601F01BF907E6404600F0EBFE66E5EF
S2140238B0D8F85020AB699A427FF4FEAD95F83420D2
S2140238C0B8F81A3042F0080223F0010385F83420D3
S2140238D0A8F81A30F0E59889F9F7A6F910F004006E
S2140238E07FF476AC2B69A98B1A8802922A685B88C9
S2140238F0019300970A44884BA96900F04DFE67E4DD
S2140239004046FFF731F800287FF43AAD0CE6104641
S214023910FDF704FA4046FEF7D3F831E52A681B881D
S21402392002938DE880404846049BA96913441A46D0
S214023930794B00F031FE4BE44046FFF715F80028BD
S2140239407FF41EAD1DE6D9067FF5B6ADD8F8502039
S214023950AB699A427FF4B0ADD8F86C30002B7FF496
S214023960ABAD062388F81430A6E541463846FDF787
S214023970C1FF2DE4D9F81830002B3FF429AC0146DC
S2140239804FF0FF32D9F81000984721E4D8F84420C7
S214023990AB6901329A427FF46AAF2B682969C8F88C
S2140239A044205A1CC8F82420C8F82C20CA89A8F833
S2140239B06020042108EB0104013BC8F85430A8F843
S2140239C0622088F814102046B8F8327002F0FEFA28
S2140239D0224601463846FEF75BFE41F21C134200C1
S2140239E09A4214464FEA800138BF1C46A142A8F804
S2140239F0320038D28BB2B8F86620D8F87000A8F831
S214023A004830531EA8F8663038B30368C8F87030DA
S214023A10FEF7B6FCD8F87030E3B1002388F84230DF
S214023A20D8F88840A8F83030002C3FF463AD002266
S214023A304146D8F81000A0470D307FF45BAD9FE4F6
S214023A40CD077FF503AD354B1B680362FEE48DE8B8
S214023A50804169E74FF0FF33E2E7D8F86C0003686D
S214023A60C8F86C30D4E79A4288BF93B2C3E7B8F876
S214023A702830D8F8844041F2D06293421CBF01330A
S214023A80A8F82830002C3FF475AD00231A464146AC
S214023A90D8F81000A0470D307FF46CAD70E42346D2
S214023AA020464146FDF7AEFD4FE5D8F80C20DA6019
S214023AB01B4B1C4A1968C8F80C100A20012188F80A
S214023AC01400C3F80080117001F0F6F9F4E4B9F1BD
S214023AD0000F3FF4F1ACD8F824302A68013B934239
S214023AE07FF4EAAC404600F0CDFCE5E4D8F87C3042
S214023AF0042288F81420002B3FF40CAF9B69002B9D
S214023B003FF408AF00224146D8F81000984748B361
S214023B100D307FF4FFAE33E42CB5002000B5002054
S214023B200CB50020F8B40020D8F86C30002B7FF4D7
S214023B308FAEB8F81A3043F00203A8F81A3040469F
S214023B40FEF758FDDBF80030984506D0002BAFD0C4
S214023B50DA689045A9D01346F8E7D8F80C30CBF8C7
S214023B600030A5E74046FEF717FFEB8B0BB1013B93
S214023B70EB83B8F8322041F21C13510099420846F2
S214023B804FEA820238BF1846824208D293B295F8AC
S214023B903420A8F8483097067FF58EAC1FE6994287
S214023BA088BF8BB2F3E700BF034A92F8343043F083
S214023BB0100382F8343070471C3A00202DE9F84F83
S214023BC09DF82CB00BF00104002C81464FF0040047
S214023BD0884615461E460BBF4FF4A0474FF4C04713
S214023BE04FF0000A8246FCF737FD044600283BD019
S214023BF080F80AB02B894560A3EB0A034FF0000A4F
S214023C00038114212846C4F800A0FDF715F80546DE
S214023C1028BB6368B9F80000D3F80490C4F80C9087
S214023C20F9F702F8A9F80000B8F80000D4F80C80FA
S214023C30F8F7FAFFA8F802000A98D4F80C80F8F70A
S214023C40F7FFC8F8040047EA0600E668F8F7ECFF54
S214023C50E368B0819D74DD742046BDE8F88F204687
S214023C60FEF78EFB5446F7E72846FDF757F8F3E7CC
S214023C70002800F058822DE9F04FB0F86240458ED9
S214023C806408AC428FB02E4628BF2C46002C18BFC4
S214023C9026460396002900F03F82047D072C07D0B3
S214023CA0023C022C04D96FF00A000FB0BDE8F08F78
S214023CB007460B9308920591002A00F09A80B0F806
S214023CC064309342C0F0D581B0F86660072E00F2E9
S214023CD0D081C36E0793002B00F097801A461B68AC
S214023CE0002BFBD19846937AB7F86810079213F028
S214023CF0010F1289039B06910846A3EB02030CBF31
S214023D00002104215B1A9BB21D460A93014670B33A
S214023D1003460898814228BF03461C46AC42A8BF09
S214023D202C460898091B2B1B89B29BB2A04206910F
S214023D300A9322D8002C00F03482DDF81C90CDF8CD
S214023D402880CDF83080D9F80450002D00F03E814E
S214023D502B892A6823442B81002A00F029811546E4
S214023D602B892A6823442B81002AF8D120E1089B5C
S214023D70002B00F0C08104462B46002B00F0158174
S214023D80002A00F08981089AA2EB04089845A8BF89
S214023D9098460B9BD8071FFA88F500F18181079B8E
S214023DA05B6800E013461A68002AFBD10C921A7B65
S214023DB012F0C00F06D15A895B681344059A9A42DC
S214023DC000F0B481012229460020FCF7FBFD0C908E
S214023DD0002800F04E81059B23444360FCF7D4FF85
S214023DE000230644B6B20A9325440D94089BACB24F
S214023DF011E0C36E0793B0F86660002B7FF46EAFD7
S214023E00DDF82080A7F86880B6E106930A930D9342
S214023E101C460C931346A34240F2BD810B9ADDF872
S214023E20209002F001034FF00008029302F0020312
S214023E30CDF804800993CDF8108085E0AA4240F2BE
S214023E40FA80099B4BB97B8B5B0600F1F480049BDE
S214023E501BB9FB6E002B00F0EA80039B05F2B751FC
S214023E6021F00301994228BF194689B24FF4207205
S214023E703620FCF7A7FD8246002800F00381B0F842
S214023E800AE0059B0581AEEB050E191945811FFA5E
S214023E908EF32A46406806930FF04AFE5046FCF719
S214023EA073FF0644B6B2082E79D8FA6D042004EBE6
S214023EB00208FCF7D1FB8346002870D000218172ED
S214023EC0BAF80800ABF808008BE802045046142142
S214023ED0FCF7B2FE8246002840F0B280DBF80410FF
S214023EE0F88A4968CBF80C100091F8F79DFE009905
S214023EF00880388BDBF80C100091F8F795FE0099D5
S214023F0048804046DBF80C80F8F792FEC8F80400BA
S214023F104FF4A040DBF80C80F8F786FEDBF80C10B6
S214023F20049BA8F80C0081F812A081F813A0002BBD
S214023F3000F08380019BC3F800B02C44A4B2A145D4
S214023F40CDF804B040F21B81039A029BA9EB04054C
S214023F50ADB2954228BF1546ADB2002B7FF46EAFC8
S214023F60012229463620FCF72DFD8046002800F067
S214023F708980059B0299234443604FF420723620C1
S214023F80FCF720FD824600287FD04146FCF70EFF54
S214023F905046FCF7F9FE0644B6B2082E85D95046BE
S214023FA0DDF81080FCF7BAFE4FE00D940C9335E76F
S214023FB06B8968680599224618440FF0B9FD6B892B
S214023FC02A6823446B81002A7FF4C9AEB9F8083008
S214023FD01C44A9F808400C9CBDF81830A7F86830B5
S214023FE0002C00F0A5802146D9F80400FCF7DEFE7E
S214023FF02289B9F808301344A9F80830C9F80080B5
S214024000B7F864300898FA6DA7F86660A3EB000A62
S214024010079BA7F864A00244FA65002B7FD0DD68F0
S2140240201DB10B9B13F002046ED000203DE63B6FE1
S214024030002B7FF412AF294618E7CDF810B07CE7C4
S2140240405846DDF81080FEF79BF97B8B43F0800321
S2140240507B830C9B13B11846FCF760FEB8F1000F89
S2140240600BD04046FEF77AF94FF0FF300FB0BDE8AE
S214024070F08F7B8B43F080037B834FF0FF300FB0D3
S214024080BDE8F08FDDF81080DFE7C1464846DDF870
S2140240901080FCF743FED8E70A920C920D94BDE618
S2140240A00A9B9D423DD20B9B990702D47B8B5A06F4
S2140240B037D41FFA88F10A9B01F2B75121F00301A7
S2140240C0994228BF194689B24FF420720020FCF7A5
S2140240D079FC0C900028CCD04389059905815B1B9E
S2140240E045819BB21FFA88F22144406806930FF07E
S2140240F01FFD0C9872E6DDF81C900693BDF818209A
S214024100A7F86820079379E70820AE89F8F78CFDB0
S2140241103043A8812046C8E56FF00F00C5E5184673
S214024120C3E52946D0E76FF00F0070470A955BE6B5
S2140241300A9BEBB1D9F804100A681C460AB914E0C7
S21402414002460B89106823440B8111460028F7D1DA
S2140241500A9DB9F8083010895189284429442B440D
S21402416010815181A9F8083048E70A461D46F0E753
S214024170B9F1000F7FF442AFC7F86C8040E7DDF874
S21402418010800D9CDDF81C90CDF81CB00D9B002B0A
S2140241903FF421AFD7E50D9CDDF81C904FF00008E8
S2140241A0F4E7079B9946A9E72DE9F04FC66E83B060
S2140241B04EB3002900F08E803289914228D296F8BA
S2140241C00A80521A18F0010718BF042794B20D4647
S2140241D0E119814689B24FF420723620FCF7F2FBD1
S2140241E0824680B1706832890389DAF804109B1A15
S2140241F02B449BB239442246FCF766FE84420BD01F
S2140242005046FCF78BFD4FF0FF3003B0BDE8F08F51
S214024210002003B0BDE8F08FF3689889F8F704FD34
S214024220C0B210F0080B4FD100F03F070123FA0787
S21402423048BF9B46F368586848BF07F0FE07F8F782
S214024240F7FC28448DE801015B46524609F1180145
S21402425009F11600FFF7B2FC05460028D0D07068B8
S214024260FCF792FD7268B9F866301189181A091BB4
S21402427089B2A9F866001046FCF786FC3389D6F8A0
S2140242800C801C1B34813846B8F80C40F8F7CCFC7E
S2140242902043A8F80C007068FCF776FDB9F8663083
S2140242A01844A9F866006868FCF76EFDB9F866302F
S2140242B032681844A9F866002A6035602868002823
S2140242C0A6D1A9F86800A0E700F0370709234FF047
S2140242D0080BACE76FF0050097E700BFF0B5C46EB9
S2140242E083B005460CB90AE01C462368002BFBD1B6
S2140242F0E3689889F8F798FC10F0070631D04FF477
S214024300207200213620FCF75DFB002839D0EB6DC9
S2140243100093002201920123024605F1180105F1DD
S2140243201600FFF74BFC60B3EA6E0AB927E01A469E
S2140243301368002BFBD11060EA6D6B8B406843F06C
S2140243402003013200246B83EA65A5F86840FCF777
S2140243501BFDB5F866300344A5F86630204603B068
S214024360F0BDE7680120BC89F8F75EFC6B8B204342
S214024370B88143F0200330466B8303B0F0BDE86695
S214024380DAE76B8B43F080036B834FF0FF30E6E790
S21402439070B50D4611F0020182B0044618BF042122
S2140243A04FF420724FF036000CBF0E460126FCF783
S2140243B009FB00282FD0E36D0093024601962B4698
S2140243C004F1180104F11600FFF7F8FB18B3E26EC9
S2140243D00AB91EE01A461368002BFBD110600023B0
S2140243E0AA07A4F8683002D0E36D0133E365EB0751
S2140243F00AD44068FCF7C8FCB4F866301844A4F83F
S2140244006600002002B070BD638B43F02003638316
S214024410EFE7E066E3E7638B43F0800363834FF0E6
S214024420FF30EFE7026F52B3F8B515466B682C689B
S2140244309B7B2CB1012B2546F8D06FF00500F8BD0A
S214024440012BFAD1438BE968064643F40063C06E3B
S21402445028607383F26634674868F8F7E9FBEB680E
S2140244602D8907469889F8F7DFFB10F003002F44E2
S21402447018BF01203844F06474632046F8BD6FF01C
S21402448005007047F8B5066F1EB173689B7B012B5B
S21402449002D06FF00500F8BDC36E326802670746A9
S2140244A000F16C051BB90FE02D682B6863B1DB6861
S2140244B05868F8F7BDFBF36804465868F8F7B8FB87
S2140244C0201A0028F0DB2B6833602E6033685BB15D
S2140244D097F84230FF2B18BF01334FF0000018BF89
S2140244E087F842307863F8BDA7F86830F0E700BF77
S2140244F0F8B5076F17B1428B530700D5F8BD7B6836
S2140245009B7B012BFAD1C36E39680167064600F120
S2140245106C0523B911E02D682B68002B37D0DB68B9
S2140245205868F8F785FBFB6804465868F8F780FB7E
S214024530201A0028EFDB728B2B683B602F603B68EB
S2140245403BB396F84230B6F84810FF2B1CBF013337
S21402455086F84230B6F86030994238BF4B08718E02
S2140245604FF0000028BF5B08706348008342A6F83D
S2140245704A3001443CBF83B2A6F84A3042F00402F5
S2140245800B440021A6F8483072833186F8BD728B40
S214024590D3E7A6F86830D4E72DE9F04F85B0064693
S2140245A00846914698460E9FBDF83C40BDF840B07E
S2140245B0F8F73EFB4FF42072824614212220FCF7C5
S2140245C001FA002842D0054620466C68F8F72CFB14
S2140245D020805846F8F728FBC4F804A060804846B6
S2140245E0F8F726FBA06045F21400F8F71DFBA08141
S2140245F04DF21600F8F718FB0023E081237463746B
S214024600A374E3745EB3307A18BB384601F0DEFC5E
S2140246100446A8B1D5F804902A8900974346062195
S214024620284601F08DF9A9F81000F37AB67A0294BA
S2140246300620019000963A464146284601F01CFEA6
S214024640284605B0BDE8F04FFCF768BB05B0BDE8EC
S214024650F08FFCF78FF904460028DBD1F0E73846E6
S21402466001F0B4FC04460028EAD0D5F804902A8962
S214024670009743460621284601F062F9FF23A9F86F
S2140246801000D4E72DE9F047044684B0006DF8F731
S214024690CFFA4FF42072814614212220D4F82480C7
S2140246A0E58AB4F818A0678DFCF78CF900285DD06F
S2140246B0064628467568F8F7B7FA28805046F8F78F
S2140246C0B3FAC5F8049068804046F8F7B1FAA860D5
S2140246D045F21000F8F7A8FAA8813846F8F7A4FAC7
S2140246E000232B746B74AB74EB74E881628D636A7F
S2140246F0207A1344E362251DA0BB284601F066FC1F
S214024700074617B33289D6F8048000952346062159
S214024710304601F015F9A8F81000A07AE37A02975D
S21402472006218DE803002A462146304601F0A4FD04
S21402473005463046FCF7F2FA65B9638B284623F045
S2140247400303638304B0BDE8F0873046FCF7E6FA5D
S2140247506FF00305638B284643F00303638304B0BC
S214024760BDE8F087FCF706F90746CAE7638B6FF0E9
S214024770010543F003032846638304B0BDE8F087CF
S214024780B84B1B68834200F07A812DE9F04FB0F8EF
S2140247904830B0F86080C56E984587B0044628BF9A
S2140247A09846002D00F05481007A04F1040A00288D
S2140247B040F06081504601F009FC05900346002B4C
S2140247C000F05F81236813B9059B5B682360EB6882
S2140247D05868F8F72DFA2B89626C9B1A18444045E4
S2140247E00FD9B4F86030434500F05B81628B9107C5
S2140247F000F1688122F080026283002007B0BDE8E3
S214024800F08F266F002384F899300EB903E01E4617
S2140248103368002BFBD14FF00009574619E0236F8F
S214024820C5F80090002B00F0BC80EB685868F8F7DB
S214024830FFF9F36883465868F8F7FAF9ABEB00001D
S2140248400028C0F2B18035602E46E56E002D00F0DD
S2140248501B81EB685868F8F7EBF9636C2A89C01A73
S2140248601044404500F21681236F63B1638B13F048
S214024870440F1A4607D1E16E002900F0D780086877
S214024880002800F0CD80237D022B0AD0D5F80CA09C
S2140248901020BAF80CB0F8F7C7F94BEA0000AAF8ED
S2140248A00C006B689B7B012B2FD0237D2A68E26667
S2140248B0022B03D0638B23F003036383EB685868F1
S2140248C0F8F7B6F9EA68B5F808A083469089F8F7CB
S2140248D0ABF910F00300236DD34418BF01205844EF
S2140248E01B1A002BEB68B8BF20659889B5F808B08C
S2140248F0F8F79AF910F0030018BF012010EB0B0F1F
S2140249008DD12846FDF73CFD9FE7606AD5F80CB0CE
S214024910F8F78EF9CBF80800608DD5F80CB0F8F7EA
S21402492083F9628D636AABF80E001344E362AB7AD6
S214024930D5F80CB0DB0764D4B4F93030002B636BC7
S214024940B8BFA4F83090002B50D06868436802893C
S2140249504189C0F804B0ABEB03039BB2D21A92B201
S214024960CB1A4381028123468BF810908BF8119064
S2140249700621009700F0E4FFABF81000A27AE37A73
S21402498068680599009206220291019221463A46EB
S21402499001F072FC002888D0638B43F080036383A7
S2140249A02CE725672E4650E7236F04F1700ACBB139
S2140249B022465446924603E024682368002B55D0CC
S2140249C0DB685868F8F734F9EB6883465868F8F7F6
S2140249D02FF9ABEB00000028EEDB5346A2461C463E
S2140249E0DAF800302B60CAF800502EE71E4B1B6820
S2140249F06363DBF80400F8F71BF9D5F80CB0A06384
S214024A00A3E73A46059940F2B450FDF741FE40F05E
S214024A100170F8F70DF9CBF81400D5F80CB08BE757
S214024A20B1F808E0608E8645BFF42DAFB4F8640096
S214024A3000283FF428AFB4F8660007283FF623AFF5
S214024A4013F0A00F7FF41FAF00297FF4D3AE1CE053
S214024A50428B95077FF5CEAE07B0BDE8F04FFFF765
S214024A6011BE00BF10B5002000B500205246A24677
S214024A701446B7E7FBF77EFF059003469FE6002045
S214024A8070476FF00300B9E6638B00211A46A4F85C
S214024A906810AFE6638BE16E1A4600297FF4AAAE71
S214024AA0F3E7236F002B7FF4A1AE94F89930002B26
S214024AB07FF49CAE012284F8983084F89A3084F809
S214024AC0992093E62046C7E790F84230FF2B1CBF9A
S214024AD0013380F84230FFF753BE00BF026F002A50
S214024AE032D0F8B51446636825689B7B1DB1012B4E
S214024AF02C46F8D0F8BD012BFCD1438BE168064664
S214024B0043F40063C06E20607383F26635674868BC
S214024B10F8F78EF8E368248907469889F8F784F848
S214024B2096F84230756310F0030018BF0120274440
S214024B303844FF2BF06402D0013386F84230304608
S214024B40BDE8F840FFF71CBE704700BF2DE9F047EE
S214024B500446006D84B00138F8F76AF84FF4207204
S214024B60814614212220D4F82480E58AB4F818A0BD
S214024B70678DFBF727FF002847D00646284675684C
S214024B80F8F752F828805046F8F74EF8C5F8049021
S214024B9068804046F8F74CF8A86045F21000F8F72F
S214024BA043F8A8813846F8F73FF800232B746B7455
S214024BB0AB74EB74E881628D636A207A1344E36215
S214024BC0251D40BB284601F001FA074647B3328945
S214024BD0D6F80480009523460621304600F0B0FE43
S214024BE0A8F81000A17AE37A0091062021460190E7
S214024BF002972A46304601F03FFB04463046FCF751
S214024C008DF8204604B0BDE8F0874FF0FF3420460A
S214024C1004B0BDE8F087FBF7ADFE0746002FD6D1FD
S214024C206FF00304EAE700BF2DE9F04FC56E87B0C8
S214024C30002D00F08B8090F89A30FF2B1CBF0133BA
S214024C4080F89A30EB6804469889F7F7EDFF10F083
S214024C5001007FD105901521EB68D4F82480D3F8A3
S214024C600490B4F816B0B4F818A0678D4FF420720A
S214024C702220FBF7A7FE0646002800F08C80584646
S214024C80D6F804B0F7F7D0FFABF800005046F7F7B7
S214024C90CBFFCBF80490ABF802004046F7F7C8FF0C
S214024CA0CBF8080045F21000F7F7BEFFABF80C0091
S214024CB03846F7F7B9FF618D626AD6F80480ABF81A
S214024CC00E0000238BF810308BF811308BF8123060
S214024CD08BF81330059B0A44E262002B43D0112066
S214024CE0B8F90C70F7F7A0FF27F47C573843A8F8FA
S214024CF00C00EB685868F7F79BFF236D01301B1A10
S214024D00002B3BDB207A251D00283CD1284601F0EB
S214024D105DF90746002F3BD03289D6F8048000950D
S214024D2023460621304600F00BFEA8F81000A17AB2
S214024D30E37A009106202A460190029721463046E1
S214024D4001F09AFA05463046FBF7E8FF284607B018
S214024D50BDE8F08F2B89002B15BF002301231521F8
S214024D601421059378E768682A8903899B1A08F153
S214024D7014019BB20122FCF7A7F8BAE72065207A55
S214024D80251D0028C2D0FBF7F5FD0746002FC3D12C
S214024D906FF00305D7E74FF0FF35284607B0BDE8AA
S214024DA0F08F00BF38B5FDF761FA174B1B6803B3E7
S214024DB0EAF754FC00F1FA040720FBF74DFCF0B1C9
S214024DC0124A134D1168446000230360C360856075
S214024DD0B9B14B68E31A002B05DA11E05A68A21A39
S214024DE0002A03DB19460B68002BF7D10360086024
S214024DF038BD084B1B68002BDAD1044A536038BD15
S214024E000160106038BD00BFFCB40020543A002098
S214024E10A54D02000CB5002070B50546244E436829
S214024E209847EAF71BFC2B68B4681C44211A002931
S214024E301FDB0720FBF710FCB8B131681D4BC560BD
S214024E40002280E81400836089B14B68E31A002BC5
S214024E5005DA0BE05A68A21A002A03DB19460B6829
S214024E60002BF7D10360086070BD70BD0160306032
S214024E7070BD02460720D418FBF7EEFB0028F4D0DC
S214024E8031680C4BC560002280E81400836000295C
S214024E90EDD04B68E31A002B05DAE7E75A68A21A48
S214024EA0002ADFDB19460B68002BF7D1DAE700BFD2
S214024EB0543A0020194E020038B5184D6B6843BBB1
S214024EC0174B1B680BB301236B60EAF7C7FB00F1B5
S214024ED0FA040720FBF7C0FBD8B12968114A4460E0
S214024EE000230360C3608260A9B14B68E31A002BFB
S214024EF005DA0FE05A68A21A002A03DB19460B6885
S214024F00002BF7D10360086038BD074B1B68002BE7
S214024F10D9D138BD0160286038BD00BF543A0020A0
S214024F20FCB40020A54D02000CB500202DE9F0418E
S214024F30DFF86080154F164D08F1300658F8084F16
S214024F40EAF78CFB04440720FBF786FBB0B129681E
S214024F5087600023C0F80C8080E8180099B14B687F
S214024F60E31A002B05DA0DE05A68A21A002A03DBC0
S214024F7019460B68002BF7D1036008604645DDD161
S214024F80BDE8F08101602860F8E700BF194E020014
S214024F90543A0020F8BF03002DE9F041EAF75EFB21
S214024FA0124E134C074612E0236807201946C3B177
S214024FB05A68BD1A002D14DBD3F808801D682560D8
S214024FC0A260DD68FBF758FBB8F1000F0BD133780F
S214024FD0002BE9D0FBF7E2FC236807201946002BDA
S214024FE0E6D1BDE8F0812846C047F0E7F4B40020D9
S214024FF0543A002008B50EF02BFF034B6FEA8040B0
S2140250006FEA9040188008BD100100202DE9F04F8D
S2140250104389072B87B0064640F290805F4FD0F850
S21402502004B0786989463968FBF700F90546BBF88B
S2140250300000F7F7F9FD8046BBF80200F7F7F4FD2B
S214025040574B1B6805931C46002B72D04FF0000C82
S2140250503A69D7F804A0D7F814E003926346CDF86D
S21402506010B004E0E2682346002A5DD01446628A45
S2140250708242F7D1217A29B19AF838200132D2B287
S2140250809142EFD1002D3ED1226812B17245E9D18C
S2140250907246217C490706D4BCF1000F61D015B1D7
S2140250A0BEF1FF3F50D0A28A4245DBD1626812B100
S2140250B003998A42D6D1DDF810B02BB1E26838499E
S2140250C0DA60059B0C60E360BBF8063043B1354BF3
S2140250D0328900931121043B304600F031FC68BB54
S2140250E008213046FBF7CCFD40BB002C3FD0A5691B
S2140250F025B3E0692C4BCDF8008032462146A847FE
S21402510007B0BDE8F08F2268002AC2D0BEF1FF3F8A
S214025110BFD0D9F8081082EA0E0B1BEA010FB8D0EE
S214025120E2682346002AA1D1DDF810B0BCF1000FD8
S2140251302FD1D9F804207B699A422CD0304607B08A
S214025140BDE8F04FFBF7EABDD9F804B0DCF8001072
S2140251505945A8D05A4508BFA446A28A424581D1DD
S214025160A4E7A28A4245A4467FF47CAF9EE7002DC0
S214025170E4D17B6903F0F003E02BDFD0B989083174
S21402518009B23046FBF796FD0321304600F092FE48
S214025190D4E7644698E7002496E700BF18B50020D7
S2140251A014B500202CB5002028B50020374B002966
S2140251B008BF1946002866D02DE9F041344F3E68F4
S2140251C0EEB1B0424FD0344601E0A0424BD0E46884
S2140251D0002CFAD1B2B10D68334615B93AE0DB6855
S2140251E06BB39842FBD0598A9142F8D11968A9420A
S2140251F001D00029F3D16FF00700BDE8F081002A44
S2140252003DD13446DFF88CC0BCF800204FF4804E07
S2140252104FF6FF7842451ABF013292B24FF440422F
S21402522056B1738A934220D0334602E05D8A954295
S2140252301BD0DB68002BF9D10D68ACF800200560A6
S21402524042826CB9C66038600020BDE8F081DB6837
S214025250002BF4D09842FAD0598A9142F7D1CAE785
S2140252600020BDE8F0810124B4E70EF1FF3E1FFAEC
S2140252708EFEBEF1000FCDD1ACF80020BBE70B6866
S21402528003604282DEE76FF00F00704788BE0300BD
S21402529014B50020100100202DE9F04F85B0DDF88E
S2140252A038B0DDF83CA0002876D0002974D0002A59
S2140252B072D0BAF1000F6FD0BBF1000F6CD0174658
S2140252C0428A044699460D46002A49D02A8902F1A6
S2140252D008039BB29A425CD808212846FBF7ACFC2E
S2140252E078BB2E46608AD6F80480F7F79DFCA8F8AD
S2140252F000004846F7F798FC0023A8F8020088F852
S214025300063088F807303089F7F78EFCA8F80400D4
S214025310237CDB072ED51122E37A0192CDF808B062
S214025320A27A009251463A46304601F02BF8AE4237
S214025330804602D03046FBF7F1FC404605B0BDE899
S214025340F08F4FF4207208212220FBF73BFB064623
S214025350F8B12B89002BC5D02946FBF73FFDC1E7E4
S2140253600146FFF723FF80460028AFD0404605B02F
S214025370BDE8F08F3289009753461121304600F07F
S214025380DFFA4FF6FF73002808BF1846A8F8060093
S214025390C1E74FF0FF38D0E76FF00F08CDE700BF48
S2140253A02DE9F04F85B0DDF83890002800F09080A7
S2140253B0002900F08D80002A00F08A80B9F1000FE3
S2140253C000F086800468002C44D11646428A09F111
S2140253D0040A04469B460D46002A4BD02A8902F14F
S2140253E008039BB29A426DD808212846FBF724FC94
S2140253F0002849D12F46608AD7F80480F7F714FCB4
S214025400A8F800005846F7F70FFC0023A8F8020099
S21402541088F8063088F807303889F7F705FCA8F8C8
S2140254200400237CDB073ED51122E37A0192CDF8F5
S2140254300890A27A009251463246384600F0A2FF01
S214025440BD42804602D03846FBF768FC404605B0AF
S214025450BDE8F08F04F0F005E02DB6D0D9F8045080
S214025460AC4232D11646428A824604469B460D46D6
S214025470002AB3D10146FFF799FE80460028ADD038
S214025480404605B0BDE8F08F4FF420720821222076
S214025490FBF798FA0746A8B12B89002BABD0294612
S2140254A0FBF79CFCA7E73A8900965346112138463B
S2140254B000F046FA4FF6FF73002808BF1846A8F811
S2140254C00600B1E74FF0FF38C0E76FF00308BDE70C
S2140254D06FF00F08BAE700BF2DE9F04F85B000283D
S2140254E000F09B80002900F09880002A00F095804A
S2140254F00446007A994616460D4600285BD0FBF70E
S21402550039FA8246BAF1000F5CD02368002B5FD0CE
S21402551003F0F002E02A5BD0DAF80420934251D17D
S214025520628AA346002A58D02A8902F108039BB24F
S2140255309A426FD808212846FBF77EFB002854D0F3
S2140255404FF4207208212220FBF73CFA0746002877
S21402555060D02B89002B59D1608AD7F80480F7F7E0
S21402556063FBA8F800004846F7F75EFB0023A8F89E
S214025570020088F8063088F807303889F7F754FBB7
S214025580A8F80400237CDB0731D51122E37A0192C6
S214025590CDF808A0A27A009259463246384600F064
S2140255A0F1FEBD42804602D03846FBF7B7FB4046C6
S2140255B005B0BDE8F08F104600F008FD8246BAF14D
S2140255C0000FA2D16FF00308404605B0BDE8F08F89
S2140255D0628A0AF1040B002AA6D121462046FFF76A
S2140255E0E5FD804600289FD0E1E72F46B4E73A89DA
S2140255F000965B461121384600F0A2F94FF6FF737B
S214025600002808BF1846A8F80600BEE72946FBF79A
S214025610E5FBA1E74FF0FF38C9E76FF00F08C6E7D2
S21402562028B321B370B51646428A04460D46C2B167
S2140256301049237C0A682868606043F00403A68247
S214025640237442B194420AD0134601E09C4206D02B
S214025650DB68002BFAD1E2600C60002070BD0020EF
S21402566070BD0146FFF7A2FD0028E1D070BD6FF0C5
S2140256700F00704714B5002008B18161C2617047FF
S21402568000B3114A1368984216D053B1DA6842B191
S214025690904203D109E0984208D01A46D368002BFC
S2140256A0F9D101460120FAF7E7BF1A46C368D3606C
S2140256B001460120FAF7E0BFC368136001460120E5
S2140256C0FAF7DABF704700BF14B5002010B5012004
S2140256D0FAF7C2FF044628B1202200210EF026FB6C
S2140256E0FF23E372204610BDA0B1026892B189B1D1
S2140256F00B687BB1084B1B6863B110B400E002680C
S2140257001C68A24204BF0A681A60DB68002BF6D146
S2140257105DF8044B704700BF14B5002043890E2B7A
S21402572070B504461FD9C37B0E461BB991F83830B4
S2140257300133C373606803788589D9070AD5012BBC
S21402574030D006221D490EF0C3F918B9637B43F028
S21402575008036373082D0BD0B5F5C16F03D196F815
S21402576035301B0713D42046FBF7D8FA002070BD4D
S21402577096F835301A07F6D50E212046FBF780FA42
S2140257800028F0D13146204600F058FCEEE70E2104
S2140257902046FBF775FA0028E5D131462046FAF78F
S2140257A0B9F8E3E74378002BD4D183785E2BD1D1C6
S2140257B0637B43F010036373CCE700BF34C003007F
S2140257C02DE9F0410546BDF818000C4616461F4660
S2140257D0F7F72AFA0E2180462046FBF72DFA88B9FB
S2140257E06168A1F80C803B680B60BB888B803368CD
S2140257F0C1F80630B3884B81AB6921462846BDE81E
S214025800F04118476FF00100BDE8F0812DE9F04F36
S21402581083B01C680C9D2B681D0C15FA83F313FAD3
S21402582084F303EB14439FB207EB13439CB29046F8
S21402583004EB1347002859D04FF0000EF446436895
S2140258404289ADF806C013F00109924662D0002ADA
S21402585074D002F1FF3A1C788DF80740BAF1010FB6
S21402586003F1010B5ADD53465D46002435F8026B00
S214025870023B012B3444F9DCAAF1020A2AF00103A6
S2140258800AF0010A0233BAF1010F5B444CD11B78CD
S2140258908DF80630BDF8063023449CB204EB134460
S2140258A0A3B203EB1444B9F1000F04D023029BB257
S2140258B0C4F307241C4317FA84F4A7B2D30707EBF2
S2140258C0144707D53B029BB2C7F307248EF0010E9E
S2140258D043EA040700680028B1D1BEF1000F05D0E4
S2140258E03B029BB2C7F3072443EA04070846F7F7CE
S2140258F09BF904464046F7F797F904443C44A0B2A5
S21402590000EB1444A0B200EB1440C04380B203B0D4
S214025910BDE8F08FBAF1010F9B46A4DCBAF1010F85
S2140259205B464FF00004B2D0BDF8063023449CB26A
S21402593004EB13439CB204EB1344B4E71446B5E7F6
S214025940FFF764BF70B483B0002310F00106ADF811
S214025950063005D029B303788DF8073001390130B7
S214025960012934DD0B460446002234F8025B023B72
S214025970012B2A44F9DC023921F0010302331844D0
S21402598001F00101012916D103788DF80630BDF821
S21402599006100A4491B201EB124291B201EB124197
S2140259A026B10B029BB2C1F307211943C94388B241
S2140259B003B070BC7047BDF806301A4493B203EBCE
S2140259C0124399B201EB1341002EEAD1EEE7002210
S2140259D0D8E700BF00286BD02DE9F043002783B03C
S2140259E0BC46BE4643684689ADF806E013F0010899
S2140259F035464FD0002E53D0751E1A788DF80720E4
S214025A00012D03F1010948DD2B464946002231F8F3
S214025A10024B023B012B2244F9DC023D25F0010336
S214025A2002334B4405F00105012D04BF1B788DF8A7
S214025A300630BDF8063013449AB202EB134293B214
S214025A4003EB1242B8F1000F04D013029BB2C2F36A
S214025A5007221A431CFA82F21FFA82FCF3070CEBA7
S214025A60124C08D54FEA0C239BB2CCF3072287F0E0
S214025A70010743EA020C00680028B3D197B14FEA47
S214025A800C20CCF3072280B21043C04380B203B08E
S214025A90BDE8F083012D9946B6DC4B460022C3E7EB
S214025AA03246D2E76FEA0C0290B203B0BDE8F0834A
S214025AB04FF6FF70704700BFF8B590F83530856A2C
S214025AC0DB0750D52F4B1A4619460446FAF788FECE
S214025AD0002D4BD000232B716B712B72A66AEB80C4
S214025AE02B60638E28481844F7F7A2F8F7F7A0F859
S214025AF0737A264A184480B240F0294040F47E0069
S214025B0090421BD9224B984288BFA0F57E40F7F7F9
S214025B108FF8A26A2860557A94F8306094F831308B
S214025B2094F8327094F83340012100200A2D117146
S214025B30507106D94FF41673D380F8BD00F57E4037
S214025B40E5E71B0443EA04633B4343EA06232B448C
S214025B5001F1CC31A1FB0341C90801EB8101A3EBA2
S214025B604103D380F8BD6FF00F00F8BD0C21012071
S214025B70FAF730FD054610B1A0620646B1E74FF0CF
S214025B80FF30F8BD88BE03000001FEA9FF00FEA993
S214025B90FFFEFEA9836AABB11A799AB1F0B45C7AB9
S214025BA090F8305090F8312090F8326090F83370C8
S214025BB0002101200A2C1871597104D94FF416726B
S214025BC0DA80F0BC7047120442EA0762324342EAC5
S214025BD005222244A1F13331A1FB0201C90801EBDF
S214025BE08101A2EB4102DA80EBE700BF2DE9F0412A
S214025BF03C4B1D6882B0002D30D0DFF8EC801426B6
S214025C0003270AE02279013B9BB2012AE38028D0CF
S214025C10022A00D183B12D6805B3AC6A002CFAD0F3
S214025C20237A0BB1013B2372E388002BEAD1237956
S214025C30012B18D0022BEED1291D2846FAF7B0FA0E
S214025C406379E6800133DBB2012B6371E3D900236B
S214025C50277163712D68E380002DDED102B0BDE8A6
S214025C60F081002BD7D16379022B12D902AB002226
S214025C7043F8042D022222714FF6FF7E6A46214621
S214025C802846CDF800E0FAF7ABFD0123E680637103
S214025C90C1E721462846FAF783FA63790133DBB275
S214025CA0032B63711BD095F8313095F8332095F8A5
S214025CB0320095F830101B0443EA0263AA6A0343D3
S214025CC043EA012302B1527A1344A8FB0312D20814
S214025CD002EB8202A3EB42030A33E3809BE7E680F1
S214025CE099E700BFECB40020CDCCCCCC30B5856AA9
S214025CF083B085B12B7973B10246044652F82E0F53
S214025D0000909288ADF80420012BD1F80E202B6863
S214025D1003D09A4218D003B030BD9A420BD0002A64
S214025D20F9D18A699A42F6D10831684606220DF000
S214025D30CFFE0028EFD06B7A204601336B7203B099
S214025D40BDE83040FFF7B8BE0831684606220DF0BF
S214025D50BFFE0028DFD02B7A002BECD1211D204677
S214025D60FAF71EFA64232B72D5E700BF806A28B1C1
S214025D700B680068181AB0FA80F04009704700BF36
S214025D802DE9F047494EB7683C7804F00F04A400AA
S214025D90132C84B0054677D94389032B74D94368FC
S214025DA01B78082B70D1706900F0F003E02B6BD0E3
S214025DB088463168FAF73AFA002865D12B89072B0C
S214025DC062D92846FFF706FE00285DD104F10E0AC6
S214025DD0514628461FFA84F9FAF72EFF002859D0B2
S214025DE02B8909EB030189B28B424DD84FF42072FE
S214025DF00E20FAF7E7FD8246002845D0428904F1D4
S214025E0008039A424DD33946224640680DF090FE6A
S214025E1021465046FAF734FF002842D1294650461A
S214025E20FAF7FEFF00283CD12846FAF777FF5546D8
S214025E30214628466F68FAF7FFFE28BB6C6872692F
S214025E4033692361E2607B8838704FF6F7729342BB
S214025E508CBF0933083399B200264FF0FF0A7980C7
S214025E602046494684F808A0A672E672FFF76AFD45
S214025E70012160815346019100963246CDF8088092
S214025E800B49284600F0F8F9284604B0BDE8F0476A
S214025E90FAF744BF51462846FAF7F2FE0028F3D135
S214025EA0C6E75046FAF73AFFEEE700BF18B50020FD
S214025EB02CB500202DE9F0414FF4207286B007463B
S214025EC00E4622202421FAF77DFDA8B344687B689B
S214025ED06670032200262270666059689F68D3F8AF
S214025EE00CE005461868A060E1602761C4F814E07B
S214025EF018699F695969E1612762A06106AFDB688C
S214025F0047F8043D384600F061F8804688B1698952
S214025F10A670E6702046FFF715FD012360803A461C
S214025F200193CDF8088000963146FF23284600F0FC
S214025F30A3F92846FAF7F2FE06B0BDE8F08100BFE4
S214025F402DE9F0414FF4207286B007460E46222015
S214025F502421FAF737FDA8B344687B6866700B22E3
S214025F6000262270666059689F68D3F80CE00546E2
S214025F701868A060E1602761C4F814E018699F6998
S214025F805969E1612762A06106AFDB6847F8043D04
S214025F90384600F01BF8804688B16989A670E6701C
S214025FA02046FFF7CFFC012360803A460193CDF8E6
S214025FB0088000963146FF23284600F05DF9284601
S214025FC0FAF7ACFE06B0BDE8F08100BF30B4194B5C
S214025FD01B68ABB193F8352002F005010529F7D10D
S214025FE059680029F4D004689D686140294204D0AB
S214025FF09207EDD4DA689442EAD1184630BC70476C
S2140260000D4B1B68002BF8D093F8352002F00502E2
S214026010052A08D15A6852B102787F2A08BF00239F
S214026020184630BC70470023184630BC70471346EB
S214026030E3E700BFECB40020F0B400202DE9F047FF
S214026040466833781A09042A044605D02046FAF729
S21402605065FE0020BDE8F08703F00F0370889D0000
S2140260600F46F6F7E1FD2389834280461FFA85F93B
S21402607030D863894B45E9D323894345E6D3B9F142
S214026080130FE3D949463046FFF75CFC0028DDD102
S2140260903369DFF8DC9103F0F002C9F81430F068D7
S2140260A0C9F81000E02A1AD097F83520D20740F136
S2140260B08F807A68002A00F08B80934205D01846BB
S2140260C03946FAF7B3F8002878D0B846D9F810005F
S2140260D0A0B166E001462046FAF756FDC9E797F8F2
S2140260E03530D90740F1A0807B68002B00F09C80F9
S2140260F0002855D1B846B8F1000FA7D0F38823F090
S214026100C00333B1204600F0BBFA04460028A0D0F4
S2140261104668C9F80080C9F80470C9F80860337880
S21402612003F00F039B0039462046A9F80C30FBF714
S21402613073F80128824625D029462046FAF7A0FDA4
S214026140737A062B00F08580112B7DD0012B76D03A
S214026150BAF1020F13D04146D9F81400FAF766F8DE
S21402616068B9D9F8143003F0F003E02B07D02946BB
S2140261702046FAF79FFD02212046FFF79BFE2046A7
S214026180FAF7CCFD0023C9F80030C9F80430C9F884
S2140261900830A9F80C30C9F81030C9F8143058E79E
S2140261A0B8463946FAF742F800287FF44FAFD9F8D6
S2140261B0103003F0F003E02B9DD147E709F11401FC
S2140261C03846FFF7D3FD00287FF47FAFD9F81430A6
S2140261D0DBB27F2B28D0254BD3F80080B8F1000F16
S2140261E022D0DFF890A0474519D098F83530DB0763
S2140261F015D5D8F8043093B1D9F814209342414605
S21402620010463FF463AFFAF711F800287FF45EAF4A
S21402621051464046FFF7AAFD00287FF457AFD8F84C
S2140262200080B8F1000FDED1737A112B16D0D9F8A0
S214026230100000283FF40AAF4FF00008B1E73946D5
S2140262402046FFF79DFD9DE739462046FEF7DEFE17
S21402625098E739462046FCF7ABFF93E773195B884D
S214026260B3F5884FE3D1B84645E700BFECB400204B
S21402627018B500202CB500202DE9F04F85B09A46BF
S21402628006469DF838509DF83C30109F002A5CD098
S2140262908946904609B10A680AB907F10409142129
S2140262A030460193FAF7C8FC019B024600285ED1ED
S2140262B07468019284F808A06372D8F800106570BA
S2140262C045202D0220700543080C43EA0A2310FAE3
S2140262D081F04FEA232A216105443089DFF8A0B015
S2140262E04AEA032AF6F7A0FC019A6080034615FAEA
S2140262F08AFAA271E271BBF800009A44F6F794FC9F
S214026300BBF80030A08001335044ABF80030B9F13E
S214026310000F2FD0D9F80030E36010FA83F000EBBC
S214026320134083B203EB104000EB1040C043608181
S214026330BB8D13B132899A4211D8424631467B69E7
S2140263403846984705B0BDE8F08F4389132B0ED91F
S21402635073680DF110081B6948F8043DE8E74246E9
S2140263603946304600F05AFB05B0BDE8F08F6FF0B4
S2140263700100E7E7014B1B68CEE700BF88BE0300BB
S214026380603A00202DE9F04F85B0064601939DF84D
S21402639038809DF83CA0109D002A55D089461421CD
S2140263A01746FAF749FC019B002861D174680190F0
S2140263B0237284F809A0386884F8018045214FEAE0
S2140263C008284AEA032348EA01082170010C11FA58
S2140263D080F120611812414440EA03283089DFF830
S2140263E09CB011FA88F8F6F71FFC019A6080034603
S2140263F0A271E271BBF800009844F6F715FCBBF8F0
S2140264000030A08001334044ABF80030B9F1000FF1
S2140264102BD0D9F80030E36010FA83F000EB13407B
S21402642083B203EB104000EB1040C0436081AB8D9B
S21402643013B132899A4210D83A4631466B692846D9
S214026440984705B0BDE8F08F4389132B10D94368EF
S21402645004AF1B6947F8043DE9E73A462946304649
S21402646000F0DCFA05B0BDE8F08F034B1B68D2E7FC
S2140264706FF00100E5E700BF88BE0300603A002027
S21402648010B50446406908B1FAF748FC21460620D2
S214026490BDE81040FAF7F0B82DE9F04F83B00023BC
S2140264A0DFF80CA1019181460093DAF80030002B48
S2140264B058D00027B84639463D46D9F80C000BE0BE
S2140264C00137CDB1EA7FDC7F94429CBF88461D46E9
S2140264D01C681946B4B123465A698242F0D1D9F8EB
S2140264E010209C699442EBD19C89B9F8042094420E
S2140264F0EED00137002DE5D11C6888461D461946A8
S214026500002CE8D145B36E6873689A8872B37368D4
S2140265103046D3F800B0FAF737FC044430465E46FD
S214026520A4B2FAF7FBFB002EF1D1DAF800309D4256
S2140265302B6818BFC8F8003029464FF0050008BF80
S214026540CAF80030FAF798F8BAF80430009A1B1B1B
S21402655022440092AAF80430009B019A934201DA80
S214026560012FA2DC009803B0BDE8F08F1A686A60BB
S2140265702A46012152F8080F9468D2F804E0D2F8AD
S2140265800CC0C3F80CC09C601860C3F804E0106925
S21402659018613046FFF7D4FC3046FAF7F5FB04469E
S2140265A03046FAF7BBFB6E68002EB0D1BDE700BFDF
S2140265B0643A00202DE9F047304FD7F800A0BAF130
S2140265C0000F0DD04FF000089AF81F4054B1013C5E
S2140265D08AF81F40D046DAF800A0BAF1000FF3D1CD
S2140265E0BDE8F087DAF80450DAF800906B689A880B
S2140265F012B36B6828461E68FAF7C6FB04442846A0
S214026600A4B23546FAF78AFB002EF2D13B68534510
S214026610DAF8003018BFC8F8003051464FF00500CF
S21402662008BF3B60FAF728F8BB88CA461C1BBC802A
S214026630BAF1000FC8D1D3E71A68CAF80420524646
S214026640012152F8080F94685668D2F80CE0C3F895
S2140266500CE09C6018605E60106918612846FFF7BF
S2140266606FFC2846FAF790FB04462846FAF756FBD4
S214026670DAF80450002DBCD1C8E700BF643A002007
S2140266802DE9F04FD0F8049099F8003003F00F038C
S214026690052B83B0064640F0E280B9F80600F6F70E
S2140266A0C3FA0546B9F80200F6F7BEFA99F80030C2
S2140266B003F00F039B009842C0F0D180C31A9BB22E
S2140266C0A14F00933046FAF75FFBBB8803440A2BC0
S2140266D0804600F3CD803C68002C00F09280D9F80A
S2140266E00C2003E02468002C00F08B806369934240
S2140266F0F8D1D9F81030A1699942F3D1A189B9F835
S21402670004309942EED1B9F80600F6F78DFAC0F3D6
S2140267100C00002800F0E080B9F80630C5F30C053E
S21402672013F020034FEAC50501930AD1009BEB182C
S2140267309BB29D4200F287804FF6EB72934200F2C4
S2140267408280D6F80490B9F80200F6F76DFA99F846
S21402675000A00AF00F0A4FEA8A0A504573D3A0EB4C
S2140267600A0AB9F80600F6F75FFAC0F30C00C00092
S2140267701FFA8AFAD6F804B0824400231FFA8AFA6D
S2140267808BF800308BF801308BF802308BF8033030
S2140267905045ABF806A0ABF80400636854D8002B4B
S2140267A076D0D3F804E0BEF8042090426CD356D0DC
S2140267B0BEF806C0604552D34FF001090EE053689A
S2140267C099888842C0F0A18049D0DA88904246D3A0
S2140267D0614518BF4FF000099E469446DEF8002039
S2140267E0002AECD16045CEF8006054D0019B002B05
S2140267F05FD0A37FDB075CD4BB889844A7F80480ED
S21402680030E00520F9F728FF0446002800F08580CE
S2140268102022002120460DF089FA3B6823600F22D1
S214026820E277D9F80020D9F804E0D9F80800D9F8B8
S2140268300C106161A260C4F80CE02061D9F8102047
S2140268403C60A26168E763684BB93A68944240F0DC
S214026850CE8023683B6021460520F9F70DFF3046BF
S214026860FAF75CFA4FF00008404603B0BDE8F08F36
S21402687001464846FFF710FE0028F0D0BB88434486
S2140268800A2B7FF728AFEAE79245CBF80030E6D826
S21402689066604FF00109019B13B1A37FDA07ABD5FF
S2140268A0B9F1000F05D063681BB15B689B88002BAB
S2140268B041D0BB889844019BA7F80480002BD1D115
S2140268C09946A37F009A43F001031544B9F1010FDC
S2140268D0A583A3774AD0C5E7E089F6F7A5F9C0F302
S2140268E00C0000283FF418AFD9F80020D9F804E0CD
S2140268F0D9F80800D9F80C106161A260C4F80CE05F
S2140269002061D9F81020A26106E76045CBF8002086
S214026910A5D38A457FF666AFA1E741464846FFF70C
S214026920BBFD80459BDC0520F9F796FE0446002851
S2140269307FF46EAF93E7DBF8003083B15B689A882A
S214026940524509D0B5E700BF643A00205268D9889C
S21402695093889942ADD113461A68002AF6D1BB88AD
S2140269609844019BA7F80480002BAAD023466168AE
S21402697053F8082F4E68D3F804C0D3F808E0D96855
S214026980A08B3568C6F804C0C6F808E0F16032602D
S2140269901A693261143080B2F6F746F90023708025
S2140269A0B371F371B372F37230461421FEF7CAFF65
S2140269B0D4F8048070815DB16E6814212846FAF717
S2140269C05FF929464046FAF7F1F93568002DF3D10A
S2140269D03A6894421FD04AB113689C420AD02BB13F
S2140269E01A68944207D01346002BF9D10023226876
S2140269F01A60FFDE134622681A6021460520F9F760
S214026A003BFE4046FAF7C0F9BB88181AB8804046E3
S214026A1003B0BDE8F08F23683B60EEE72DE9F04F48
S214026A20D0F804B08B8D9BF800608DB006F00F0690
S214026A300A92B3F1140248BFA3F10D02B600C2F3E4
S214026A40CF03142E06910546089340F0B980438979
S214026A50132B40F2B580BBF80600F6F7E5F8B5F85A
S214026A6008A0C0F30C02AAF1140A1FFA8AF30592D0
S214026A7000F4005203930B92002B00F09380089BC5
S214026A80DB009BB2099300244FF4207214210E20DF
S214026A90F9F798FF099B039A934228BF134681464B
S214026AA00493002800F091804368DBF80020DBF8AE
S214026AB00400DBF80810DBF80C70DF601A60586020
S214026AC09960DBF810201A61049BD9F8042007921B
S214026AD073B31F4601E02D6800266C89A41BA4B27E
S214026AE0BC4228BF3C46002CF5D00620F9F7B4FD80
S214026AF04122804603462146002859D00194686800
S214026B00304400900020FAF721F8824600284BD045
S214026B102846FAF745F93F1B2D4BC8F81450C8F81B
S214026B20103051464846BFB2FAF740F9002FD2D18C
S214026B30069B059A9B8DC2F30C00039A133B2644D0
S214026B409342B6B201DD0B9B0BB140F40050F6F750
S214026B506BF8049B079F1433F88098B2F6F764F834
S214026B6000237880BB72FB7238461421FEF7EAFED9
S214026B70B846069F0A9A7B69A8F80A00494638462C
S214026B8098474846FAF7CAF8039A049B0899D31A14
S214026B909BB21A460393059B0B449BB20593002AAD
S214026BA07FF472AF002008E041460620F9F764FD44
S214026BB04846FAF7B3F84FF0FF300DB0BDE8F08F55
S214026BC06FF005000DB0BDE8F08F4FF0FF30F4E730
S214026BD08164020082090C4900F03F00400231F94C
S214026BE0123010B40132C0F5004403FB04F31B0C50
S214026BF031F812205DF8044B1B0410FB023040F300
S214026C00CF3020F00100704744C0030010B50028C2
S214026C1014BF0446012420460CF030FC00B110BD1F
S214026C2000F0C8F908B18047F5E7042000F0A2F8A2
S214026C30024B0360024A034900F046F998C4030077
S214026C40656C020074C4030008B51B2202490220C8
S214026C5010F018F800F0EEF848C403000048704739
S214026C6064C4030010B5034B0360044600F0BEF88C
S214026C70204610BD98C4030010B5054B03600446B9
S214026C8000F0B4F82046042100F004F8204610BDB7
S214026C9098C4030000F0C0BAF0B41B4C50F8087C4D
S214026CA06168A0F10806C9B1F519A9421BD04A6865
S214026CB02AB3954203D322E09D4205D21A46536870
S214026CC00C1D1146002BF7D111685518AE4213D091
S214026CD040F8043C23685E60F0BC704740F8041C31
S214026CE06660F0BC70470B684A6840F8042C1F4484
S214026CF040F8087C6660EFE70F441760ECE713463F
S214026D0004340A46E0E700BF6C3A002030B4184C60
S214026D1000F108016368082938BF082113B3073158
S214026D201A6821F00701914204D81DE002689142D8
S214026D3005D9034658680028F8D130BC704704339A
S214026D40521A072A0AD9451844686C601C684250D1
S214026D5021601D6004F1080030BC704742681A606A
S214026D600446F7E71846E8E71846231DE8E700BF9B
S214026D706C3A002038B500F1800528460CF07EFB00
S214026D80044638B18022002120460CF0CFFF04F1E1
S214026D90800038BD2846FFF7B9FF04460028F1D127
S214026DA000F048F8064A93688038984205D9D268B7
S214026DB01344984201D2FFF76FBF0CF067BB00BFC7
S214026DC06C3A002038B5084C4FF41E652846E5603C
S214026DD00CF054FBA06020B10023606005604360A5
S214026DE038BDE060606038BD6C3A0020704700BF76
S214026DF0704700BF00487047A4C4030010B50421C2
S214026E000446FFF747FF204610BD00BF08B580477F
S214026E100CF068F800F06CFB0CF064F80D460446C3
S214026E2000F0A4FB013501D000F0F8F9204600F08E
S214026E30EFFA00BF08B5034B1868BFF35B8FFFF786
S214026E40E5FF00BF1801002008B58047FFF7F2FFF4
S214026E5008B5034B1868BFF35B8FFFF7F5FF00BF5B
S214026E6014010020024B1868BFF35B8F704700BF07
S214026E7018010020024B1868BFF35B8F704700BFF3
S214026E8014010020012810B51AD8BFF35B8FA1F1B8
S214026E90280353E8002F013A43E800200028F8D1DF
S214026EA0BFF35B8F5AB951F81C3C01F158040BB181
S214026EB0204698472046BDE81040FFF773BF10BD36
S214026EC051F8140CFFF7A2FFF8B504460F46164613
S214026ED000F096FB436801252B44436044F8787C17
S214026EE044F8746C44F8805CFFF7C4FF44F8700CF6
S214026EF0FFF7B8FF472343224FF04E0E104904F81F
S214026F00583CA4F158052B235527002644F86C0C50
S214026F1004F857EC44F8501C04F8552C04F8542C8A
S214026F2004F8533C04F8523C04F8567C04F8516CBE
S214026F3028460BF0BBFD284600F0DAFAFFF77AFF88
S214026F40856E020010B500F05BFB426804680132F1
S214026F50426064B194F82020472A0AD000220260D8
S214026F60203420460BF0C6FD204600F0C1FAFFF79B
S214026F7061FF94F821204E2AF0D194F82220552A57
S214026F80ECD194F82320432AE8D194F82420432A0B
S214026F90E4D194F825202B2AE0D194F826202B2A37
S214026FA0DCD194F82720012AD8D86269524262615D
S214026FB0D6E700BF024B1868BFF35B8F704700BF6F
S214026FC07C3A002010B5034B0360044600F0CAF872
S214026FD0204610BD94C5030010B5054B0360044659
S214026FE000F0C0F820460C21FFF754FE204610BDE4
S214026FF094C5030070B582B00D46069C94420646C0
S21402700009D0B06806680694346A2946A44602B0D7
S214027010BDE87040604719460192009300F06AF896
S214027020009B019A0028ECD0062002B070BD00BF7B
S2140270302DE9F04F81B00E4619461F46914683460B
S2140270400A9CDDF82CA0DDF830800D9D00F052F889
S21402705070B1002E2C6085F804901FDB3444A045E6
S2140270600CBF06240124AC71002001B0BDE8F08FED
S214027070444518D0DBF80800D0F800E00D95CDF8AE
S2140270803080CDF82CA00A94DEF81C403B464A46D7
S2140270903146A44601B0BDE8F04F60470236E3D160
S2140270A00123AB71E0E75146584600F023F800286A
S2140270B0E0D0002085F8059001B0BDE8F08F00BF53
S2140270C02DE9F04107460C4615461E4600F062F8CA
S2140270D008B1BDE8F081B86807682146BC69334646
S2140270E02A46A446BDE8F041604700BF704700BF8D
S2140270F000207047814211D008B5406803782A2BD9
S2140271000AD049680B782A2B08BF01310DF04CF9DA
S214027110B0FA80F0400908BD002008BD0120704783
S21402712070B5036884B000249E6900941023154647
S214027130029312688DF804406B460394B0479DF89C
S214027140043003F00603062B03BF009B2B600120CE
S214027150204604B070BD00BF009890420CBF0620C7
S2140271600120704710B5034B03600446FFF7BEFFCD
S214027170204610BD08C6030010B5054B0360044642
S214027180FFF7B4FF20460821FFF784FD204610BD16
S21402719008C6030038B515461C46FFF7ABFF20B1FC
S2140271A0082206232560E260237138BD2DE9F041EE
S2140271B017461C4606460D46FFF79CFF08B9032CE9
S2140271C001D9BDE8F0812B683A46314628465B690C
S2140271D0BDE8F041184700BFF0B583B01746089DDA
S2140271E00A990B9C8D4206460BD019463046FFF78D
S2140271F081FF18B1012325602771A371002003B017
S214027200F0BD09990193FFF775FF18B10020677169
S21402721003B0F0BD019BE8E70CF038B91EB400F0ED
S21402722091F81EBC0BF054FCF0B50278472A83B0E6
S2140272300D461F461ED00023274C01932368204686
S2140272409B68984780B1019B1B68019302262B68B6
S214027250214628461C6901AA0123A04730B1019B9A
S2140272603B60304603B0F0BD0126F0E706463046E6
S21402727003B0F0BD43784E2BDDD18378552BDAD19F
S214027280C378432B19D0C378432BD4D10379432B2D
S214027290D1D143792B2BCED183792B2BCBD1C3796A
S2140272A0012BC8D804D050F8204C58300190C5E7BE
S2140272B050F8200C50F8784CF8E70379462BE2D1C8
S2140272C043794F2BDFD18379522BDCD1C379002B44
S2140272D0D9D10193014CB1E7C0C40300B8C403007E
S2140272E010B5044600F08CF92378472BA4F120024F
S2140272F004D0836823BB8260012010BD63784E2BC6
S214027300F7D1A378552BF4D1E378432BF1D1237927
S214027310432BEED163792B2BEBD1A3792B2BE8D120
S214027320E379012BE5D854F8043C0133012B44F8E9
S214027330043CE1D1836844F8083C8260012010BD19
S214027340FFF778FD08B500F05BF9836883B393F81E
S2140273502020472A04D00022826003F1200008BDC4
S21402736093F821204E2AF6D193F82220552AF2D1FC
S21402737093F82320432AEED193F82420432AEAD115
S21402738093F825202B2AE6D193F826202B2AE2D141
S21402739093F82720012ADED8DA69013ADA61002A50
S2140273A0DBD19A69826000229A6103F1200008BD4F
S2140273B0FFF740FD0378472B01D000207047437843
S2140273C04E2BFAD18378552BF7D1C378432BF4D1C1
S2140273D00379432BF1D143792B2BEED183792B2BD7
S2140273E0EBD1C07901288CBF00200120704700BF76
S2140273F010B530B1044600F07BF82046FFF7DAFFFE
S21402740008B9FFF717FD54F8140CFFF7FFFC00BF8E
S2140274102DE9F04F85B00246FFF7CCFF60B152F877
S214027420188C52F8145C966A176B546B104600F070
S2140274305FF84046FFF708FD104600F059F8FFF7E0
S21402744007FD00F055F8FFF7F5FC00F051F800F0E4
S214027450D3F8036893F82720012A36D003F178027E
S2140274600DF1100A4FF0000820334AF8082D27F0D5
S214027470030B0193C146B1451BDA276807B12744BF
S2140274805346002239460198FFF7CEFE10BB3B68F2
S21402749014491B69009304AA012342F8040D3846D6
S2140274A0009FB847002818BF804609F101095C44CE
S2140274B0E1E7B8F1000F0AD00420FFF75BFC0A4BA5
S2140274C003600A4A0749FFF7FFFC1A68C8E728461E
S2140274D0FFF79CFCFFF736FD00F048F800F046F890
S2140274E0FFF79CFEC8C403004CC50300F16D020002
S2140274F038B5044600F084F822780368472AA4F1D7
S214027500200104D083BB1C460160204638BD627849
S2140275104E2AF7D1A278552AF4D1E278432AF1D13D
S2140275202279432AEED162792B2AEBD1A2792B2A31
S214027530E8D1E279012AE5D854F80C2C002A10DBAF
S2140275400132456844F80C2C013D45608B421CBF55
S21402755044F8103C01602046646A0AF00BFF20469D
S21402756038BDC2F10102ECE7FFF764FC08B500F093
S21402757043F80246006800283DD090F82030472B9A
S21402758006D0002313602030BDE808400AF0F4BE9F
S21402759090F821304E2BF4D190F82230552BF0D1B2
S2140275A090F82330432BECD190F82430432BE8D1CB
S2140275B090F825302B2BE4D190F826302B2BE0D1F7
S2140275C090F82730012BDCD84369002B05DB013B02
S2140275D008D05A1C0DD0436108BD0133FBD10169A6
S2140275E01160F8E7036913602030BDE808400AF02E
S2140275F0C3BEFFF71FFC08BD00487047803A002054
S21402760000487047803A00205028F8B554D000F061
S2140276100F040C2C4ED8DFE804F007394907174D43
S2140276204D4D4D1F1B071700154655F8044B44B128
S21402763000F07006102E08BF11460C44020648BF22
S21402764024681C602846F8BD154655F8084BEEE738
S214027650154635F9024BEAE700242746154615F883
S21402766001EB0EF07F06BE401EF0800F44EA0604D1
S21402767007F10707F3D11F2FD9D81EF0400FD6D037
S2140276804FF0FF3606FA07F73C43D1E700242746B9
S214027690154615F801EB0EF07F06BE401EF0800F71
S2140276A044EA060407F10707F3D1C0E7154635F8A2
S2140276B0024BBCE70BF016FC033222F0030555F82A
S2140276C0044B1C602846F8BDFF280DD000F0700061
S2140276D0202815D00AD940280FD0502804D03028A8
S2140276E008D108460BF0F8BB002070470028FBD0F4
S2140276F01028F9D008B50BF0F5FB08460BF0D8BBFE
S21402770008460BF0E5BB00BFF8B50C461546074623
S214027710002844D00BF0CCFB28602678FF2E04F11C
S214027720010432D039463046FFF7CEFF22460146E4
S2140277302B1D3046FFF768FF0446601C23782B7526
S214027740FF2B29D0102300242B75224610F8011B8C
S21402775001F07F039340090644EA030402F107029C
S214027760F4D40444EC6003786B750024013022469E
S21402777010F8011B01F07F0393401C430B0602F135
S2140277800702F5D404442C61F8BD686023782B7593
S214027790FF2B04F10100D5D10023EB60E3E7BBE742
S2140277A02DE9F04F00F0030497B00023012C894620
S2140277B017460A931ED00ED3022C0AD139464846E3
S2140277C00BF062FB002800F0A580092017B0BDE888
S2140277D0F08F0BF087FB0007F0D40123039316AA61
S2140277E0002342F82C9D1946009238460C220AF0D5
S2140277F0EFFD0FE010F0080400F0908016AA44F0A7
S214027800020442F82C1D3846009219460C220394B4
S2140278100AF0DEFD38460BF051FB05900028CDD06D
S21402782010AB1A46059906933846FFF76DFF3946A0
S21402783004469DF85400FFF747FF0DF13C0B00236A
S214027840129019460F22CDF800B038460AF09AFD7B
S2140278500F9B149A23F00103A24203F1FF3675D957
S2140278600DF1340A0DF138089DF8555000212846CE
S214027870FFF72AFF2246534601462846FFF7C4FE74
S2140278809DF85540054600212046FFF71DFF2A4673
S214027890434601462046FFF7B7FE9DF8554005468B
S2140278A000212046FFF710FF2A4601465B46204687
S2140278B0FFF7AAFE04460020024614F8011B01F058
S2140278C07F039340090640EA030002F10702F4D45C
S2140278D0109B0D9A13449E4231D2039BDB0739D587
S2140278E000250495002319460D22CDF8008038465F
S2140278F00A9C0AF047FD059A0E9BC9F82C20049AAA
S214027900C9F82440C9F82850C9F83020C9F82030F0
S21402791006205BE7082017B0BDE8F08F10AB009397
S21402792006930D22234621463846D9F820500AF0FF
S21402793029FD109B9D4212D0022303934FE70E9A15
S21402794013449E4259D3149BA3428DD80025049516
S214027950012405E1039B1B074CD5FFF76BFA16AA19
S214027960234642F82C9D2146009238460C220AF005
S2140279702FFDD9F830300493002B3BD0D9F828508D
S214027980D9F82C100324002DC0F206810DF1340A1A
S2140279900DF1380816A9002341F8289D1A460091D1
S2140279A0384619460AF014FD002319460122CDF87E
S2140279B000A038460D950AF00BFD002319460F224B
S2140279C0CDF8008038460AF0DDFC0E9B049ACDF80E
S2140279D0008003F0010500231543384619460F229E
S2140279E00E950AF0F5FC022C00F08080072017B0F6
S2140279F0BDE8F08F4846FFF7FBFC0F9B04931A4640
S214027A00002B78D100283FF4D9AE149B049A013893
S214027A100344002A3FF4D2AE002B75D0039A12F02C
S214027A200802099200F0F68047214E2289F80010DB
S214027A3089F801205521432289F8021089F803208B
S214027A4046214F2289F8041089F805205221002287
S214027A5089F8061089F80720002208920797002561
S214027A60294600E023461C4614F8010B00F07F026C
S214027A708A40060645EA020501F10701F2D41F29EB
S214027A8005D8420603D501228A40524215430026F3
S214027A90314613F8010F00F07F028A40070646EAD5
S214027AA0020601F10701F4D41F2905D8400603D5C2
S214027AB001238B405B421E43002D5CD05EDD9DF8A9
S214027AC05400FF2800F0A48000F00703042B3FF6C2
S214027AD080AE01A252F823F0437B0200D377020065
S214027AE0497B0200437B0200217B02004846FFF7E7
S214027AF0F7FB07206AE6119B1A440492002884D1F9
S214027B00049B002B3FF45AAE039B13F001037FF451
S214027B1055AE039A12F0080540F09780022439E722
S214027B20EB005B42139A12991A444346FFF76CFD28
S214027B300E9999B1B9F1000F09D1002E77D0A31989
S214027B408DE7AB005B42EDE76B005B42EAE70AAB10
S214027B5000224846FFF768FB0028EED0079F032462
S214027B60039BDA0760D4039B190766D4012C3FF403
S214027B7041AF059907E701230893DEE7B9F1000F45
S214027B8001D0099B5BB36B1CC3EB8373139A52F849
S214027B902330002BD1D1E1E7069A3846FFF7B4FD31
S214027BA039469DF85400FFF78FFDAA0082F00302C3
S214027BB0D243139E1290B358164433B13246002372
S214027BC052F8041F01330029FAD10422C9F82830DA
S214027BD0C9F82C00C9F83460C9F83020D6E66F1C04
S214027BE0C7EB8773139F0A9A57F823100F9207EB77
S214027BF0830721B9B2E757F8041F0029AED03944EB
S214027C005B4600224846FFF70FFB0028F3D094E7B6
S214027C10002387E799F80720012A0CBF59F8202C81
S214027C2009F158020A9217E70DF138085AE6089B3E
S214027C30079F002B7FF468AFC0E5012C3FF48DAEA2
S214027C40002DBFF6A3AEFFF703F91D460224A1E6F8
S214027C50FFF74EFC81E600BF70B53C4B1A7882B047
S214027C60002A35D101241C7006F0D2FB00285BD016
S214027C704468374D23782A2B02AB4FF0FF3208BFF9
S214027C80013443F8042D00221146204606F052FB2A
S214027C902B680646DB682F48302201210BF0AEFB2C
S214027CA0019B7BB12B682046D9680BF0D1F92B6873
S214027CB02948DB68022201210BF0A0FB019B8BB155
S214027CC0FFF740F92B683046D9680BF0C1F9EEE7AA
S214027CD01F4B22481B681D22DB6801210BF08EFB1E
S214027CE00BF000F930460BF0D1FBE9E701290C4610
S214027CF027D1FFF7FDFB03689B6898472B6806466B
S214027D00DB68174821460B220BF078FB2B683046BF
S214027D10D9680BF09DF92B680A20D9680BF028F970
S214027D20FFF724FC0BF0DEF8094B0E481B682146D1
S214027D30DB682D220BF062FBF4E7FFF717FCFFF778
S214027D406DFAFFF7D5FBFFF711FCEBE78C3A002044
S214027D50200100204CC6030080C603002CC6030088
S214027D60B4C6030084C6030070B44C1E4C2C2DD837
S214027D70DFE804F03C3C3C3C2C2C2C2C27273C27F0
S214027D8027272727272727272727272C2828282873
S214027D90282828283C27272727272C27283E3C2C1C
S214027DA03C28283E2C2C2727273C3C3C3C3C273CA6
S214027DB03C273C2C2C2727272C2C2C2727273C28F3
S214027DC03C001AB144698569AC4202DB002070BCF3
S214027DD0704704EB44050669AD000134446170192E
S214027DE0F5D071554260836070BC7047002AEDD0B2
S214027DF0002BEBD044698569AC42E7DAE9E700BFBD
S214027E002DE9F047C368B2F1000A04460E461A7816
S214027E1015BF4FF01E094FF01B094FF01D084FF01B
S214027E201A0814BF1C2719270D4618E0562A1FD019
S214027E304B2A24D0442A2DD15A78782A27D1226B6D
S214027E4002331132E36022634C2100231A46204695
S214027E50FFF78AFF2860C8B1E3681A78051D722A00
S214027E60E4D1226B01330932E36022633946ECE740
S214027E70226B01330932E36022634146E5E7226B57
S214027E8001330632E36022634946DEE705462846AA
S214027E90BDE8F087BAF1000FF9D1462AF7D1B5420C
S214027EA0F5D01D201E211C2207E01B2B0BD0192B00
S214027EB000D132700436B542E9D0366833781A2BD0
S214027EC0F3D13070F6E73170F4E700BF10B4C36840
S214027ED01C78522C0A460FD04F2C03D008465DF869
S214027EE0044B7047016B0331016320210133C360E9
S214027EF05DF8044B002337E7016B023101631F2153
S214027F00F4E700BF002A4DD070B505460E4614466B
S214027F102378013B4C2B2BD8DFE803F03636363F6E
S214027F202A2A272736363636363636363636363620
S214027F303636362A363636363636363636362F2FF4
S214027F4036362A363636362B363636362A273636FC
S214027F5036363636363636363636362A2A362B2BE8
S214027F602B2B2A36363636363600A468002CCFD16E
S214027F7070BD6468002CCBD1FAE762681378052BD3
S214027F8003D1336801333360626831462846FFF70F
S214027F90B9FFA468002CBBD1EAE72B6801332B603B
S214027FA06268F2E7704700BF7AB32DE9F0410D46EA
S214027FB00446D0F80011AF184FF0000809E00B464F
S214027FC0BD4201F10101C4F80011E65484F80461CF
S214027FD019D0FF2915F8016BF1D1D4F8083184F8CD
S214027FE0FF80D4F80C2120469847D4F82431013378
S214027FF0C4F8243100230121BD42C4F80011E6541E
S21402800084F80461E5D1BDE8F081704770B4026877
S21402801011786E2918D0A1F13003092B1ED800263C
S2140280200023013203EB8303026001EB4304117861
S214028030A1F13005092DA4F13003F2D90EB1C4F135
S2140280403003184670BC7047531C03605178A1F188
S2140280503002092A02D81A460126E1E70023F0E791
S21402806043698269934210B50FDA03EB4302016952
S214028070920001338C18436105D041230C308B5497
S214028080FFF7C4FF6060204610BD0024204610BDE6
S21402809010B5C3681A785F2A04460DD06E2A0FD030
S2140280A00C30FFF7B3FF01300AD4E3681A785F2A70
S2140280B006D10133E36010BD01330020E36010BD3A
S2140280C04FF0FF3010BD00BF38B5C3681A78542A87
S2140280D001D0002038BD0133C3600446FFF7D8FF45
S2140280E0051EF6DBA26A6369A16901328B42A262AF
S2140280F0EFDA03EB430221699200013388186361C9
S21402810002D005238B54456038BD00BF70B50446C7
S2140281100C30FFF77BFF061E4DDDE56863685B1BD0
S2140281209E422BDCA268AB195207E36004D5AA5D17
S214028130242A04BF0133E360092E0CDD08221F49FE
S21402814028460BF0C5FC30B92B7A2E2B19D05F2BA4
S21402815017D0242B15D06369A26993420EDA03EB7B
S21402816043022169920001338818636106D02DB15B
S21402817000238B5445608660E06270BD0020E0629A
S21402818070BD6B7A4E2BE6D1236B6269A1691633FA
S2140281909E1B8A422663F1DA02EB420321699B00A8
S2140281A00132C8186261EAD00025CD54044A426002
S2140281B015238360E3E7002070BD00BF58CE03009E
S2140281C064CE030070B5C368C66A1A78422A0446AB
S2140281D00D460FD10133E3602046FFF797FF2A468C
S2140281E003464B212046FFF7BFFDE3681A78422A72
S2140281F00546EFD0E662284670BD00BF2DE9F04185
S2140282000546C0680378532B02D00020BDE8F081F3
S214028210431CEB604278A2B1831CEB6042785F2A73
S2140282205AD100232A6A9342EFD2AA6AE969013236
S214028230AA6251F82300BDE8F081A2F14103192B8E
S2140282404FD9AB6803F00803002B14BF01240024A7
S21402825001D1002969D1464B742103F1C40003E021
S2140282601C338342D1D219788A42F9D15E69002E34
S2140282707BD06A69A9698A4263DA02EB4207D5F8BB
S21402828010E0D3F81880BF0001321EEB07006A61C7
S21402829006D04FF0180C0EF807C04660C0F80880EB
S2140282A0E862002C4AD0DE681C692B6B914223449C
S2140282B02B6341DD02EB420329699B000132C81899
S2140282C06A6103D01822CA5446608460EB681B7841
S2140282D0422B38D0BDE8F081A2F13004E3B2092B7C
S2140282E0ABD800210DE0303B99428ED8E9680A7877
S2140282F0481C1AB1E8600A785F2A14D0A2F130044A
S2140283001946E4B201EBC103092CA2F1410002EBCB
S2140283108303E8D919283FF678AF01EBC10302EBD5
S2140283208303373BE0E701337CE7EB681B78433B8C
S214028330012B98BF01248EE70020C7E75E689C6881
S214028340B3E70020ACE701462846FFF73BFF0028CC
S2140283503FF45BAF2B6A6A6A9342BBDAE9695A1C3E
S21402836041F823002A62BDE8F081A9696A6998E7A4
S214028370C0C6030038B5044629B9C3681A7832B1B4
S2140283805A1CC2601978682919D0762901D00020B3
S21402839038BD04F10C052846FFF738FEE3681A7864
S2140283A05F2AF4D10133E3602846FFF72FFEE36825
S2140283B01A785F2AEBD10133E360012038BD04F15D
S2140283C00C00FFF723FEF2E7D0F810319BB10A68E3
S2140283D05B68002A9B6809DB23B907E042B19B6809
S2140283E0013A1BB119782F29F8D000231846704796
S2140283F05B68184670470122C0F81821F6E700BFEE
S214028400002941D038B505460C4623784B2B27D891
S214028410DFE803F02E26262626302E2B2B262626AF
S2140284202626262626262626262626262E262626DD
S21402843026262626262626262626262E26262626CD
S2140284402E262626262E2B262626262626262626B0
S214028450262626262E2E2626262E2E2E26262E2E7D
S21402846061682846FFF7CCFF18B9A468002CCCD167
S214028470002038BD211D2846FFF7A6FF0028F7D0AA
S21402848003782F2BF4D138BD00207047F0B515467F
S2140284905268AC684B1C1344A34283B00E46074690
S2140284A013D8EC680CB103B0F0BD95E8090032466B
S2140284B0394618440BF03CFB2B686A6833449C54DC
S2140284C06B681E446E6003B0F0BDEA68002AEAD10B
S2140284D01CB9022B4FF0020402D96400A342FCD856
S2140284E0214628680BF0D4FC10B12860AC60D8E7AF
S2140284F0019028680AF0CAFF019B2B6001226B607C
S214028500AB60EA60CFE700BF2DE9F04188B00A46CB
S21402851004461B4901A80BF015FF01A80CF0B0F8A1
S21402852050B301ADD4F800112F184FF0000809E03F
S2140285300B46BD4201F10101C4F80011E65484F86D
S214028540046119D0FF2915F8016BF1D1D4F808316E
S21402855084F8FF80D4F80C2120469847D4F82431BA
S2140285600133C4F8243100230121BD42C4F80011AE
S214028570E65484F80461E5D108B0BDE8F08100BF96
S2140285807CCE03002DE9F04FC3681D7883B000222D
S2140285908D420446019200F0C6818846DFF89C941C
S2140285A001AE23E0662A4CD0A2F13001092900F27E
S2140285B01782204601F010FB0546002800F0708165
S2140285C0E3681B78492B00F0928067632A460023F3
S2140285D02E212046FFF7C8FB306000285BD0E368F8
S2140285E01A78424500F1080600F007810125676BFC
S2140285F065631A784C2A47D0542A51D0732AD1D1AF
S2140286005A78722A00F0E280702A00F0FD80204636
S21402861001F022FA0546002800F042812B78312B21
S21402862043D0322B5CD0332B7BD1E3681A785F2A97
S21402863040F0C1800133E36045212046FFF7A2FFE8
S214028640BCE05A78702AE2D19A1CE2609A78542AE0
S21402865069D02046FFF71CFD6FF00043984260D0B9
S214028660431C5ED001306369A269934259DA2269DB
S214028670591C03EB430312EB8305616151D00621BB
S21402868002F823106860A0E7204601F0F3FE0546D4
S2140286906763002D9AD10025284603B0BDE8F08F07
S2140286A02046FFF711FD0546F2E7D5F804B0236B26
S2140286B0DBF80820DBF800A0023A13442363504696
S2140286C049460BF071FE002800F0E680DBF80C301D
S2140286D0032B26D8DFE813F02B0035013300A50064
S2140286E06B68032B1DD8DFE803F022661C1C2046AD
S2140286F000F004FC2A46034604212046FFF734FB1A
S2140287000546C5E7742A82D15B786C2B7FF47FAF6F
S214028710204600F0B9FDE3685A780546002A40F084
S21402872069816763B7E70333E36000209BE72A4665
S214028730002335212046FFF717FB0546A8E7BAF1C6
S214028740000FEED06B681B685A78632A00F0D2805E
S2140287509AF80030662B00F0EF80204600F070F9A1
S2140287608346B14950460BF01FFE002800F09D805C
S214028770AE4950460BF018FE30B15046AC490BF0ED
S21402878013FE002840F08380204601F025FAE368B5
S2140287901B78492B824600F0E98053465A46382118
S2140287A02046FFF7E1FA2A46034637212046FFF71E
S2140287B0DBFA05466CE7204600F042F903462A46F5
S2140287C036212046FFF7D0FA054661E70233E3601A
S2140287D0204600F059FD8246204601F0FDF9E36886
S2140287E01B78492B834600F093800346294652465F
S2140287F02046FFF7B9FA05464AE7019D01332846A7
S214028800E36003B0BDE8F08F0233E360204600F079
S21402881017F9002302464A212046FFF7A5FA054625
S21402882036E7BAF1000F3FF47CAF824950460BF0B0
S214028830BBFD00283FD09AF80030662B00F0BD80C2
S2140288406E2B7FF46EAF9AF80130772B02D0612B35
S2140288507FF467AF5F212046FFF794FE82462046EC
S21402886000F012FDE3681A78452A834600F0A180DC
S214028870702A00F0A680692A7FF453AF5B786C2BCF
S2140288807FF44FAF204600F0DBF803461FE0204699
S21402889000F0D6F8824680E7204600F0F5FC8DE729
S2140288A02846676303B0BDE8F08F45212046FFF7F0
S2140288B069FE824671E7204600F0C2F882462046EC
S2140288C000F0BEF88346204600F0BAF803465A4641
S2140288D03B212046FFF748FA524603463A212046F5
S2140288E0FFF742FA2A46034639212046FFF73CFAAA
S2140288F00546CDE61B78A3F16302012A03D9723B33
S214028900012B3FF625AF204600F0BEFC834628E743
S214028910204600F0F3FA5A46034604212046FFF7A3
S21402892023FA034662E70133C3602E21134603B0DF
S214028930BDE8F04FFFF718BA204601F08DF88346DF
S2140289400FE7BAF1000F3FF436AF9AF80030702BFB
S21402895017D06D2B15D0504637490BF025FD002851
S2140289607FF429AF204600F065FA27E7204600F09C
S214028970C5FA5246034604212046FFF7F5F9824619
S2140289800BE79AF801209A42E5D1E3681A785F2A43
S21402899023D0504628490BF007FD00283FD020463A
S2140289A000F04EF803461A4638212046FFF7DCF957
S2140289B004E70133E360002389E7204601F04CF820
S2140289C07CE75A78692A7FF4ACAE0233E36045212D
S2140289D02046FFF7D7FD034679E70133E360BAE79F
S2140289E06F2A15D0692A7FF48DAE5A786C2A7FF4E6
S2140289F00EAE00250233E36045212046FFF7C2FD96
S214028A002A46034630212046FFF7AEF905463FE6E2
S214028A105A786E2A7FF4FBAD0233E360C9E520463E
S214028A2000F008FA0346BEE784CE030088CE0300B1
S214028A308CCE030090CE030080CE030078D30300D2
S214028A40C1680B784C2B00F08780542B00F0868090
S214028A50732B2DE9F041044637D0662B12D0A3F1D2
S214028A603002092A00F2B881204601F0B5F8054620
S214028A7000286DD0E3681B78492B00F088802846D2
S214028A80BDE8F0814B78702B39D0204600F0E4FF29
S214028A90054600285CD00378312B61D0322B25D0D6
S214028AA0332B55D1E3681A785F2A40F0B48101333C
S214028AB0E36045212046FFF765FD03462A46204629
S214028AC03621BDE8F041FFF74FB94B78722B69D0DB
S214028AD0702BDAD10231C160FFF7B2FF00230246E3
S214028AE04A212046BDE8F041FFF73EB94368032B12
S214028AF02ED8DFE813F0710090012D002D008B1C9C
S214028B00C3608B78542B63D0FFF7C2FAC34333F0AB
S214028B1000431DD001306369A269934218DA03EB61
S214028B2043022169920001338D186361A7D00623A0
S214028B308B546860A3E7742BA7D14B786C2BA4D117
S214028B4000F0A2FBE1684B780546002B40F04E8110
S214028B5000252846BDE8F08101F08CBCFFF7B4BAC8
S214028B604768236BBA683E68AC49023A13442363EB
S214028B7030460BF019FC002800F0AB80FF68032F8C
S214028B80E6D8DFE817F02900FF0071003100204622
S214028B9000F0B4F92A46034604212046BDE8F04117
S214028BA0FFF7E2B80231C16000F06EFB05462046D0
S214028BB001F012F8E3681B78492B064600F0AE80F7
S214028BC003462A4620460121BDE8F041FFF7CCB80D
S214028BD00331C16000209EE72A4620460023352145
S214028BE0BDE8F041FFF7C0B8002EB1D08C49304640
S214028BF00BF0DAFB002871D03378662B00F0B280D7
S214028C006E2BA5D17378772B01D0612BA0D15F2173
S214028C102046FFF7B7FC0646204600F035FBE36821
S214028C201A78452A074600F09980702A00F09E803E
S214028C30692A8DD15B786C2B8AD12046FFF700FF1C
S214028C4003463A463B212046FFF78EF83246034655
S214028C503A212046FFF788F82A460346392120465D
S214028C60BDE8F041FFF780B8002E3FF471AF6B68A5
S214028C701B685A78632A44D03378662B59D020462C
S214028C80FFF7DEFE0746674930460BF08DFB90B3D2
S214028C90654930460BF088FB28B1304663490BF035
S214028CA083FB00284AD1204600F096FFE3681B7833
S214028CB0492B064647D033463A4638212046FFF728
S214028CC053F82A46034637212046BDE8F041FFF70F
S214028CD04BB8204600F0D8FA0346EFE62046FFF7E8
S214028CE0AFFE06462046FFF7ABFE07462046FFF7D6
S214028CF0A7FE0346A5E745212046FFF743FC0646A6
S214028D00D9E71B78A3F16302012A02D9723B012B31
S214028D10B2D8204600F0B8FA0746B4E7204600F07C
S214028D20EDF83246034604212046FFF71DF80346B7
S214028D3047E7204600F090FE0746A4E72046FFF7E6
S214028D407FFE0646B7E7204600F0D8F832460346CE
S214028D5004212046FFF708F80646ACE70133E36035
S214028D6000236EE7204600F077FEBAE75A78692AB3
S214028D707FF4EEAE0233E36045212046FFF702FCA5
S214028D8003465EE7002E46D03378702B15D06D2B47
S214028D9013D00027304626490BF006FBB8B1204612
S214028DA0FFF74EFE0346002F3FF488AE1A463821E0
S214028DB02046FEF7D9FF034680E672789A42E8D14B
S214028DC0E3681A785F2AE5D10133E360E1E72046DB
S214028DD000F030F80346E6E76F2B15D0692B7FF4D8
S214028DE0AAAE4B786C2B7FF450AE00250231E160C0
S214028DF020464521FFF7C6FB2A4603463021204679
S214028E00BDE8F041FEF7B0BF4B786E2B7FF43DAE67
S214028E100231C16028E60027C1E700BF78D303000D
S214028E2090CE030084CE030088CE03008CCE0300CF
S214028E3080CE03002DE9F043C268D0F82C80137868
S214028E40452B83B004464ED002AE002146F8041DE0
S214028E500127493B0F2B3ED8DFE803F038383D1B8D
S214028E603D3D3D3D3D3D3D3D3D3D3D080132D4F855
S214028E703490E26067632046FFF7E2FDE368C4F8D9
S214028E8034901A78452A05462AD0002003B0BDE859
S214028E90F083204601F0EEFA054600232F212A46EB
S214028EA02046002DF1D0FEF75FFF306000F1080685
S214028EB00028EAD0E2681378452BCAD10198C4F894
S214028EC02C800132E26003B0BDE8F083204600F059
S214028ED015F80546E1E7204600F0D6F90546DCE738
S214028EE00133E360D9E701320023C2602F211A461C
S214028EF003B0BDE8F043FEF737BF00BFC268137881
S214028F00493B012B02D80132C26093E7002070472A
S214028F102DE9F043C26813784E3B85B005460C2B0C
S214028F2070D8DFE803F01E6F6F6F6F5B6F176F6F9F
S214028F306F6F070001320021C26000F0BDFFEB68D0
S214028F4019784529064600F099800022104605B099
S214028F50BDE8F08300F040FE0246104605B0BDE8CC
S214028F60F0830132C26003A90122FEF749FF81465F
S214028F700028EAD000212846FEF7A8FFEA68B44E89
S214028F80147880460027002C00F0E880442C00F07D
S214028F90D180A4F13003DBB21C2B40F2A880A4F1EE
S214028FA06103192B40F2A880552C00F0DE80532C6A
S214028FB000F0F180492C00F0DA80542C00F01F817A
S214028FC0452C00F04B814D2C40F0C880002F00F05D
S214028FD0C580531CEB6054781A46D4E75378742B3A
S214028FE031D00021FFF70AF9EB68197849290246C1
S214028FF0B3D10133EB6028460192FFF71BFF019ABB
S214029000034617E000F0E8FDEB68197849290246A6
S214029010A3D1002A99D0296A686A814295DAEC6956
S214029020481C44F82120286219784939012988BF4A
S2140290300023DED928460421FEF796FE0246104695
S21402904005B0BDE8F0834369816902328B42C26093
S214029050C0F2AB800024284600F0BEFD224603463E
S21402906001212846FEF780FE296BEB68033129634F
S2140290701978492902467FF470AFCAE75A1CEA609B
S2140290805978732900F0A380642900F0BC80284632
S214029090FFF73EFF0446002872D00378452B00F007
S2140290A09480472B00F09180EB681A785F2A40F094
S2140290B08C804FF0FF372846013340F80C3FFEF70E
S2140290C0A5FF0028FFF641AF7B1C7ED06B69AA691C
S2140290D0934255DA03EB43022969013392006B612E
S2140290E08B184ED0462088549F605C6049E026FA72
S2140290F003F3D9077FF553AF284600F06DFD47B35B
S214029100012103463A462846FEF72EFE0746532C12
S2140291101CD0EA681478452C3FF43BAFF7B12B6AB3
S214029120696A8B421ADAE969581C41F82370286288
S214029130147828E7537803F0DF03542B28460AD026
S21402914000F04AFD002FDBD10746E2E7EA68147812
S21402915019E70746DBE700F097F8F3E70022104628
S214029160C9F8002005B0BDE8F0832846E8E7002FDE
S214029170F4D00132EA602846FFF75CFE0421C0E71D
S2140291800023324628460221FEF7EEFD024610462E
S21402919005B0BDE8F08301212846FFF72FF8002F1F
S2140291A0AED1EA6807461478EDE603EB430201699E
S2140291B0920001338C1843613FF44DAF00238B5469
S2140291C0244860600323A36045E72346D9E79A1C38
S2140291D0EA609A785F2A32D06B69AA699342CFDA3C
S2140291E003EB43022969013392006B618B18C8D0E6
S2140291F000248C54184858600E229A60C1E728460C
S214029200FEF762FF9EE70233EB602846FEF740FF5A
S214029210071EFFF69AAE2846FFF77AFE0446002897
S2140292203FF454AF0378452B3FF450AF472B3FF43F
S2140292304DAFEB681A785F2A7FF448AF3BE72846C3
S214029240033340F80C3FFEF7E1FE0028C4DA7CE662
S214029250FF030810A4CE030094CE0300C9F80070E2
S214029260002F3FF472AEB8F1000F04D0039BC8F88B
S2140292700430CDF80C801378452B7FF466AE0132AD
S214029280EA60039A69E600BF2DE9F043C2681378E4
S214029290722B83B0044658D0562B56D04B2B54D044
S2140292A0442B00F09F80A3F130014A2900F28A8005
S2140292B0DFE811F02A012A012A012A012A012A01DD
S2140292C02A012A012A012A018800880088008800CB
S2140292D08800880088000B028800520188008800F7
S2140292E04C016001880088008800880088006E01B2
S2140292F02A018601C30188009401A201D101F3016B
S21402930088008800880088002A0188008800880073
S2140293108800880088000C010C010C010C010C016D
S2140293200C010C010C010C010C0188000C010C0153
S2140293300C010C018800880088000C010C013E011B
S2140293400C010C010C010C010C01002201A92046A3
S214029350FEF756FD0546002834D0E3681B78462BF8
S214029360204634D0FFF790FF286058B303781F3B9F
S214029370012B30D9019A2AB3236A616A8B4221DA19
S214029380E06940F82320019D591C2846216203B05B
S214029390BDE8F0830123456B4363FFF751FB65632A
S2140293A00246002342212046FEF7DEFC05460190D7
S2140293B040B1E3681A782AB15A1CE2601B78452B42
S2140293C000F0AA800025284603B0BDE8F08300F02E
S2140293D053FD2860C9E7019A436842602A680192F1
S2140293E02B60C7E75378782BAFD0531CC3605378F3
S2140293F0002BE7D0931CC3605378463B302BE1D852
S21402940001A151F823F000BFF3980200C5930200B1
S214029410C5930200C5930200C5930200C5930200DD
S214029420C5930200C5930200C5930200C5930200CD
S214029430C5930200C5930200C5930200C5930200BD
S21402944095930200C5930200C5930200C5930200DD
S214029450C5930200C5930200C5930200C59302009D
S214029460C5930200C5930200C5930200C59302008D
S214029470C5930200C7980200C59302009B9802009B
S2140294807B9802005198020023980200C5930200BE
S214029490F5970200D1970200C5930200C593020019
S2140294A0C5930200C593020097970200C593020077
S2140294B081970200C5930200C593020053970200EB
S2140294C095930200C59302001D9702006069A56984
S2140294D0BC49613B03EB8303A84201EB830380F2A2
S2140294E03A8200EB400126698900013075186061F6
S2140294F000F03182272070546B605968236B01326A
S2140295000B44E26023635EE72046FFF701FD054653
S2140295100190002D3FF456AF236A626A9342BFF66B
S21402952051AFE1695A1C41F82350019D22624AE775
S2140295300132E2602046FEF7E9FD002302462821BA
S2140295402046FEF711FC05460190E2E7204600F0B1
S21402955093FC05460190DCE70132E2602046FFF705
S21402956093FE0023024625212046FEF7FDFB054614
S2140295700190CEE70132E2602046FFF785FE002327
S214029580024626212046FEF7EFFB05460190C0E77D
S2140295900132E2602046FFF777FE0546002800F01B
S2140295A0BB802046FFF770FE002800F0B580034619
S2140295B02A462B212046FEF7D7FB05460195A8E74B
S2140295C00132E2602046FFF75FFE002302462421B6
S2140295D02046FEF7C9FB054601909AE70132E26093
S2140295E02046FFF751FE0023024623212046FEF7BF
S2140295F0BBFB054601908CE75378A3F13002092A9B
S21402960005D95F2B03D0413B192B00F2C381002101
S2140296102046FEF7F3FDE36801901B78492B0546CA
S2140296207FF4D1AE2046FFF769FC2A4603460421A2
S2140296302046FEF799FB0546C0E70132E260204667
S214029640FFF722FE0023024622212046FEF78CFB6D
S214029650054601905DE72046FEF736FDE668019076
S2140296603378492B05467FF454AFA36B002B40F0AA
S214029670A98100283FF4A6AE236A626A9342BFF627
S214029680A1AEE1695A1C41F8230022622046019DE0
S214029690FFF734FC2A460346C9E70132E260204659
S2140296A0FEF734FDE36801901B78492B054600F06F
S2140296B07E812046FFF7E8FD019B024621212046D7
S2140296C0FEF752FB0546019023E7511CE1605378F2
S2140296D05F2B00F04481303B092B00F24E810B4693
S2140296E00133E3601A78303A092AF9D96269A06927
S2140296F0824211DA02EB42002669800001323518F6
S214029700626109D05A1A07D0002737546960AA60E6
S2140297101A785F2A00F0908100254FE793785F2B36
S21402972000F08081FEF79CFC0546002D3FF446AF14
S214029730E3681A785F2AEFD10133E3602046FFF729
S214029740A3FD2A4603462D212046FEF70DFB0546BD
S21402975034E7426983699A4280F2FD800C230169EC
S21402976003FB02F3CD1802F10102426100F0F3801E
S214029770154A2720C8546A60236B0833236322E6FF
S214029780FFF782FD002302464A212046FEF7ECFA46
S21402979005460190BDE6426983699A4280F2DB8003
S2140297A00C23016903FB02F3CD1802F101024261A8
S2140297B000F0D1802720054AC8546A60236B113313
S2140297C0236300E684C70300DCC9030004CA03005F
S2140297D0426983699A4280F2BE800C23016903FBC8
S2140297E002F3CD1802F10102426100F0B480272094
S2140297F0924ABFE7426983699A4280F2AC800C23A0
S214029800016903FB02F3CD1802F10102426100F086
S214029810A28027208A4AC8546A60236B04332363D3
S214029820D1E5426983699A4280F295800C230169E8
S21402983003FB02F3CD1802F10102426100F08B80B5
S214029840804A2720C8546A60236B09332363BAE52B
S214029850426983699A427EDA0C23016903FB02F3AA
S214029860CD1802F10102426175D02720764AC8540B
S2140298706A60236B0A332363A5E5426983699A42C9
S21402988069DA0C23016903FB02F3CD1802F1010227
S214029890426160D027206D4AD4E7426983699A42C2
S2140298A0BFF690AD0C23016903FB02F3CD1802F15B
S2140298B0010242613FF487AD0020C854644A6A60E0
S2140298C00E23AB607FE5426983699A42BFF67AADA2
S2140298D00C23016903FB02F3CD1802F10102426177
S2140298E03FF471AD0020C8545A4A6A600423AB6044
S2140298F069E5436981698B427ADA006903EB4301C1
S2140299008900013345182C266361019546549378E5
S214029910303BDBB2092B94BF012300232B817BD97A
S2140299202046FFF7B1FC019B68605B68002B3FF4A2
S21402993049AD04F10C00FEF769FBE268137813B137
S214029940531CE3601378019DA3F17303B3FA83F308
S2140299505B096B8137E5002301935B68FFDE002518
S2140299600131E1602046FFF78FFC2A4603462A2192
S2140299702046FEF7F9F9054620E60123656B636388
S2140299802046FFF75DF86563054600283FF4C4AE3F
S214029990E368BDE62046FFF7BBFA054601900028BD
S2140299A03FF410AD0378182B7FF4B6AD0BE52046D6
S2140299B0FFF7A4FA2A46034604212046FEF7D4F906
S2140299C0019076E62046D4F81490D4F82080A76A50
S2140299D0256BFFF793FAE2681278492A0BD02563C3
S2140299E0E660C4F81490C4F82080A762019D90E552
S2140299F000231B70FFDE019B002B3FF4E3AC226AC0
S214029A00616A8A42BFF6DEACE569511C45F822302F
S214029A10019A216203460AE604F10C00FEF7F6FA02
S214029A20019D7DE703320123466BC2604363FFF765
S214029A3007F86663054678E6194691E7F0C903001B
S214029A40C8C903008CC90300B4C90300A0C9030037
S214029A50B0CE0300A8CE0300F8B5C3681E788446CD
S214029A6026B35A1CC2605A781E78002A58D09A1C0E
S214029A70C260762E044693F801E043D0632E16D1D8
S214029A80BEF1760F13D1436B856BB3FA83F35B0992
S214029A908363FFF7F9FBA36B0246002B52D0002329
S214029AA034212046FEF760F9A563F8BDB646284C79
S214029AB04320002204E094BF5A1C184682422DD04E
S214029AC0831A03EBD37302EB630319016718615819
S214029AD00D78B542EFD149787145ECD1DCF81430F7
S214029AE0DCF81820934219DA03EB4302DCF8101074
S214029AF0920001338818CCF8143013D031238B54DB
S214029B004760F8BDAEF13005EBB2092BCFD8FEF7B1
S214029B10FDFA6369A2699342014604DB0020F8BDA0
S214029B209646C4E7F8BD03EB43022669920001336A
S214029B30B0186361F2D00029F0D03223B3544560E6
S214029B408160F8BD33212046FEF70EF9ACE700BF70
S214029B5018CA030030B5C26883B000230193137895
S214029B6043B3452B26D02E2B24D0044601AD15E058
S214029B704F2B16D0FFF788FB002302462E21C8B1D2
S214029B802046FEF7F1F82860A0B1E268137800F1EB
S214029B9008054BB1452B07D02E2B05D0522B20465D
S214029BA0E6D15378452BE5D1019818B1836823B1E5
S214029BB003B030BD002003B030BD426811782729BB
S214029BC0F6D15268117C0929F2D15168226B521AD9
S214029BD022634360ECE700BFF8B5C1680B78A3F1D7
S214029BE03002092A044620D9A3F16102192A25D98E
S214029BF0A3F14302012A2CD94C2B00F08880552B66
S214029C0033D14B786C2B33D0742B2ED14B1CC360C4
S214029C104B78742B5AD0422B4FF000050CD12946B4
S214029C202046BDE8F840FEF7CDBAFEF76FFAE368C5
S214029C301B780546422BF2D02846F8BDFFF70CFFEC
S214029C40054618B10378312B00F0B280E3681B7822
S214029C50F0E7C56A25B12A78002A6CD0182A6AD09D
S214029C60432B00F0BF80442B6FD000252846F8BD5A
S214029C704B1CC3604B786C2BCDD10231C160FFF711
S214029C8069FF0646F0B1E2681378452BC3D101326C
S214029C90E2602046FEF7FCF9002813DB6369A2693E
S214029CA093420FDA03EB43022169920001338D18C7
S214029CB06361CBD045238B546E60A860236A626AC8
S214029CC093421CDBE36800251B78B3E70231C160D0
S214029CD0FEF7DEF90028F5DB6369A2699342F1DA42
S214029CE003EB43022169920001338D186361ADD004
S214029CF047238B546860236A626A9342E2DAE16918
S214029D00E26841F8235001332362137892E7013167
S214029D10C160FEF7FBF905460028A6D0E268137874
S214029D205F2B87D12046013240F80C2FFEF76EF9E2
S214029D3000288BDA99E7236BAA68134423630B780F
S214029D40432B4FD0442B7FF466AF4B78303B052B2A
S214029D508BD801A252F823F0AD9D0200719D02003D
S214029D60A99D02006B9C0200A59D0200A19D020017
S214029D7002276369A269881C9342E06056DA03EB05
S214029D8043022069920001338618636105D0002DD4
S214029D904FD0082383543771B5608B78354649E730
S214029DA00527E6E70427E4E70327E2E70127E0E7DB
S214029DB04268236B966810681F490733334423634F
S214029DC00AF0F2FA00287FF441AF2046FEF79EF929
S214029DD02A46034636212046FDF7C6FFE3680546B7
S214029DE01B7827E74B78313B042B3FF63EAFDFE884
S214029DF003F015031B19170002276369A269881C62
S214029E009342E06012DA03EB4302206992000133C8
S214029E1086186361C1D065B10723BBE70127ECE76B
S214029E200527EAE70427E8E70327E6E78B78002515
S214029E3000E78B78FEE600BFC0CE030070B5C368AD
S214029E401A784A2A04460DD071B90D462046FFF705
S214029E5081FE78B103462A4620462921BDE8704095
S214029E60FDF782BF0133C3602046FFF70DFA0546B1
S214029E700028EBD1002070BDC3681A78462A01D0AC
S214029E800020704710B55A1CC2605A78592A04BF7F
S214029E900233C36001210446FFF7D0FF0146204685
S214029EA0FEF714F8E3681A78452A01D0002010BDA0
S214029EB00133E36010BD00BF2DE9F047C3681A788E
S214029EC0472A05461FD0542A1DD00E46FFF720F813
S214029ED0044610B32EB3AB68DB0722D42378A3F173
S214029EE01C02042A40D94C2B3ED0022B16D1A36862
S214029EF01A78A2F11C01042940F283824C2A00F04F
S214029F008082A3600AE0296B01F114022A631A78A0
S214029F10542A2BD0472A00F09F8000242046BDE812
S214029F20F087EB681B78002BF8D0452BF6D021463D
S214029F300A78202A00F213811C2A80F01281042A51
S214029F4040F001814A686AB11378082B03F1FF31A9
S214029F5000F2F680072B80F0F680012902D892687C
S214029F60002AF1D10121EFE06468B7E75A1CEA60E3
S214029F705A78002AD1D09A1CEA605B78433B332B8E
S214029F80CBD801A252F823F0C3A302001B9F020003
S214029F901B9F0200ADA302001B9F020097A30200B4
S214029FA081A302006BA302001B9F02001B9F0200FC
S214029FB01B9F02001B9F02001B9F02001B9F0200AA
S214029FC01B9F02001B9F020055A302003BA3020038
S214029FD01B9F020021A302000BA302001B9F02008C
S214029FE01B9F02001B9F02001B9F02001B9F02007A
S214029FF01B9F02001B9F02001B9F02001B9F02006A
S21402A0001B9F02001B9F0200D7A202001B9F02009A
S21402A0101B9F02001B9F02001B9F0200B1A20200B0
S21402A0201B9F02001B9F02001B9F02001B9F020039
S21402A0301B9F02001B9F02001B9F02001B9F020029
S21402A0401B9F02001B9F02001B9F02001B9F020019
S21402A0501B9F02008BA202005A1CEA605A78002A52
S21402A0603FF45BAF9A1CEA605A78413A312A3FF6CF
S21402A07054AF01A151F822F06DA102001B9F02000D
S21402A0801B9F02001B9F02001B9F02001B9F0200D9
S21402A0901B9F02001B9F02001B9F02001B9F0200C9
S21402A0A01B9F02001B9F02001B9F02001B9F0200B9
S21402A0B01B9F02001B9F02001B9F02006DA2020054
S21402A0C01B9F020041A202001B9F02002BA202005D
S21402A0D01B9F02001B9F02001B9F02001B9F020089
S21402A0E01B9F02001B9F02001B9F02001B9F020079
S21402A0F01B9F02001B9F02001B9F02001B9F020069
S21402A1001B9F02001B9F02001B9F02001B9F020058
S21402A1101B9F02001B9F02001B9F02001B9F020048
S21402A1201B9F02001B9F02001B9F02001B9F020038
S21402A1301B9F02001B9F02001B9F020085A10200BC
S21402A140342B7FF40FAF00212846FFF777FE224616
S21402A150034603212846BDE8F047FDF705BE4C2A14
S21402A160F1D1496800297FF4E3AEEDE700212846E5
S21402A170FFF7A2FE0023024617212846BDE8F04755
S21402A180FDF7F2BD05F10C00FDF740FF01287FF751
S21402A190C4AEEB681A78002A3FF4BFAE5F1CEF60CD
S21402A1A01B785F2B7FF4B9AE0022461E90464FF016
S21402A1B040093B78002B3FF4B0AE242B00F02881F8
S21402A1C03C46002104E014F8013F23B1242B02D0C0
S21402A1D00131B142F7DB6C69A869844280F21381CF
S21402A1E02869631C04EB44046B6110EB840300F0E3
S21402A1F00A8100F824805F609960EF680F44761A3F
S21402A200EF60002A00F021813F212846FDF7ACFDD1
S21402A210024600283FF481AE002ECADC2846002300
S21402A2203E21BDE8F047FDF79FBD2846FEF770FECB
S21402A2300023024613212846BDE8F047FDF794BDE9
S21402A2409A7800212846002A00F00181DA1CEA608A
S21402A2509B786E2B40F0FB80FFF72EFE0023024613
S21402A26049212846BDE8F047FDF77EBD2846FEF7A1
S21402A2704FFE04462846FDF7F3FE22460346162105
S21402A2802846BDE8F047FDF76FBD76212846FEF763
S21402A29071F800283FF441AE00212846FFF70CFE75
S21402A2A00023024610212846BDE8F047FDF75CBDB4
S21402A2B068212846FEF75EF800283FF42EAE0021FD
S21402A2C02846FFF7F9FD002302460F212846BDE87F
S21402A2D0F047FDF749BD00212846FEF74BF8002857
S21402A2E03FF41BAE00212846FEF744F800283FF450
S21402A2F014AE00212846FFF7DFFD00230246112197
S21402A3002846BDE8F047FDF72FBD2846FEF700FEBB
S21402A3100023024615212846BDE8F047FDF724BD76
S21402A3200F3129632846FEF7AFFF002302460921B4
S21402A3302846BDE8F047FDF717BD0A3129632846CF
S21402A340FEF7A2FF002302460A212846BDE8F04790
S21402A350FDF70ABD2846FEF797FF002302460D21A9
S21402A3602846BDE8F047FDF7FFBC2846FEF78CFFFF
S21402A3700023024612212846BDE8F047FDF7F4BC4A
S21402A3802846FEF781FF002302460C212846BDE838
S21402A390F047FDF7E9BC2846FEF7BAFD0023024661
S21402A3A014212846BDE8F047FDF7DEBC2846FEF736
S21402A3B06BFF002302460E212846BDE8F047FDF754
S21402A3C0D3BC2846FEF760FF044605F10C00FDF7F5
S21402A3D01DFE0028FFF6A1ADEB681A785F2A7FF40F
S21402A3E09CAD0133EB602846FEF74EFF2B6B591DE2
S21402A3F029630246234628460B21BDE8F047FDF7AF
S21402A400B3BC5B6874E5EB680B44EB60002485E53F
S21402A4107B78532B27D05F2B23D0242B7FF47DAD64
S21402A42018466969AB6999421FDA2C694F1C01EB21
S21402A430410114EB81036F6117D004F82190586034
S21402A440EF680237023EEF60DBE61A46E4E6FFF705
S21402A45033FD0023024648212846BDE8F047FDF7B3
S21402A46083BC2E20DDE72F20DBE7EB680233EB60B0
S21402A470002453E5F8B5C26813784C2B01D00020AF
S21402A480F8BD531CC36051785F2905463AD05A2955
S21402A4903FD0FEF7F9FE0028F1D00378272B46D0EE
S21402A4A0EE6833786E2B4BD03C21452B4ED0002BDA
S21402A4B0E5D0334601E0002CE1D00133EB601C7896
S21402A4C0452CF8D19C1B6B69AA6993422DDA03EBE3
S21402A4D043022F69013392006B61BB1825D026B365
S21402A4E01CB34FF0000E07F802E05E609C60024666
S21402A4F02846FDF739FCEB681A78452ABFD10133A6
S21402A500EB60F8BD931CC36092785A2A18BF0020ED
S21402A51007D10133EB6000212846FFF7CDFCEB683C
S21402A5201A78452AEBD00020F8BD0023DFE74368FF
S21402A5301A7C002AB4D05A682B6B9B1A2B63AFE79F
S21402A540721CEA6073783D211646AEE70024BAE72D
S21402A5502DE9F04F044695B0002A00F0DB80D0F8D3
S21402A5601871002F40F0C2801378884615464D2B8E
S21402A57001F2E681DFE813F05A043C043C04A4032B
S21402A580A5048904EA048E037C03300356030A03F7
S21402A590E4029802BE0272024C02F0012602CA01CE
S21402A5A0A40158017E0132010B01F200F200F20012
S21402A5B0D400D400D400D400D400D400D400D506ED
S21402A5C0D506D400D400A906FC0693061D0701078B
S21402A5D0880701077B057B0530060606E005E409C9
S21402A5E0AD058E0654064E0085044C09DF08DF08CA
S21402A5F0AE08AE08880848053A05E4081405BE0900
S21402A60014099809E409CB076208F107170813042E
S21402A610D4005205AB681B78382B7BD16A68536826
S21402A6201B685978632902F04A8105F108034146FE
S21402A630204603F0BBFB0646002857D16B681A7803
S21402A640312A02F06B835B68C749186809F0ACFED2
S21402A650AB6820B95A681178032902F0A5835A68B4
S21402A6604146204603F03EFB6F68C0497B68D3F83C
S21402A6700090484609F098FE0646002842F06F828F
S21402A680D4F80011FF2902F04A844A1C5B23C4F85E
S21402A6900021635484F80431AB6841469A68204628
S21402A6A002F0FAFCD4F80011FF2902F025845D239B
S21402A6B04A1CC4F80021635484F804316B681A7883
S21402A6C0312A13D15B689A68012A0FD15B681B781E
S21402A6D03E2B0BD1D4F80011FF2902F082842923E5
S21402A6E04A1CC4F80021635484F8043115B0BDE84E
S21402A6F0F08FD4F82031002BC1F2A484002B02F094
S21402A70032848068013B10B102782F2AF6D00FB14E
S21402A710C4F810610123C4F8183115B0BDE8F08FF3
S21402A720D4F814C1D4F81021059514AB002143F8CF
S21402A73040CD0691C4F8143107926A684146204615
S21402A74002F0AAFC069B002B01F08983049BC4F846
S21402A7501431002FCAD0C4F81061C7E7D0F814C16C
S21402A760BCF1000FDED0624605E08B4201F0B886EF
S21402A7701268002AD6D090680028F9D15168097864
S21402A780A1F1190EBEF1020FEFD90746CAE7AF686C
S21402A7906D68002FAAD0D0F800112F444FF00008A1
S21402A7A008E00B460131BD42C4F80011E65484F8B5
S21402A7B004619BD0FF2915F8016BF2D1D4F8083159
S21402A7C084F8FF80D4F80C2120469847D4F8243128
S21402A7D00133C4F8243101210023E4E7644ED0F8A3
S21402A7E0001106F1110A4FF0000909E00B4601318B
S21402A7F05645C4F80011E75484F8047101F09682B5
S21402A800FF2916F8017FF1D1D4F8083184F8FF90B9
S21402A810D4F80C2120469847D4F824310133C4F8E2
S21402A820243101210023E3E7524ED0F8001106F14D
S21402A830190A4FF0000909E00B4601315645C4F8E3
S21402A8400011E75484F8047101F0A882FF2916F873
S21402A850017FF1D1D4F8083184F8FF90D4F80C21A6
S21402A86020469847D4F824310133C4F82431012114
S21402A8700023E3E7404ED0F8001106F1150A4FF028
S21402A880000909E00B4601315645C4F80011E754A9
S21402A89084F8047101F05182FF2916F8017FF1D184
S21402A8A0D4F8083184F8FF90D4F80C212046984753
S21402A8B0D4F824310133C4F8243101210023E3E71C
S21402A8C02E4ED0F8001106F1160A4FF0000909E0E4
S21402A8D00B4601315645C4F80011E75484F804715A
S21402A8E001F06382FF2916F8017FF1D1D4F808310E
S21402A8F084F8FF90D4F80C2120469847D4F82431E7
S21402A9000133C4F8243101210023E3E71C4ED0F8BA
S21402A910001106F1130A4FF0000909E00B46013157
S21402A920B245C4F80011E75484F8047101F0778048
S21402A930FF2916F8017FF1D1D4F8083184F8FF9088
S21402A940D4F80C2120469847D4F824310133C4F8B1
S21402A950243101210023E3E70A4ED0F8001106F164
S21402A9601A0A4FF0000919E084CE030080D00300D3
S21402A9700FD00300DBCF0300F7CF0300C3CF0300E3
S21402A980AFCF030083CF03000B4601315645C4F810
S21402A9900011E75484F8047101F04F80FF2916F87D
S21402A9A0017FF1D1D4F8083184F8FF90D4F80C2155
S21402A9B020469847D4F824310133C4F824310121C3
S21402A9C00023E3E7B54ED0F8001106F10F0A4FF068
S21402A9D0000909E00B4601315645C4F80011E75458
S21402A9E084F8047101F02280FF2916F8017FF1D164
S21402A9F0D4F8083184F8FF90D4F80C212046984702
S21402AA00D4F824310133C4F8243101210023E3E7CA
S21402AA10A34ED0F8001106F1110A4FF0000909E022
S21402AA200B4601315645C4F80011E75484F8047108
S21402AA3001F00A80FF2916F8017FF1D1D4F8083117
S21402AA4084F8FF90D4F80C2120469847D4F8243195
S21402AA500133C4F8243101210023E3E7914ED0F8F4
S21402AA60001106F1150A4FF0000909E00B46013104
S21402AA705645C4F80011E75484F8047100F0B38711
S21402AA80FF2916F8017FF1D1D4F8083184F8FF9037
S21402AA90D4F80C2120469847D4F824310133C4F860
S21402AAA0243101210023E3E77F4ED0F8001106F19E
S21402AAB0120A4FF0000909E00B460131B245C4F80C
S21402AAC00011E75484F8047100F09B87FF2916F8FA
S21402AAD0017FF1D1D4F8083184F8FF90D4F80C2124
S21402AAE020469847D4F824310133C4F82431012192
S21402AAF00023E3E76D4ED0F8001106F1100A4FF07E
S21402AB00000909E00B4601315645C4F80011E75426
S21402AB1084F8047100F06E87FF2916F8017FF1D1E0
S21402AB20D4F8083184F8FF90D4F80C2120469847D0
S21402AB30D4F824310133C4F8243101210023E3E799
S21402AB405B4ED0F8001106F10D0A4FF0000909E03D
S21402AB500B4601315645C4F80011E75484F80471D7
S21402AB6000F05687FF2916F8017BF1D1D4F8083198
S21402AB7084F8FF90D4F80C2120469847D4F8243164
S21402AB800133C4F8243101210023E3E7494ED0F80B
S21402AB90001106F1180A4FF0000909E00B460131D0
S21402ABA0B245C4F80011E75484F8047100F0E38655
S21402ABB0FF2916F8017FF1D1D4F8083184F8FF9006
S21402ABC0D4F80C2120469847D4F824310133C4F82F
S21402ABD0243101210023E3E7374ED0F8001106F1B5
S21402ABE00B0A4FF0000909E00B460131B245C4F8E2
S21402ABF00011E75484F8047100F0CA87FF2916F89A
S21402AC00017BF1D1D4F8083184F8FF90D4F80C21F6
S21402AC1020469847D4F824310133C4F82431012160
S21402AC200023E3E7254ED0F8001106F1080A4FF09C
S21402AC30000909E00B460131B245C4F80011E75499
S21402AC4084F8047100F0C886FF2916F8017FF1D156
S21402AC50D4F8083184F8FF90D4F80C21204698479F
S21402AC60D4F824310133C4F8243101210023E3E768
S21402AC70D0F80011FF2901F07C844A1C7E23C4F818
S21402AC800021635484F804314146AA68204602F043
S21402AC9003FA2BE5AA6802F0FFF927E59FCF030027
S21402ACA06FCF03006BCF030043CF030057CF0300E1
S21402ACB034CF03000FCF0300F8CE030003CF030008
S21402ACC00022D0F81431C0F814216E680093002ECA
S21402ACD000F04C860DF11009D0F810C117469646C2
S21402ACE04B4631781A60A1F11C02042A5E60C3F852
S21402ACF008E0C3F80CC007F1010718461A4640F2EE
S21402AD002A864C2900F027860429C4F8143101F05B
S21402AD10BB8702291AD1D6F808B09BF80030462B1A
S21402AD2002F035802B4609EB071E01965D467646F5
S21402AD30A2469B462B78A3F11C02042A41F25D80B0
S21402AD404C2B01F05A80019E54465D46AA68414645
S21402AD50204602F0A1F93378042B02F0208009EB9A
S21402AD600719202659F8085C013F85B9D4F8001166
S21402AD70FF2902F043804B1CC4F8003159F80C2C12
S21402AD8066542046414684F8046102F095F9A9F11A
S21402AD901009002FE6D1009BC4F81431A6E4D14E68
S21402ADA06A6802F079F906F1050AD4F800114FF044
S21402ADB0000909E00B460131B245C4F80011E75418
S21402ADC084F8047100F0D186FF2916F8017BF1D1D0
S21402ADD0D4F8083184F8FF90D4F80C21204698471E
S21402ADE0D4F824310133C4F8243101210023E3E7E7
S21402ADF06A6802F051F918F0040901F0AA82D4F840
S21402AE000011FF2901F09A854A1C2E23C4F800215E
S21402AE10635484F80431AD682B78462B01F0CC835A
S21402AE202A464146204602F037F95FE411F004084C
S21402AE3041F08B80AF686D68002F3FF457ACD0F8B6
S21402AE4000112F4409E00B460131BD42C4F800113F
S21402AE50E65484F804613FF449ACFF2915F8016B07
S21402AE60F1D1D4F8083184F8FF80D4F80C212046BA
S21402AE709847D4F824310133C4F824310121002341
S21402AE80E3E70123C0F8183130E4D0F81C31002B78
S21402AE9041F00681291DFDF797FA00283FF43AACE7
S21402AEA003782F2B01F0FC83D4F810512B68C4F8DA
S21402AEB0103102464146204602F0EEF8C4F8105120
S21402AEC014E40023D0F81491D0F84471C0F8143179
S21402AED0C0F8445111F0040F6E6805D033781BB9E0
S21402AEE0B268062A01F03C8532464146204602F008
S21402AEF0D3F894F804313C2B01F07482D4F8003174
S21402AF00FF2B01F08984591C3C22C4F80011E2543C
S21402AF1084F804214146AA68204602F0BDF894F857
S21402AF2004313E2B01F03982D4F80031FF2B01F0B8
S21402AF306084591C3E22C4F80011E25484F80421AD
S21402AF40C4F81491C4F84471FFF7D0BB6F68002FA1
S21402AF5001F08280644DD0F8001105F106094FF029
S21402AF60000809E00B460131A945C4F80011E65471
S21402AF7084F8046100F08287FF2915F8016BF1D18D
S21402AF80D4F8083184F8FF80D4F80C21204698477C
S21402AF90D4F824310133C4F8243101210023E3E735
S21402AFA0524ED0F8001106F10A0A4FF0000909E0E5
S21402AFB00B4601315645C4F80011E75484F8047173
S21402AFC000F00187FF2916F8017BF1D1D4F8083189
S21402AFD084F8FF90D4F80C2120469847D4F8243100
S21402AFE00133C4F8243101210023E3E7D0F800112D
S21402AFF02D79FF2901F0AB824B1CC4F80031655451
S21402B00084F80451FFF772BB6A6802F045F8AA6832
S21402B0104146204602F040F8FFF768BB344E6A68A5
S21402B02002F03AF806F1080AD4F800114FF00009C7
S21402B03009E00B4601315645C4F80011E75484F87E
S21402B040047100F00885FF2916F8017FF1D1D4F8C3
S21402B050083184F8FF90D4F80C2120469847D4F89B
S21402B06024310133C4F8243101210023E3E76A685E
S21402B0700AB102F011F8AB68002B3FF437ABD4F8F4
S21402B0800061FD2E01F2BC811A4F4FF0000A07F153
S21402B090020B314609E00B4601315F45C4F8001148
S21402B0A0E65484F8046100F0C186FF2917F8016BA4
S21402B0B0F1D1D4F8083184F8FFA0D4F80C21204648
S21402B0C09847D4F824310133C4F8243101210023EF
S21402B0D0E3E7094ED0F8001106F1090A4FF000091D
S21402B0E016E000BFC4CE0300C4D00300ACD00300F9
S21402B0F02BD1030058D0030067D003000B46013162
S21402B1005645C4F80011E75484F8047100F094859B
S21402B110FF2916F8017FF1D1D4F8083184F8FF90A0
S21402B120D4F80C2120469847D4F824310133C4F8C9
S21402B130243101210023E3E7D14ED0F8001106F1B5
S21402B140090A4FF0000909E00B4601315645C4F8DA
S21402B1500011E75484F8047100F09785FF2916F869
S21402B160017FF1D1D4F8083184F8FF90D4F80C218D
S21402B17020469847D4F824310133C4F824310121FB
S21402B1800023E3E7D5F804A0BE4DDAF80870D0F83D
S21402B190001105F108084FF0000909E00B460131DD
S21402B1A0A845C4F80011E65484F8046100F0068548
S21402B1B0FF2915F8016FF1D1D4F8083184F8FF9011
S21402B1C0D4F80C2120469847D4F824310133C4F829
S21402B1D0243101210023E3E76A68AE680AB101F070
S21402B1E05BFFD4F80031FF2B01F0B1825A1C7B259D
S21402B1F0C4F800214146E5543246204684F80451FC
S21402B20001F04AFFD4F80011FF2901F0E7814A1C39
S21402B2107D23C4F80021635484F80431FFF766BA2C
S21402B220D5F80490AE6899F80030312B00F0CB8741
S21402B230332B41F0D386D0F80011FF2901F0C384E6
S21402B2404A1C2823C4F80021635484F8043104A954
S21402B250D9F80420D4F82831C4F8281120464146EB
S21402B26005930492FFF774F9D4F80011059BC4F80D
S21402B2702831FF2901F0968429234A1CC4F80021AC
S21402B280635484F8043132464146204602F02AFDD1
S21402B290FFF72CBA6A6802F0E7FCFFF727BA11F04C
S21402B2A0200F40F053876A681AB118F0400301F085
S21402B2B0D08128F0600805F108024146D4F814311E
S21402B2C0204602F0DDFBFFF711BA11F004086B68A6
S21402B2D040F0128693E8A000002F3FF407AAD0F8A9
S21402B2E000112F4409E00B460131BD42C4F800119B
S21402B2F0E65484F804613FF4F9A9FF2915F8016BB6
S21402B300F1D1D4F8083184F8FF80D4F80C21204615
S21402B3109847D4F824310133C4F82431012100239C
S21402B320E3E76968D0F81C710B78002F40F0E185DE
S21402B330052B01F0C781232B00F089862A789A42D2
S21402B34000F08586242B7FF4EBA914A8D4F81431D8
S21402B3504A6840F8403D0021D4F810310595C4F8FB
S21402B360140106910793002A7FF4E8A9FFF7E5B9CE
S21402B3706A6801F091FEFFF7B9B914ABD0F8142150
S21402B38043F8402DC0F81431AA68D0F8103107935C
S21402B39000260595069601F07FFE069B23B92A46EF
S21402B3A04146204601F088FE049BC4F81431FFF79C
S21402B3B09DB90DF15009D0F814B149F840BD0022EC
S21402B3C0D0F81031CDF800B05946C0F81491059562
S21402B3D006920793002901F0A0834B681B78193B5D
S21402B3E0022B01F29A83AC4601270E464D4604E034
S21402B3F073681B78193B022B1BD8B3684FEA071EEB
S21402B40014AA02EB0E0B8BB9032F01F2F98096E811
S21402B4100F00ABF1400A8AE80F004BF8405C0123AC
S21402B42009EB0E05C4F814510137B3603668002ED6
S21402B430DED1DCF8082041462046654601F02CFEA7
S21402B440069B009AC4F81421002B7FF44FA9012F03
S21402B4500CD009EB071959F80C2C013F414620463F
S21402B46001F02AFE012FA9F11009F4D12A1D414646
S21402B470D4F81431204602F027FAFFF737B900BF96
S21402B48067D003005BD00300B5F90A30002B40F00A
S21402B49074866A68D54B5168994200F06A864146BE
S21402B4A0204601F0F9FDD4F80031FF2B01F0B282FC
S21402B4B0591C2022C4F80011E25484F80421B5F97C
S21402B4C00830002B00F09585C94D4FF00008AF1DDF
S21402B4D009E00B460131BD42C4F80011E65484F877
S21402B4E004613FF403A9FF2915F8016BF1D1D4F8E2
S21402B4F0083184F8FF80D4F80C2120469847D4F807
S21402B50024310133C4F8243101210023E3E7B94E84
S21402B510D0F8001106F10E094FF0000809E00B46BC
S21402B5200131B145C4F80011E75484F8047100F003
S21402B530B383FF2916F8017FF1D1D4F8083184F8D5
S21402B540FF80D4F80C2120469847D4F824310133E2
S21402B550C4F8243101210023E3E7A74ED0F80011F6
S21402B56006F11A0A4FF0000909E00B46013156456A
S21402B570C4F80011E75484F8047100F0EF82FF2942
S21402B58016F8017FF1D1D4F8083184F8FF90D4F888
S21402B5900C2120469847D4F824310133C4F82431CC
S21402B5A001210023E3E76968FCF72AFF4FF0000950
S21402B5B0002801F05D8303782F2B40F05784436800
S21402B5C0002B00F05384806809F101090028F2D1AB
S21402B5D06B68009309F1FF3301934FF0000AC4F839
S21402B5E02071009A4146204601F056FD019BBB425F
S21402B5F040F3AB81814DD4F8001105F1020B09E04E
S21402B6000B460131AB45C4F80011E65484F80461D8
S21402B61000F09B81FF2915F8016BF1D1D4F80831AF
S21402B62084F8FFA0D4F80C2120469847D4F8243199
S21402B6300133C4F8243101210023E3E7704ED0F829
S21402B640001106F1160A4FF0000909E00B46013117
S21402B650B245C4F80011E75484F8047100F05F8321
S21402B660FF2916F8017FF1D1D4F8083184F8FF904B
S21402B670D4F80C2120469847D4F824310133C4F874
S21402B680243101210023E3E75E4ED0F8001106F1D3
S21402B6900E0A4FF0000909E00B4601315645C4F880
S21402B6A00011E75484F8047100F0A083FF2916F80D
S21402B6B0017FF1D1D4F8083184F8FF90D4F80C2138
S21402B6C020469847D4F824310133C4F824310121A6
S21402B6D00023E3E76A681178272900F0158600261A
S21402B6E0D4F80011FF2901F0C58028234A1CC4F8AB
S21402B6F00021635484F804316A684146204601F00A
S21402B700CBFCD4F80031FF2B01F09980591C29227A
S21402B710C4F80011E25484F804212B783D2B00F083
S21402B720E686082E00F07F86AA684146204601F08B
S21402B730B3FCFEF7DBBF0123C0F81831FEF7D6BF15
S21402B7406A68314904A808F0FDFD04A808F098FFCD
S21402B75000283EF4CBAF04ADD4F800112F184FF0FA
S21402B760000809E00B460131BD42C4F80011E65458
S21402B77084F804613EF4BAAFFF2915F8016BF1D1E3
S21402B780D4F8083184F8FF80D4F80C212046984774
S21402B790D4F824310133C4F8243101210023E3E72D
S21402B7A01A4ED0F8001106F11C0A4FF0000909E003
S21402B7B00B4601315645C4F80011E75484F804716B
S21402B7C000F0FA82FF2916F8017FF1D1D4F8083189
S21402B7D084F8FF90D4F80C2120469847D4F82431F8
S21402B7E00133C4F8243101210023E3E724C803000F
S21402B7F048D003001BD1030023D0030058D0030017
S21402B80027D003009BD003007CCE0300EBD00300BE
S21402B810AB681A783A2A7EF47DAF9B681B783B2B7E
S21402B8207EF478AF05F108036A6802F0BFFA0646AE
S21402B83000287EF45BAFD5F804A0AA68DAF80410F4
S21402B84093680868D649D2F804905F689D6808F045
S21402B850ABFD002801F0E2820422D2492046FCF722
S21402B860A3FBD9F8043083B141464A46204602F08B
S21402B87039FAD4F80011FF2901F0EC8320234A1C80
S21402B880C4F80021635484F804313A4641462046FF
S21402B89001F002FC002D3EF429AF2A46414620461E
S21402B8A002F020FAFEF722BFBF4ED0F8001106F1D2
S21402B8B0080A4FF0000909E00B4601315645C4F864
S21402B8C00011E75484F8047100F0D880FF2916F8B6
S21402B8D0017FF1D1D4F8083184F8FF90D4F80C2116
S21402B8E020469847D4F824310133C4F82431012184
S21402B8F00023E3E7AD4ED0F8001106F11D0A4FF023
S21402B900000909E00B460131B245C4F80011E754BC
S21402B91084F8047100F0FC81FF2916F8017FF1D14A
S21402B920D4F8083184F8FF90D4F80C2120469847C2
S21402B930D4F824310133C4F8243101210023E3E78B
S21402B9400123C0F81831FEF7D1BE01374F457FF408
S21402B95046AEFEF7CBBE7668002E01F06E80042F50
S21402B96003F110037FF4BDA9C4F814010123C4F83F
S21402B9701831FEF7BBBE8E4E6A684146204601F07D
S21402B9808BFB06F1040AD4F800114FF0000908E018
S21402B9900B460131B245C4F80011E75484F804712D
S21402B9A013D0FF2916F8017BF2D1D4F8083184F8B7
S21402B9B0FF90D4F80C2120469847D4F8243101335E
S21402B9C0C4F8243101210023E4E7AA684146204650
S21402B9D001F062FBFEF78ABE6A684146204601F025
S21402B9E05BFBFEF783BE6A684146204601F054FBC5
S21402B9F0FEF77CBE6A684146204601F04DFBFEF724
S21402BA0075BE6A684146204601F046FBFEF76EBEEA
S21402BA106A684146204601F03FFBFEF767BE6A6849
S21402BA204146204601F038FBFEF760BE6A68414692
S21402BA30204601F031FBFEF759BE6A6841462046B1
S21402BA4001F02AFBFEF752BE6A684146204601F024
S21402BA5023FBFEF74BBE4146AA68204601F01CFBBC
S21402BA60D4F80011FF2900F060854A1C5D23C4F853
S21402BA700021635484F80431FEF738BED4F81C3132
S21402BA804C4E0133C4F81C3141466A68204601F028
S21402BA9003FBD4F81C31D4F80011013BC4F81C3166
S21402BAA006F102094FF0000808E00B4601314E4548
S21402BAB0C4F80011E75484F8047113D0FF2916F86D
S21402BAC0017BF2D1D4F8083184F8FF80D4F80C2137
S21402BAD020469847D4F824310133C4F82431012192
S21402BAE00023E4E7AA683449013204A808F02AFCD5
S21402BAF004A808F0C5FD18B304ADD4F800112F1839
S21402BB004FF0000808E00B460131AF42C4F80011BE
S21402BB10E65484F8046115D0FF2915F8016BF2D1BA
S21402BB20D4F8083184F8FF80D4F80C2120469847D0
S21402BB30D4F824310133C4F8243101210023E4E788
S21402BB40D4F80011FF2900F060854A1C7D23C4F852
S21402BB500021635484F80431FEF7C8BD6A68414682
S21402BB60204601F099FAFEF7C1BD4146AA68204672
S21402BB7001F092FAD4F80011FF2900F00B854A1C56
S21402BB805D23C4F80021635484F80431FEF7AEBD89
S21402BB906A684146204601F07FFAFEF7A7BD00BF5D
S21402BBA090CE030088D003000BD10300CBD0030055
S21402BBB02CCF030018D103007CCE0300DAF8045021
S21402BBC02B78613B192B09D8FF2900F09387202395
S21402BBD04A1CC4F80021635484F80431EB1913F8A4
S21402BBE0013C202B08BF07F1FF37002F3EF47EAD45
S21402BBF0D4F800112F444FF0000809E00B4601313B
S21402BC00AF42C4F80011E65484F804613EF46EAD07
S21402BC10FF2915F8016BF1D1D4F8083184F8FF80BA
S21402BC20D4F80C2120469847D4F824310133C4F8BE
S21402BC30243101210023E3E7D4F844213AB114ABBE
S21402BC40D4F8101143F8481D0392C4F810316B68FB
S21402BC501A78042A00F00E8304A81A46D4F828514B
S21402BC60C4F828014146204604930595FEF770FC69
S21402BC70D4F84431059AC4F82821002B3EF436AD98
S21402BC80029BC4F81031FEF731BDAA684146204631
S21402BC9001F002FAFEF72ABD6A68D849013204A802
S21402BCA008F050FB04A808F0EBFC18B304ADD4F877
S21402BCB000112F184FF0000808E00B460131BD4274
S21402BCC0C4F80011E65484F8046115D0FF2915F86B
S21402BCD0016BF2D1D4F8083184F8FF80D4F80C2135
S21402BCE020469847D4F824310133C4F82431012180
S21402BCF00023E4E7D4F80011FF2900F004844A1C6C
S21402BD007D23C4F80021635484F80431FEF7EEBCA8
S21402BD106A684146204601F0BFF9FEF7E7BC6A684A
S21402BD204146204601F0B8F9FEF7E0BC6A68414693
S21402BD30204601F0B1F9FEF7D9BCB14EAA684146D9
S21402BD40204601F0A9F906F1050AD4F800114FF0D1
S21402BD50000908E00B4601315645C4F80011E754C5
S21402BD6084F8047113D0FF2916F8017BF2D1D4F8B7
S21402BD70083184F8FF90D4F80C2120469847D4F86E
S21402BD8024310133C4F8243101210023E4E76A6830
S21402BD904146204601F080F9FEF7A8BC6A68414693
S21402BDA0204601F079F9FEF7A1BC6A6841462046B2
S21402BDB001F072F9FEF79ABC6A684146204601F025
S21402BDC06BF9FEF793BC41466A68204601F064F9B7
S21402BDD0D4F80011FF2900F02A844A1C2923C4F84B
S21402BDE00021635484F80431FEF780BC6A68414639
S21402BDF0204601F051F9FEF779BC042FA6F1100493
S21402BE0006F1100E00F0228794E80F0086E80F0075
S21402BE1000234EF8104C06E90810CAF8146146F8DA
S21402BE200C5C6D6801377646FEF784BFAA680093FD
S21402BE300E4620464146D4F8245101F02DF9D4F896
S21402BE402421009B95427EF451ACD4F80021B242E4
S21402BE507EF44CAC013BC4F80031FEF747BC2A46E0
S21402BE604146204601F028F9FEF770BC6B68009345
S21402BE70B9F1000F7FF4AEABFEF738BC3A4604A821
S21402BE805E4908F05FFA04A808F0FAFB18B304AD9E
S21402BE90D4F800112F184FF0000808E00B460131C5
S21402BEA0AF42C4F80011E65484F8046115D0FF29A5
S21402BEB015F8016BF2D1D4F8083184F8FF80D4F873
S21402BEC00C2120469847D4F824310133C4F8243193
S21402BED001210023E4E7D4F80011FF2900F0DD84F5
S21402BEE04A1C7D23C4F80021635484F80431FEF70B
S21402BEF0FDBB0027FFF71FBADF689D68002F3EF4E0
S21402BF00F5ABD0F800112F444FF0000809E00B46BD
S21402BF100131BD42C4F80011E65484F804613EF4CF
S21402BF20E5ABFF2915F8016BF1D1D4F8083184F896
S21402BF30FF80D4F80C2120469847D4F824310133E8
S21402BF40C4F8243101210023E3E76E68AF68374462
S21402BF50BE42BEF4CBAB4FF000080DE0D4F80011A1
S21402BF60FF2936D04B1CC4F80031655484F80451BE
S21402BF700136B7427EF6BAABBB1B032B3578EDDD36
S21402BF805F2DEBD173785F2BE8D1B378552BE5D1D3
S21402BF90F31C9F42E2D9002006E0A5F137029F4239
S21402BFA002EB001000F0C785994613F8015BA5F175
S21402BFB03002D1B20929A5F1410EF0D9BEF1050F22
S21402BFC0A5F16102E9D9052A00F24387A5F15702D5
S21402BFD0E5E7D4F8083184F8FF80D4F80C2120462F
S21402BFE09847D4F824310133C4F8243100210123C0
S21402BFF0B9E7044D9846AF1D10E000BF7CCE0300A3
S21402C000F0CF030050D003000B460131BD42C4F806
S21402C0100011E65484F804613EF468ABFF2915F873
S21402C020016BF1D1D4F8083184F8FF80D4F80C21E2
S21402C03020469847D4F824310133C4F8243101212C
S21402C0400023E3E72B782F2B7EF46AAB01460D46DE
S21402C050D4F814C1FEF766BBD74DD0F8001105F12F
S21402C060040809E00B460131A845C4F80011E6545D
S21402C07084F804613EF43AABFF2915F8016BF1D15E
S21402C080D4F8083184F8FF70D4F80C21204698477B
S21402C090D4F824310133C4F8243101210023E3E724
S21402C0A0C64ED0F8001106F105094FF0000808E068
S21402C0B00B460131B145C4F80011E75484F8047107
S21402C0C013D0FF2916F8017BF2D1D4F8083184F890
S21402C0D0FF80D4F80C2120469847D4F82431013347
S21402C0E0C4F8243101210023E4E76A68B449013226
S21402C0F004A808F027F904A808F0C2FA00283EF4BB
S21402C100F5AA04ADD4F800112F184FF0000809E084
S21402C1100B460131AF42C4F80011E65484F80461BC
S21402C1203EF4E4AAFF2915F8016BF1D1D4F80831E0
S21402C13084F8FF80D4F80C2120469847D4F824319E
S21402C1400133C4F8243101210023E3E721F060081B
S21402C15005F108024146D0F8143101F091FC6A68F4
S21402C160002A3EF4C3AA4146204600F095FFFEF799
S21402C170BDBAD4F80011FFF7A2B9924ED0F800115A
S21402C18006F1050A4FF0000909E00B460131B245F7
S21402C190C4F80011E75484F804713FF47AA9FF2921
S21402C1A016F8017BF1D1D4F8083184F8FF90D4F860
S21402C1B00C2120469847D4F824310133C4F82431A0
S21402C1C001210023E3E7D9F804307F491F68384687
S21402C1D008F0EAF896F800A018B9BAF1030F00F0D2
S21402C1E01B85BAF1380F00F0FD857849384608F00D
S21402C1F0DBF80546002800F035817549384608F018
S21402C200D3F8002800F0B6824A464146204601F09E
S21402C2102BFD002F3FF437A86E49384608F0C4F8C5
S21402C220002800F0848338466B4908F0BDF80546BE
S21402C23000287FF428A8D4F80031FF2B00F0DB8416
S21402C240581C2825C4F800014146E55432462046CB
S21402C25084F8045100F020FFD4F80011FF2900F002
S21402C2606D8429234A1CC4F80021635484F80431DF
S21402C270FEF73CBA0DF110095A68D4F82831C4F812
S21402C28028914146204604920593FEF761F9D4F8B8
S21402C2904431059AC4F8282113B1029BC4F8103120
S21402C2A094F804313C2B00F0D983D4F80011FF290E
S21402C2B000F067844A1C3C23C4F80021635484F8C7
S21402C2C004316B68D4F828519B68C4F828911A4642
S21402C2D04146204604930595FEF73AF994F8043150
S21402C2E0059AC4F828213E2B00F0AB83D4F800113F
S21402C2F0FF2900F09A843E234A1CC4F800216354A6
S21402C30084F80431FEF7F2B95268167C002E3FF428
S21402C310E7A9062E40F23783072E7FF4E1A9AA6822
S21402C320117800297FF4DCA9916801297FF4D8A945
S21402C3303C2B7FF4D5A953681B78302B00F0268659
S21402C340312B7FF4CDA904222449FBF72DFEFEF7FC
S21402C350CDB9234ED4F8001106F1020A09E00B46C5
S21402C3600131B245C4F80011E75484F804713EF472
S21402C37052ADFF2916F8017BF1D1D4F8083184F8C2
S21402C380FF90D4F80C2120469847D4F82431013384
S21402C390C4F8243101210023E3E7D4F80011FF2971
S21402C3A000F0E48420224B1CC4F80031625484F866
S21402C3B00421FEF7BBBD00BFBCD00300F0CE0300D5
S21402C3C07CCE030040D0030074D0030038D10300B3
S21402C3D080CE030078D0030078D30300589F030072
S21402C3E0CCCE0300D4F80011FF2900F06584202289
S21402C3F04B1CC4F80031625484F80421FEF780BD59
S21402C4000027A7553146D4F80831D4F80C21204627
S21402C4109847D4F82431C4F8007101333E46C4F874
S21402C4202431FEF731BED4F80011FF2900F06584EE
S21402C4304A1C5B23C4F80021635484F80431414645
S21402C440AA68204600F028FED4F80011FF2900F062
S21402C45012835D234A1CC4F80021635484F8043115
S21402C460FEF744B931462046FBF7CAFF28B907E073
S21402C47043682BB18068013510B103782F2BF7D0B3
S21402C4802A4604A8D44907F05DFF04A808F0F8F885
S21402C49000283EF42BA904ADD4F800112F184FF053
S21402C4A0000809E00B460131BD42C4F80011E6540B
S21402C4B084F804613EF41AA9FF2915F8016BF1D13C
S21402C4C0D4F8083184F8FF80D4F80C212046984727
S21402C4D0D4F824310133C4F8243101210023E3E7E0
S21402C4E06A684146204600F0D7FDFEF7FFB8FF29EE
S21402C4F000F0D2832D234A1CC4F80021635484F82A
S21402C5000431FFF70EB90025D4F80831D4F80C210F
S21402C51084F8FF5020469847D4F824310133294640
S21402C520C4F824310122FFF7EBBB0025D4F808310A
S21402C530D4F80C2184F8FF5020469847D4F82431CA
S21402C54001332946C4F824310122FFF78FBA0026A8
S21402C550D0F8083180F8FF60D0F80C219847D4F85C
S21402C5602431C4F8006101333146C4F82431FEF7A1
S21402C57043BD0026D0F80831D0F80C2180F8FF60C1
S21402C5809847D4F8243101333146C4F824310122C5
S21402C590FEF774BB0025D4F80831D4F80C2184F8D1
S21402C5A0FF5020469847D4F8243101332946C4F870
S21402C5B024310122FFF7E4BA0D2288492046FBF710
S21402C5C0F3FCA96820460131FBF79EFF032284494B
S21402C5D02046FBF7E9FC6D68FEF722BC0025D4F87E
S21402C5E00831D4F80C2184F8FF5020469847D4F836
S21402C5F0243101332946C4F824310122FEF708BE4D
S21402C6000123C4F81831FEF771B80025D4F80831B2
S21402C610D4F80C2184F8FF5020469847D4F82431E9
S21402C62001332946C4F824310122FFF78FBA0025C8
S21402C630D4F80831D4F80C2184F8FF5020469847E5
S21402C640D4F8243101332946C4F824310122FFF7F5
S21402C650C5BB14A9D4F8140141F8400D28F06008AF
S21402C660D4F81061C4F81411204641460693079682
S21402C670059500F011FD069E049BC4F81431002EA9
S21402C6807EF434A8D4F80011FF2900F00984202390
S21402C6904A1CC4F80021635484F80431FEF70BBE2A
S21402C6A0D4F82031002BFEF6FFAB002B00F09D8263
S21402C6B08068013B00283EF42DA802782F2AF4D089
S21402C6C0FEF728B8D0F830E1D0F82C21BEF1000FE2
S21402C6D014DD1368994200F0F58302F108003B4628
S21402C6E0A44604E052F83340A14200F0D48101335C
S21402C6F09E45814600F10800F4D16446D4F83431F0
S21402C7009E4580F2B9840EF1010302EBCE00C4F816
S21402C710303142F83E10D4F8102104308E46002AFA
S21402C72000F08D84D4F83C31D4F840118B4203F1EA
S21402C730010C80F2A184D4F83811C4F83CC101EB94
S21402C740C30351685960036012681846E7E700257C
S21402C7501946D4F80C21D4F8083184F8FF50204644
S21402C7609847D4F824315A1CC4F824212B460122B7
S21402C770FEF73DBD002E00F04D84BAF12F0F40F0BB
S21402C7808884736873B3074607E00137B66856B302
S21402C79033782F2B27D173682BB31A784A2AF4D111
S21402C7A059682046FBF72CFE98B103782F2B40F0F1
S21402C7B06C844368002B00F064840346002004E087
S21402C7C01A782F2A05D15A681AB19B680130002BB5
S21402C7D0F6D10744DAE700BF7CCE0300D0CE0300D2
S21402C7E0E0CE03001F4639462046FBF78DFEFDF7D6
S21402C7F07DBF00251946D4F80C21D4F8083184F8F8
S21402C800FF5020469847D4F824315A1CC4F82421F5
S21402C8102B460121FEF78EBB00261946D4F80C21C2
S21402C820D4F8083184F8FF6020469847D4F82431BB
S21402C8305A1CC4F8242133460121FEF765BB0022A8
S21402C840194684F8FF20D4F80831D4F80C21204683
S21402C85098472923237084F804312A78D4F824319F
S21402C860012101333D2AC4F82431C4F800117EF4B4
S21402C87058AF3FE60027D4F8083184F8FF70D4F8A2
S21402C8800C2120469847D4F82431C4F800710133AD
S21402C8903946C4F82431FEF728BF0025D4F80831FB
S21402C8A0D4F80C2184F8FF5020469847D4F8243157
S21402C8B001332946C4F824310122FFF712BB1B7844
S21402C8C0A3F16301012903D9723B012B3DF6ADAEFC
S21402C8D04146204601F0C8F9D4F80011FF2900F0BD
S21402C8E071824A1C3C23C4F80021635484F8043144
S21402C8F0AB6841465A68204600F0CEFB0222D54974
S21402C9002046FBF751FBAB6841469A68204600F08A
S21402C910C3FBD4F80011FF2900F0DF8129234A1C4B
S21402C920C4F80021635484F80431FDF7DFBE3246B2
S21402C9304146204600F0B0FBFDF7D8BE0026D4F8EC
S21402C9400831D4F80C2184F8FF6020469847D4F8C2
S21402C950243101333146C4F824310122FEF755BA98
S21402C960BD49706807F0FAFE00287EF4BDAAAA68E0
S21402C9704146204600F090FB0222B8492046FBF7CB
S21402C98013FBFEF7DDBAAA681778002F7EF4A8AE6E
S21402C9903D2B00F0EF82AA6841462046023E00F098
S21402C9A07BFB042E3DF6A2AEDFE806F02618110A3F
S21402C9B0030020460322AA49FBF7F6FAFDF796BEC5
S21402C9C020460222A749FBF7EFFAFDF78FBE204664
S21402C9D00222A549FBF7E8FAFDF788BED4F8001153
S21402C9E0FF2900F01A836C234A1CC4F80021635402
S21402C9F084F80431FDF77ABED4F80011FF2900F05E
S21402CA00DB8275234A1CC4F80021635484F804317F
S21402CA10FDF76CBE00261946D4F80C21D4F808316E
S21402CA2084F8FF6020469847D4F824315A1CC4F88C
S21402CA30242133460121FEF73CBDC4F81431FEF72B
S21402CA4095BFD4F80011FF2900F0448220234A1C27
S21402CA50C4F80021635484F8043147E4D4F8001182
S21402CA60FF2900F06E8220234A1CC4F8002163547A
S21402CA7084F8043119E40025D4F8083184F8FF500C
S21402CA80D4F80C2120469847D4F82431013329469D
S21402CA90C4F82431DDE46446D4F82801D8B102682B
S21402CAA091420AD0034604E05B68A3B11A68914239
S21402CAB003D09542F8D19842F6D004312046FBF7CF
S21402CAC083FC00283DF426AE03782F2B3DF411AEEE
S21402CAD00146FEF730BCD9F80430D4F81061C4F829
S21402CAE0103104312046FBF76FFC00283DF410AEEF
S21402CAF00127E9E70026D4F8083184F8FF60D4F865
S21402CB000C2120469847D4F82431DAF80450013331
S21402CB103146C4F82431FFF75AB8AA68414620467F
S21402CB2000F0BAFA069B009AC4F81421002B3EF4D1
S21402CB309DACFDF7DBBD5F25FFF710BA0025D4F8E4
S21402CB40083184F8FF50D4F80C2120469847D4F8D0
S21402CB50243101332946C4F82431FFF782BB484604
S21402CB60424907F021FC20B13A464146204601F0F0
S21402CB707BF8AB6841469A68204601F0B3F8FDF7A9
S21402CB809DBD0026D4F8083184F8FF60D4F80C2145
S21402CB9020469847D4F8243101333146C4F824316C
S21402CBA0FFF788BB0025D4F8083184F8FF50D4F884
S21402CBB00C2120469847D4F8243101332946C4F87C
S21402CBC02431FEF759BB0025D0F8083180F8FF5013
S21402CBD0D0F80C219847D4F82431C4F80051013318
S21402CBE02946C4F82431FEF72BBB406800283DF4E2
S21402CBF091ADFEF759B984F8FF001946D4F80C2116
S21402CC00D4F8083120469847D4F824315A1CC4F880
S21402CC1024212B46FFF714BB73681A78012A00F00A
S21402CC20538196F800A0FFF7E0BA0025D4F8083141
S21402CC3084F8FF50D4F80C2120469847D4F82431C3
S21402CC4001332946C4F82431FFF755BB5446FEF794
S21402CC508DBE00BF7CD00300E4CE0300ECCE030002
S21402CC6098D0030094D0030090D0030084CE030033
S21402CC706A684146204601F035F820460322E2491A
S21402CC80FBF792F9FDF732BD14AB039643F848CD95
S21402CC90C4F81031FEF75AB80027D4F8083184F8E1
S21402CCA0FF70D4F80C2120469847D4F8243101337B
S21402CCB03946C4F824311DE40026D4F8083184F835
S21402CCC0FF60D4F80C2120469847D4F8243101336B
S21402CCD03146C4F82431FFF78ABB0025D4F8083160
S21402CCE084F8FF50D4F80C2120469847D4F8243113
S21402CCF001332946C4F8243110E60026D4F8083158
S21402CD0084F8FF60D4F80C2120469847D4F82431E2
S21402CD1001333146C4F82431FFF78ABB5A6891685A
S21402CD2001297DF490AC526812783E2A7DF48BACD1
S21402CD30D4F80011FF290FD1D4F8083184F8FF6027
S21402CD40D4F80C2120469847D4F82431C4F8006160
S21402CD5001333146C4F8243128234A1CC4F8002182
S21402CD60635484F804316B68FDF76DBC0025D4F873
S21402CD70083184F8FF50D4F80C2120469847D4F89E
S21402CD80243101332946C4F82431FFF70BBBDBF804
S21402CD9004B0BBF1000F3EF4E9ADFDF7C3BF029B42
S21402CDA0C4F81031FDF7DBBF93681B78292B1CBF34
S21402CDB00123C4F8183152684146204600F092FF1B
S21402CDC0FDF752BC0026D4F8083184F8FF60D4F888
S21402CDD00C2120469847D4F8243101333146C4F852
S21402CDE024317EE572684146204600F07BFF4A46C3
S21402CDF04146204600F038FFFDF778BCD4F80831EB
S21402CE0084F8FF50D4F80C2120469847D4F82431F1
S21402CE1001332946C4F82431FDF7ADBF4A464146E0
S21402CE20204600F05FFF52464146204600F01CFFB7
S21402CE303A464146204600F055FF204603227349F3
S21402CE40FBF7B2F82A464146204600F04BFFFDF7B4
S21402CE504DBC4F457FF66FAE5F2D7FF46CAEFF285C
S21402CE603FF67CA8D4F80011FF29C5B20FD1D4F83A
S21402CE70083184F8FF80D4F80C2120469847D4F86D
S21402CE802431C4F800810133C4F8243100214B1C3C
S21402CE90C4F800314E46655484F80451FFF768B86A
S21402CEA0D4F8083184F8FF60D4F80C21204698475D
S21402CEB0D4F82431C4F8006101333146C4F8243171
S21402CEC0FFF7E5BB9146E7E5B2681278292A08BF64
S21402CED01E46A6E60025D4F8083184F8FF50D4F89A
S21402CEE00C2120469847D4F82431C4F80051013367
S21402CEF02946C4F82431A9E50026D4F8083184F876
S21402CF00FF60D4F80C2120469847D4F82431C4F8A0
S21402CF10006101333146C4F82431FDF7C8BB84F8FA
S21402CF20FF00D4F80831D4F80C2120469847D4F8EC
S21402CF302431C4F8006101333146C4F82431FDF7C8
S21402CF40A4BB0026D4F8083184F8FF60D4F80C217C
S21402CF5020469847D4F82431C4F80061013331469C
S21402CF60C4F824317FE5416800293DF4D0AB0B7844
S21402CF70FEF7E1B9D0F80011FF290DD02D234A1C87
S21402CF80C4F80021635484F8043104E505222049DC
S21402CF90FBF70AF8FDF7AABBD0F8083180F8FF7055
S21402CFA0D0F80C219847D4F82431C4F80071013324
S21402CFB03946C4F82431E1E70025D4F8083184F86C
S21402CFC0FF50D4F80C2120469847D4F82431C4F8F0
S21402CFD0005101332946C4F8243112E50027FFF731
S21402CFE013B90025D4F8083184F8FF50D4F80C2180
S21402CFF020469847D4F82431C4F800510133294614
S21402D000C4F82431FDF76BBBB8D0030084D003000C
S21402D010609F03003746FFF7E6BB0025D4F80831C9
S21402D02084F8FF50D4F80C2120469847D4F82431CF
S21402D030C4F8005101332946C4F82431D3E47146BA
S21402D040026004312046FBF7BFF900287FF43CADAE
S21402D050FDF760BBD4F8083184F8FF60D4F80C21E1
S21402D06020469847D4F82431C4F80061013331468B
S21402D070C4F82431FEF702BC0123C4F81831FDF7C8
S21402D08035BB18460744FFF781BB00200744FFF76D
S21402D0907DBB0746FFF7A7BB10B5D0F8283182B094
S21402D0A0C0F828D104468DE80C00FDF751FA019B22
S21402D0B0C4F8283102B010BD2DE9F0471378033BBF
S21402D0C082B0154604468846492B00F22382DFE8E2
S21402D0D013F0E7012102210221022102210221028C
S21402D0E02102210221022102210221022102210221
S21402D0F02102210221022102210221022102E9014A
S21402D1008201A801E9018201A801CD01DA016F00BE
S21402D1108C009C00AB00CF00F40021022102210209
S21402D1202102190121025C012102210221022102AF
S21402D13021022102210221022102210221022102D0
S21402D14021022102210221022102210221022102C0
S21402D15021022102210221022102210221022102B0
S21402D160210221024A00D34DD0F8001105F1110721
S21402D1704FF0000808E00B460131BD42C4F800112A
S21402D180E65484F804612DD0FF2915F8016FF2D118
S21402D190D4F8083184F8FF80D4F80C21204698474A
S21402D1A0D4F824310133C4F8243101210023E4E702
S21402D1B0D0F80011FF2900F0F7814A1C2023C4F89A
S21402D1C00021635484F80431AA68D4F82831009206
S21402D1D04146C4F828D120460193FDF7B9F9019BD0
S21402D1E0C4F8283102B0BDE8F08711F00405F9D181
S21402D1F0D0F80031FF2B00F01C822A22591CC4F8FA
S21402D2000011E25484F80421ECE7D0F80011FF295B
S21402D21000F0B9814A1C2623C4F80021635484F81E
S21402D220043102B0BDE8F087D0F80011A24D4FF0ED
S21402D2300008AF1C08E00B460131BD42C4F80011DD
S21402D240E65484F80461CDD0FF2915F8016BF2D1BB
S21402D250D4F8083184F8FF80D4F80C212046984789
S21402D260D4F824310133C4F8243101210023E4E741
S21402D270924DD0F8001105F108074FF0000808E0BB
S21402D2800B460131BD42C4F80011E65484F804612D
S21402D290A8D0FF2915F8016FF2D1D4F8083184F826
S21402D2A0FF80D4F80C2120469847D4F82431013365
S21402D2B0C4F8243101210023E4E7814DD0F800119F
S21402D2C005F10A074FF0000808E00B460131BD429F
S21402D2D0C4F80011E65484F8046183D0FF2915F8D7
S21402D2E0016BF2D1D4F8083184F8FF80D4F80C210F
S21402D2F020469847D4F824310133C4F8243101215A
S21402D3000023E4E790F80431282B0BD0D0F8003144
S21402D310FF2B00F026812022591CC4F80011E2548B
S21402D32084F804216A68D4F82831664DC4F828D1F6
S21402D3304146204601930092FDF70AF9019BD4F874
S21402D3400011C4F82831EF1C4FF0000809E00B4624
S21402D3500131BD42C4F80011E65484F804613FF47A
S21402D36041AFFF2915F8016BF1D1D4F8083184F8E2
S21402D370FF80D4F80C2120469847D4F82431013394
S21402D380C4F8243101210023E3E74F4ED0F8001100
S21402D39006F10A0A4FF0000909E00B46013156452C
S21402D3A0C4F80011E75484F8047100F0C080FF2925
S21402D3B016F8017BF1D1D4F8083184F8FF90D4F83E
S21402D3C00C2120469847D4F824310133C4F824317E
S21402D3D001210023E3E73D4DD0F8001105F10907CE
S21402D3E04FF0000809E00B460131BD42C4F80011B7
S21402D3F0E65484F804613FF4F5AEFF2915F8016F90
S21402D400F1D1D4F8083184F8FF80D4F80C212046F4
S21402D4109847D4F824310133C4F82431012100237B
S21402D420E3E72B4DD0F80011AF1D4FF0000809E0DE
S21402D4300B460131BD42C4F80011E65484F804617B
S21402D4403FF4D0AEFF2915F8016BF1D1D4F80831BC
S21402D45084F8FF80D4F80C2120469847D4F824316B
S21402D4600133C4F8243101210023E3E7D0F8003168
S21402D470FF2B00F0CC802022591CC4F80011E25485
S21402D48084F80421C3E6D0F80031FF2B00F0AD800B
S21402D4902022591CC4F80011E25484F80421C5E67F
S21402D4A06A6892E60B4DD0F8001105F109074FF0B5
S21402D4B000081BE05BD1030070D1030073D10300A8
S21402D4C080D103008CD1030090D1030047D1030022
S21402D4D054D103003BD103000B460131AF42C4F8DE
S21402D4E00011E65484F804613FF47CAEFF2915F877
S21402D4F0016FF1D1D4F8083184F8FF80D4F80C21FA
S21402D50020469847D4F824310133C4F82431012147
S21402D5100023E3E7D0F82831C0F828D12A46019341
S21402D5200095FDF715F8019BC4F828315AE6D4F8A1
S21402D53028316A68C4F828D14146204601930092F1
S21402D540FDF706F8D4F80011019BC4F82831FF292C
S21402D5503AD04A1C2923C4F80021635484F80431C3
S21402D56040E600261946D0F80C21D0F8083180F89B
S21402D570FF609847D4F82431C4F800615A1CC4F8F6
S21402D58024213346C7E60025D4F80831D4F80C2106
S21402D59084F8FF5020469847D4F8243101332946B0
S21402D5A0C4F82431012236E60026D0F80831D0F835
S21402D5B00C2180F8FF609847D4F8243101333146B5
S21402D5C0C4F824310122F9E50025D4F80831D4F84C
S21402D5D00C2184F8FF5020469847D4F824310133B2
S21402D5E02946C4F824310122B4E700251946D0F8AA
S21402D5F00C21D0F8083180F8FF509847D4F824312F
S21402D600C4F800515A1CC4F824212B4640E70025D2
S21402D6101946D0F80C21D0F8083180F8FF50984708
S21402D620D4F82431C4F800515A1CC4F824212B46DD
S21402D63021E71946D0F80C21D0F8083180F8FF50BF
S21402D6409847D4F82431C4F800515A1CC4F824214F
S21402D6502B46D2E5002A00F0A1802DE9F04F1E46A7
S21402D660D0F8183189B0054643BB0F4614464FF032
S21402D670010802E0D5F8183103BBA368DBB962687B
S21402D68013782EB9A3F11C01042914D94C2B12D0FD
S21402D690E168C4F80880292BD5F81091C5F8101156
S21402D6A00FD02A2B18D0022B21D039462846FFF756
S21402D6B003FDC5F810912468002CDBD109B0BDE843
S21402D6C0F08F236808323946284600F0D9F9C5F8A3
S21402D6D0109109B0BDE8F08F236804323946284617
S21402D6E000F0F2F8C5F8109109B0BDE8F08F0026F8
S21402D6F0D5F81481C5F81461526839462846FFF7F2
S21402D700CBFC17F0040AC5F8148123D0D5F8001113
S21402D710FF2900F0C1804A1C2E23C5F800216B5455
S21402D72085F8043163689C682378462B37D0A3F1CA
S21402D7301C02042A0BD94C2B09D02246394628460D
S21402D740FFF7AAFCC5F8109109B0BDE8F08F64682F
S21402D7502378ECE7584ED5F8001106F1020B09E0E3
S21402D7600B4601315E45C5F8001105F8038085F8C1
S21402D7700481D7D0FF2916F8018BF1D1D5F80831EC
S21402D78085F8FFA0D5F80C2128469847D5F824310D
S21402D7900133C5F8243101210023E3E77047474EE1
S21402D7A0D5F8001106F10D0A4FF0000B09E00B4602
S21402D7B00131B245C5F8001105F8038085F80481E9
S21402D7C013D0FF2916F8018BF1D1D5F8083185F868
S21402D7D0FFB0D5F80C2128469847D5F824310133F6
S21402D7E0C5F8243101210023E3E7A2683449013257
S21402D7F001A806F0A7FD01A806F042FF28B301AE75
S21402D800D5F8001106EB000A4FF0000B09E00B46B4
S21402D8100131B245C5F8001105F8038085F8048188
S21402D82015D0FF2916F8018BF1D1D5F8083185F805
S21402D830FFB0D5F80C2128469847D5F82431013395
S21402D840C5F8243101210023E3E7D5F800111D4E67
S21402D8504FF0000B06F1030A0AE00B460131B2450F
S21402D860C5F8001105F8038085F804813FF46FAF10
S21402D870FF2916F8018BF0D1D5F8083185F8FFB0EC
S21402D880D5F80C2128469847D5F824310133C5F837
S21402D890243101210023E2E7D5F80831D5F80C211E
S21402D8A085F8FF6028469847D5F82431013331467B
S21402D8B0C5F8243101222FE7CCCE0300D0CE0300D8
S21402D8C07CCE0300E0CE03002DE9F84F04460F4657
S21402D8D0904663B11E461A46936893B31268002AAE
S21402D8E0FAD11346394632462046FFF7B3FED4F83D
S21402D8F00011FF2900F08D804B1C2022FF2BC4F85C
S21402D9000031625484F8042168D05B22591CC4F8A2
S21402D9100011E25484F80421D8F800202AB13946CE
S21402D9202046FFF7B9FBD4F80011FF2900F08280E9
S21402D9304A1C5D23C4F80021635484F80431BDE810
S21402D940F88F526812782A2A3FD0DFF83091D4F83E
S21402D95000111D4609F1020B0AE00B46CB4501F108
S21402D9600101C4F8001104F803A084F804A11AD037
S21402D970FF2919F801ABF0D1D4F8083184F8FF502A
S21402D980D4F80C2120469847D4F824310133C4F841
S21402D990243100230121CB45C4F8001104F803A06A
S21402D9A084F804A1E4D10023324639462046FFF724
S21402D9B051FED4F80031FF2B4DD0591C2922C4F851
S21402D9C00011E25484F8042193E732463946204691
S21402D9D0FFF740FED4F80031FF2B96D100221946FD
S21402D9E084F8FF20D4F80831D4F80C212046984752
S21402D9F05B23237084F80431D4F82431D8F800204D
S21402DA0001330121C4F82431C4F80011002A86D15A
S21402DA108EE70025D4F8083184F8FF50D4F80C219C
S21402DA2020469847D4F824310133C4F824312946D5
S21402DA30012362E70025D4F80831D4F80C2184F8D3
S21402DA40FF5020469847D4F8243101332946C4F8BB
S21402DA50243101226DE700251946D4F80C21D4F8AA
S21402DA60083184F8FF5020469847D4F824315A1CCF
S21402DA70C4F824212B460121A0E700BFB4D003003E
S21402DA802DE9F043044683B00E4617461D464BB3B7
S21402DA909B683BBB2A460120DFF8C8E106E011F48A
S21402DAA0606F5AD11268EAB19368DBB953681B7883
S21402DAB0193BDBB2122B00FA03F1F3D811EA0E0F70
S21402DAC0EDD094F80431202B4DD0D4F80031FF2B42
S21402DAD000F0B480591C2022C4F80011E25484F8E5
S21402DAE0042142E00023D4F81481C4F814313146EC
S21402DAF02A462046FFF7AEFDD4F80011FF2956D07D
S21402DB004B1C2822C4F80031625484F80421386879
S21402DB1078B1D4F8283100900246C4F828D13146AC
S21402DB2020460193FCF714FD019AD4F80031C4F89C
S21402DB302821FF2B4DD05A1C2920C4F8002131463B
S21402DB40E0542A4684F8040101232046FFF782FDAA
S21402DB50C4F8148103B0BDE8F08394F8043103F0EE
S21402DB60FD02282AAFD1D4F80011FF2954D04A1C4E
S21402DB702823C4F8002163544FF0000984F80431C6
S21402DB80D4F81481C4F814914B462A4631462046EE
S21402DB90FFF760FDD4F80031FF2B2CD0591C292248
S21402DBA0FF29C4F80011E25484F80421A8D14FF0EA
S21402DBB00009D4F8083184F8FF90D4F80C212046E6
S21402DBC09847D4F824310133C4F824314946012356
S21402DBD097E700271946D4F80C21D4F8083184F8C0
S21402DBE0FF7020469847D4F824315A1CC4F82421E2
S21402DBF03B460122A0E71946D4F80C21D4F8083196
S21402DC0084F8FF9020469847D4F824315A1CC4F86A
S21402DC1024214B460121C2E74FF00008D4F8083110
S21402DC20D4F80C2184F8FF8020469847D4F8243193
S21402DC3001334146C4F82431012299E74FF0000827
S21402DC401946D4F80C21D4F8083184F8FF8020460F
S21402DC509847D4F824315A1CC4F82421434601219B
S21402DC6039E700BF073104002DE9F0411578312D60
S21402DC7082B0134604460DD0D0F82851C0F828D1F9
S21402DC808DE82800FCF764FC019BC4F8283102B03A
S21402DC90BDE8F08153689F685D68002FF7D0D0F822
S21402DCA000112F444FF0000808E00B460131BD4238
S21402DCB0C4F80011E65484F80461E8D0FF2915F888
S21402DCC0016BF2D1D4F8083184F8FF80D4F80C2125
S21402DCD020469847D4F824310133C4F82431012170
S21402DCE00023E4E7F0B51378012B83B015460E4601
S21402DCF0044629D9302B27D0062B25D0D0F8001180
S21402DD00FF2931D04A1C2823C4F8002163542A462E
S21402DD10314684F804312046D4F82831C4F828D194
S21402DD2001930095FCF714FCD4F80011019BC4F88B
S21402DD302831FF2928D04A1C2923C4F8002163541D
S21402DD4084F8043103B0F0BDD4F82831C4F828D1E1
S21402DD5031462A46204601930095FCF7F9FB019BC3
S21402DD60C4F8283103B0F0BD0027D4F80831D4F83F
S21402DD700C2184F8FF709847D4F8243101333946D1
S21402DD80C4F824310122BEE70025D4F80831D4F8BD
S21402DD900C2184F8FF5020469847D4F824310133EA
S21402DDA02946C4F824310122C6E700BF2DE9F84F00
S21402DDB0526812681578662D02D00020BDE8F88FEA
S21402DDC01B68D0F82071D3F80890D3F8048099F82D
S21402DDD000303B2B4FF0FF3304BFD9F80850D9F878
S21402DDE00490C0F820315378A3F14C0318BF0025E5
S21402DDF00E460446262B2BD8DFE803F0902A2A2A62
S21402DE002A2A902A2A2A2A2A2A2A2A2A2A2A2A2A05
S21402DE102A2A2A2A2A2A2A2A2A2A2A2A6A2A2A2A1B
S21402DE202A2A2F00424631462046FFF71DFF4A4661
S21402DE3031462046FFF756FFD4F80011FF2900F0BE
S21402DE40B2804A1C2923C4F80021635484F80431A2
S21402DE50C4F820710120BDE8F88FD0F80011FF2920
S21402DE6000F0C5804A1C2823C4F8002120466354CB
S21402DE704A46314684F80431654DFFF733FF424681
S21402DE8031462046FFF7F0FE05F10409D4F80011EA
S21402DE904FF0000808E00B460131A945C4F800110E
S21402DEA0E65484F80461D3D0FF2915F8016BF2D149
S21402DEB0D4F8083184F8FF80D4F80C21204698471D
S21402DEC0D4F824310133C4F8243101210023E4E7D5
S21402DED0504DD0F8001105F1040B09E00B46013154
S21402DEE05D45C4F8001104F803A084F804A199D093
S21402DEF0FF2915F801ABF1D14FF0000384F8FF308B
S21402DF00D4F80C21D4F8083120469847D4F82431A6
S21402DF100133C4F8243101210023E1E7D0F80031AF
S21402DF20FF2B51D0591C4FF0280E4A46C4F8001158
S21402DF30204604F803E0314684F804E1DFF8D8907E
S21402DF40FFF7D0FE314642462046FFF78DFE09F126
S21402DF50030BD4F8001109E00B460131CB45C4F897
S21402DF60001104F803A084F804A115D0FF2919F8BB
S21402DF7001ABF1D14FF0000384F8FF30D4F80C2146
S21402DF80D4F8083120469847D4F824310133C4F82F
S21402DF90243101210023E1E7424631462046FFF7BD
S21402DFA063FE2A4644E70025D4F80831D4F80C214B
S21402DFB084F8FF5020469847D4F824310133294686
S21402DFC0C4F8243101223DE74FF0000A1946D0F882
S21402DFD00C21D0F8083180F8FFA09847D4F82431F5
S21402DFE0C4F800A15A1CC4F8242153469AE7002517
S21402DFF0D0F80831D0F80C2180F8FF509847D4F8B2
S21402E000243101332946C4F8243101222BE700BF0C
S21402E010A4D103009CD10300B8D003002DE9F04F31
S21402E020E7B090F80090B9F15F0F00AF054688465A
S21402E030164600F0F1800822BD49284606F08EFBFF
S21402E04048B92B7A2E2B00F0D6805F2B00F0D380B7
S21402E050242B00F0D0804FF0000A284606F010FB72
S21402E0604FEA400B830003EB0B02920008320A339E
S21402E070ADEB020D23F0070300246A462918ADEB28
S21402E080030DBAF1010F4FF011037A62C7F830D0D0
S21402E090C7F82CB07D613D62B863B961FB61BC62B2
S21402E0A07C63FC633C647C64BC64FC6400F0BB8000
S21402E0B0C0F0CF80EB7ABAF1020F18BF4FF04409D6
S21402E0C005F10B0A08BF4FF043095F2BC7F820A0E3
S21402E0D000F0B28050467A6006F0D2FABBF1000F2A
S21402E0E07A6840F3BF800123BB62002800F0BA8042
S21402E0F00023C2F804A0906013704946002307F17B
S21402E1001400F9F731FE3C6A0546204606F0B8FAD6
S21402E11023183B6214F80090B9F1000F40F0868095
S21402E120002D00F0838007F150042A4607F5C271DD
S21402E13007F5C870C4F80881C4F80C61C4F80091E9
S21402E14084F80491C4F81091C4F81491C4F820918C
S21402E150C4F82491C4F81891C4F81C91C4F8289104
S21402E160C4F82C91C4F83091C4F83491C4F83891AC
S21402E170C4F83C91C4F84091F9F7C4FED4F83421AF
S21402E180D4F84011D4F828313B61D00001FB02F1EB
S21402E1900830E846CA00ADEB000D68460832ADEB23
S21402E1A0020D07F10C062A46C4F82C01C4F84011E9
S21402E1B020461121C4F838D1FD60C4F84491C4F851
S21402E1C02861FCF7C5F93B69C4F82831D4F8001178
S21402E1D0D4F8083104F801902046C546D4F80C213C
S21402E1E09847D4F81801B0FA80F0400907F5CE77C0
S21402E1F0BD46BDE8F08F6B7A442B02D0492B7FF4E4
S21402E2002AAFAA7A5F2A7FF426AF492B14BF4FF0B3
S21402E210030A4FF0020A20E743785A2B7FF40BAF2B
S21402E2204FF0010A19E7B9F15F0F1DD0002007F57C
S21402E230CE77BD46BDE8F08F2B7B5A2B7FF44AAFD4
S21402E2400D35214607F114003D62FBF735FE024606
S21402E25053E707F11400FBF717F83B6A054693F8F5
S21402E260009059E7002248E76B785A2BDED1023538
S21402E270514607F114003D62FBF71EFEFB69DB0701
S21402E280054651D5386A90F80090B9F12E0F7FF402
S21402E29043AF4378A3F16102192A39D95F2B37D0ED
S21402E2A0303B092B40D8037802462E2B12D15378E6
S21402E2B0303B092B0ED89378A3F13001092902F1DD
S21402E2C00202F2D812F8013FA3F130010929F9D966
S21402E2D02E2BECD0B96AFB6A3A62994216DAD7F864
S21402E2E024E04B1C01EB4101BB621EEB81030DD007
S21402E2F0121A0BD00EF8214058609A602A464D2119
S21402E30007F11400F9F730FD0546BBE70023F5E7F1
S21402E310811C0A4611F8013BA3F1610EBEF1190FEA
S21402E320F7D95F2BF5D0C0E73B6A93F80090F3E687
S21402E33058CE03002DE9F04184B078B301B16AB338
S21402E340002416460D466A46274900941F46019445
S21402E35002940394FFF762FE00283FD0039BD3B1DA
S21402E3604FF00108009C5CB33DB3204606F088F9E6
S21402E370336898421BD2421C2146284605F0D8FB39
S21402E380204605F083F82C460FB100233B6020465A
S21402E39004B0BDE8F081DDF80880E3E713B16FF062
S21402E3A002021A600024204604B0BDE8F081284626
S21402E3B005F06CF8C6F80080E6E7002EFAD1E3E72F
S21402E3C0002FEFD0B8F1010F04D06FF001033B60CD
S21402E3D00024DCE74FF0FF333B60D8E7009805F0F7
S21402E3E055F8002FF1D1DDE78D84020060B108B543
S21402E3F039B1FFF713FE00280CBF6FF001000020B2
S21402E40008BD6FF0020008BD6FF00200704700BF43
S21402E41008B5F9F7F5F8006830B190F82730012B07
S21402E42004BF00687838006808BD00BF000000001E
S21402E43000B551EC100B2C4A21F00043934285B0F4
S21402E44020DD2A4A934209DD10EE102A0B4602F01E
S21402E45077FD41EC100B05B05DF804FB684600F052
S21402E46033FD00F00300012828D0022815D060B33F
S21402E47001209DED021B9DED000B02F091F851EC80
S21402E480100BE6E79FED161B01F00EFB51EC100B8E
S21402E49041EC100B05B05DF804FB9DED021B9DEDF3
S21402E4A0000B01F001FB53EC102B10EE100A03F1E7
S21402E4B0004141EC100B05B05DF804FB9DED021B1C
S21402E4C09DED000B02F06CF8EDE79DED021B9DED55
S21402E4D0000B01F0E9FA51EC100BBAE7AFF300803B
S21402E4E00000000000000000FB21E93FFFFFEF7F75
S21402E4F008B52DED048BB0EE418AF0EE618AB0EEDF
S21402E500409AF0EE609A00F04BF830B9B0EE480A46
S21402E510F0EE680ABDEC048B08BDB0EE480AF0EED9
S21402E520680A00F03DF838B153EC182B51EC190B81
S21402E53003F04AF90028E9D0B0EE490AF0EE690A7B
S21402E540BDEC048B08BD00BF08B52DED048BB0EE04
S21402E550418AF0EE618AB0EE409AF0EE609A00F0E0
S21402E5601FF830B9B0EE480AF0EE680ABDEC048B2C
S21402E57008BDB0EE480AF0EE680A00F011F838B1AD
S21402E58053EC182B51EC190B03F000F90028E9D0D4
S21402E590B0EE490AF0EE690ABDEC048B08BD00BF76
S21402E5A053EC102B33F0004109D01C4810B4A3F5ED
S21402E5B0801484420FD804205DF8044B70470AB9D1
S21402E5C00220704703F1FF43144803F5E003834239
S21402E5D00DD80420704703F1FF43104803F5E0030B
S21402E5E08342E8D9B1F5801F06D20320E4E7B1F5ED
S21402E5F0801F06D203207047094B994206D000209E
S21402E600DAE7074B994205D000207047B2FA82F04B
S21402E6104009D1E7B2FA82F040097047FFFFDF7F78
S21402E6200000F07FF8B557EC106B3B1EC3F30A5E92
S21402E630AEF2FF31C3F31300ACBF01254FF0FF3536
S21402E640132940F4801412DC002950DB4FF400201A
S21402E65008412044C1F11401C840002105FB01F322
S21402E660EF1700FB0733A5FB00011944F8BD3E294E
S21402E67016D8332910EE100A18DDAEF21346AEF2A3
S21402E6803347C6F1200124FA01F104FA07F30B43DB
S21402E69000FA07FE04FA06F242EA0E001946DDE721
S21402E6A010EE100A394603F0CFFAF8BDAEF2134E5A
S21402E6B04FF0004323FA0EF3981928BF0134C1F134
S21402E6C03401AEF1200CCEF12007202904FA0CF317
S21402E6D024FA07F74FF0000643EA070318BF20FAAA
S21402E6E001F604FA0EF242EA06001946B6E70131CE
S21402E6F002D12846E917F8BD00200021F8BD00BF68
S21402E700F8B553EC102BC3F30A54A4F2FF301328C7
S21402E710194610EE106A12DC002832DB234D054142
S21402E7202B421F462AD04FF400210141394421EAE8
S21402E730050100240B46224643EC102BF8BD332875
S21402E74005DDB0F5806F22D043EC102BF8BDA4F2A5
S21402E75013444FF0FF3525FA04F42242F4D0012385
S21402E760C0F1330003FA00F0801928BFC91820EA66
S21402E77004040B46224643EC102BF8BD002AD2D1E5
S21402E780E2E7013003F0004109D00024D2E710EEA0
S21402E790100A194602F0D6FB41EC100BF8BD41F008
S21402E7A07F5141F440110024C4E700BFFFFF0F0071
S21402E7B000B551EC100B2C4A21F00043934285B071
S21402E7C027DD2A4A934209DD10EE102A0B4602F094
S21402E7D0B7FB41EC100B05B05DF804FB684600F091
S21402E7E073FB00F00300012827D002281DD068B36F
S21402E7F09DED021B9DED000B01F056F953EC102B1C
S21402E80010EE100A03F1004141EC100B05B05DF862
S21402E81004FB00209FED121B01F0C2FE51EC100B10
S21402E82041EC100B05B05DF804FB01209DED021BC8
S21402E8309DED000B01F0B4FEE0E79DED021B9DEDA1
S21402E840000B01F031F951EC100BC2E701209DEDEF
S21402E850021B9DED000B01F0A3FE51EC100BB8E776
S21402E8600000000000000000FB21E93FFFFFEF7FF1
S21402E87000F046BA2DE9F0432DED028B8BB055EC35
S21402E880104B00F047FD274BB0EE408AF0EE608A50
S21402E89093F90060731C12D022462B462046294666
S21402E8A002F09CFF074650B94FF000084FF00009EF
S21402E8B02046294642464B4602F068FF40B9B0EE73
S21402E8C0480AF0EE680A0BB0BDEC028BBDE8F08396
S21402E8D0154B08970122CDE90445CDE902458DE89E
S21402E8E00C0096B142464B464046494602F006FEAA
S21402E8F0022ECDE906010AD104F034FB212303607F
S21402E900089B53B99DED068BD9E7CDE90689684683
S21402E91002F05EF90028F3D1EEE704F023FB089B31
S21402E9200360EFE71C01002090D60300F0B52DED42
S21402E930048BB34D8BB0F0EE408AB0EE608A00F0E6
S21402E940B5FD95F90040631CB0EE409A2ED0B4EEA9
S21402E950488AF1EE10FA29D6F4EE688AF1EE10FA39
S21402E96080F1A280F5EE408AF1EE10FA24D1B5EEDF
S21402E970408AF1EE10FA59D10123A24A009318EE0A
S21402E980900A00230192089302F03AFCCDE90201B4
S21402E99018EE100A02F034FC00220023CDE904012E
S21402E9A0CDE90623002C67D0B7EE009AB0EE490AEE
S21402E9B00BB0BDEC048BF0BD02F02CFA0446002826
S21402E9C000F09180B5EE409AF1EE10FAEED1B0EE7C
S21402E9D0680A02F01FFA0028E8D0B0EE480A02F0F1
S21402E9E019FA0028E2D00423864A009318EE900A09
S21402E9F000230893019202F003FCCDE9020118EE0F
S21402EA00100A02F0FDFB00260027CDE90401CDE93D
S21402EA10066795F90030022B03D0684602F0D8F854
S21402EA2080BB04F09FFA222303602BE0B0EE480A74
S21402EA3002F0F0F90028B9D0B5EEC08AF1EE10FA6D
S21402EA40B4D501236F4A009318EE900A0023089368
S21402EA50019202F0D5FBCDE9020118EE100A02F08F
S21402EA60CFFB95F90030CDE90401002B40F09B80E6
S21402EA7000220023CDE90623684602F0A9F8002802
S21402EA8000F08C80089B1BB104F06CFA089B0360B4
S21402EA90DDE9060102F000FF09EE100AB0EE490AAF
S21402EAA00BB0BDEC048BF0BDB5EE408AF1EE10FA69
S21402EAB07FF47CAF0123534A009318EE900A00239A
S21402EAC00192089302F09CFBCDE9020118EE100AAF
S21402EAD002F096FB4C4B0022022CCDE90401CDE954
S21402EAE00623C9D160E7B0EE680A02F093F900285F
S21402EAF03FF468AFB0EE480A02F08CF900283FF403
S21402EB0061AFB4EE499AF1EE10FA80F187803D4B80
S21402EB100894032218EE900A8DE80C0002F070FBAF
S21402EB20CDE9020118EE100A02F06AFB95F90030F0
S21402EB30CDE90401002B3DD1344BF5EEC08A4FF0EF
S21402EB406042F1EE10FACDE906237FF566AFF6EEE7
S21402EB50007A68EE277A17EE900A02F051FB064614
S21402EB600F4647EC106B02F035F8304653EC102B8C
S21402EB70394602F001FE00283FD1254995F90030BA
S21402EB804FF06040CDE9060145E71046194602F00F
S21402EB90B5FC022CCDE906017FF46EAF04F0E2F973
S21402EBA0212303606EE71B490020022BCDE90601F4
S21402EBB0F4D061E71849F5EEC08A0020F1EE10FAAB
S21402EBC0CDE906017FF527AFF6EE007A68EE277AE2
S21402EBD017EE900A02F014FB06460F4647EC106B3F
S21402EBE001F0F8FF304653EC102B394602F0C4FD14
S21402EBF018B9084B0022CDE9062395F900300AE73A
S21402EC001C01002098D603000000F03FFFFFEF47EC
S21402EC10FFFFEFC70000F0FF0000F07F0C4B0894E8
S21402EC20012218EE900A8DE80C0002F0E9FACDE90E
S21402EC30020118EE100A02F0E3FA95F90040CDE957
S21402EC40040100220023002C9FD1CDE9062313E7FE
S21402EC5098D6030010B52DED028B8AB0B0EE408A2E
S21402EC6000F01CFF244B93F90040631C09D0B4EE5D
S21402EC70488AF1EE10FA04D6B5EEC08AF1EE10FA22
S21402EC8003D40AB0BDEC028B10BD01231B4A0093CD
S21402EC9018EE100A00230192089302F0B1FA00223D
S21402ECA0CDE90401CDE902010023BCB110461946A4
S21402ECB002F024FC022CCDE9060111D104F052F92F
S21402ECC021230360089B8BB9DDE9060102F0E4FD0F
S21402ECD000EE100A0AB0BDEC028B10BDCDE9062389
S21402ECE0684601F075FF0028ECD1E7E704F03AF930
S21402ECF0089B0360E8E700BF1C010020A0D60300C3
S21402ED0051EC110B43422DE9F047034321F0004832
S21402ED106B4F48EAD373BB4255EC104B45D863425F
S21402ED20234325F0004A4AEAD373BB42A9463CD89D
S21402ED3001F1404303F5801303438E464CD08E17F1
S21402ED4006F0020654EA0A0346EAD57635D050EAB9
S21402ED5008033AD0B84553D0BA4536D0AAEB0808CD
S21402ED604FEA2858B8F13C0F3EDC002964DB024625
S21402ED700B462046294602F0C1FB41EC100B01F07F
S21402ED808FFE01F0D9FC51EC100B012E51D0022E51
S21402ED9042D076B138A3D3E9002302F0D1F838A3E3
S21402EDA0D3E9002302F0CCF803E022462B4602F019
S21402EDB0C9F841EC100BBDE8F087022E18D0032EDE
S21402EDC00ED131A1D1E90001F3E7B9F1000F13DB4F
S21402EDD02FA1D1E90001ECE7BDE8F04701F0ACBC99
S21402EDE010EE100A2946E4E729A1D1E90001CCE792
S21402EDF023A1D1E90001DCE727A1D1E90001D8E788
S21402EE00C2451FD0022EF3D0032EDAD0012E4FF0C9
S21402EE10000021D00021CCE717A3D3E9002302F09B
S21402EE208FF802460B4616A1D1E9000102F088F8D7
S21402EE30BFE701F10041BCE718F13C0F97DA00206A
S21402EE400021A2E7022E12D0032E0CD0012E06D0ED
S21402EE5013A1D1E90001ACE74FF00041A9E712A1E6
S21402EE60D1E90001A5E712A1D1E90001A1E712A1AB
S21402EE70D1E900019DE700BF075C143326A6A13C3A
S21402EE80182D4454FB210940182D4454FB2109C077
S21402EE90182D4454FB21F93F182D4454FB21F9BF89
S21402EEA0182D4454FB21E93F182D4454FB21E9BF99
S21402EEB0D221337F7CD902C0D221337F7CD9024053
S21402EEC00000F07F000000002DE9F04753EC102B05
S21402EED09D4923F000478F4290B040F391809B49B2
S21402EEE08F421C46824629DC002C194610EE100A78
S21402EEF08BA3D3E9002340F3B18102F021F8944BAF
S21402EF009F4204460D4600F0918087A3D3E9002372
S21402EF1002F016F802460B46CAE9002320462946A6
S21402EF2002F00EF880A3D3E9002302F009F80125C7
S21402EF30CAE90201284610B0BDE8F08785498F422B
S21402EF4040F3918084498F4265DC3D15A5F2164553
S21402EF50A7EB0551104616460F4602F055FC02F086
S21402EF603DF98046894642464B4630463946CDE90B
S21402EF700A8901F0E5FF0022784B02F095F98946EE
S21402EF80804602F041FC02F029F906460F46324658
S21402EF903B4640464946CDE90C6701F0D1FF0022C8
S21402EFA06E4B02F081F900220023CDE90E0102F039
S21402EFB0E3FB002800F07081002330463946002229
S21402EFC002F0DAFB002814BF01230223644A0192EE
S21402EFD002212A4600910AA8514600F0A9FE002CFA
S21402EFE0054614DADAF80420DAF80C3002F10042A8
S21402EFF003F100434542CAF80420CAF80C3006E082
S21402F00080ED000B00250024C0E9024500252846B5
S21402F01010B0BDE8F08710EE100A194601F090FF16
S21402F0200025CAE90201CAE90001F0E740A3D3E9D4
S21402F030002301F085FF40A3D3E900230D460446D2
S21402F04001F07EFF02460B46CAE900232946204607
S21402F05001F076FF38A3D3E9002301F071FF012502
S21402F060CAE90201D3E701F01BFD59EC108B10EE42
S21402F070100A33A3D3E90023494602F015F9002209
S21402F080384B01F05FFF02F0BFFB054602F0A6F820
S21402F09023A3D3E90023CDE9060102F005F90246CF
S21402F0A00B464046494601F04BFF1FA3D3E9002317
S21402F0B0CDE90201DDE9060102F0F6F81F2D8046D1
S21402F0C08946CDE9048951DC274B6A1E53F8223063
S21402F0D09F424BD002460B46DDE9020101F030FFAB
S21402F0E080468946CAE9008942464B46DDE9020166
S21402F0F001F026FFDDE9042301F022FF002CCAE915
S21402F100020184DA09F1004401F100436D42CAF8B3
S21402F1100080CAF80440CAF80800CAF80C3076E73D
S21402F12000004054FB21F93F3163621A61B4D03DBE
S21402F1300000601A61B4D03D7370032E8A19A33B97
S21402F14083C8C96D305FE43FFB21E93F7BD90240AB
S21402F150FB21F93FFB213941FFFFEF7F00007041A1
S21402F16028D703000000E03FA8D60300DDE9042309
S21402F170DDE9020101F0E4FE3F15C1F30A53FB1A72
S21402F18080468946102BCAE90089ADDD58A3D3E92B
S21402F1900023DDE9060102F087F88046894602462A
S21402F1A00B46DDE9020101F0CBFE02460B46DDE925
S21402F1B00201CDE9082301F0C3FE42464B4601F0A8
S21402F1C0BFFE4DA3D3E9002380468946DDE906014A
S21402F1D002F06AF842464B4601F0B2FE0B46CDE913
S21402F1E004010246DDE9080101F0AAFEC1F30A5352
S21402F1F0FF1A80468946312FCAE900896CDD41A391
S21402F200D3E90023DDE9060102F04EF8DDE90889BC
S21402F21006460F4602460B464046494601F090FE19
S21402F22002460B4640464946CDE9022301F088FED7
S21402F23032463B4601F084FE34A3D3E90023064659
S21402F2400F46DDE9060102F02FF832463B4601F092
S21402F25077FE02460B46CDE904233DE701F072FE37
S21402F260274B9F4204460D4618D01FA3D3E900231E
S21402F27001F068FE02460B46CAE9002329462046EC
S21402F28001F05EFE18A3D3E9002301F05BFE4FF007
S21402F290FF35CAE90201BAE6032397E614A3D3E9C7
S21402F2A0002301F04FFE14A3D3E900230D460446C3
S21402F2B001F048FE02460B46CAE9002329462046CC
S21402F2C001F03EFE0CA3D3E9002301F03BFE4FF013
S21402F2D0FF35CAE902019AE69DED087B8DED027BB9
S21402F2E002E700BFAFF300803163621A61B4D03D1B
S21402F2F00000601A61B4D03D7370032E8A19A33BD6
S21402F300FB21F93F0000002E8A19A33BC1492025A4
S21402F3109A837B392DE9F041634855EC104BA8439C
S21402F32000F09580002D2B4610EE102A70DD2F156A
S21402F3307DD0A7F2FF37C3F31303F90743F4801314
S21402F34061D403EBD27100260B447F105200B646FE
S21402F35016204FF400110EEB01049C424FEAD275C0
S21402F3604FEA420203DC1B1B04EB010E0E4401387B
S21402F37005EB43034FEA5101EDD1844620244FF0BA
S21402F380004109E020D003EBD275013C4FEA51015F
S21402F3902B444FEA420220D0734501EB0C05F1DD07
S21402F3A0002D05EB010C09DBF0469542A3EB0E039C
S21402F3B000D9013B521B0844C646E4E7BCF1000FE5
S21402F3C0F2DB0EF10108F0E79542DCD8002D05EBE2
S21402F3D0010C4EDB98460023ECE7134302D0421C96
S21402F3E04BD0013040087110F30701F17F5101F54F
S21402F3F0001148BF40F0004001EB0753024643ECC1
S21402F400102BBDE8F0815B0003EBD273520098E745
S21402F41010EE101A25F00040014328D0ADBB2F464F
S21402F420D30A153F5205002BFAD0DE0228D4002458
S21402F43000E004465B00DD0204F10100F9D5C0F1EC
S21402F440200122FA01F10B433F1B824071E710EEC6
S21402F450102A2B4610EE100A294601F025FF2246F6
S21402F4602B4601F06FFD41EC100BBDE8F081BDE8C4
S21402F470F081BCF1000FA4DAACE701362046B2E711
S21402F480002020214FF0FF34DBE710EE102A2B4637
S21402F4902046294601F054FD02460B4602F02EF89D
S21402F4A041EC100BBDE8F0810000F07F2DE9F0473B
S21402F4B02DED028B82B0CDED000A009C8DED010A87
S21402F4C034F0004614D0DDF8048028F00047B7F187
S21402F4D0FF4F07DD584802B0BDEC028BBDE8F0478F
S21402F4E001F0A2BCB6F1FF4F09DDB7F17E5FF1D1A4
S21402F4F0B7EE000A02B0BDEC028BBDE8F087B8F1A9
S21402F500000F4DDB4FF0000AB6F1FF4F3FD0B6F1C9
S21402F5107E5F58D0B4F1804F6ED0019DDDF800902A
S21402F520B4F17C5F00EE105A1CD001F06BFCB7F110
S21402F530FF4F4DD0002F4BD0B7F17E5F48D04FEA39
S21402F540D873013B5AEA03026ED0B6F19A4F7BDDBE
S21402F5503A4A974200F3C881002CC0F2CB819FED55
S21402F560380AC7E7B8F1000F4BDA01F04BFCB7F1E7
S21402F570FF4F01D0002FDFD1A7F17E5757EA0A03CB
S21402F5804DD0BAF1010FB5D1B1EE400AB2E7B7F1EC
S21402F5907E5FADD029DD002CE1DB9DED000AA9E7F8
S21402F5A0B6F1974F1EDAB6F17E5F09DBF315C3F1AB
S21402F5B0960346FA03F202FA03F39E4200F08F81A4
S21402F5C04FF0000AA3E7002C22DB9DED010A91E72B
S21402F5D0002CBCBFF7EE007A87EE800AB8F1000F67
S21402F5E088DAC9E74FF0020A8EE7002CB7DADDEDBB
S21402F5F0007AB1EE670A7DE7DDED017A27EEA70A0B
S21402F60078E702B0BDEC028BBDE8F04700F046BAE0
S21402F6109DED017AF7EE007A87EE870A6AE770EECA
S21402F620407A87EEA70A65E707EE905A77EEE77A02
S21402F63087EEA70A5EE700BF34D10300F7FF7F3FDD
S21402F640000000000000804BB7F5000F80F25F81DB
S21402F6505FED047A60EE277A6FF0170217EE907A63
S21402F660EE48F915C7F316077F398742114447F06B
S21402F6707E5240F34481EA48874240F39181DFEDAF
S21402F680E94A0131A2F50002F0EE643A0025B7EE2F
S21402F690006A06EE902A76EE867AB7EE007A87EE53
S21402F6A0278A521042F0005202F580222A44DE488F
S21402F6B036EEC67A07EE902A27EE084A37EEC65A84
S21402F6C0DFEDDA8A9FEDDA0ADFEDDA1ADFEDDA0A23
S21402F6D09FEDDA1A9FEDDA2ADFEDDA2A9FEDDA3AA3
S21402F6E024EE046A14EE102AA6EE280A024076EEEB
S21402F6F0C56AB0EE615A05EE902AA6EE005AF1EE01
S21402F700651AA1EEA77AF0EE607AE6EE057AA1EE29
S21402F710A67AB0EE415AA6EE275A67EE086AB0EE0F
S21402F720427AA6EE057A75EE847A26EE066A67EEC9
S21402F730A67AB0EE085AE6EE077AB0EE457AA5EE5D
S21402F740A57A9FEDC22A37EE276A07EE101A16EE42
S21402F750102A024006EE102A36EE455AB8EEC77A4E
S21402F760A1EEA55A77EEC57A67EE847AE6EE267A99
S21402F770F0EE676AE5EE866A16EE902A024006EE1C
S21402F780902AE1EE866A05EE902A77EEE67A67EE32
S21402F790A27AE5EE837A77EEA37AF0EE676AE5EE72
S21402F7A0826A76EEA46A76EE876A16EE902A02409F
S21402F7B006EE902A36EEC77A37EE647AA5EEC27A5D
S21402F7C077EEC77A24F47F6424F00F0407EE109ACB
S21402F7D006EE104A67EE877A37EE466A07EE104A5A
S21402F7E0E6EE867A0AF1FF3A5AEA030326EE877AAB
S21402F7F0BFEE000A77EE876AB7EE006A16EE902A28
S21402F80014BFB0EE468AB0EE408A002A22F00043C9
S21402F81040F3B380B3F1864F00F3868079D0B3F11C
S21402F8207C5F00F388800021084622F47F6323F081
S21402F8300F0306EE103ADFED866ADFED865A9FED7D
S21402F840863ADFED863A9FED862A9FED864ADFED01
S21402F850864A9FED865A36EE477AF0EE002A77EE13
S21402F860C77A26EE267AA7EEA57AF7EE005AF0EECB
S21402F870477AA6EE037A67EE076AF0EE471AE6EED6
S21402F880431AB0EE636AA6EE826A77EEE17AA6EED5
S21402F890864AE7EE277AE6EE844AA6EEA45AB0EE49
S21402F8A0456AB0EE475AA6EEC65AF0EE456A36EEFE
S21402F8B0E26A27EE055AC5EE066A76EEE77A37EE74
S21402F8C0C77A35EEC70A10EE103A0B44B3F5000FAE
S21402F8D0C0F2A08000EE103A20EE080A0AE602F015
S21402F8E00102C2F1020A12E6614A974261DD002C69
S21402F8F07FF735AE9FED5F0A20EE000AFAE5DFEDF0
S21402F900494A0025F0EE643AB7EE006AC1E60022E4
S21402F910A6E69FED596A76EEC76A37EE866AB4EEB9
S21402F920E66AF1EE10FA06DDDFED527A28EE270AD5
S21402F93020EE270ADEE5DB154FF400017E3B41FA96
S21402F94003F31344C3F3C7514C4C7F390C41C3F342
S21402F950160023EA040306EE903A37EE667AC1F101
S21402F960170140F400000841002A77EE876AB8BF04
S21402F9704042C10516EE902A57E741498B4208DC01
S21402F9807FF44DAF76EEC76AF4EEE67AF1EE10FA41
S21402F990D1D8DFED3C7A28EE270A20EE270AA9E521
S21402F9A0DFED394ADFED393A4FF40015B7EE086A53
S21402F9B06FE6F7EE007A30EE670ADFED1F6ADFEDDC
S21402F9C0347A9FED345ADFED345AB1EE406AB5EE22
S21402F9D0007AE6EE076AB6EE007AA6EE267A60EEC1
S21402F9E0006A27EE267A67EEC77AE0EE057AF0EE30
S21402F9F0676AE0EE256A16EE902A22F47F6222F00B
S21402FA000F0207EE102AA6EE257A06EE902A77EE69
S21402FA10C77AD7E601F00EFA5EE700BF71C41C0093
S21402FA20D6B35D000000000000F0FFFF42F1533E37
S21402FA3055326C3E05A38B3EABAAAA3EB76DDB3EA3
S21402FA409A99193F4F38763FA0C39D360038763FC5
S21402FA508CBEBF351872313F0072313F0EEADDB5FB
S21402FA604CBB313355B38A38610B36BBABAA2A3E40
S21402FA700700803FCAF249713CAA3833FFFF7F0075
S21402FA80000016436042A20D00C0153FDCCFD13500
S21402FA903BAAB83F70A5EC3600AAB83FB1EEC00A42
S21402FAA0704700BF000000002DE9F04F57EC106BC6
S21402FAB02DED028BB0EE418AF0EE618A27F0004906
S21402FAC0B9F1795F83B072DA10EE100A394601F0A6
S21402FAD09BFE002800F0F68032463B46304639460A
S21402FAE001F0E2FB7CA3D3E9002304460D4601F0B5
S21402FAF0DBFB7BA3D3E9002301F024FA22462B4644
S21402FB0001F0D2FB78A3D3E9002301F019FA2246CA
S21402FB102B4601F0C9FB76A3D3E9002301F012FAC3
S21402FB2022462B4601F0C0FB73A3D3E9002301F063
S21402FB3007FA22462B4601F0B7FB71A3D3E900234E
S21402FB4001F000FA22462B4601F0AEFB82468B46B7
S21402FB500022714B2046294601F0A6FB52468046FB
S21402FB6089465B462046294601F09EFB53EC182B3D
S21402FB7004460D463046394601F096FB02460B46D1
S21402FB802046294601F0DCF902460B464046494625
S21402FB9001F0D6F902460B460020604901F0D0F982
S21402FBA041EC100B03B0BDEC028BBDE8F08F10EEFB
S21402FBB0102A10EE100A3B46394601F075FB46A3A2
S21402FBC0D3E9002304460D4601F06EFB44A3D3E9B5
S21402FBD0002301F0B7F922462B4601F065FB42A34B
S21402FBE0D3E9002301F0ACF922462B4601F05CFB78
S21402FBF03FA3D3E9002301F0A5F922462B4601F0E4
S21402FC0053FB3DA3D3E9002301F09AF922462B4683
S21402FC1001F04AFB3AA3D3E9002301F093F92B46FD
S21402FC20224601F041FB3E4B994582468B468FDDCC
S21402FC303C4B99453DDC0022A9F5001300203749CC
S21402FC409046994601F07CF9CDE900010022324B3C
S21402FC502046294601F028FB42464B4601F070F941
S21402FC605246804689465B462046294601F01CFBE2
S21402FC7053EC182B04460D463046394601F014FB69
S21402FC8002460B462046294601F05AF902460B4622
S21402FC904046494601F054F902460B46DDE90001AA
S21402FCA001F04EF941EC100B03B0BDEC028BBDE83F
S21402FCB0F08F9FED157B4FF000088DED007BDFF88F
S21402FCC06890C3E79FED120B03B0BDEC028BBDE854
S21402FCD0F08F00BFAFF30080D43888BEE9FAA8BD23
S21402FCE0C4B1B4BD9EEE213EAD529C804F7E923E84
S21402FCF09015CB19A001FA3E7751C1166CC1563F3A
S21402FD004C5555555555A53F000000000000E73FED
S21402FD10000000000000F03F0000E03F0000F03F5F
S21402FD203233D33F0000E93F0000D23F000000001C
S21402FD302DE9F04FADF51B7DA34CA49EA34D54F8C0
S21402FD40264007942646D41E85FB0475E417C4EBAA
S21402FD50A50424EAE4741D460A93631CA3EB8303FA
S21402FD60013D02EBC30306932B460B940395651BDA
S21402FD70F418049008911AD42C4400260027013463
S21402FD800DF18808DDF8949208E059F8250001F094
S21402FD9025FA0135A542E8E8020108D0002DF4DA7A
S21402FDA0013530463946A542E8E80201F6D1079BFE
S21402FDB0002BC0F2EB83079B03F1010B0A9B22A9DF
S21402FDC0DB001A4601EB03090093049B0DF5E47A67
S21402FDD019460AEBCB0B01EB0208039B002BC0F281
S21402FDE00183049C4D460026002775E90223F4E8A9
S21402FDF0020101F059FA02460B463046394601F036
S21402FE00A1F8444506460F46EFD1EAE80267DA450E
S21402FE1009F10809E1D107990098049C009101F1C3
S21402FE208043013B9B0020441A1F83460EA80244CF
S21402FE3003440C920D93009A9AA901EBC203002A7E
S21402FE4053E9284529DD0DF5E47A0AEBC2080DF1DF
S21402FE50340900225E4B2046294601F025FA01F0BD
S21402FE60D3FC01F0BBF900225A4B06460F4601F0BE
S21402FE701BFA02460B462046294601F061F801F0BD
S21402FE80C3FC78E9022349F8040F3946304601F0EC
S21402FE9059F8D04504460D46DBD1DDF8189045ECFE
S21402FEA0104B484600F028FF55EC104B00224FF04E
S21402FEB07F5310EE100A294601F0F6F941EC100BBA
S21402FEC000F0F6FD002251EC100B434B01F0ECF96A
S21402FED002460B462046294601F032F80D460446F5
S21402FEE001F092FC804601F079F90B46024629465B
S21402FEF0204601F025F84B46002B06460F4640F3F7
S21402FF00FA80009A0EA9013AC9F1180351F8225054
S21402FF1045FA03F101FA03F30EA8EB1A40F8223071
S21402FF20C9F11705884443FA05F5002D6EDD009BDE
S21402FF30002B08F1010840F374820E9C002C40F05E
S21402FF401B83009B012B40F394820EAA012352F8D6
S21402FF50044F002C00F08882581C0EAAC4F180744C
S21402FF6042F82340009A824219DD0EAA0EAC52F8DD
S21402FF7020106FF07F42511A44F820100099023385
S21402FF8099420CDD1046009A0EA901EB830301EBA1
S21402FF9082011A68821A43F8042B8B42F9D1069B17
S21402FFA0002B1BDD069B012B4FF0010440F0418223
S21402FFB0009B5A1E0EAB0EA953F82230C3F316034B
S21402FFC041F8223041E200BF70D80300ABAAAA2A49
S21402FFD00000703E0000704100002040022D15D146
S21402FFE032463B460020944900F0AAFF06460F46DA
S21402FFF006989FED8D0B00F07FFE3046394653EC97
S214030000102B00F09DFF022506460F460022002314
S2140300103046394601F0B0FB002800F03B82009AD8
S214030020079B501E83420FDC02F18043013B0EAA5E
S2140300300D9C02EB8303002253F80419A34242EA01
S2140300400102F9D1002A67D1079B0EAA013B52F899
S2140300502330002B40F01C820C9A012352F804191B
S21403006001330029FAD0009AD31802F1010A9A45FF
S21403007009933DDC009B0A990B9A0B4409990AEBFA
S2140300800208994622AB08F1804803EBC9098B188E
S214030090A59A08F1FF3802EB880872AA02EBCA0A8F
S2140300A0A59A02EB8303009358F8040F01F096F821
S2140300B0039B002BE9E802014FF000064FF0000710
S2140300C011DB049C4D4675E90223F4E8020101F0B6
S2140300D0EBF802460B463046394600F033FF5C45E4
S2140300E006460F46EFD1009B9845EAE80267DBD148
S2140300F0099B00939FE606D1009B0EAA013B52F88C
S2140301002350ED1511E700224C4B01F053FB00285A
S21403011040F07281054679E70EA9039551F8203021
S2140301200699CDF8248018390246009006916BB9DB
S21403013000F18043013B0EA800EB830353F8040948
S214030140013A18390028F9D00092069106989FEDD7
S214030150360B00F0D1FD009B002B55EC104BC0F284
S214030160FC81DA0072A901EB020B06920EAA02EBDF
S2140301708306DFF8CC904FF000080BF1080704362F
S21403018056F8040D01F02AF822462B4601F08CF8A7
S2140301904B4667E9020142462046294601F084F8A9
S2140301A00EAB9E4204460D46EAD14AACDDF81C90DF
S2140301B004944FF0000AB9F1000FC0F22F81DFF864
S2140301C084805D461AA1D1E9000100260027002499
S2140301D003E0544510DCF8E80201F5E8022301F0D9
S2140301E063F802460B463046394600F0ABFE013450
S2140301F0A14506460F46ECDA049B03EBCA03ABF1B4
S214030200080BC3E9006770AB9B450AF1010AD2D11C
S214030210A49B049C032B00F28D80DFE813F0C90037
S21403022092009200150000BF000000000000F03F9F
S21403023000000040FB21F93F0000F03F0000E03FD4
S2140302400000703E38D80300009B002B40F38281E9
S214030250069A04EB020ADAE9008902F10805254446
S2140302600DF5987B1AED027B42464B4651EC170B75
S2140302708DED047B00F066FE06460F4602460B46EF
S214030280DDE9040100F05CFE42464B4600F05AFEF0
S21403029065E902015D45B046B9466AE90267E1D100
S2140302A0009B012B40F35681069BE518D5E9008990
S2140302B003F1080B04EB0B0A15ED027B42464B4693
S2140302C051EC170B8DED007B00F03CFE06460F4607
S2140302D002460B46DDE9000100F032FE4B4642467D
S2140302E000F030FE6AE902014EAB5345B046B9460C
S2140302F065E90267E0D10020002104EB0B0575E9F0
S214030300022300F01FFEAA45F9D1039B002B00F041
S2140303100B816268E368089F2568A4683D6002F164
S214030320004203F1004301F100417A60FB60BC60C8
S21403033038617961099B03F007000DF51B7DBDE865
S214030340F08F069D083525440020002175E9022319
S21403035000F0F8FDA542F9D1039B002B00F0D380F3
S214030360089E024601F1004386E80C000B4602464F
S214030370D4E9000100F0E4FD009B002B0BDD4CAD3F
S2140303800124F5E8022300F0DDFD009B0134A342BF
S214030390F7DA039B13B101F100431946089BC3E93F
S2140303A00201099B03F007000DF51B7DBDE8F08FE6
S2140303B0069D083500200021254475E9022300F038
S2140303C0C1FDAC42F9D1039B13B101F100431946B9
S2140303D0089BC3E90001099B03F007000DF51B7D8D
S2140303E0BDE8F08F00260027EAE80267DA4509F140
S2140303F008097FF4F2AC0EE5009B002B08F1010818
S214030400C8BF02253FF799AD32463B4600206149F7
S21403041000F096FD022506460F46F7E50026002760
S214030420EAE6069B002B27DD0024069B012B3FF400
S214030430BFAD022B09D1009B5A1E0EAB0EA953F873
S2140304402230C3F3150341F82230022D7FF4DEADCC
S21403045032463B4600204F4900F072FD06460F46E3
S214030460002C3FF4D3ADC3E50099013399427FF4E2
S2140304706EAD069B002BD8DC022D7FF4C7AD32464B
S2140304803B460020434900F05BFD06460F46BDE5AC
S2140304900123E8E5069B0395584247EC106BCDF81D
S2140304A0248000F029FC55EC104B00223A4B10EE4A
S2140304B0100A294601F07EF9002841D00022374B66
S2140304C02046294600F0F0FE01F09EF9064600F0AD
S2140304D085FE0022304B00F0E7FE02460B46204620
S2140304E0294600F02DFD01F08FF90099069B0A4678
S2140304F01833013206930B460EA9009241F82300E7
S21403050041F8226022E6089B0246C3E900010B4637
S214030510D4E9000100F014FD009B002B3FF72FAF3A
S214030520089BC3E902013CE7D4E90067D4E9022348
S214030530089DC5E90401C5E90067C5E90223F9E694
S2140305402946204601F060F9009A0EA941F82200D8
S214030550FCE54AAC00200021D7E6A49B032B3FF61C
S214030560E9AE01A252F823F0870503007F050300D6
S2140305707F0503005305030001200023EDE400205C
S21403058000214AACE8E6002000211CE70A9BDB00BA
S214030590009340E40000F03F000070410000703E0E
S2140305A02DE9F04F55EC104B2DED028BB0EE418A42
S2140305B0F0EE618A25F00043B3F1795F83B082469B
S2140305C007DA10EE100A294601F01EF9002800F09B
S2140305D08E8022462B462046294600F065FE0646B8
S2140305E00F4602460B462046294600F05DFE47A30B
S2140305F0D3E90023804689463046394600F054FE48
S21403060044A3D3E9002300F09BFC32463B4600F0AC
S2140306104BFE42A3D3E9002300F094FC32463B464C
S21403062000F042FE3FA3D3E9002300F089FC3246E4
S2140306303B4600F039FE3DA3D3E9002300F082FCDD
S214030640CDE90001BAF1000F37D000222E4B51EC52
S214030650180B00F029FEDDE9002382468B46404650
S214030660494600F021FE02460B465046594600F026
S21403067067FC32463B4600F017FE53EC182B00F09F
S2140306805FFC1FA3D3E9002306460F4640464946B0
S21403069000F00AFE02460B463046394600F052FC8E
S2140306A002460B462046294600F04AFC41EC100B56
S2140306B003B0BDEC028BBDE8F08F02460B46304616
S2140306C0394600F0F1FD0EA3D3E9002300F038FC11
S2140306D042464B4600F0E8FD22462B4600F032FC2D
S2140306E041EC100B03B0BDEC028BBDE8F08F45EC7C
S2140306F0104B03B0BDEC028BBDE8F08FAFF3008068
S214030700495555555555C53F0000E03F7CD5CF5A52
S2140307103AD9E53DEB9C2B8AE6E55A3E7DFEB1577A
S214030720E31DC73ED561C119A0012A3FA6F81011E3
S2140307301111813F000000002DE9F84F55EC104BD6
S214030740CD4B25F000469E42AA4610DDCB4B9E427B
S21403075000F3B38000F0AE80BAF1000F40F3F780E9
S214030760A9A1D1E9000141EC100BBDE8F88FC44BF9
S2140307709E4200F3C180A3F1DE739E4240F3A7803E
S2140307804FF0FF3B22462B462046294600F08CFDC1
S21403079002460B468046894600F086FD9CA3D3E9B5
S2140307A0002306460F4600F07FFD9BA3D3E90023F4
S2140307B000F0C8FB32463B4600F076FD98A3D3E92B
S2140307C0002300F0BFFB32463B4600F06DFD96A3C8
S2140307D0D3E9002300F0B6FB32463B4600F064FD47
S2140307E093A3D3E9002300F0ADFB32463B4600F06B
S2140307F05BFD91A3D3E9002300F0A4FB42464B46DE
S21403080000F052FD8EA3D3E9002380468946304686
S214030810394600F049FD8CA3D3E9002300F090FB92
S21403082032463B4600F040FD89A3D3E9002300F09F
S21403083087FB32463B4600F037FD87A3D3E9002308
S21403084000F07EFB32463B4600F02EFD84A3D3E940
S214030850002300F075FB32463B4600F025FDBBF156
S214030860FF3F02460B4676D04046494600F06AFBF9
S21403087022462B4600F018FD824E834B4FEACB0BE5
S2140308805E449B44DBE9002300F05AFB22462B46DA
S21403089000F056FB02460B46D6E9000100F050FB7B
S2140308A0BAF1000F0FDA01F10043194641EC100BC1
S2140308B0BDE8F88F002C3FF44FAF22462B46204668
S2140308C0294600F03FFB41EC100BBDE8F88F66A30A
S2140308D0D3E9002310EE100A294600F033FB00226A
S2140308E06A4B00F071FF00283FF44AAF20462946C2
S2140308F041EC100BBDE8F88F00F0D2F8644B9E4233
S21403090055EC104B36DCA3F550239E425FDC10EE0D
S214030910102A10EE100A2B46294600F013FB00227D
S2140309205A4B00F00DFB002206460F464FF080435D
S2140309302046294600F006FB02460B46304639465B
S21403094000F0DCFD4FF0000B04460D461AE748A105
S214030950D1E90001B7E74046494600F0F3FA2246DC
S2140309602B4600F0A1FC02460B462046294600F023
S214030970E7FAA8E7474B9E421DDC10EE100A00225A
S214030980454B294600F0DCFA002206460F46424B4A
S2140309902046294600F088FC00223C4B00F0D2FAA1
S2140309A002460B463046394600F0A8FD4FF0020BD0
S2140309B004460D46E6E62B4610EE102A002037497D
S2140309C000F09CFD4FF0030B04460D46DAE610EEEE
S2140309D0100A00222D4B294600F0B2FA00220646E2
S2140309E00F462A4B2046294600F0ACFA02460B4631
S2140309F03046394600F082FD4FF0010B04460D46A3
S214030A00C0E600BFAFF30080182D4454FB21F93F26
S214030A1011DA22E33AAD903FEB0D76244B7BA93FE8
S214030A20513DD0A0660DB13F6E204CC5CD45B73FB6
S214030A30FF8300922449C23F0D5555555555D53F62
S214030A402F6C6A2C44B4A2BF9AFDDE522DDEAD3F56
S214030A506D9A74AFF2B0B33F711623FEC671BC3FF6
S214030A60C4EB98999999C93F9C7500883CE4377EF6
S214030A70182D4454FB21F9BFFFFF0F440000F07FFD
S214030A80FFFFDB3F80D80300A0D803000000F03F41
S214030A90FFFFF23FFF7F03400000F83F0000F0BF78
S214030AA053EC102B23F0004343EC102B704700BF8E
S214030AB051EC100BC1F30A532DE9F041A3F2FF35B5
S214030AC0132D0C460F4610EE106A1DDC002D43DB7B
S214030AD03D4B43FA05F801EA0803034319D038A34C
S214030AE0D3E9002300F02EFA0022002300F06CFE68
S214030AF020B1002C49DB27EA0804002623463246A9
S214030B0043EC102BBDE8F081332D06DDB5F5806F81
S214030B1032D041EC100BBDE8F081A3F213434FF043
S214030B20FF3828FA03F810EA080FF2D024A3D3E913
S214030B30002300F007FA0022002300F045FE0028F9
S214030B40DCD0002C27DB3C4626EA08062346324642
S214030B5043EC102BBDE8F08119A3D3E9002300F082
S214030B60F1F90022002300F02FFE0028C6D0002C47
S214030B701CDB00263446C1E710EE102A0B4600F0B5
S214030B80E1F941EC100BBDE8F0814FF4801343FA12
S214030B9005F52F44AFE7142D10D00123C5F1340516
S214030BA003FA05F5AE1928BFFF18CCE724F0004278
S214030BB0064B324318BF1C4600269FE70137C2E7A1
S214030BC09C7500883CE4377EFFFF0F000000F0BFF3
S214030BD000207047F0B553EC102BC3F30A56A6F269
S214030BE0FF30132883B019464FEAD37410EE105A19
S214030BF02FDC002849DB3E4E064103EA060717436F
S214030C002CD0760833401D430CD04FF48023132892
S214030C1021EA060643FA00F141EA06010CBF4FF04B
S214030C2000450025334800EBC4042A46D4E90045B2
S214030C3010462B46224600F085F9CDE900012246F0
S214030C402B46DDE9000100F07BF941EC100B03B005
S214030C50F0BD332806DDB0F5806F40D043EC102B93
S214030C6003B0F0BDA6F213464FF0FF30F040024249
S214030C70F4D040080242D5D04FF0804325EA000066
S214030C8043FA06F646EA0005CCE723F00040104395
S214030C90E4D0C3F31300104347420743154D5E0CDD
S214030CA03F0B07F40023760405EBC40243EA060170
S214030CB0D2E9006710EE100A32463B4600F042F9CE
S214030CC0CDE900013B463246DDE9000100F038F984
S214030CD021F0004343EAC47141EC100BC0E710EE69
S214030CE0100A194600F02EF941EC100BB8E700BFC6
S214030CF0FFFF0F00C0D8030053EC102B70B5C3F3EF
S214030D000A541946054614BB23F0004111432AD062
S214030D1019460022384B394E10EE100A00F0C4FA7A
S214030D20B54202460B461FDBC1F30A54363C2C443D
S214030D3040F2FE7084421FDC002C2DDD21F0FF41C3
S214030D4021F4E00141EA045343EC102B70BD40F25A
S214030D50FF708442EBD110EE100A194600F0F2F849
S214030D6041EC100B70BD70BD1FA3D3E9002300F048
S214030D709BFA41EC100B70BD43EC112B9FED1C0B43
S214030D8000F0C0F81AA3D3E9002351EC100B00F0CF
S214030D908BFA41EC100B70BD14F1350F13DA4CF2DD
S214030DA050318D4243EC112BE8DC9FED0F0B00F026
S214030DB0A9F80DA3D3E9002351EC100B00F074FA45
S214030DC041EC100B70BD21F0FF4121F4E0013634F5
S214030DD041EA0453104619460022094B00F064FA10
S214030DE041EC100B70BD00BF59F3F8C21F6EA5018E
S214030DF09C7500883CE4377E00005043B03CFFFF00
S214030E000000903C10EE103A23F0004300EE103A38
S214030E10704700BF10EE103A23F00040B0F1FF4FCA
S214030E20ACBF0020012070479FED010A704700BF4A
S214030E300000C07F08B510EE103A33F000422DEDE7
S214030E40028B11D0B2F1FF4F11D2B2F5000F13D3BC
S214030E50D20D0244FE2A2EDC002A1ADD23F0FF43BD
S214030E6043EAC25300EE103ABDEC028B08BDBDEC5C
S214030E70028B30EE000A08BD1D4BDFED1E7A98424A
S214030E8020EE270A22DB10EE103AC3F3C752193AB4
S214030E90DFE712F1160F1EDA4CF2503398420ADCE3
S214030EA09FED158AF0EE400AB0EE480A00F038F8D7
S214030EB020EE080AD8E79FED118AF0EE400AB0EE5E
S214030EC0480A00F02DF820EE080ACDE7DFED0A0AFF
S214030ED020EE200AC8E7193223F0FF4343EAC25341
S214030EE0DFED077A00EE103A20EE270ABCE700BFD4
S214030EF0B03CFFFF0000004C6042A20DCAF24971ED
S214030F000000003353EC102B11EE900A23F000413F
S214030F1000F0004041EA000343EC102B704700BF8B
S214030F2010EE103A10EE902A23F0004302F000422F
S214030F30134300EE103A704781F0004102E000BF11
S214030F4083F0004330B54FEA41044FEA430594EA81
S214030F50050F08BF90EA020F1FBF54EA000C55EABC
S214030F60020C7FEA645C7FEA655C00F0E2804FEA8D
S214030F705454D4EB5555B8BF6D420CDD2C4480EA6F
S214030F80020281EA030382EA000083EA010180EA9F
S214030F90020281EA0303362D88BF30BD11F0004FED
S214030FA04FEA01314FF4801C4CEA113102D0404223
S214030FB061EB410113F0004F4FEA03334CEA13335E
S214030FC002D0524263EB430394EA050F00F0A78076
S214030FD0A4F10104D5F1200E0DDB02FA0EFC22FA71
S214030FE005F2801841F1000103FA0EF2801843FA65
S214030FF005F359410EE0A5F120050EF1200E012A56
S21403100003FA0EFC28BF4CF0020C43FA05F3C01893
S21403101051EBE37101F0004507D54FF0000EDCF10C
S214031020000C7EEB00006EEB0101B1F5801F1BD3B5
S214031030B1F5001F0CD349085FEA30004FEA3C0CB9
S21403104004F101044FEA445212F5800F80F09A80AF
S214031050BCF1004F08BF5FEA500C50F1000041EBB3
S214031060045141EA050130BD5FEA4C0C404141EBB7
S214031070010111F4801FA4F10104E9D191F0000FDE
S21403108004BF01460020B1FA81F308BF2033A3F161
S2140310900B03B3F120020CDA0C3208DD02F1140C58
S2140310A0C2F10C0201FA0CF021FA02F10CE002F193
S2140310B01402D8BFC2F1200C01FA02F120FA0CFC8C
S2140310C0DCBF41EA0C019040E41AA2BF01EB0451D5
S2140310D0294330BD6FEA04041F3C1CDA0C340EDCD3
S2140310E004F11404C4F1200220FA04F001FA02F316
S2140310F040EA030021FA04F345EA030130BDC4F1D4
S2140311000C04C4F1200220FA02F001FA04F340EAC8
S2140311100300294630BD21FA04F0294630BD94F079
S214031120000F83F4801306BF81F480110134013D60
S2140311304EE77FEA645C18BF7FEA655C29D094EAD1
S214031140050F08BF90EA020F05D054EA000C04BF4F
S2140311501946104630BD91EA030F1EBF002100203A
S21403116030BD5FEA545C05D14000494128BF41F0D9
S214031170004130BD14F580043CBF01F5801130BD3D
S21403118001F0004545F0FE4141F470014FF00000C8
S21403119030BD7FEA645C1ABF194610467FEA655C79
S2140311A01CBF0B46024650EA013406BF52EA03351B
S2140311B091EA030F41F4002130BD00BF90F0000F09
S2140311C004BF0021704730B54FF4806404F1320445
S2140311D04FF000054FF0000150E700BF90F0000FFE
S2140311E004BF0021704730B54FF4806404F1320425
S2140311F010F0004548BF40424FF000013EE700BFF5
S21403120042004FEAE2014FEA31014FEA02701FBF84
S21403121012F07F4393F07F4F81F06051704792F056
S214031220000F14BF93F07F4F704730B54FF46074D0
S21403123001F0004521F0004120E700BF50EA01021B
S21403124008BF704730B54FF000050AE050EA0102C8
S21403125008BF704730B511F0004502D5404261EB38
S21403126041014FF4806404F132045FEA915C3FF479
S214031270DCAE4FF003025FEADC0C18BF03325FEA12
S214031280DC0C18BF033202EBDC02C2F1200300FAC7
S21403129003FC20FA02F001FA03FE40EA0E0021FAEC
S2140312A002F11444C1E600BF70B54FF0FF0C4CF4D6
S2140312B0E06C1CEA11541DBF1CEA135594EA0C0F8C
S2140312C095EA0C0F00F0DEF82C4481EA030621EAC7
S2140312D04C5123EA4C5350EA013518BF52EA033502
S2140312E041F4801143F4801338D0A0FB02CE4FF0B4
S2140312F00005E1FB02E506F00042E0FB03E54FF0E4
S2140313000006E1FB03569CF0000F18BF4EF0010EDB
S214031310A4F1FF04B6F5007F64F5407404D25FEAD7
S2140313204E0E6D4146EB060642EAC62141EA55518A
S2140313304FEAC52040EA5E504FEACE2EB4F1FD0CCC
S21403134088BFBCF5E06F1ED8BEF1004F08BF5FEA4A
S214031350500E50F1000041EB045170BD06F00046FC
S21403136046EA010140EA020081EA0301B4EB5C04A9
S214031370C2BFD4EB0C0541EA045170BD41F48011A1
S2140313804FF0000E013C00F3AB8014F1360FDEBFC6
S214031390002001F0004170BDC4F10004203C35DAA2
S2140313A00C341BDC04F11404C4F1200500FA05F325
S2140313B020FA04F001FA05F240EA020001F00042C6
S2140313C021F0004110EBD37021FA04F642EB06013C
S2140313D05EEA430E08BF20EAD37070BDC4F10C0466
S2140313E0C4F1200500FA04F320FA05F001FA04F22A
S2140313F040EA020001F0004110EBD37041F1000116
S2140314005EEA430E08BF20EAD37070BDC4F1200520
S21403141000FA05F24EEA020E20FA04F301FA05F288
S21403142043EA020321FA04F001F0004121FA04F230
S21403143020EA020000EBD3705EEA430E08BF20EA00
S214031440D37070BD94F0000F0FD101F0004640003A
S21403145041EB010111F4801F08BF013CF7D041EABC
S214031460060195F0000F18BF704703F000465200C0
S21403147043EB030313F4801F08BF013DF7D043EA91
S2140314800603704794EA0C0F0CEA135518BF95EA47
S2140314900C0F0CD050EA410618BF52EA4306D1D1CE
S2140314A081EA030101F000414FF0000070BD50EAED
S2140314B0410606BF1046194652EA430619D094EA77
S2140314C00C0F02D150EA013613D195EA0C0F05D161
S2140314D052EA03361CBF104619460AD181EA0301B5
S2140314E001F0004141F0FE4141F470014FF000006D
S2140314F070BD41F0FE4141F4780170BD70B54FF008
S214031500FF0C4CF4E06C1CEA11541DBF1CEA135587
S21403151094EA0C0F95EA0C0F00F0A7F8A4EB050469
S21403152081EA030E52EA03354FEA013100F0888060
S2140315304FEA03334FF0805545EA131343EA126329
S2140315404FEA022245EA111545EA10654FEA0026DE
S2140315500EF000419D4208BF964244F1FD0404F597
S214031560407402D25B084FEA3202B61A65EB0305F3
S2140315705B084FEA32024FF480104FF4002CB6EBB0
S214031580020E75EB030E22BFB61A754640EA0C0030
S2140315905B084FEA3202B6EB020E75EB030E22BF70
S2140315A0B61A754640EA5C005B084FEA3202B6EBB1
S2140315B0020E75EB030E22BFB61A754640EA9C0070
S2140315C05B084FEA3202B6EB020E75EB030E22BF40
S2140315D0B61A754640EADC0055EA060E18D04FEAFE
S2140315E0051545EA16754FEA06164FEAC30343EA9E
S2140315F052734FEAC2025FEA1C1CC0D111F4801F6B
S2140316000BD141EA00014FF000004FF0004CB6E763
S21403161011F4801F04BF01430020B4F1FD0C88BF02
S214031620BCF5E06F3FF6AFAEB5EB030C04BFB6EB0D
S214031630020C5FEA500C50F1000041EB045170BD00
S2140316400EF0004E4EEA113114EB5C04C2BFD4EB2D
S2140316500C0541EA045170BD41F480114FF0000EB1
S214031660013C90E645EA060E8DE60CEA135594EA2D
S2140316700C0F08BF95EA0C0F3FF43BAF94EA0C0F30
S2140316800AD150EA01347FF434AF95EA0C0F7FF4A5
S21403169025AF104619462CE795EA0C0F06D152EAF9
S2140316A003353FF4FDAE1046194622E750EA4106DD
S2140316B018BF52EA43067FF4C5AE50EA41047FF4EE
S2140316C00DAF52EA43057FF4EBAE12E74FF0FF3C53
S2140316D006E000BF4FF0010C02E000BF4FF0010C24
S2140316E04DF804CD4FEA410C7FEA6C5C4FEA430C9D
S2140316F018BF7FEA6C5C1BD001B050EA410C0CBFEC
S21403170052EA430C91EA030F02BF90EA020F00204D
S214031710704710F1000F91EA030F58BF994208BFB4
S21403172090422CBFD8176FEAE37040F00100704771
S2140317304FEA410C7FEA6C5C02D150EA013C07D1C8
S2140317404FEA430C7FEA6C5CD6D152EA033CD3D013
S2140317505DF8040B704700BF8446104662468C460D
S2140317601946634600E000BF01B5FFF7B7FF002840
S21403177048BF10F1000F01BD4DF808EDFFF7F4FF69
S2140317800CBF012000205DF808FB00BF4DF808EDF4
S214031790FFF7EAFF34BF012000205DF808FB00BF17
S2140317A04DF808EDFFF7E0FF94BF012000205DF839
S2140317B008FB00BF4DF808EDFFF7CEFF94BF0120EE
S2140317C000205DF808FB00BF4DF808EDFFF7C4FFE7
S2140317D034BF012000205DF808FB00BF4FEA410C30
S2140317E07FEA6C5C02D150EA013C0AD14FEA430C13
S2140317F07FEA6C5C02D152EA033C02D14FF0000050
S21403180070474FF0010070474FEA410212F500128D
S21403181015D211D56FF47873B3EB625212D94FEA2F
S214031820C12343F0004343EA505311F0004F23FA19
S21403183002F018BF404270474FF00000704750EA6E
S214031840013005D111F0004008BF6FF0004070472B
S2140318504FF00000704700BF4A0011D212F5001285
S21403186011D20DD56FF47873B3EB62520ED44FEAF0
S214031870C12343F0004343EA505323FA02F0704770
S2140318804FF00000704750EA013002D14FF0FF30AE
S21403189070474FF0000070474FEA4102B2F1E04351
S2140318A024BFB3F5001CDCF1FE5C0DD901F0004C3F
S2140318B04FEAC0024CEA5070B2F1004F40EB83008F
S2140318C008BF20F00100704711F0804F21D113F1BB
S2140318D03872BCBF01F00040704741F480114FEAF4
S2140318E05252C2F11802C2F1200C10FA0CF320FA7D
S2140318F002F018BF40F001004FEAC1234FEAD3239A
S21403190003FA0CFC40EA0C0023FA02F34FEA430303
S214031910CCE77FEA625307D150EA01331EBF4FF08C
S214031920FE4040F44000704701F0004040F0FE40A7
S21403193040F40000704700BF80F0004002E000BFA4
S21403194081F0004142001FBF5FEA410392EA030FA2
S2140319507FEA226C7FEA236C6AD04FEA1262D2EBEC
S2140319601363C1BFD218414048404140B8BF5B42F1
S214031970192B88BF704710F0004F40F4000020F08A
S2140319807F4018BF404211F0004F41F4000121F0A0
S2140319907F4118BF494292EA030F3FD0A2F10102EA
S2140319A041FA03FC10EB0C00C3F1200301FA03F128
S2140319B000F0004302D5494260EB4000B0F5000F4B
S2140319C013D3B0F1807F06D340084FEA310102F10A
S2140319D00102FE2A51D2B1F1004F40EBC25008BFBC
S2140319E020F0010040EA03007047490040EB000086
S2140319F010F4000FA2F10102EDD1B0FA80FCACF1B5
S214031A00080CB2EB0C0200FA0CF0AABF00EBC250B3
S214031A1052421843BCBFD0401843704792F0000FA1
S214031A2081F4000106BF80F400000132013BB5E7F4
S214031A304FEA41037FEA226C18BF7FEA236C21D06A
S214031A4092EA030F04D092F0000F08BF08467047CF
S214031A5090EA010F1CBF0020704712F07F4F04D19D
S214031A60400028BF40F00040704712F100723CBFB0
S214031A7000F50000704700F0004343F0FE4040F4DA
S214031A80000070477FEA226216BF08467FEA236398
S214031A900146420206BF5FEA412390EA010F40F483
S214031AA0800070474FF0000304E000BF10F00043CF
S214031AB048BF40425FEA000C08BF704743F09643B6
S214031AC001464FF000001CE050EA010208BF7047D1
S214031AD04FF000030AE000BF50EA010208BF704758
S214031AE011F0004302D5404261EB41015FEA010C6D
S214031AF002BF84460146002043F0B64308BFA3F165
S214031B008053A3F50003BCFA8CF2083AA3EBC25346
S214031B1010DB01FA02FC634400FA02FCC2F1200265
S214031B20BCF1004F20FA02F243EB020008BF20F09C
S214031B300100704702F1200201FA02FCC2F1200202
S214031B4050EA4C0021FA02F243EB020008BF20EAF7
S214031B50DC7070477BB972B90029BEBF00204FF016
S214031B60004106E008BF00281CBF6FF000414FF09D
S214031B70FF3001F0B5B9ADF1080C6DE904CE0029CC
S214031B8009DB002B1ADB00F0C1F8DDF804E0DDE921
S214031B90022304B07047404261EB4101002B1BDB7C
S214031BA000F0B4F8DDF804E0DDE9022304B04042B7
S214031BB061EB4101524263EB43037047524263EBCE
S214031BC0430300F0A3F8DDF804E0DDE9022304B0E4
S214031BD0404261EB41017047524263EB430300F01E
S214031BE095F8DDF804E0DDE9022304B0524263EB26
S214031BF04303704753B94AB9002908BF00281CBFDE
S214031C004FF0FF314FF0FF3001F06AB9ADF1080C29
S214031C106DE904CE00F07AF8DDF804E0DDE902238E
S214031C2004B0704707EE900AF5EEC07AF1EE10FAAC
S214031C3001D400F021B808B580F0004000F01CF88D
S214031C40404261EB410108BD38B50022002304463B
S214031C500D46FFF79BFD28B920462946BDE83840C8
S214031C6000F030B8204605F1004100F02BF8404262
S214031C7061EB410138BD00BFD0B5FFF7C1FA0022C2
S214031C800E4B06460F46FFF70FFBFFF7E5FD044630
S214031C90FFF794FA00220A4BFFF706FB02460B46B1
S214031CA030463946FFF74CF9FFF7D6FD23460022A8
S214031CB042EA000210461946D0BD00BF0000F03DC0
S214031CC00000F041D0B500220E4B06460F46FFF744
S214031CD0EBFAFFF7C1FD0446FFF770FA00220A4B42
S214031CE0FFF7E2FA02460B4630463946FFF728F975
S214031CF0FFF7B2FD2346002242EA000210461946C9
S214031D00D0BD00BF0000F03D0000F0412DE9F047D4
S214031D108C460D460446089E002B51D18A42174630
S214031D206DD9B2FA82FEBEF1000F0BD0CEF1200CB5
S214031D3001FA0EF520FA0CFC02FA0EF74CEA050C33
S214031D4000FA0EF44FEA174A250CBCFBFAF81FFA02
S214031D5087F90AFB18CC45EA0C4508FB09F3AB42A6
S214031D600AD9ED1908F1FF3280F02381AB4240F225
S214031D702081A8F102083D44ED1AA4B2B5FBFAF09F
S214031D800AFB105544EA054400FB09F9A14509D9A5
S214031D90E41900F1FF3380F00A81A14540F2078180
S214031DA002383C44A4EB090440EA08400021002E14
S214031DB061D024FA0EF4002334607360BDE8F08724
S214031DC08B4207D9002E54D0002186E8210008460E
S214031DD0BDE8F087B3FA83F1002940F08E80AB426A
S214031DE002D3824200F2FA80841A65EB03050120CF
S214031DF0AC46002E3FD086E81010BDE8F08712B937
S214031E000127B7FBF2F7B7FA87FEBEF1000F34D10E
S214031E10EB1B3A0C1FFA87FC0121B3FBF2F8250CE7
S214031E2002FB183345EA03450CFB08F3AB4207D91C
S214031E30ED1908F1FF3002D2AB4200F2D1808046A2
S214031E40ED1AA3B2B5FBF2F002FB105543EA0544C4
S214031E500CFB00FCA44507D9E41900F1FF3302D2BA
S214031E60A44500F2B8801846A4EB0C0440EA0840E8
S214031E709DE731463046BDE8F087CEF1200405FAEB
S214031E800EF307FA0EF720FA04F83A0C25FA04F4D0
S214031E9048EA0308B4FBF2F14FEA184502FB114483
S214031EA01FFA87FC45EA044501FB0CF3AB4200FA34
S214031EB00EF409D9ED1901F1FF3080F08A80AB42A8
S214031EC040F2878002393D44EB1A1FFA88F5B3FBCC
S214031ED0F2F002FB103345EA034500FB0CF3AB427A
S214031EE007D9ED1900F1FF386FD2AB426DD902382E
S214031EF03D44EB1A40EA01418FE7C1F1200722FA7D
S214031F0007F88B4005FA01F448EA030320FA07FEB4
S214031F104FEA134CFD404EEA040EB5FBFCF94FEABC
S214031F201E440CFB19551FFA83F844EA054509FBC2
S214031F3008F4AC4202FA01F200FA01FA08D9ED18E5
S214031F4009F1FF3043D2AC4241D9A9F102091D443D
S214031F502D1B1FFA8EFEB5FBFCF00CFB10554EEA4C
S214031F60054400FB08F8A04507D9E41800F1FF353F
S214031F7029D2A04527D902381C4440EA0940A4EBDD
S214031F800804A0FB02894C45C6464D4615D312D01D
S214031F9056B1BAEB0E0364EB050404FA07F7CB401D
S214031FA01F43CC40376074600021BDE8F0871846B5
S214031FB0F8E69046E0E6C245EAD2B8EB020E69EBD5
S214031FC003050138E4E72846D7E7404691E781460C
S214031FD0BEE7014678E702383C4445E7084608E78B
S214031FE0A8F102083D442BE703685A004CBF43F0B0
S214031FF0004323F000431844704700BF61B32DE944
S214032000F84F01F1FF3A90460646D146002707EB04
S214032010090404EBD4746410E50071190846FFF74D
S214032020E3FFA245834605F10800304409D0FFF7D5
S214032030DBFFC34500F1FF3005D8404509D2671CD6
S214032040E5E7C34505D9A74202D004F1FF39DEE729
S21403205000210846BDE8F88F08467047012807D0D8
S214032060022807D0044B00280CBF184600207047F0
S214032070024870470248704761270300652703003C
S2140320806927030030B5244B83B004468D1E7BB30B
S21403209001A92846AFF3008020B301992A46FFF72B
S2140320A0ADFF0146F0B1FFF79FFF4B68A064012B1D
S2140320B012D0002B01F1040020DBFFF795FF00236D
S2140320C0E06423650368002B1CDBFFF78DFF00230A
S2140320D02061184603B030BD00232361052318464C
S2140320E003B030BD002323610923184603B030BD77
S2140320F00A490B48091AC9100191CFE70123E06486
S2140321002365DFE7C3F30360FFF7A8FF002820611A
S21403211014BF00230923DCE7000000003CDF0300B4
S214032120B4DD03000368DA0710B5044606D49B073C
S21403213000F1480009D500F051FC2368590709D57A
S2140321401A070ED5DB0613D510BD00F03FFC236837
S2140321505907F5D404F1D00000F048FC23681A07A9
S214032160F0D404F5A87000F049FC2368DB06EBD432
S21403217004F5E870BDE8104000F084BC036803B1C2
S21403218003441846704700BF09207047704700BFD6
S21403219070B504460D4608E02B6C63612A46236936
S2140321A0214601209847082808D1296C2046FFF7C6
S2140321B069FF06460028EFD000F094FE0728FBD1FF
S2140321C03046296CFFF7E2FF281D00F0F3FB00BF43
S2140321D02DE9F0470C1D054692460FCCADF5727DF2
S2140321E003AE0FC60FCC0FC60FCC0FC694E80F0076
S2140321F002ACD5F80C80D5F8189086E80F000023BB
S2140322002846216C2360FFF73DFFBAF1000F07460F
S21403221014BF0A2609267FB1A36B46F010018DE88A
S21403222010022A46636401202B46C04778BB384613
S2140322300DF5727DBDE8F087236C6B614FF4F07289
S21403224021467AA801F074FC2B697AAA29463046FF
S2140322509847889B82468DE81002314663642A4677
S2140322602B460120C04790B94FF4F0727AA9204656
S21403227001F05EFCBAF1080F06D1216C2846FFF781
S21403228001FF09260746C6E7BAF1070F05D0092757
S21403229038460DF5727DBDE8F0873846216CFFF7AA
S2140322A075FF03A800F086FB406C7047F0B5CB6B58
S2140322B00B640E1D0F4604460FCEF9B001AD0FC5D5
S2140322C00FCE0FC50FCE0FC596E80F004FF0FF36A3
S2140322D085E80F00009606E023696A46214698477C
S2140322E00828054608D110992046FFF7CBFE00289C
S2140322F0F2D0092079B0F0BD6846FFF713FF062D2C
S214032300F7D139462046FFF743FF00BF30B4DD6BF5
S214032310C160826119461D64002230BC58E700BFC5
S21403232070B5C66843690B6426B10122FFF750FFF8
S21403233000F0D8FD03690A4604460D46014602200E
S2140323409847072807D0082803D129462046FFF7D1
S2140323501FFF00F0C7FD3046296CFFF717FF281D47
S21403236000F028FBC2681AB1CA6B0A6400222FE782
S2140323709CE700BF704700BF836813B10146012086
S2140323801847704700B5042907D8DFE801F00309AA
S214032390060909000BB90F2A05D902205DF804FBCC
S2140323A001205DF804FB00EB820218465368019A8D
S2140323B013605DF804FB00BF10B584B0002303ACC4
S2140323C00A4600941946FFF7DDFF039804B010BDD4
S2140323D000B5042907D8DFE801F003090609090058
S2140323E00BB90F2A05D902205DF804FB01205DF81E
S2140323F004FB019900EB82020968516018465DF8F8
S21403240004FB00BF10B584B004AC002344F8042DCD
S2140324100A4600941946FFF7DBFF04B010BD00BF61
S214032420F0B5D36B1364151D07460E460FCDADF5F9
S2140324300F7D17AC0FC40FCD0FC40FCD0FC495E897
S2140324400F004FF0FF3584E80F00169510E016A82E
S214032450FFF7D8FF314616A8B84716AA694678B9D3
S214032460049B08209847052804460AD0092807D065
S21403247026996846FFF706FE6A460C210028E6D032
S214032480092416A8FFF74EFE20460DF50F7DF0BD76
S2140324902DE9F04F0D46C96C8BB00C1D09680791EA
S2140324A09146089400F0030B1E46002B60D10902E8
S2140324B0032307918DF825608DF824302B6DBBF12F
S2140324C0020F08BFAC6B13F0010340D1019300F079
S2140324D008030393D4F80080B8F1000F39D0022E16
S2140324E043D0B4F8008067880434AB6C27F0010A45
S2140324F00F2148469A44FFF75FFF824533D828F0FA
S21403250001039A4450452CBF002001207F0007F0AA
S214032510020708F0010847EA0807012F3ED035D323
S214032520022F1CD1236823F000420292BBF1000F56
S21403253076D128B1039900297ED0002A00F0A68020
S214032540002B77DB029B013304EB8304C2E70023F3
S2140325500193022E3EDDFFF717FE002840D0092028
S2140325600BB0BDE8F08F0020D0E767680834BCE7FF
S214032570022BA3DC0B0CDAB209048DF825300223F8
S21403258004EB820407918DF8243097E7BBF1000F24
S21403259002D0002840F0BD8004349BE7BBF1000F57
S2140325A025D1A8B194E80C00991C4FEAD272D6D074
S2140325B005F158010133069100F0A380201DFFF7B3
S2140325C0DDFD06AB01462846F4F72EFE002877D13C
S2140325D008347FE707A9484600F0EEFA0028BED184
S2140325E0019B002B5CD108200BB0BDE8F08F0D21BA
S2140325F048462F6AFFF7E0FE8742E9D1AB6A9C4262
S214032600E6D12046FFF7F0FC0F2102464846FFF7C7
S214032610F9FE48462A460021FFF7F4FE07209FE707
S2140326200D2148462F6AFFF7C7FE874258D0236816
S214032630002B87DA043485E7029B3BB305F1580386
S214032640271DCDF810B0DDF80C80DDF808A0059640
S214032650A3461C4602E0B245B04616D0384606945A
S214032660FFF78CFD06AB014600222846F4F7DCFD97
S21403267008F1010604370028EDD0029B059E43456A
S2140326805C46DDF810B0D2D100E05C4648460D212A
S214032690FFF792FE069B2862AC626B6206205FE73A
S2140326A00F214846FFF788FE0E2102464846FFF7ED
S2140326B0A9FE4846294A0F21FFF7A4FE07204FE745
S2140326C007460D214846FFF777FE022F28621DD1E5
S2140326D02B46069A43F82C2F6B62AC6206203FE724
S2140326E0AB6A9C42A3D104220027A3180299A962CD
S2140326F0EF622A636B632368BB421DDB01230193EE
S21403270020E748460D21FFF757FE2862069B6B62BB
S214032710E3E72046FFF768FC04340646AC63284626
S214032720F4F7DEFD00283FF41AAF484632460F2181
S214032730FFF768FE072013E70846013004EB800026
S214032740FFF752FC0F2102464846FFF75BFE48465A
S2140327502A463946FFF756FE072001E711740200A2
S214032760002395E6012393E6022391E6F0B504469B
S214032770C5B004290DD8DFE801F053030C310F0070
S214032780012B4FEA124695B262D17219102A40F213
S2140327909B80022045B0F0BD002BFAD1102AF8D852
S2140327A02368D80600F1C68022AE3046019200F0B8
S2140327B073F9A06B019A0023012505FA03F1114270
S2140327C003D0016846F8231004300133042BF4D1F8
S2140327D0A063304600F056F90020DBE7032BD8D180
S2140327E0150C97B2EB19102BD3D823681E0700F1EC
S2140327F0B58022AE304600F023F9ED00A36B4FB14F
S214032800043D711903EBC70053F8042B41F8042F5A
S2140328108342F9D13046A36300F0F0F80020B9E70D
S214032820002BB6D1A56B97B2201D012606FA03F13D
S214032830394203F1010302D0296801600435102BE5
S21403284000F10400F2D112F400503BD1A563A1E7D6
S214032850052B9ED17719202F9BD80F2E66D92F468E
S214032860002D3AD12A460027002AA06B72DD00EB22
S214032870C202014644A800EBC6008C3851F8045B3C
S21403288040F8045F9142F9D1084697B1102E3246BC
S21403289044A938BF102201EBC202A2F5C472790024
S2140328A0043A00EB810150F8045B42F8045F884267
S2140328B0F9D1012B48D00F2EA16333D917B102A843
S2140328C000F094F8002065E70F2E3FF662AF00276E
S2140328D02268D10717D4002F60D02268510745D449
S2140328E0012B4DD00F2E06D822A8019300F07AF8BC
S2140328F0019B002FB6D002A8019300F07BF8019B42
S214032900C6F11002B0E722F00101052B2160019306
S21403291020463BD022F0030240F8482B00F05AF83A
S214032920019BD8E722A800F059F8C7E7102FCED9A5
S214032930103FCDE723F01003236004F5E8700192FF
S21403294000F0AAF8019A2FE70431A16322A800F049
S2140329503DF8B7E7002F99D10146AAE723F008030D
S214032960236004F5A87000F06BF842E7204622F0D7
S214032970040240F8D02B019300F03CF8019BAFE72C
S21403298022A8019300F026F8019BB9E741F0020163
S21403299040F8481B00F026F8019B9CE7012B03D068
S2140329A00F2E3FF65FAF9FE722A8019300F012F8C1
S2140329B0019B57E700F1340191E838009C46A64690
S2140329C04CF8045D90E8FF0FE54600BD90EC210B44
S2140329D0704700BF80EC210B704700BF90EC200BC4
S2140329E0704700BF80EC200B704700BFD0EC200B75
S2140329F0704700BFC0EC200B704700BFF0EC02012D
S214032A00F0EC0211F0EC0221F0EC0231F0EC0241A2
S214032A10F0EC0251F0EC0261F0EC0271F0EC028192
S214032A20F0EC0291F0EC02A1F0EC02B1F0EC02C182
S214032A30F0EC02D1F0EC02E1F0EC02F1704700BFDB
S214032A40E0EC0201E0EC0211E0EC0221E0EC0231E2
S214032A50E0EC0241E0EC0251E0EC0261E0EC0271D2
S214032A60E0EC0281E0EC0291E0EC02A1E0EC02B1C2
S214032A70E0EC02C1E0EC02D1E0EC02E1E0EC02F1B2
S214032A80704700BFB0FC0181B0FC0191B0FC01A10E
S214032A90B0FC01B1704700BFA0FC0181A0FC01910E
S214032AA0A0FC01A1A0FC01B1704700BFEC4600B535
S214032AB02DE900502DE9FF1F4FF000032DE90C0010
S214032AC001A9FFF7F3FBDDF840E012B0704700BF43
S214032AD0EC4600B52DE900502DE9FF1F4FF000032B
S214032AE02DE90C0001A9FFF71BFCDDF840E012B04E
S214032AF0704700BFEC4600B52DE900502DE9FF1FD7
S214032B004FF000032DE90C0001A9FFF72BFCDDF8BD
S214032B1040E012B0704700BFEC4600B52DE9005008
S214032B202DE9FF1F4FF000032DE90C0001ABFFF763
S214032B30EDFBDDF840E012B0704700BFEC4600B591
S214032B402DE900502DE9FF1F4FF000032DE90C007F
S214032B5001AAFFF765FCDDF840E012B0704700BF3E
S214032B60027A1AB9437A43B9B02070470368013A28
S214032B7002721A020260180E70474268013B10B4D4
S214032B80437213680321141D01721A024460026023
S214032B905DF8044B180E704700B585B003AA0023F2
S214032BA0009219460C22FFF7EDFB039805B05DF87B
S214032BB004FB00BFF0E700BF2DE9F043064685B0EF
S214032BC00F464FF000083846FFF7CAFFB028044602
S214032BD023D0050627D400230DF10C0919468500DA
S214032BE00D22CDF800903046FFF7CCFBEDB2039BE9
S214032BF0CDF80090600605F104054CBF5D1BED188B
S214032C00002319460D2230460395FFF7E1FB3846AD
S214032C10FFF7A6FFB0280446DBD1B8F1000F00F09B
S214032C20958000201CE000F0F003802B5DD0902BF5
S214032C3019D0A02B2CD0B02B3FD0C02B6CD000F0DB
S214032C40F803D02B0BD100F00702013242F4002226
S214032C50052301213046FFF789FD0028B3D009205C
S214032C6005B0BDE8F08300F00D030D2BF7D003ADE0
S214032C70002300F00F02194600953046FFF782FB4B
S214032C800023009519460D223046FFF7A1FB9AE76D
S214032C90C24302F007034FF47F621A41010702F4AE
S214032CA07F624FF0000348BF42F480421946304625
S214032CB0FFF75CFD0028D2D185E7B12857D0B228AC
S214032CC068D0B32800F0958000F0FC03B42BC6D080
S214032CD000F007020132012342F40022194630466F
S214032CE0FFF744FD0028BAD16DE73846FFF738FFF3
S214032CF024020443B4F5004FB1D024010023A2B24A
S214032D0019463046FFF732FD0028A8D114F4004FC9
S214032D1018BF4FF0010856E7C6287DD0C72800F035
S214032D20868000F0F803C02B00F09480C82800F0DB
S214032D309F80C92893D13846FFF712FF020300F09D
S214032D400F0002F470220130024381E703AC4346CE
S214032D500E22414600943046FFF714FB009430469B
S214032D6043460F224146FFF733FB404678E7384693
S214032D70FFF7F6FE00283FF472AF10F0F0037FF47F
S214032D806EAF024619463046FFF7F0FC00287FF484
S214032D9066AF18E700230DF10C090D221946CDF88E
S214032DA000903046FFF7EEFA3846FFF7D9FE0206E4
S214032DB04FF002040CD5039B00F07F00A0400344B1
S214032DC038460393FFF7CCFE030604F10704F2D458
S214032DD0039BCDF8009000F07F02A24003F5017438
S214032DE00023144419460D2230460394FFF7F0FAE5
S214032DF0E9E63846FFF7B4FE010300F00F0001F4DE
S214032E007021421C01230A4330461946FFF7AEFCE5
S214032E1000287FF424AFD6E63846FFF7A1FE010369
S214032E2000F00F0001F47021421C0323EBE7384641
S214032E30FFF796FE00283FF412AF10F0F0037FF47E
S214032E400EAF024604213046FFF790FC00287FF4BD
S214032E5006AFB8E600F00F020132032342F4202245
S214032E6019463046FFF782FC00287FF4F8AEAAE640
S214032E703846FFF775FE00F0F00200F00F0310323D
S214032E80013343EA0232E3E610B5C36C84B05A68F2
S214032E9003208DF80C00DC798DF80D401202083300
S214032EA0084601A901920293FFF786FE04B010BDFF
S214032EB008B5FFF77FFE806C08BD00BF08B5FFF7B7
S214032EC079FEC06CC37900EB8300083008BD00BFF1
S214032ED008B500F007F800BF08B5FFF7F9FF00BF15
S214032EE0704700BF08B5062001F0C2F9012006F0BE
S214032EF02BFE00BF024B0A460146186800F002B8D4
S214032F002001002010B502FB01F100F0C7FA0446C9
S214032F10D8B150F8042C22F00302043A242A18D815
S214032F20132A14D900231B2A0360436016D9242AC4
S214032F308360C36011BF00F110020361436100F1B7
S214032F4018020023136053609360204610BD0246A8
S214032F50F7E7002100F0EAFE204610BD00F1080264
S214032F60EFE700BF014B1868704700BF2001002041
S214032F70144B70B51D6806460C460DB1AB6BC3B15A
S214032F80636ED80702D4A389990516D52846224628
S214032F90314600F025FF636EDA07054602D4A3899F
S214032FA09B0501D5284670BDA06D00F065FA28463E
S214032FB070BD284605F016F8E2E7A06D00F05AFA51
S214032FC0E4E700BF2001002030B587B00546084679
S214032FD01446019101F054FB01AA012305900290C7
S214032FE0039204930DB1AB6B33B3636E13F0010F0F
S214032FF0B4F90C309AB201D1900521D5910406D4C8
S214033000626E43F4005322F40052A381626628469C
S21403301003AA214600F024F8636EDA07054602D4B5
S214033020A3899B0502D5284607B030BDA06D00F0E6
S21403303023FA284607B030BD284604F0D3FFD4E76A
S214033040A06D00F017FAB4F90C309AB2D6E700BFB9
S214033050024B0A4601461868FFF7B6BF2001002058
S2140330609368002B73D02DE9F04F8B8983B00C4601
S21403307019070090164626D5226922B313F00200DC
S21403308035682CD04FF00009B04FC846B246B84555
S21403309043464A4628BF3B460098B8F1000F50D037
S2140330A0E169666AB047002858DDDAF808301B1A6B
S2140330B08144A8EB0008CAF80830002BE7D10020AB
S2140330C003B0BDE8F08F2146009803F063FE0028A6
S2140330D040F03381A389356813F00200D2D113F090
S2140330E0010945D14F46019637B39A05D4F80880AF
S2140330F040F183804745C346C0F0AB8013F4906F1E
S21403310040F0AC802068BA465A46494600F0AAFD0D
S214033110A2682368A2EB08025B44A2602360019ABC
S2140331209368A3EB0A03D144A7EB0A079360002B2B
S214033130C5D0A389002FD8D1D5F800906F6808357D
S214033140D2E7D5F80090D5F8048008359FE700202D
S21403315070472146009804F0EDFE70B3B4F90C30C6
S21403316043F040034FF0FF30A38103B0BDE8F08F78
S214033170814633464E46A8469A464D464EB380B3DE
S214033180206823696269B145CB4628BFB346984297
S2140331905F4604D9A36813449B4500F3A680934572
S2140331A04BDB1346676AE16900982A46B847071E51
S2140331B0D4DDB9EB0709CCD00120DAF80830DB1BE5
S2140331C03D44F61BCAF80830002B3FF478AF002EB8
S2140331D0D5D108F1080313E9600098460833002E9A
S2140331E0F9D032460A21284600F022FC002800F0D7
S2140331F0A1800130A0EB0509C2E720682369984245
S21403320002D863699F425DD2B84528BFB846424696
S214033210494600F027FDA3682268A3EB080342444F
S214033220A36022600BB1C24679E72146009804F0FA
S21403323081FE002892D1C24671E75A46294600F01D
S21403324011FDA2682368A2EB0B025B44A260236015
S214033250AFE72068B846BA46BB4655E762692068BA
S214033260216902EB4208A0EB010A08EBD8780AF1C1
S21403327001004FEA680838444045424684BF80460A
S21403328042465B0544D51146009800F007F983468D
S214033290002855D05246216900F04AFCA38923F43E
S2140332A0906343F08003A3810BEB0A00A8EB0A03A9
S2140332B0C4F810B0C4F814802060A360B846BA46B9
S2140332C0BB4621E76FF00041B94228BF39464A465C
S2140332D091FBF3F10098666A03FB01F3E169B047DB
S2140332E0B0F1000A3FF71BAF38E71A4629460193A9
S2140332F000F0B8FC2268019B00981A44226021461D
S21403330004F018FE019B00287FF428AF1F4650E701
S214033310009800F0C5FD83460028C5D1009D2169AD
S214033320284604F001FFB4F90C300C2223F0800386
S2140333302A6015E706F1010922E74FF0FF30BFE6E2
S214033340009A0C231360B4F90C3009E700FCFF7FE6
S2140333502DE9F04186B002FB03F590461E4601AA0E
S2140333600123019102950595039204930C9C07464D
S21403337010B1836B002B31D0636E13F0010FB4F9D9
S2140333800C309AB201D191052BD5920406D4626E05
S21403339043F4005322F40052A3816266384603AA1C
S2140333A02146FFF75DFE636E40B9D80702D4A389B2
S2140333B099051DD5304606B0BDE8F081DA0706D577
S2140333C005982D1AB5FBF8F006B0BDE8F081A38981
S2140333D09B05F5D4A06D00F04FF8F1E704F002FE6C
S2140333E0CAE7A06D00F046F8B4F90C309AB2CCE701
S2140333F0A06D00F041F83046E6E700BF10B582B096
S214033400054C0093246813460A4601462046FFF7F8
S2140334109FFF02B010BD00BF2001002070B50F4E05
S2140334200F4D761BB61018BF002405D0013455F88F
S214033430043B9847A642F9D10A4E0B4D761B06F07D
S21403344097FBB61018BF002406D0013455F8043B8A
S2140334509847A642F9D170BD70BD00BF889B030094
S214033460889B0300C89B0300889B0300704700BF2C
S214033470704700BF704700BF704700BF024B01464E
S214033480186800F00BB800BF20010020024B01466D
S214033490186804F049BE00BF200100202DE9F04F54
S2140334A001F10B06162E83B0054640F29E8036F0D9
S2140334B0070600F1BD80B14200F2BA8000F084FC3A
S2140334C0B6F5FC7FC0F09382730A00F0B880042B35
S2140334D000F27981B30903F1390003F1380EC30012
S2140334E0BF4F3B44A3F108015C68A14206D10CE040
S2140334F0002A80F2AA80E468A14206D0636823F01B
S21403350003039A1B0F2AF3DD70463C69DFF8E4E2F7
S214033510744500F0AB81636823F003039A1B0F2AFC
S21403352000F39081002AC7F814E0C7F810E080F291
S2140335309D80B3F5007F80F06181DB0803F1010C09
S21403354099107A6857F83C80C4F8088001238B40AA
S21403355007EBCC0113430839E1607B6047F83C4036
S214033560C8F80C408210012494409C4200F28B80E1
S2140335701C4206D120F0030064001C4200F1040044
S214033580FAD007EBC009CC468046DCF80C309C45E5
S21403359007D16DE1002A80F27B81DB689C4500F051
S2140335A06781596821F003018A1B0F2AF2DDD3F8DD
S2140335B00CC0D3F8088000939C19284646F00106F1
S2140335C042F001055E60C8F80CC0CCF808807C6148
S2140335D03C61C4F80CE0C4F808E065605A5000F09B
S2140335E0F9FB009B03F108041EE0102920D800F025
S2140335F0EBFB102618230220794F3B44A3F1080265
S2140336005C68944200F03D816368E168A66823F035
S2140336100303234428465A68F16042F001028E6091
S2140336205A6000F0D7FB0834204603B0BDE8F08F9D
S21403363000240C2320462B6003B0BDE8F08F402007
S2140336404FF400734FF03F0E4AE72344E1685A688D
S214033650A66842F00102F16028468E605A6000F0C8
S214033660B9FB0834204603B0BDE8F08F2344284650
S2140336705A6842F001025A6000F0ACFB0834204658
S21403368003B0BDE8F08FBC68636823F00308B04559
S21403369004D3A8EB06030F2B00F38580DFF85891BD
S2140336A0504BD9F800201B680132334404EB080A58
S2140336B000F0558103F580530F3323F47F6B2BF013
S2140336C00F0B5946284600F091FD411C024600F0B8
S2140336D0FC80824500F2F780434B19685944196011
S2140336E000F04D81D9F8000001301BBFA2EB0A0A97
S2140336F05144C9F80020196012F0070100F0158143
S214033700C1F10800C1F580510244083102EB0B09F0
S214033710C9F30B09A1EB0909494628460193009210
S21403372000F064FD431C9DE80C0000F04381801A02
S214033730484440F001001968BA604944BC425060EE
S214033740196017D0B8F10F0F40F2FB806068A8F13C
S2140337500C0222F0070204EB020E00F001004FF009
S214033760050C10430F2A6060CEF804C0CEF808C0DC
S21403377000F217811D4BBC681A68914288BF196016
S2140337801B4B1A689142626888BF196022F00302D5
S2140337909642A2EB060301D80F2B04DC284600F062
S2140337A019FB002440E7A21943F0010346F0010683
S2140337B066602846BA60536000F00CFB0834204667
S2140337C003B0BDE8F08F142B71D9542B00F2A380FD
S2140337D0330B03F16F0003F16E0EC30080E600BFE8
S2140337E0BC060020C03A0020903A0020B83A0020D9
S2140337F0BC3A0020C4060020C40A00205A0A042A41
S2140338005BD9142A00F2AE8002F15C01C9005B3278
S21403381007EB010C7958ACF1080C8C4500F0888056
S2140338204A6822F00302934273D289688C45F7D123
S214033830DCF80C207B68E260C4F808C09460CCF81F
S2140338400C408FE6A11946F0010C42F00106C4F8BD
S21403385004C0284679613961C1F80CE0C1F808E074
S2140338604E60E25000F0B6FA0834DDE67B6879E68F
S21403387008F1010818F0030F0CF1080C7FF485AE6D
S2140338802DE0DC68A34208BF02303FF43EAEBBE641
S21403389019441C464A68DB6854F8086F42F0010274
S2140338A04A602846F3609E6000F094FABCE603F193
S2140338B05C0003F15B0EC30012E69A0902F13901BC
S2140338C0C9003832A4E7BC4254D0BC68626822F010
S2140338D003025DE759F80839994540F0868010F0F1
S2140338E0030F00F1FF30F5D17B6823EA04037B6006
S2140338F064009C423FF6C7AE002C3FF4C4AE1C42A5
S21403390040467FF43EAE64001C4200F10400FAD049
S21403391037E68C468CE7B3F5AA7F15D8F30B03F18D
S214033920780003F1770EC300DAE54FF48051EDE635
S2140339307B689210012101FA02F213437B60624610
S21403394079E70123536029E740F25452934222D881
S214033950B30C03F17D0003F17C0EC300C0E503F155
S214033960100BAEE6542A29D81A0B02F16F01C900D0
S2140339706E324DE7204B196859441960B2E6CAF314
S2140339800B0000287FF4AEAE08EB0B03BA6843F0D7
S21403399001035360EEE67F204FF47E734FF07E0EF6
S2140339A09EE504F108012846009304F0BDFB009B46
S2140339B01968DFE601204FF00009BCE6B2F5AA7FDE
S2140339C005D8DA0B02F17801C900773220E740F216
S2140339D054518A4205D89A0C02F17D01C9007C3203
S2140339E016E74FF47E717E2212E77B6880E7F008C5
S2140339F006F1080300E600BF903A002082B049B102
S214033A005AB16BB113780B601278101C18BF0120E3
S214033A1002B0704701A9002AF3D1104602B07047DE
S214033A206FF00100F4E700BF000000000000000094
S214033A3001F0FF01102A2BDB10F0070F08D010F857
S214033A40013B013A8B422DD010F0070F42B3F6D15B
S214033A50F0B441EA012141EA014122F007047FF074
S214033A6000070023F0E80256083C85EA010586EACB
S214033A70010685FA47F5A3FA87F586FA47F6A5FA07
S214033A8087F68EB9EED1F0BC01F0FF0102F0070213
S214033A9032B110F8013B013A83EA010313B1F8D1BE
S214033AA00020704701387047002D06BF354603389F
S214033AB0073815F0010F07D1013015F4807F02BFD8
S214033AC0013015F4C03F0130F0BC0138704700BF29
S214033AD0032A70B422D940EA01039B0711D0037866
S214033AE00C78A3421DD10A44013105E010F8013FCA
S214033AF011F8014BA34214D19142F7D1002070BCB8
S214033B0070470D680668AE420C46034601F1040191
S214033B1000F1040008D1043A032AF2D8002ADED1C1
S214033B20ECE7181B70BC704721461846D7E700BF62
S214033B30844641EA000313F003036DD1403A41D3B0
S214033B4051F8043B40F8043B51F8043B40F8043B6F
S214033B5051F8043B40F8043B51F8043B40F8043B5F
S214033B6051F8043B40F8043B51F8043B40F8043B4F
S214033B7051F8043B40F8043B51F8043B40F8043B3F
S214033B8051F8043B40F8043B51F8043B40F8043B2F
S214033B9051F8043B40F8043B51F8043B40F8043B1F
S214033BA051F8043B40F8043B51F8043B40F8043B0F
S214033BB051F8043B40F8043B51F8043B40F8043BFF
S214033BC0403ABDD2303211D351F8043B40F8043B9F
S214033BD051F8043B40F8043B51F8043B40F8043BDF
S214033BE051F8043B40F8043B103AEDD20C3205D3AF
S214033BF051F8043B40F8043B043AF9D2043208D0A7
S214033C00D2071CBF11F8013B00F8013B01D30B8818
S214033C1003806046704700BF082A13D38B078DD0F6
S214033C2010F003038AD0C3F10403D21ADB071CBFC8
S214033C3011F8013B00F8013B80D331F8023B20F832
S214033C40023B7BE7043AD9D3013A11F8013B00F86B
S214033C50013BF9D20B7803704B7843708B788370F3
S214033C60604670478842F0B50DD98B1898420AD241
S214033C708418002A51D0224613F8014D02F8014D4C
S214033C809942F9D1F0BD0F2A48D941EA00039B07B0
S214033C9046D100F1100401F11003154653F8106CD9
S214033CA044F8106C53F80C6C44F80C6C53F8086C1E
S214033CB044F8086C103D53F8046C44F8046C0F2D5C
S214033CC003F1100304F11004E8D8A2F1100323F063
S214033CD00F0302F00F0E1033BEF1030F1944034413
S214033CE021D91E1F0D467446043C55F8047B46F83E
S214033CF0047F032CF8D8AEF1040424F00304043440
S214033D002144234402F0030262B1013B0A4411F842
S214033D10014B03F8014F8A42F9D1F0BD0346F3E79E
S214033D200346F2E7F0BD7246EEE700BF70B48607BF
S214033D3046D0541E002A41D0CAB2034602E014F10C
S214033D40FF343BD303F8012B9D07F8D1032C2ED960
S214033D50CDB245EA05250F2C45EA054519D903F1E9
S214033D6010022646103E0F2E42F8105C42F80C5CFA
S214033D7042F8085C42F8045C02F11002F2D8A4F19F
S214033D80100222F00F0204F00F041032032C134427
S214033D900DD91E462246043A032A46F8045BFAD88F
S214033DA0221F22F003020432134404F003042CB14E
S214033DB0C9B21C4403F8011B9C42FBD170BC70477C
S214033DC014460346C2E700BF0148FFF753BB00BFD4
S214033DD040B500200148FFF74FBB00BF40B50020A9
S214033DE0F8B50E461446074608B1836B4BB3636EAD
S214033DF0D80702D4A389990526D5A368013B002BCF
S214033E00A36011DBF5B223685A1C22601E70636E32
S214033E10DA0702D4A3899B0501D52846F8BDA06D11
S214033E20FFF72AFB2846F8BDA269934202DBF5B2E8
S214033E300A2DE8D131463846224602F02FFF0546C2
S214033E40E5E704F0CFF8D2E7A06DFFF713FBD4E75E
S214033E5010B40C4B0C4819680C4CD1F8A820D1F8B8
S214033E60AC3000FB02F004FB0300A2FB0423034474
S214033E70013243F10003C1E92A2323F000405DF831
S214033E80044B7047200100202DF451582D7F954C8C
S214033E90024B0A460146186800F002B820010020CB
S214033EA0002900F095802DE9F04F0D46164683B0A5
S214033EB0804606F10B07FFF787FF55F804EC162F2D
S214033EC02EF00304A5F108093CD810221746BE427B
S214033ED03DD8944243DAC44B996809EB0400884200
S214033EE000F0B480436823F0010101444968C90720
S214033EF04CD51EF0010F00F09B8031464046FFF77D
S214033F00CDFA064600283AD055F8043C23F00103C0
S214033F104B44A0F108029A4200F02181221F242A72
S214033F2000F20781132A00F2DB8003462A46116853
S214033F3019605168596092689A602946404604F0B1
S214033F40F3F81CE027F00707002F3A46BFDA0026EF
S214033F500C233046C8F8003003B0BDE8F08F2E4679
S214033F60E31B0F2B1ED8D9F8043003F001032343B9
S214033F704C44C9F80430636843F001036360404669
S214033F80FFF728FF304603B0BDE8F08F23F00303A6
S214033F90E11891421FDBC36882682E46D3600C4645
S214033FA09A60DDE7D9F8042009EB070102F0010265
S214033FB04C4443F001031743C9F804704B6063682D
S214033FC043F0010308316360404604F0ADF8D6E7DA
S214033FD01146FFF763BA1EF0010F8ED155F8081C81
S214033FE0A9EB010ADAF8041021F003010B44234479
S214033FF0934225DBC26881685646CA609160DAF848
S2140340000C1056F8080F221F242AC160886000F29D
S2140340109480132A6FD92968CAF808106968CAF801
S2140340200C101B2A00F2A28008350AF1100263E086
S21403403055F8083CA9EB030ADAF8041021F003014B
S21403404063189342FFF659AF5646D8E7416821F006
S214034050030BA34407F11000834556DA1EF0010F45
S2140340607FF44BAF55F8081CA9EB010ADAF80410E5
S21403407021F003018B445845E2DC5646DAF80C106F
S21403408056F8080F221F242AC160886000F28F802A
S214034090132A40F28A802968CAF808106968CAF8A1
S2140340A00C101B2A00F28A8008350AF110022968D0
S2140340B0116069685160A96891600AEB0701ABEB70
S2140340C0070242F0010299604A60DAF8043003F00E
S2140340D001031F434046CAF80470FFF77BFE51E70F
S2140340E02B6803606B6843601B2A2DD800F1080316
S2140340F005F108021BE732462968116069685160BA
S214034100A96891601C46D1462AE709EB0701ABEB89
S214034110070B4BF0010299604A6055F8043C03F024
S21403412001031F43404645F8047CFFF753FE2E4623
S21403413028E72946FFF796FDFFE6294630461C4644
S214034140D146FFF78FFD0BE7AB688360EB68C36070
S214034150242A17D000F1100305F11002E7E650F801
S214034160043C23F003031C442E46F9E6A968CAF868
S2140341701010E968CAF81410242A0CD010350AF176
S2140341801802B9E72B6903616B69436105F11802ED
S21403419000F11803CBE62A69CAF818206A69CAF838
S2140341A01C2018350AF12002A6E732467FE7294687
S2140341B030460193FFF756FD019B7EE7A968CAF8D0
S2140341C01010E968CAF81410242A03D010350AF12F
S2140341D018026CE72A69CAF818206A69CAF81C200C
S2140341E018350AF1200262E7BC06002038B5074CF2
S2140341F0002305460846236005F030FC431C00D028
S21403420038BD2368002BFBD02B6038BD54B5002087
S2140342101F2928D820B5D0F8DC2282B00546AAB1DB
S21403422052F8213093B1012B0ED0581C07D000252D
S214034230084642F821509847284602B020BD162368
S21403424001202B6002B020BD0020F6E7284601912E
S21403425000F02AF801990A460146284602B0BDE84E
S214034260204000F00DB8162303604FF0FF30704770
S214034270024B01461868FFF7CBBF00BF20010020A2
S21403428038B50B46074C05461146184600232360EF
S21403429005F05EFC431C00D038BD2368002BFBD022
S2140342A02B6038BD54B5002005F0D6BB0CB4F0B572
S2140342B0234B0C1E9DB01D683DDB4FF4027302902A
S2140342C00690ADF8143023AE17D0013C229A04941E
S2140342D033464FF6FF7702A9284607940196ADF8B2
S2140342E0167001F085FA421C1BDB029B00221A7033
S2140342F01DB0BDE8F04002B0704733464FF6FF7777
S214034300229A049402A9284607940196ADF81670DB
S21403431001F06EFA431C07DB1DB0BDE8F04002B0A7
S21403432070478B232B60E0E78B232B601DB0BDE823
S214034330F04002B070478B232B604FF0FF30EBE763
S214034340200100200EB4F0B59CB021AB0F4953F802
S214034350042B019305466FF00044086802954FF45A
S21403436002774FF6FF7602A90695ADF8147004940B
S2140343700794ADF8166001F03BFA029B00221A7010
S2140343801CB0BDE8F04003B0704700BF200100201A
S2140343900000000000000000000000000000000015
S2140343A0A2EB0300704700BF02780B78012A28BFF0
S2140343B09A42F5D16DE9044540EA0104CDE9026766
S2140343C06FF0000C4FEA447212B380EA010414F053
S2140343D0070F6AD100F0070420F0070004F0030576
S2140343E021F007014FEAC505F0E8042314F0040F93
S2140343F0F1E804670CFA05F462EA040266EA0406C6
S2140344000AD063EA0403624667EA0407664603E0E3
S214034410F0E80423F1E8046782FA4CF582EA06041E
S214034420A4FA8CF46CBB83FA4CF583EA0705A5FA69
S2140344308CF595B950E9022351E9026782FA4CF5E7
S21403444082EA0604A4FA8CF483FA4CF583EA070599
S214034450A5FA8CF52543DBD09CB92DBAB5FA85F4BD
S21403446024F0070427FA04F1DDE9026723FA04F3CC
S21403447003F0FF0001F0FF01FDE80445A0EB010097
S214034480704724BAB4FA84F424F0070426FA04F135
S214034490DDE9026722FA04F202F0FF0001F0FF01F1
S2140344A0FDE80445A0EB0100704714F0030F3CD170
S2140344B010F0030428D150F8082B51F8083B82FA71
S2140344C04CF582EA0305A5FA8CF55DB950F8042C81
S2140344D051F8043C82FA4CF582EA0305A5FA8CF5FA
S2140344E0002DE8D02DBAB5FA85F424F0070423FA94
S2140344F004F122FA04F202F0FF0001F0FF01FDE8E6
S2140345000445A0EB010070474FEAC40420F0030003
S21403451050F8082B21F0030151F8083B0CFA04F479
S21403452062EA040263EA0403C9E710F003041AD03C
S214034530A1EB040120F00300E40750F8042B06D097
S2140345400FD28B785FFAA2F4E41A06D12BB1CB789C
S2140345505FFAB2F4E41A00D11BB920465DF8104B9B
S214034560704701F1040150F8042BCC0721F0030136
S21403457051F8043B48D824D222F07F4482FA4CF503
S21403458094EA1325A5FA8CF50AD165B951F8043BCC
S21403459084EA0204B4EB036F0ED150F8042BEBE766
S2140345A04FEA132355E035F07F454DD10878FDE8F3
S2140345B00445C0F1000070474FEA126203F0FF03A0
S2140345C047E002EA1C4482FA4CF594EA1345A5FA3E
S2140345D08CF50AD165B951F8043B84EA0204B4EBBE
S2140345E0034F0CD150F8042BEBE74FEA134330E0AC
S2140345F015EA1C4528D10B884FEA124229E04FEAF8
S214034600124203EA1C4324E002F0FF0482FA4CF54C
S21403461094EA1365A5FA8CF50AD165B951F8043BFB
S21403462084EA0204B4EB032F09D150F8042BEBE71A
S2140346304FEA13630DE015F0FF0F05D10B684FEA41
S214034640122223F07F4304E04FF00000FDE8044508
S214034650704712BA1BBA82FA4CF482EA0304A4FA2D
S2140346608CF5B5FA85F402FA04F203FA04F34FEA7A
S2140346701260FDE80445A0EB1360704700000000DD
S21403468090F800F06DE9024520F007016FF0000C8A
S21403469010F0070491F820F040F049804FF0000432
S2140346A06FF00700D1E9002391F840F000F108000D
S2140346B082FA4CF2A4FA8CF283FA4CF3A2FA8CF345
S2140346C04BBBD1E9022382FA4CF200F10800A4FAAC
S2140346D08CF283FA4CF3A2FA8CF3E3B9D1E9042300
S2140346E082FA4CF200F10800A4FA8CF283FA4CF337
S2140346F0A2FA8CF37BB9D1E9062301F1200182FAF1
S2140347004CF200F10800A4FA8CF283FA4CF3A2FAF6
S2140347108CF3002BC6D0002A04BF04301A4612BA04
S214034720B2FA82F2FDE8024500EBD2007047D1E907
S214034730002304F00305C4F100004FEAC50514F096
S214034740040F91F840F00CFA05F562EA05021CBF67
S21403475063EA050362464FF00004A9E7002A41D046
S21403476040EA010313F00303F0B425D1032A23D947
S21403477004680D68AC421FD1043A38D0A4F1013561
S21403478025EA040414F0803F2ED1043004310FE0F0
S21403479050F8043B0E68A3F10134B34224EA030441
S2140347A001F1040126D1043A21D014F0803F1BD135
S2140347B0032A07460D46EBD805780C78AC4202F17F
S2140347C0FF331AD183B114B90EE06BB17AB110F886
S2140347D0012F11F8014FA24203F1FF33F5D0101B4E
S2140347E0F0BC7047104670470020F0BC7047104678
S2140347F0F0BC704729463846DEE72A46EFE700BF97
S21403480040EA010313F0030F70B4034624D0A2B1A9
S2140348100C781C70013A013301313CB16AB111F8CE
S214034820014B03F8014B013A002CF7D12AB11A4485
S214034830002103F8011B9A42FBD170BC70470E4659
S21403484051F8045BA5F1013424EA050414F0803F13
S21403485005D143F8045B043A032AF0D8D7E7314678
S214034860D6E700BF70B504460D4645EC104B16461A
S21403487004F090FC51EC100B7EB1C5F30A53C3F160
S2140348806B03002B09DD1B0503F17F55002405F59B
S214034890401522462B46FCF707FD70BD00000000BE
S2140348A02DE9F04FA3B01C460990002320460E4680
S2140348B005921E9304F0FAF800230022834600684C
S2140348C0CDE90623FFF7DCFE1D96824633461A46DD
S2140348D013F8017B2D2F00F2B080DFE807F017AE48
S2140348E0AEAEAEAEAEAEAE8181818181AEAEAEAEC1
S2140348F0AEAEAEAEAEAEAEAEAEAEAEAEAEAE81AEFD
S214034900AEAEAEAEAEAEAEAEAE2BAE7E059B4FF04B
S214034910000A4FF0000B43B100230893059B1E606B
S214034920089B13B10BF100439B464BEC10AB23B033
S214034930BDE8F08F0023089302F10109CDF87490C7
S2140349405778002FE2D0302F7CD000230C93A7F1AA
S2140349503003092B00F222844FF0000845464446F4
S2140349604846082CC8BF08EB880805EB850300F10A
S214034970010007EB43031D90C4BF07EB4807A7F1ED
S21403498030080778D8BFA3F13005A7F13003092B09
S21403499004F10104E5D9DBF800105246FFF7DEFE0A
S2140349A00146F8B1002319469A46A346652F00F040
S2140349B0B680452F00F0B3800022002C56D11BB9D9
S2140349C00C9B002B00F00B834FF0000A4FF0000BFC
S2140349D0059B002BA4D01D9EA0E701230893ABE7FD
S2140349E01D9374E71D9B03EB0A021D9213F80A70CE
S2140349F0A3460346A7F13002092A00F2B182581CE7
S214034A009646002A00F0C9860128014418BF1B19E0
S214034A1006D100F0B0BE45009F4200F0CC843C4671
S214034A20082C04F1010705EB8500F4DD102FDCBF2D
S214034A3008EB88084FEA4808EEE70023302F914634
S214034A40089382D199F80130582B00F08A83782B8B
S214034A5000F087834B4601331D931F78302FFAD01F
S214034A609946002FB0D001230C9370E7102CA2EBCD
S214034A7001032846A2460A93A8BF4FF0100AFCF784
S214034A809DFBBBF1000F08BFA346BAF1090FCDE9A2
S214034A90060113DD494B03EBCA0353E91223FCF764
S214034AA003FC064640460F46FCF788FB02460B46C9
S214034AB030463946FCF746FACDE906010F2C00F3DB
S214034AC085800A9B002B27D040F324850A9B162B50
S214034AD000F38A84394901EBC301D1E90001DDE91A
S214034AE00623FCF7E1FB82468B4671E71DA8344993
S214034AF003F002FF00283FF409AF1D9B3149013B39
S214034B001DA81D9303F0F8FE10B91D9B01331D93DA
S214034B102D4B079300230693DDE906AB58E7002CDD
S214034B2000F011821D9E721C1D9277782B2F00F0C9
S214034B3015832D2F00F04B824FF0000CA7F13002A7
S214034B40092A00F20883302F05D11D9A01321D92DF
S214034B501778302FFAD0A7F13102082A3FF62CAF88
S214034B601D9A0D92501C303F1D900A975778A7F157
S214034B70300EBEF1090F0FD80A9A01301D9002EBD2
S214034B80820207EB42020778A7F1300EBEF1090F47
S214034B90A2F13002F1D90A920D9A801A082800F37E
S214034BA01B840A9A44F61F608242A8BF0246BCF1E1
S214034BB0000F3FF402AF5242FFE600BFE0DB030004
S214034BC0E0D80300E4D803000000F07F0A9BA4EBC0
S214034BD00A0A9A44BAF1000F40F3A4831AF00F03AB
S214034BE00AD0B94901EBC301D1E90001DDE9062387
S214034BF0FCF75AFBCDE906013AF00F0640F0468271
S214034C0000230C932346099C00955A4649462046A2
S214034C1004F044F81390002800F017830A9A002142
S214034C20002AC2F10003DDE9069AA8BF0B460E93DD
S214034C3022EAE2730D930E468B46139F204679684D
S214034C4003F0BCFF0546002800F00D833A693B4697
S214034C50023203F10C014F46D04692000C30CDE9E8
S214034C600A78FEF765FF48EC107B20AA1FA92046AA
S214034C7004F01CFB1E90002800F05E8401212046F1
S214034C8004F0AAF80646002800F0ED821F9A002AD0
S214034C90C0F261810E9B0D9F03EB02080C98209BCC
S214034CA08A49121A1A44013A8A42C3F1360380F239
S214034CB0FE80891A1F29A3EB010300F35481012206
S214034CC08A401292002210921F440C9A434498453D
S214034CD017444246A8BF1A46BA42A8BF3A46002A15
S214034CE003DD9B1ABF1AA8EB02080E9AE2B13146FF
S214034CF02046069304F00CF9069B0646002800F0AF
S214034D00B28201461E9A0693204604F06FF8069B6D
S214034D10002800F0A8820F901E990693204603F001
S214034D2073FF0F9A069B1E92002B08DD1A461E99E8
S214034D30204604F03DF91E90002800F0FD830D9BED
S214034D4043B129460D9A204604F0E2F805460028AA
S214034D5000F08982002F08DD29463A46204604F0F3
S214034D6027F90546002800F07E82B8F1000F08DD1B
S214034D7031464246204604F01BF90646002800F05A
S214034D8072822A461E99204604F080F9834600283C
S214034D9000F069820023C268C36031460F9204F0B4
S214034DA059F90028C0F2128400F0CB8331465846E6
S214034DB004F0DAFA58EC107B00224FF0804310EE32
S214034DC0100A4146FCF7ECFC002800F087800F9B96
S214034DD0002B00F0D0809FED387B3D4BCDF848A0EC
S214034DE00022CDE906238DED107BDFF8EC80129AC6
S214034DF0384B02EA08079F4200F0FE810C9B53B330
S214034E00B7F1D46F27D8DDE910892DA3D3E90023A2
S214034E1040464946FCF7C4FCC0B140464946FCF749
S214034E201BFD002800F03683FCF7C8F9CDE9100116
S214034E300F9B002B40F02983DDE9101202F100439B
S214034E4016911793DDE91623CDE90623079B03F195
S214034E50D663DB1B07939DED0A0BDDE9068904F099
S214034E6099F9404653EC102B4946FCF71DFADDE949
S214034E700A23FCF767F881468A4688460C9B2BB9BB
S214034E80154B08EA03039F4200F012821E99204640
S214034E9003F0BAFE2946204603F0B6FE3146204606
S214034EA003F0B2FE5946204603F0AEFEC5E60022E6
S214034EB010920122129207E7000000000000F03F64
S214034EC00000C0FFFFFFDF41E0DB030002FCFFFF43
S214034ED00000F03F0000E07F0000F07FBC4B384648
S214034EE041460022FCF7E0F90F9BCDE91001002BA9
S214034EF068D101F1004314901593DDE91423CDF82E
S214034F0048A0CDE9062370E71D9B03EB0A021D921A
S214034F1013F80A70302F234606D101321D921778F4
S214034F20302F03F10103F8D0A7F13102082A40F22B
S214034F30E1824FF0000B652F5946D8465D464FF089
S214034F40010A7FF436AD002B47D10C9A002A3FF4B2
S214034F50DDAC1C46E6E50D9BDDF838809F1A9DE622
S214034F604FF0010A22E59B498A1A012101FA02F24F
S214034F7010921291A8E6B9F1000F40F0CC80CAF364
S214034F801303CDF848A0002B40F0CB800022924BB1
S214034F9038464146FCF7FAFB002840F055830022CA
S214034FA08B4B38464146FCF77FF90A460146CDE966
S214034FB0101202F100431A901B93DDE91A23CDE980
S214034FC0062312E79DED107B8DED147B95E74FF0DE
S214034FD0010CB21C1D92B778B0E50024A2E5BAF125
S214034FE0000F7FF493AC493F252F3FF68FAC01A308
S214034FF053F827F0ED4A03000D4903000D4903005B
S2140350000D4903000D490300355103000D49030004
S2140350100D4903000D4903000D4903000D49030024
S2140350200D4903000D4903000D4903000D49030014
S2140350300D4903000D4903000D4903000D49030004
S2140350400D4903000D4903000D4903000D490300F4
S2140350500D4903000D4903000D4903000D490300E4
S2140350600D4903000D4903000D4903000D490300D4
S2140350700D490300ED4A03000D4903000D490300E3
S2140350800D4903000D49030035510300B6F59A7F19
S21403509000F3DB803611012EDFF858A140F3F382CC
S2140350A0DDE9060100235746984616F0010F08F17E
S2140350B001084FEA660604D0D7E90023FCF7F4F8A4
S2140350C00123012E07F10807EFD1002B40F0578389
S2140350D0079BA3F1547307930AEBC808DDE906237D
S2140350E0D8E90001FCF7E0F821F000431B0D3B4A2A
S2140350F01B059342CDE9060100F2A780A2F58012B4
S214035100934240F2AA82364B079300230C934FF048
S214035110FF33069376E5B9F1010FCDF848A000F00A
S214035120BE819FED297B2F4B0022CDE906238DED13
S214035130107B5AE61DA82C4903F0DEFB00283FF43B
S214035140E5AB1D9B1B78282B00F0F882274B0793B3
S21403515000230693E0E41D9600222EE44FF0000C95
S21403516037E7089A02941EAB01920093204A0998E7
S2140351701FAB1DA903F034F910F0070504463FF4EE
S21403518023AC062D40F04C8109F101031D93002347
S2140351904FF0000A4FF0000B089319E4DBF80010F9
S2140351A052464846FFF7DAFA044600283FF4ACAE08
S2140351B04FF0000BD8465D465B4659465C46DA46DA
S2140351C0FFF7F4BBAFF30080000000000000F03FE1
S2140351D00000E03FE2FBFFFF0000F03F0000A07C82
S2140351E0FFFFEF7F0000F0BF54D303000000F8FF7B
S2140351F0ECD80300B8DB0300DDE90601A2F1547A1C
S2140352004AEC109BCDE9060103F0C4FFDDE9060175
S21403521053EC102BFCF748F84A465346FBF792FE2E
S214035220AF4B08EA01088A46DDE90A12984581462B
S214035230CDE9181240F2D48003F154739A420FD08A
S214035240DFF8ACA24FF0FF3920E60022A54B06920A
S214035250099A07932223DDE906AB1360FFF7B8BB71
S214035260189B0133ECD1CDE9069AD846A9461E9879
S2140352709C4B079300220692DDE906AB099A22238C
S2140352801360099C0146204603F0BEFC49462046AF
S21403529003F0BAFC3146204603F0B6FC13992046C9
S2140352A003F0B2FC4146204603F0AEFCFFF790BB8A
S2140352B0DDE91001FCF7A8FAFBF790FF0B46024660
S2140352C0DDE91001FBF73CFE0F9BCDE90601ABB908
S2140352D0B9F1000F12D1C8F313037BB978A3D3E94E
S2140352E00023FCF753FA00283FF4D0AD4B46544650
S2140352F0D846A9469A46A3461E98C2E772A3D3E9A0
S2140353000023DDE90601FCF741FA0028EED1DDE9CA
S21403531006016FA3D3E90023FCF756FA00283FF4EF
S214035320B5ADE3E73FF46CACCAF1000616F00F0226
S2140353300AD06D4B03EBC203DDE90601D3E9002374
S214035340FCF7DCF8CDE9060136113FF459AC1F2E05
S21403535028DC16F010030C9300F098816A23002EC5
S2140353600C9340F3C981DDE90601604F0023F20781
S21403537004D5D7E90023FBF797FF0123761007F13F
S2140353800807F4D1002B40F005820C9B002B40F05D
S214035390B38100220023DDE90601FCF7EDF90028BE
S2140353A03FF430AC099A222313604FF0000A4FF003
S2140353B0000BFFF70DBB1D980234082F40F3A480A3
S2140353C0102CDCBF08EB880802EB48080023421CBD
S2140353D01D924778FFF70EBB44F61F62FFF7E7BB45
S2140353E00AF15478C24649E50A9EC4F125039E4253
S2140353F03FF7ECAB3C4DC4F10F0405EBC401341B83
S214035400DDE90623D1E9000105EBC405FBF74CFFF4
S214035410D5E90023FBF748FF82468B46FFF7D8BA49
S2140354201E9A3AB1352120A803F0CEFF09981E999B
S21403543003F0EAFB013D042D06D8DFE805F01A0E5B
S21403544003131A00274B079321077FF565AB079BCA
S21403545043F000430793FFF75FBB209B0693219B14
S2140354600793F1E76FF0004307934FF0FF3306937C
S214035470EAE71F9A219B2099069102F2334223F40E
S214035480801343EA02530793DEE79DED107B8DED11
S214035490167BD7E49FED107B8DED107BC8E4BAF145
S2140354A0000F7FF43EAEA946D846099A1E982223DB
S2140354B013604FF0000A4FF0000BE2E6AFF30080F4
S2140354C09535A094FFFFCF3F9535A094FFFFDF3FB0
S2140354D035E5AF350000E03F000000000000F03F78
S2140354E0FFFF9F7C0000F07FE0DB030018D903007A
S2140354F0FFFFEF7F1D984FF0000BA7F1300E591CEE
S21403550081465D46D846012405EB85050EEB450529
S21403551000235CE70A9911F1160FFFF657ABA44A6E
S214035520A2EBC102D2E90023DDE90601FBF7E6FFA1
S21403553082468B46FFF74CBACDE9069AD846A9466B
S21403554096E60F9F49465246D846CDE90612A94627
S214035550DDE90AAB002F00F08580964BC2F31301FA
S214035560994200F09780109B002B00F08780079AE3
S21403557013420FD0DDE906010C9A002F00F0AA8033
S214035580FFF770F902460B4650465946FBF7DAFC1E
S21403559082468B460C9BBBB1874B1993002318930B
S2140355A0DDE9182350465946FBF77EFE03460C46B4
S2140355B082468B46CDE9063431B9069B23B9099A50
S2140355C01E98222313605CE61E985AE60F9F4846F1
S2140355D05146DE46D846CDE90601A946DDE90AABC3
S2140355E0002FD7D10028D5D1C1F313030C46002BC7
S2140355F0D0D121F000431B0D1B05B3F1D66FC9D9DB
S214035600DEF814301BB9DEF81030012BC2DD41463C
S2140356100122099803F0CCFC3146804603F01AFDBC
S2140356200028B7DD0C9B002B7DD1644B2340A3F5EC
S21403563080136FEA13536FEA035307934FF0FF3356
S2140356400693DDE906ABA5E79FED557B8DED1A7B4B
S2140356509FED557B8DED107BAFE401F154730793FB
S214035660FFF7CEBADDE90612C2F313031446002B86
S2140356707FF479AF00297FF476AFD3E7129B069ABF
S214035680134287D076E74FF0000821E5002E3FF758
S2140356906AAE7EE60C9B0699002B41D0474B13401F
S2140356A0B3F1D46F3CD81B0DC3F16B034FF0FF303F
S2140356B000FA03F38B427FF456AF41498A4257D030
S2140356C03E4B134003F58013079300230693DDE94F
S2140356D006AB5FE7FFF7C6F802460B465046594649
S2140356E0FBF72EFC0022002382468B46FCF744F889
S2140356F000287FF4DAAE4DE7DDE90612C2F30A535B
S214035700C3F16B03002B11467FF743AE1F2B27DD38
S2140357100022342B069235DD4FF05C73079338E690
S2140357204FF0FF33C6E7254B2340B3F1D66F3FF761
S2140357307EAFB3F15C7F3FF72FAFB6E61DA820AA76
S214035740204903F0F1F805287FF400AD219B43F0D0
S214035750FF4343F4E0030793209B0693FFF7DCB96C
S2140357604FF0FF3202FA03F3069A1A40069210E647
S2140357700133A5D17BE527461D9801341DE6CDE907
S2140357800601A5E4203B4FF0FF3202FA03F30B4079
S2140357900793FEE5CDE90601F7E503461D9816E6F1
S2140357A0000000000000E0BF000000000000E03F33
S2140357B0E0DB0300FFFF0F00000050390000F07F1E
S2140357C0FFFFEF7F00D90300064B30B41C68064D7D
S2140357D0636B0A46002B08BF2B460146204630BCA7
S2140357E0FFF75EB8200100205005002000000000EF
S2140357F02DE9F04FC1B00C46079192460B930890E3
S21403580003F056F9036814931846FEF739FFA38985
S2140358101390190603D52369002B01F01B809FED17
S214035820947B8DED107B00230DF1C0090F93259318
S2140358302493129315930593CDF88C90C8469AF843
S21403584000305446E3B1252B02D119E0252B03D0B3
S21403585014F8013F002BF9D1A4EB0A0585B1249B6C
S214035860259AC8F800A001332A44072BC8F8045029
S214035870259224937FDC08F10808059B2B440593A7
S2140358802378002B7FD000231A468DF86F301946F5
S21403589009939B464FF0FF306378069004F1010AA4
S2140358A00AF1010AA3F12000582800F2D383DFE8A7
S2140358B010F03F02D103D1034702D103D103D10332
S2140358C0D103D103D1034C020A02D1035D00730254
S2140358D0D1038E02C103C103C103C103C103C103C4
S2140358E0C103C103C103D103D103D103D103D10340
S2140358F0D103D103D103D103D1033F035F03D10304
S2140359005F03D103D103D103D103AA03D103D10388
S214035910AF03D103D103D103D103D1036102D10372
S214035920D1032603D103D103D103D103D103D1037A
S214035930D103D103D103D103CE02E3025F035F0396
S2140359405F039302E302D103D1039802D103A502B6
S214035950D301BC020F02D103E801D1037E00D103B9
S214035960D103140209980B93404209904BF0040BA1
S2140359709AF8003094E723AA0799089803F0BCFD29
S21403598040B9C84679E7259B23B10898079923AA07
S21403599003F0B2FD079B9B8913F0400F059B18BFCE
S2140359A04FF0FF330593059841B0BDE8F08F1BF029
S2140359B0200F0D9340F0E5810B9A1BF0100F134652
S2140359C040F088851BF0400F00F08485148804326D
S2140359D0002501230B9200278DF86F7006994A1C49
S2140359E000F06D822BF08002039254EA050240F029
S2140359F06C82002940F05184002B40F00B851BF08D
S214035A0001030A9300F01A8640AE302306F8413DA0
S214035A10069B0A9A9342B8BF1346049300230E9339
S214035A2017B1049B01330493039B13F002030C93F7
S214035A3002D0049B02330493039B13F0840540F0C7
S214035A402083099B049AA3EB020BBBF1000F40F3E0
S214035A501883BBF1100F259C249A30DD434621465C
S214035A60A8461027089C079D0DE000BFAFF30080F3
S214035A700000000000000000ABF1100BBBF1100F9C
S214035A8003F1080318DD0132B74824921031072AC0
S214035A90259183E88100EFDD23AA2946204603F0FB
S214035AA02BFD00287FF476AFABF1100BBBF1100F84
S214035AB02599249A4B46E6DC45460C469846013221
S214035AC0A94B24925C44072A259488E8080800F327
S214035AD0A6849DF86F7008F1080877B1249B0133FC
S214035AE001340DF16F010122072B2594249388E8D6
S214035AF0060000F3F48308F108080C9B6BB1249BA3
S214035B00013302341CA90222072B2594249388E828
S214035B10060000F3D98308F10808802D00F02283DD
S214035B20069B0A9A9F1A002F36DD102F249B8F4D53
S214035B3027DD42462146B0464FF0100B2E46089C02
S214035B40079D04E0103F102F02F1080215DD013314
S214035B501031072B2591249382E84008F2DD23AA0F
S214035B602946204603F0C8FC00287FF413AF103FF5
S214035B70102F2599249B4A46E9DC35460C464646B3
S214035B80904601333C44072B2594249388E8A000D1
S214035B9000F38F8308F10808039BDF0500F1738287
S214035BA0249B0A99C8F8006001330C44072B2594FC
S214035BB0C8F80410249300F35B8308F10808039BDA
S214035BC05B073AD5099B049A9D1A002D35DD102DE7
S214035BD0249B20DD1026089FDDF81CB004E0103D52
S214035BE0102D08F1080816DD01335F4A249310349C
S214035BF0072B259488E84400F1DD23AA5946384646
S214035C0003F07AFC00287FF4C5AE103D102D259CCA
S214035C10249BC846E8DC0133534A24932C44072BC1
S214035C20259488E8240008DD23AA0799089803F03A
S214035C3063FC00287FF4AEAE259C059B099A049965
S214035C408A42ACBF9B185B180593002C40F01B835D
S214035C5000232493C846F2E50D931BF0200340F07F
S214035C60DE811BF0100240F02D841BF0400300F091
S214035C7029840B9913460A4604320C880B92002596
S214035C80A9E60B9A0D93166800248DF86F40151D30
S214035C90002E00F0B586069A531C00F017862146A0
S214035CA03046FDF7C5FE002800F00887831B0A93DD
S214035CB006940B95CDF80CB023EAE37304930E9485
S214035CC09DF86F70ACE69AF8003001222B21E7E5C9
S214035CD04BF0200B9AF80030E2E50D93002A40F0D3
S214035CE0AA87234B12931BF0200F40F012810B9AC6
S214035CF01BF0100F134640F0E0831BF0400F00F03C
S214035D00DC83043314880B9300251BF0010F00F08B
S214035D100D8154EA050300F0098130239DF83420F1
S214035D208DF870308DF871204BF0020B022352E68B
S214035D309AF8003000297FF4B3AD01222021AFE5A5
S214035D404BF0010B9AF80030AAE50B9C23680993E5
S214035D5018460028234603F10403FFF603AE0B930D
S214035D609AF800309CE500BF84D9030094D9030059
S214035D7064D903004BF0100B1BF0200F0D933FF478
S214035D801BAE0B9D073525F0070303F10802D3E985
S214035D9000450B9201231EE69AF800302A2B0AF1DF
S214035DA0010400F03B87A3F130000928A24600F265
S214035DB0918600231C461AF8013B04EB840400EB8F
S214035DC04404A3F130000928F5D906946AE54BF09C
S214035DD0800B9AF8003063E54BF0400B9AF80030DE
S214035DE05EE59AF800306C2B03BF9AF801304BF04F
S214035DF0200B0AF1010A4BF0100B51E5002A40F084
S214035E001E871BF0200F40F009851BF0100F40F093
S214035E10BC841BF0400F00F0B8840B9A136804325E
S214035E200B92BDF814201A8009E50B99B94B0C6840
S214035E3012933022782304318DF871300D934BF092
S214035E40020B0B9100258DF870200223C3E50B99F6
S214035E500D930A688DF8982000230A461F468DF88E
S214035E606F30043201230493CDF80CB006970E97D7
S214035E700B920A9326AED7E50D93002A40F0FE86D2
S214035E801BF0200F5DD11BF0100F40F035831BF085
S214035E90400F00F031830B99B1F900400431E51748
S214035EA022462B460B91002A73F1000358DB069912
S214035EB09DF86F704A1C4FF001037FF493AD54EACC
S214035EC0050200F0EC81CDF80CB0012B00F08382C4
S214035ED0022B40F0138212984E46230904F00F015A
S214035EE043EA05732A091C461546435C06F8013D3A
S214035EF054EA0503F1D1A9EB06030A9388E50D934B
S214035F00002A40F0B786844B12931BF0200F3FF411
S214035F10EEAE0B9D073525F0070303F108021BF0D1
S214035F20010F0B92D3E900457FF4F3AE022352E54B
S214035F300D93002A40F09A864BF0100B1BF0200FAF
S214035F40A1D00B9D073525F00705D5E90023002AC8
S214035F5005F108011D4673F100030B911446A6DAFA
S214035F602D27644265EB45058DF86F70012335E5F3
S214035F700D93002A40F076860B9D1BF0080F05F163
S214035F80070500F0E88325F0070393ED007B8DED0E
S214035F90107B03F108020B92DDE9101222F0004396
S214035FA016911793DDE916454FF0FF322046294632
S214035FB05A4BFBF713FC002840F04F834FF0FF3299
S214035FC0564B20462946FBF7EBFB002840F045835B
S214035FD000220023DDE91001FBF7D8FB002840F080
S214035FE033859DF86F704E4E4E4B2BF0800003901A
S214035FF00D9803220021049206914728D8BF1E4617
S2140360000A920E910CE54BF0080B9AF8003047E421
S2140360104BF0100B0D931BF020033FF422AE0B9DA9
S214036020073525F0070303F10802D3E900450B9271
S2140360300023D0E4A3F1300000231C461AF8013BEA
S21403604004EB840400EB4404A3F130000928F5D9DB
S214036050099427E40D93002A40F0F5850D9A002A4B
S2140360603FF491AC002301211F4604918DF898203C
S214036070CDF80CB08DF86F3006930E930A9126AECA
S214036080D2E4259C29E50D9B652B40F3A9800022CD
S2140360900023DDE91001FBF76FFB002800F05281B7
S2140360A0249B214AC8F80020013301340122072B20
S2140360B025942493C8F8042000F36F8308F1080896
S2140360C01D9B0F9A259C934203DB039BDD077FF5FD
S2140360D076AD249B1399149AC8F8002001330C4418
S2140360E0072BC8F804102594249300F3A38308F120
S2140360F008080F9B5E1E002E7FF761AD102E249BB3
S2140361000A4D40F3EF8122461027DDF820B0079CA6
S21403611014E000BF64D9030050D90300FFFFEF7FEC
S21403612044D9030040D9030080D9030094D903005F
S21403613008F10808103E102E40F3D38101331032C5
S214036140072B2592249388E8A000F1DD23AA214695
S214036150584603F0D1F900287FF41CAC259A249BFB
S214036160C846E7E7099B049A9F1A002F7FF7D8AC27
S214036170102F249BB74D27DD42462146B0464FF0ED
S214036180100B2E46089C079D04E0103F102F02F1CB
S214036190080215DD01331031072B2591249382E87D
S2140361A04008F2DD23AA2946204603F0A5F9002875
S2140361B07FF4F0AB103F102F2599249B4A46E9DC69
S2140361C035460C464646904601333C44072B2594F9
S2140361D0249388E8A00000F3348208F108089FE4BB
S2140361E00F9B249F012B40F30082013701340123C8
S2140361F0072F25942497C8F80060C8F8043000F3E6
S214036200058208F10808139A149BC8F80030013772
S2140362101444072F25942497C8F8042000F3028219
S21403622008F1080800230022DDE91001FBF7A4FAB1
S2140362300F9B002840F00181013B013701361C44C7
S214036240072F24972594C8F80060C8F8043000F395
S214036250288108F10808159AC8F804200137144461
S2140362601FAB072F25942497C8F800307FF7A5ACFB
S21403627023AA0799089803F03FF900287FF48AAB0E
S214036280259CC8469BE423AA0799089803F034F98B
S21403629000283FF4DDACFFF77DBBDDF80CB0012B27
S2140362A000F03581022B25D1CDF80CB00024002553
S2140362B011E623AA0799089803F01EF900287FF42D
S2140362C069AB259CC84667E423AA0799089803F098
S2140362D013F900287FF45EAB259CC8461DE423AA69
S2140362E00799089803F008F900287FF453AB259C18
S2140362F0C84602E4CDF80CB000240025494600E069
S2140363003146E20842EA4572E80804F00703054608
S2140363101446303354EA050201F8013C01F1FF3616
S214036320EED1039AD2077FF5E6AD302B3FF4E3AD0B
S2140363300239302306F8013CA9EB01030A930E4603
S214036340FFF766BB1D99002940F331820E9B0F9A17
S2140363509342A8BF1346002B1F460DDD249BC8F8A7
S214036360006001333C44072B2594C8F8047024933B
S21403637000F3218308F108080E9B002FA8BFDB1B40
S214036380002B1F4640F3D780102F249B314D40F33C
S214036390F08142462146B0464FF0100B2E46089C2D
S2140363A0079D04E00832103F102F40F3DE810133CF
S2140363B01031072B2591249382E84008F2DD23AAA7
S2140363C02946204603F098F800287FF4E3AA259987
S2140363D0249B4A46E7E7002D08BF0A2CC0F09580A9
S2140363E04E46204629460A220023FBF703FC30329A
S2140363F006F8012D2046294600230A22FBF7FAFB5E
S21403640004460D4654EA0503EBD1A9EB06030A93AB
S214036410FFF7FEBA069B0A934E46FFF7F9BA23AA7E
S2140364200799089803F068F800287FF4B3AA9DF844
S2140364306F70259CC846FFF750BB5E1E002E7FF785
S2140364400AAF102E034D23DD22464FF0100B089C97
S21403645007E000BF94D90300103E102E08F1080889
S21403646015DD01371032072F2592249788E8200878
S214036470F2DD23AA0799204603F03EF800287FF4AE
S21403648089AA103E102E259A249FC846E9DC144696
S21403649001373444072F2594249788E860007FF754
S2140364A0D8AE23AA0799089803F026F800287FF4A5
S2140364B071AA259C249FC846CDE61C6804330B931B
S2140364C0002522E40B990A4604320C680B92002539
S2140364D0FFF781BA04321C680B9201230025FFF7ED
S2140364E07ABA144601333444072B2594249388E858
S2140364F060007FF762ABBBE60B9A1468134604335F
S214036500E5170B9322462B46CDE4DDF80CB0CDF809
S2140365100CB040AE3034012306F8414D0A93FFF722
S21403652077BA23AA0799089802F0E6FF00287FF4B3
S21403653031AA259CC8461D9A0F9B9A4244DB039BAF
S214036540D90741D40F9B0E989A1A1D1A9542A8BFD5
S2140365501546002D0EDD2499C8F804500131064473
S2140365602C440729C8F800602594249100F33A8246
S21403657008F10808002DACBF561B1646002E7FF701
S2140365801EAB102E249BB14DACDD22461027DDF842
S21403659020B0079C04E008F10808103E102EA0DD8A
S2140365A001331032072B2592249388E8A000F2DDEE
S2140365B023AA2146584602F09FFF00287FF4EAA943
S2140365C0259A249BC846E8E7249B13981499C8F891
S2140365D0001001330444072B2594C8F804002493C1
S2140365E000F3F48108F10808ACE7039BDA073FF5EC
S2140365F0FCAD013701340123072F25942497C8F8EF
S2140366000060C8F804307FF724AE4AE723AA079948
S214036610089802F071FF00287FF4BCA9259C249FEC
S214036620C846F0E523AA0799089802F065FF0028F4
S2140366307FF4B0A9259C249FC846F3E54E46FFF792
S214036640E7B923AA0799089802F056FF00287FF4B3
S214036650A1A9259CC846FFF763BADDE910010246E7
S2140366600B46FBF7BBF8002840F09882069B0133E5
S2140366700D9B23F0200700F0D281472F00F02081E6
S214036680119B4BF48072002B0392C0F2F0819DEDB8
S214036690107B8DED187B00230C930D9B662B00F06F
S2140366A0C181462B00F0F180452F0CBF069B069D4B
S2140366B0089808BF5D1C21AA1EAB019200932A46C8
S2140366C01DAB02219DED180B00F06EFC0D9B672B96
S2140366D0064640F0D5811BF0010F00F04E82741978
S2140366E000220023DDE91801FBF746F8002840F0F6
S2140366F06081219BA34206D230215A1C2192197035
S214036700219B9C42F9D89B1B472F0F9300F0F080E8
S2140367100D9B652B40F3C3810D9B662B1D9B0E9330
S21403672000F0C0810F9B0E9A1946914200F39181A7
S2140367301BF0010F40F0238222EAE27304936723DF
S2140367400A920D930C9B002B40F0CB8006939DF88A
S2140367506F70FFF765B925F0070595ED007B05F12A
S21403676008038DED107B0B9316E435460C46464620
S214036770904601333C44072B2594249388E8A000D5
S2140367803FF7CFAE08F10808D5E60B9A1368043234
S2140367900B92059A1A60FFF752B823AA079908982E
S2140367A002F0AAFE00287FF4F5A8C84688E4249BD6
S2140367B0274AC8F80020013301340122072B259409
S2140367C02493C8F8042054DC08F1080829B90F9B61
S2140367D01BB9039BD8077FF5F2A9249B1398149A39
S2140367E0C8F80020013302462244072B2592C8F836
S2140367F00400249300F3958108F108080029C0F2E9
S2140368006D810F99C8F8006001338C18072B259407
S2140368102493C8F804107FF7D0A929E50B9A0599A5
S2140368201368CD170846043229460B92C3E90001C4
S214036830FFF705B823AA0799089802F05DFE00281B
S2140368407FF4A8A8259CC84653E400BF94D9030048
S21403685080D9030040210898FCF720FE079A1060B1
S2140368601061002800F0F681079A40235361FEF773
S214036870D6BF23AA0799089802F03EFE00287FF4A5
S21403688089A81D99259CC846A0E7069D089821AAB5
S2140368901EAB019200932A461DAB03219DED180BF8
S2140368A000F082FB06460D9B462B06EB05047FF4A1
S2140368B017AF3378302B00F07D811D9D2C440FE7F6
S2140368C0069B002B08BF01230693D9E630460694A1
S2140368D0FDF7D6FE0B950A90CDF80CB00346FFF7EE
S2140368E0EBB92D2700238DF86F700693FFF799B841
S2140368F01D9B0E931A46033304DB069B19469142EF
S214036900BFF610AF0D9B023B0D939DF834308DF808
S2140369107C300E9B013B002B1D93BDBF0E9BC3F12A
S21403692001032D222B22092B8DF87D2040F31D8198
S2140369300DF18B042046AF4D00E0104685FB031295
S214036940D917C1EBA20101EB8102A3EB420230325D
S214036950092900F8012C0B4600F1FF32EDDC303339
S2140369600238D9B2844202F8011C40F270810DF15C
S2140369707E00134601E013F8011B00F8011BA34237
S214036980F9D101339B1A0DF17E0213441FAA9B1AF9
S2140369900F9A1593012A13440A9340F320810A9B06
S2140369A0139A13440A9323EAE373049300230E9380
S2140369B0C8E62346A7E623AA0799089802F09CFD93
S2140369C000287EF4E7AF259CC846D5E423AA07999A
S2140369D0089802F091FD00287EF4DCAF1D9A259CF2
S2140369E0C846AFE523AA0799089802F085FD002854
S2140369F07EF4D0AF1D9A0F9B259C9A1AC846B9E51C
S214036A00069B0E96062B28BF062306963746049348
S214036A100B95CDF80CB00A93774EFFF701B8062313
S214036A2006932DE6069C089821AA1EAB01920093B6
S214036A3022461DAB03219DED180B00F0B5FA234645
S214036A40064604191D4634E72D278DF86F70FFF7A9
S214036A50CABA139A0F9B13440E9A0A93002A40F35A
S214036A60B78023EAE373049367230D936AE6DDE9AD
S214036A70101202F1004319932D2318910C930CE680
S214036A800D9B472B7FF42BAE1BF0010F7FF40BAF50
S214036A90219B472FA3EB06030F933FF429AF1D9BC0
S214036AA00E9332E7002B40F3AF80069A002A6BD191
S214036AB01BF0010F68D104930A9343E6069B0493E5
S214036AC00A9306900B95CDF80CB00E909DF86F7058
S214036AD0FEF7A6BF00200690FEF7E4BE4F42103135
S214036AE0464D2BDA1024DDF820B004E008F1080840
S214036AF0103F102F22DD01331032072B25922493EB
S214036B00C8F80050C8F80440F0DD23AA0799584691
S214036B1002F0F2FC00287EF43DAF259A249BC8467B
S214036B20E6E723AA0799089802F0E6FC00287EF415
S214036B3031AF1D99259A249BC8465FE601333A4434
S214036B40072B88E8A0002592249308F108087FF70E
S214036B5058AE23AA0799089802F0CEFC00287EF4C4
S214036B6019AF259A249BC8464BE6303330228DF85E
S214036B707F308DF87E2020AB08E7219BC3E50E9B74
S214036B80139A13440A936CE70E9B139A1344069ABC
S214036B901A4422EAE2730A920493D3E5119B184E31
S214036BA0002BB6BF2D279DF86F708DF86F70154BB1
S214036BB0FFF71BBA00220023DDE91801FAF7DCFD14
S214036BC000287FF47AAEC5F101051D952C4487E5B0
S214036BD00E9B0A9AC3F101031A441346D2E71BF02D
S214036BE001030E937FF4DBAE0A9B23EAE37304935D
S214036BF0A8E500BF6766666678D9030094D90300E4
S214036C004CD9030048D90300069B13B91BF0010FA8
S214036C1002D0139B0133BAE701234CE70B9D9AF886
S214036C200130286840EAE070069028460430A24601
S214036C300B90FEF735BE8DF86F10FFF752B88DF840
S214036C406F10FFF7DEB88DF86F10FFF707BA0DF178
S214036C507E039BE6089A0C2313604FF0FF330593DD
S214036C60FEF7A1BE8DF86F10FFF786B98DF86F108B
S214036C70FFF762B98DF86F10FFF745B98DF86F10FF
S214036C80FFF7FEB810B4044C13460A4601462068C4
S214036C905DF8044B00F068B820010020F8B50D46F7
S214036CA01446064610B1836B002B4BD0B4F90C2068
S214036CB0A369A36091B2080739D52369002B36D0A0
S214036CC0EDB289042F4615D522686169D31A8B4223
S214036CD01CDA0133A168501C0139A16020601570CD
S214036CE062699A421AD0A389DB0701D50A2D15D00B
S214036CF03846F8BD616E42F4005221F40051A28179
S214036D00226861666169D31A8B42E2DB214630460C
S214036D1001F010F940B922680123DBE7214630462B
S214036D2001F008F90028E3D04FF0FF37E0E72146EB
S214036D30304600F02FF80028F6D1B4F90C2023696A
S214036D4091B2BDE701F04EF9B0E700BF21B1FF2ACB
S214036D5004D80A7001207047084670478A230360E8
S214036D604FF0FF30704700BF70B50D46084C114614
S214036D7006461A4628460023236002F001FE431CFB
S214036D8000D070BD2368002BFBD0336070BD00BFFE
S214036D9054B5002038B5304B1B6805460C4613B176
S214036DA09A6B002A38D0B4F90C2093B218070CD586
S214036DB02069A8B113F001021ED0636900225B426A
S214036DC0A361A260F0B1002038BDD9063CD55807B0
S214036DD026D4206942F00803A3819BB20028E9D198
S214036DE003F42072B2F5007FE4D02846214601F072
S214036DF09BFEA3892069DDE7990758BF6269A260F5
S214036E000028E0D1B4F90C301A06DDD543F0400370
S214036E10A3814FF0FF3038BD184601F0E3F8C2E710
S214036E20216B51B104F14003994204D0284601F086
S214036E307BF9B4F90C2000232363002320696360E5
S214036E4022F024022060C5E742F0400209232B60AB
S214036E504FF0FF30A28138BD20010020024B13B152
S214036E60024800F005B87047000000005580030094
S214036E70002301461A46184602F0BCBB02690B699A
S214036E80934200F38D802DE9F04F03F1FF3801F1B3
S214036E90140700F1140B57F828205BF828304FEA44
S214036EA0880483B00132B3FBF2F90BEB04030094BE
S214036EB007EB040A0193B9F1000F39D000252E46DB
S214036EC0BC46DE465CF8044BDEF80030A2B209FB93
S214036ED00255220C2C0C09FB0242ADB2751B96B26E
S214036EE0C6EB134615FA83F306EB23469BB243EA37
S214036EF00643E2454FEA12454EF8043B4FEA264660
S214036F00E0D2009B5BF8033093B9019C231F9B459B
S214036F100CD254F8043C4BB9A4F1080302E01A68F7
S214036F20043B1AB99B4508F1FF38F8D3C0F8108024
S214036F30044602F08FF800282EDB09F101095D46AE
S214036F40002357F8041B28688AB29A1A0B0C12FA05
S214036F5080F2C3EB104303EB224392B242EA0342AE
S214036F60BA4545F8042B4FEA2343EAD25BF82820B8
S214036F700BEB880382B91A1F93450BD253F8042CE4
S214036F8042B9083B02E01A68043B1AB99B4508F16C
S214036F90FF38F8D3C4F81080484603B0BDE8F08F36
S214036FA000207047000000002DE9F04F57EC106BEF
S214036FB097B0056C0291044693460393CDE90067A8
S214036FC04DB1426C6A6001239340AB60294601F0E1
S214036FD01BFE00232364DDE90023002B994638DBE0
S214036FE0209A00231360A04B33EA090317D0DDE988
S214036FF000670022002330463946FAF7BDFB804679
S21403700000282FD0039A01231360219B002B00F046
S214037010C48096481860013817B0BDE8F08F039A0D
S21403702042F20F731360009B6BB9C9F3130353B992
S214037030219B8F48002BEFD000F10803219A1360A1
S21403704017B0BDE8F08F219B8A48002BE4D0C31C01
S214037050F4E7019A22F00049209ACDF80490012320
S2140370601360C0E714AA15A947EC106B204602F07C
S2140370701DF95FEA1955824673D0C7F3130343F02D
S2140370807F51CDF84080DDF850803046A5F2FF35BD
S21403709041F440110022784BF9F752FF6CA3D3E971
S2140370A00023FAF701F96CA3D3E90023F9F74AFFA3
S2140370B0064628460F46FAF791F869A3D3E9002354
S2140370C0FAF7F2F802460B4630463946F9F73AFF26
S2140370D006460F46FAF798FB002204900023304634
S2140370E03946FAF753FB002840F06F81049E162EAC
S2140370F000F25981614B03EBC603D3E90001DDE9D6
S2140371000023FAF761FB002800F0C481731E049382
S21403711000230C93A8EB05056B1E059300F14F8126
S21403712000230693049B002BC0F24081059A0B9321
S21403713011461944002305910A93029B092B2ED866
S214037140052B40F35186043B02930027029B023B28
S214037150032B00F23386DFE813F0D603CB02E303F8
S2140371606404DDF85080159D454405F23243202B18
S21403717040F38A81C3F1400309FA03F9009B05F241
S214037180124023FA00F040EA0900FAF717F8012341
S214037190013DA1F1F87110937CE739483CE70021E3
S2140371A0616420468B4601F009FD4FF0FF330893D8
S2140371B00D93012307902064CDF808B00993159B1F
S2140371C0002BC0F2D080049A0E2A00F3CC802B4BFF
S2140371D0BBF1000F03EBC203D3E90089C0F2BE8301
S2140371E0DDE9006742464B4630463946FAF786F9EC
S2140371F0FAF70AFB8346F9F7F1FF42464B46FAF7DE
S21403720053F80B46024639463046F9F799FE079D72
S2140372100BF130032B70089B012B06460F4605F136
S214037220010561D00022174BFAF73EF8002200232F
S21403723006460F46FAF7A0FA002840F08180CDF8FC
S21403724000A00294DDF81CA0089C28E0AFF30080A1
S21403725061436F63A787D23FB3C8608B288AC63F54
S214037260FB799F501344D33F0000F07F81D903007E
S214037270A8DA0300B4DA03000000F83FE0DB0300FB
S21403728080D9030000002440FAF70EF800220023FA
S21403729006460F46FAF770FA002840F0C5834246C2
S2140372A04B4630463946FAF729F9FAF7ADFA8346DC
S2140372B0F9F794FF42464B46F9F7F6FF02460B46AC
S2140372C030463946F9F73CFE0BF1300E05F801EB74
S2140372D0A5EB0A0EA64506460F464FF000026E4B78
S2140372E0D2D1DDF800A0029C32463B4630463946F2
S2140372F0F9F728FE06460F4602460B464046494621
S214037300FAF744FA48B932463B4640464946FAF746
S21403731033FAA8B11BF0010F12D015F8018C079AA7
S2140373206B1E04E09A4200F02D8413F8018DB8F129
S214037330390F03F10105F5D008F1010883F8008041
S2140373405146204601F060FC0022049B2A70039AF3
S21403735001331360219B002B00F0A38307981D6065
S21403736017B0BDE8F08F099A002A40D0029A012A86
S21403737040F31C83089B0A9A5F1EBA42C0F29483AA
S214037380D71B089B002BC0F27E84069D089B069A9B
S2140373901A440692059A01211A442046059201F0E2
S2140373A01BFD064626E001230C93B3E6069A049BD0
S2140373B0D21A5B420A93002306920B93BDE6C5F1ED
S2140373C00103069300230593ACE6DDF810904846C8
S2140373D0F9F704FF02460B4630463946FAF7CCF96E
S2140373E000287FF483AE09F1FF3304937EE60A9FF9
S2140373F0069D099E002D0CDD059900290B4608DD28
S214037400A942069AA8BF2B46D21AED1ACB1A0692A1
S21403741005930A9BD3B1099B002B00F0C082002F73
S21403742010DD31463A46204601F072FD52460146CB
S2140374300646204601F0DAFC51468046204601F017
S214037440E3FBC2460A9BDA1B40F0AA8201212046D0
S21403745001F0C2FC0B9B002B81461FDD01461A463A
S214037460204601F055FD029B012B814640F35B82CB
S2140374704FF00008D9F8103009EB8303186901F0C0
S2140374805BFCC0F1200013E0C3F12009009B03FA64
S21403749009F07AE60C903DE600002440029B012B9F
S2140374A040F38D824FF000080B9B0120002BE1D1A7
S2140374B0059A104410F01F0000F0A180C0F12003CD
S2140374C0042B40F38C84069BC0F11C0003440693F4
S2140374D01346034405440593069B002B05DD5146DE
S2140374E01A46204601F064FD8246059B002B05DD07
S2140374F049461A46204601F05BFD81460C9B002B4D
S21403750040F08680089B002B40F36982099B002B82
S21403751000F09880002D05DD31462A46204601F00E
S21403752047FD0646B8F1000F40F03683B046089B89
S214037530079A013BD3180893009B03F001030993B2
S214037540174649465046FFF799FC314605465046CE
S21403755001F080FD424649468346204601F096FDEB
S21403756005F130020092C2680146002A40F03282DA
S2140375700690504601F06EFD069B05901946204680
S21403758001F042FB059A32B9029B23B9099B002BF3
S21403759000F0DE83029ABBF1000FC0F2A28205D18F
S2140375A0029B1BB9099B002B00F09B82002A00F369
S2140375B007839DF800303B70089B07F1010B9F4241
S2140375C05D4600F00883514600230A22204601F058
S2140375D025FB4645824631464FF000034FF00A022C
S2140375E0204600F0F18101F019FB414606460023D0
S2140375F00A22204601F012FB5F468046A1E71C20C4
S214037600069B03440693059B03440544059363E7DF
S2140376104946504601F01EFD0028BFF673AF049F8F
S214037620514600230A222046013F049701F0F6FA4A
S214037630099B8246002B40F0A7830D9B002B40F34B
S214037640B0830893DDF81CB0DDF820805D4602E0C9
S21403765001F0E4FA824649465046FFF70FFC00F174
S214037660300705F8017BA5EB0B0343454FF00A02F1
S2140376704FF0000351462046EADB079B089A009723
S214037680012AACBF9B1801331D464FF0000B514631
S2140376900122204601F08CFC4946824601F0DAFCC2
S2140376A0002840F33A8215F8012C07996B1E04E074
S2140376B08B4200F0AF8113F8012D392A03F101053F
S2140376C0F6D001321A704946204601F09DFA002E84
S2140376D03FF436AEBBF1000F05D0B34503D0594691
S2140376E0204601F091FA3146204601F08DFA27E64E
S2140376F000230993049B5B440D930133012B1E4621
S2140377001D460893B8BF01260021172E61640AD9C7
S214037710012204235B0003F114008642114602F1A2
S2140377200102F7D26164204601F048FA0E2D079055
S21403773020643FF644AD002F3FF441AD0499002981
S2140377409DED007B40F3F681B94B01F00F0203EB8E
S214037750C2030D11D3E90067EB0640F1AD81B54BCB
S21403776051EC170BD3E90823F9F7C8FECDE90E0150
S21403777005F00F054FF003098DB1DFF8B882E8076F
S21403778009D530463946D8E90023F9F78DFD09F1C6
S214037790010906460F466D1008F10808EFD13B466F
S2140377A03246DDE90E01F9F7A9FE074688460C9B2B
S2140377B043B10022A04B38464146F9F7E7FF0028BD
S2140377C040F073824846F9F709FD3A464346F9F70F
S2140377D06BFD9A4B0022F9F7B5FB089B0546A1F112
S2140377E05076002B00F04081049BDDF82090119327
S2140377F0099B002B00F0F6818D4B914903EBC903DF
S21403780053E902230020F9F779FE2A463346F9F7AF
S21403781097FBCDE90E0141463846F9F7F5FF0546D5
S214037820F9F7DCFC02460B4638464146F9F788FB77
S21403783030355FFA85F8079D06460F4685F80080C3
S21403784002460B46DDE90E010135F9F7BDFF0028B8
S21403785056D132463B4600207749F9F771FB02467C
S2140378600B46DDE90E01F9F7AFFF002840F0628210
S214037870B9F1010F3FF4A3AC079BCDF848A0CDF8B0
S2140378804CB09944A046DDE90EAB0DE000206A49F2
S214037890F9F756FB52465B46F9F778FF002840F0A7
S2140378A044824D4500F04A82504659460022654BB5
S2140378B0F9F7FAFC0022634B82468B46304639467C
S2140378C0F9F7F2FC0F460646F9F79EFF0446F9F76A
S2140378D085FC02460B4630463946F9F731FB303411
S2140378E0E4B252465B4605F8014B06460F46F9F7E7
S2140378F04DFF32463B460028C8D0DDF848A0444634
S214037900119B04931CE500230993BBF1000F40F37E
S214037910DA805E465D46CDF834B0CDF820B0F3E6A7
S21403792001230993F1E7009B002B7FF4A1ADDDE96A
S2140379300012C2F31303002B7FF4B4AD22F000470A
S2140379403F0D3F05002F00F00082069B0133069390
S214037950059B013305934FF00108A5E5089B002B13
S2140379603FF73EAC40F0998049460022364B4046EE
S214037970F9F79AFCDDE90023F9F71CFFDDF8209000
S2140379804E4600283ED06FEA0B03079D04934946F4
S214037990204601F039F9002E3FF4D2ACA3E60A9A4A
S2140379A05146204601F0B4FA82464FE5109A002A63
S2140379B000F06F8103F233430A9F069DE7E4009BC2
S2140379C0002B7FF46FADB2E701F028F95F46064659
S2140379D08046B6E5204601F017F90122DBE5029B57
S2140379E0022B7FF793AD089B002BCCD1494605228B
S2140379F0204601F013F901468146504601F02AFB62
S214037A000028C0DD049A07993123013204920B70D3
S214037A104D1CBCE7049A01320492079A3123137073
S214037A2051E60123099365E6DDF800A0029C87E48E
S214037A30E0DB0300B8DB03000000F03F00001C405F
S214037A400000E03F00002440000014404846F9F7D9
S214037A50C5FB3A464346F9F727FC0022C44BF9F721
S214037A6071FA0546A1F1507641460022C14B3846CD
S214037A70F9F766FA2A46334680468946F9F7A4FE9E
S214037A80002840F0AB802A4606F1004340464946AC
S214037A90F9F77CFE00283FF492AB4FF000094E4600
S214037AA071E70798FFF7B8BA0A9B0B9A0A97FB1A6F
S214037AB01A440B92002764E49DED007B4FF0020905
S214037AC08DED0E7B58E600216164204601F076F8C2
S214037AD04FF0010B07902064CDF820B0CDF834B0FA
S214037AE029E6002A12DD51460122204601F060FAFB
S214037AF04946824601F0AEFA002840F33181009BE6
S214037B00392B00F0F78005F1310300939DF8003020
S214037B103B70B3467D1C4646D5E504D1009BDB0788
S214037B2001D5C0E5154615F8013C302B05F1FF32AB
S214037B30F8D0C8E500F0B480049B5D428E4B05F098
S214037B400F0203EBC203D3E90023DDE90001F9F7D3
S214037B50ABFB2D110746884600F02881874E4FF071
S214037B600209E90709D538464146D6E90023F9F75D
S214037B709BFB09F10109074688466D1006F10806C6
S214037B80EFD114E6079930220A70049A15F8018C8F
S214037B9001320492FFF7D0BB7168204601F00EF85D
S214037BA0336902339A00054606F10C010C30FBF7E5
S214037BB0BFFF29460122204601F0FAF98046B6E4C3
S214037BC0009B392B00F09680009B0133B3463B7035
S214037BD07D1C464677E5B346464658E54FF0000912
S214037BE04E460FE7644901EBC9012A46334651E97D
S214037BF00201F9F759FBCDE90E0138464146F9F77C
S214037C0003FE0546F9F7EAFA02460B4638464146AE
S214037C10F9F796F9079A3035B9F1010F157006464C
S214037C200F4602F101051CD0079B99440022544BD2
S214037C3030463946F9F738FB0F460646F9F7E4FDB2
S214037C408046F9F7CBFA08F1300802460B46304671
S214037C503946F9F775F905F8018B4D4506460F4683
S214037C60E4D10022474BDDE90E01F9F76BF9324602
S214037C703B46F9F78BFD002842D0119B049315F879
S214037C80018CFFF74CBB069B089A9D1A0023FFF74F
S214037C907EBB149B0A9F069DC3F13603FFF777BB93
S214037CA0DDE900784FF0020981E5089B002B3FF4DD
S214037CB0CDAE0D9B002B7FF782AA0022304B3846B1
S214037CC04146F9F7F1FA0746884609F10100F9F744
S214037CD085FA3A464346F9F7E7FA0022244BF9F7C2
S214037CE031F9049ADDF83490013A0546A1F150764D
S214037CF011927DE53922B3463A7046467D1CD4E49C
S214037D00DDE90E2300201F49F9F71AF932463B46F0
S214037D10F9F75AFD10B9FFF752BA154615F8013CA4
S214037D20302B05F1FF32F8D0EAE54346DDF848A0EC
S214037D30A0461C46119B0493FFF7F1BADDF848A052
S214037D40DDF84CB04446FFF73ABAB846FFF7ACBB8B
S214037D50009B392BCED0BBF1000F3FF7D4AED5E650
S214037D607FF4D4AE009BDA077FF5D0AEC7E600BF3C
S214037D7000001C4000001440E0DB0300B8DB0300F7
S214037D80000024400000E03F314600230A2220463C
S214037D9000F044FF0D9B002B06460ADD0893FFF711
S214037DA0B9BB029B022B22DC0D9B4AE44FF002096F
S214037DB0FDE4029B022B1ADC0D9BEFE700256564AE
S214037DC02946204600F0FAFE4FF0FF3308930D9342
S214037DD001230790AB4620640993FFF7F0B93FF4FD
S214037DE07BABC0F13C000BE40127FFF7AFB90D9B5B
S214037DF00893F8E5B1F90C309AB22DE9F0410D4637
S214037E00110780463AD46A6843F40063002AAB81BC
S214037E106FDDAC6A002C49D000229BB2D8F8006014
S214037E20C8F8002013F4805267D02A6D5F0705D583
S214037E3069682B6B521A0BB1EB6BD21A0023E969F4
S214037E404046A047441C3CD0B5F90C302A692A604A
S214037E5023F400630022AB81DB046A6047D4296BFA
S214037E60C8F8006011B305F14003994202D04046BA
S214037E7000F05AF900202863BDE8F0812E69AEB100
S214037E802C682E6091070CBF6B690023A41BAB60A4
S214037E900AE0234632466F6AE9694046B847002837
S214037EA0A4EB0004064404DD002CF2DC0020BDE84D
S214037EB0F081AB8943F04003AB814FF0FF30BDE860
S214037EC0F081D8F800401D2CF3D8194BE340DB4370
S214037ED013F00103EDD1B5F90C206B6022F40063B7
S214037EE02969AB81DA042960B9D5002CB7D1286596
S214037EF0B5E7EA6B002A8CDCD8E70123E96940463C
S214037F00A047431C024602D0AB89AC6A8EE7D8F87A
S214037F100030002BF8D01D2B01D0162B02D1C8F849
S214037F200060C3E7AB8943F04003AB81BDE8F08153
S214037F300100402038B50D46044608B1836BBBB13B
S214037F40B5F90C0088B16B6EDB0701D4810517D534
S214037F5020462946FFF74EFF6B6EDA07044602D427
S214037F60AB899B0507D5204638BD0446204638BD59
S214037F7000F038F8E4E7A86DFBF77EFA204638BD34
S214037F80A86DFBF777FAE3E7014900F0B3B900BF42
S214037F90DD96030010B5002304468181C281036089
S214037FA04360836043660361436183611946082225
S214037FB05C30FBF7BBFE07480749084A084B2062BC
S214037FC0E4616162A262E36204F15800BDE8104016
S214037FD0FBF74CBA7194030095940300D194030005
S214037FE0F194030010B504461248FBF743FAA26B5C
S214037FF0D2B904F53B731048C4F8E8320321C4F839
S214038000E022E063C4F8E41260680421FFF7C2FFCD
S21403801001220921A068FFF7BDFF02221221E068B2
S214038020FFF7B8FF0123A3630248BDE81040FBF740
S21403803023BA00BF3CB50020897F03000148FBF745
S21403804019BA00BF50B500200148FBF715BA00BFA8
S21403805050B5002038B50A4C0A4D641BA4100AD04C
S21403806004F18043013B05EB8305013C55F80439D5
S2140380709847002CF9D1BDE8384001F07FBD00BF1A
S214038080CC9B0300C89B0300F8B5244F0C4606465A
S214038090FBF79AFEBB685D68C4F57E610F3125F079
S2140380A00305294421F47F6121F00F01A1F58054D3
S2140380B0B4F5805F07DB00213046FCF797F8BB6812
S2140380C02B44984204D03046FBF784FE0020F8BDCC
S2140380D061423046FCF78AF801300DD0104BBA687F
S2140380E019682D1B45F001053046091B55601960BC
S2140380F0FBF770FE0120F8BD00213046FCF776F84A
S214038100BA68831A0F2BDEDD064C0549246843F054
S2140381100103001B53600860D5E700BFBC060020C0
S214038120903A0020C40A0020002944D02DE9F041EB
S2140381300D468046FBF748FE55F8047C694927F050
S2140381400103A5F10804E2188E685068B24220F0D5
S21403815003005ED0FE0750600BD455F8087CE41B82
S21403816001F1080EA56875453B446DD0E768EF60DE
S214038170BD6015186D68ED073ED543F001026260D9
S214038180E350B3F5007F17D2DB08581C9A104D68EE
S21403819051F83070A7600123934001EBC0022B43D4
S2140381A0083AE2604B6041F83040FC604046BDE868
S2140381B0F041FBF70FBE70475A0A042A52D89A09B1
S2140381C002F13907FF0002F13805C819CA59083801
S2140381D090424FD0516821F003018B4232D292680D
S2140381E09042F7D1C368A060E3609C60C4604046D9
S2140381F0BDE8F041FBF7EEBD95683B4FBD42034437
S21403820040D0D068E86043F0010285606260E350C6
S214038210B7E7FF07034407D455F8082CA41A1344FA
S214038220A068E268C2609060304A126843F00100BA
S214038230934260608C60B9D32D4B40461968FFF7B4
S21403824023FFB3E71046CDE711184968C90744D49E
S2140382509168D268CA60034443F00100916060608D
S214038260E350A3E7142A16D802F15C07FF0002F1D5
S2140382705B05AAE7AA1001234D6893402B434B6086
S2140382800346B0E743F001024C610C61E560A5606C
S2140382906260E3508AE7542A06D81A0B02F16F0786
S2140382A0FF0002F16E0590E7B2F5AA7F06D8DA0B57
S2140382B002F17807FF0002F1770586E740F2545093
S2140382C0824206D89A0C02F17D07FF0002F17C0574
S2140382D07BE74FF47E777E2577E743F00101616005
S2140382E0136063E7BC060020C4060020C80A00200B
S2140382F0C03A00202DE9F84310F538771FD088469A
S21403830006464FF000097D68BC68013D11D4A38979
S214038310012B05F1FF3508D9B4F90E300133214698
S214038320304602D0C04749EA00096B1C04F16804D2
S214038330EDD13F68002FE6D14846BDE8F883B9463D
S2140383404846BDE8F88300BFF0B505694B11AB425C
S2140383502ADA00F1140711F01F0107EB850507EB76
S214038360830626D057F82320341DA54222FA01F2AD
S214038370C1F1200C32D9BE46236803FA0CF313432B
S2140383804EF8043B54F8042BA54222FA01F2F3D824
S214038390AB1B053B23F0030304333B441A6002B1D3
S2140383A00433DB1B9B1015E00023036100234361AA
S2140383B0F0BDB542F8D900F11002334653F8041B5A
S2140383C042F8041F9D42F9D8F3432B4423F00303DA
S2140383D004339B100361002BE8D0F0BD3B46DDE77A
S2140383E02DE9F04F8BB089460590169803920893B3
S2140383F000F05CFB0368029318461C46FCF740F942
S214038400D9F8003000909A782118302A11F801BC68
S21403841040F0AB8103334FF000081C4613F8012BE2
S214038420302A08F10108F8D0B34EB35C002B00F0F5
S214038430ED8023784FF0000AF35C5546274623B1B8
S21403844017F8013FF35C002BFAD1009A02993846DD
S214038450FCF784F9002800F091803B78002D00F0AB
S2140384607381ED1BAA000192502B00F09080702BB5
S21403847000F08D803D46C9F80070BAF1000F40F059
S214038480B5802B1B013B072B514604DD5B10072BE6
S21403849001F10101FADC059800F090FB0346143362
S2140384A0AC420490079380F0D1819946009B002745
S2140384B0C3F10103B84606930FE0202F00F09F8018
S2140384C03A46043715F8013CF35C554603F00F03B0
S2140384D09340A54248EA030815D915F8013C5B45C5
S2140384E005F1FF3AE9D1069B5344A342E5D3184668
S2140384F0009A02990993FCF731F9099B0028DCD10D
S2140385001D46A542E9D849F8048B079B049AA9EBB4
S21403851003094FEAA903136140464FEA431900F0E3
S2140385200BFC039B1D68A9EB0000A84200F3E68042
S214038530C0F20C810026039B019A9B689A4200F3C3
S2140385409880039801994368994280F2B7805C1A31
S214038550A54200F30E81C268022A00F07E81032A38
S21403856000F05B81012A00F07C810499059800F0F5
S2140385704BFB149A0023136050243CE0002D00F0BC
S21403858018813B786DE7002301934FF0010A7B784F
S2140385902B2B00F0AE802D2B77D0791C0025F35CB7
S2140385A05A1E182A3FF666AF4A78B25C501E182841
S2140385B0A3F1100301F101010BD811F8010F03EB2E
S2140385C0830302EB4303325C501E1828A3F1100307
S2140385D0F3D905B15B42019A3D461A440F46019210
S2140385E0C9F80070BAF1000F3FF44BAFB8F1000FB3
S2140385F00CBF0624002420460BB0BDE8F08F0022F3
S2140386000427C9F80080B94490465BE7009D0299A9
S2140386102A462046FCF7A2F800283AD022782746B6
S214038620502AB0D0702AAED0C9F80070DEE7049B9B
S2140386309B689E4280F23681079B3246049800EB85
S21403864082014FF0010E0132022C0261C1F814E0E0
S21403865000F01681964280F2418101210498FFF7CB
S21403866073FE039B019A9B6801329A42019240F380
S214038670D0800598049900F0C7FAA324149A00231F
S214038680204613600BB0BDE8F08F0125BB78B91CFC
S21403869085E7625DB35C6719002BC1D0302A3C4680
S2140386A004D114F8013F302BFBD0F35CB3FA83FA02
S2140386B03D464FEA5A1A4FF00108BFE6012466B159
S2140386C0039BDB68022B00F08280032B00F0838081
S2140386D0012B00F0B28044F01004149B1A46049B4E
S2140386E01360089B1A46019B136020460BB0BDE837
S2140386F0F08F0025CAE700BFB8DA0300441B214603
S214038700049800F085FE0646B0B1621E5111079824
S21403871002F01F0350F82110012606FA03F30B425A
S2140387200AD0B24240F39780A11E049800F070FE70
S214038730002800F090800326019B049823442146DA
S2140387400193FFF701FEF6E601958DE62C1A0499D0
S2140387500598224600F02CFC019B04901B1B0193FA
S2140387600346143307930026E5E69C1C4FF00008E7
S2140387705AE6671E002E4ED127B13946049800F0FC
S21403878047FE06467B11079A049852F8232007F003
S2140387901F07012303FA07F71742214618BF46F0BF
S2140387A00206FFF7D1FD039B5B6801932D1B022492
S2140387B085E700997B5CF25C7D182F46002A3FF420
S2140387C050AE17F8013FF25C002AFAD149E6159B32
S2140387D0C3F101031593159B002B3FF47CAF049B59
S2140387E0079A1E69B700134602EB070E11460020D0
S2140387F004E043F8040B9E457FF619AF1A68B2F1FE
S214038800FF3FF6D00132022C1A603AD015F01F054E
S2140388103ED1212461E70126B4E7159A002A3FF4E6
S214038820A4AE08990B60079B049901220A611A609B
S214038830149B1A4662241160DDE6B2077FF54BAF40
S214038840079B1B681E43F307C9D444E7DDF81C9057
S2140388504FF0000857E602266EE7159A002AE0D086
S21403886083E6A5427FF481AE012DDADD691E049806
S21403887000F0CEFD00283FF478AE039B5B68D0E79C
S2140388801946039B1B68013B9D4229D0222424E7FB
S214038890CB19C5F1200553F8040C00F04DFAA84295
S2140388A0B7DADAE6049BDDF81490596848460131D6
S2140388B000F084F904990B69023380469A000C3160
S2140388C00C30FBF735F90499484600F09DF9CDF8CE
S2140388D0108008F11403D8F81020AFE6194695E780
S2140388E06B1105F01F0551F823200123AB401342FB
S2140388F014BF21242224F0E630B4046808E014F8F8
S214038900013FA3F14105192D98BF2033934208D1A7
S21403891011F8012B002AF2D101340460012030BC87
S2140389207047002030BC70472DE9F04F0B68DFF826
S214038930789185B0591102EB810113F01F03019161
S2140389401CBF04310191019C02900393002344F859
S214038950043C19469A469E46029B1D686B78A4F112
S214038960040CE04660466E1C2BB319F80340002C3B
S21403897044D1202B60D8D64518DD404513D20729AD
S21403898011DCC1F1080189000568C1F1200B03461B
S2140389905F6807FA0BF42C4327FA01F51C6043F8CB
S2140389A0045F9845F4D890423CD8082135466B7846
S2140389B06E1C002BD9D1BEF1000F3FD0404501D22B
S2140389C007295DDD90423DD9134650F8041B43F852
S2140389D0041B8445F9D2002143F8041B9C45FBD2B3
S2140389E0019B53F8043C2BB962453CD05CF8043D2C
S2140389F0002BF9D0052005B0BDE8F08F013108291A
S214038A000EF1010E06DD9042D0D9002340F8043C57
S214038A1001210438036804F00F0444EA03140460D5
S214038A203546C4E70023A0F1040840F8043CF246A8
S214038A30404619463546BAE7292B1AD0042005B016
S214038A40BDE8F08F039B002BCAD0019C039B54F810
S214038A50040CC3F120034FF0FF3121FA03F3034064
S214038A6044F8043CBFE701230520136005B0BDE8C6
S214038A70F08F029B02351D60BEF1000F9ED1DDE72D
S214038A80C1F108039B000568C3F1200701464E6841
S214038A9006FA07F42C4326FA03F50C6041F8045F44
S214038AA08845F4D88EE700BFB8DA0300F030704785
S214038AB0044A054B1268506B002808BF1846F0306E
S214038AC0704700BF200100205005002070B50C46FB
S214038AD0B1F90E10002990B015461E4614DB01AA04
S214038AE000F05EFE00280FDB029A02F47042A2F545
S214038AF00052B2FA82F252094FF480634FF40060D8
S214038B0032602B6010B070BDA289002312F0800083
S214038B10336004D0402218462A6010B070BD4FF46C
S214038B2080632B6010B070BD8A8992070B4606D50A
S214038B3001F1430201211A601A6159617047F0B5C9
S214038B4083B001AB6A460C460646FFF7BFFF0099A3
S214038B5005463046FAF7A2FCB4F90C30D8B1019AB0
S214038B60154F0099F76343F08003A38120602061CB
S214038B7061611AB92B43A38103B0F0BD3046B4F943
S214038B800E1000F021FEA0B1A38923F0030343F0E7
S214038B9001031BB2EEE79A05EED423F0030304F1B8
S214038BA0430243F002030121A38122602261616133
S214038BB0E2E7B4F90C30DDE7897F0300C36C70B5D8
S214038BC005460C464BB153F8240080B1026843F8BF
S214038BD0242000230361C36070BD21220421FAF719
S214038BE091F9E86403460028EDD1002070BD012109
S214038BF001FA04F6721D28469200FAF783F9002854
S214038C00F3D044608660E4E731B1C36C4A6853F836
S214038C102200086043F82210704700BFF0B50C69C5
S214038C2083B00D46064601F1140E0027DEF8000059
S214038C3081B202FB0133010C180C02FB01019BB24B
S214038C40013703EB0143BC424EF8043B4FEA1143A2
S214038C50ECDC3BB1AA68944207DA05EB84020134E4
S214038C6053612C61284603B0F0BD69680193013156
S214038C703046FFF7A3FF2A69023205F10C010746C7
S214038C8092000C30FAF754FFF26C6968019B52F8B5
S214038C902100286042F821503D46DEE72DE9F843DF
S214038CA0244C089E1F46083384FB034EDB17C3EB96
S214038CB06E0EBEF1010F05460C46904635DD0123C8
S214038CC000215B009E4501F10101FADC2846FFF70F
S214038CD075FF0123B8F1090F4661036121DD04F135
S214038CE009094E46444416F8013B0146303B0A2226
S214038CF02846FFF793FFA642F5D1A8F108044C4493
S214038D00474514DDA7EB0807274414F8013B014643
S214038D10303B0A222846FFF781FFA742F5D1BDE87C
S214038D20F8830A344FF00908EAE70021CEE7BDE8E6
S214038D30F88300BF398EE338020C12040346B2B937
S214038D400304102013F07F4F04BF1B02083013F0F8
S214038D50704F04BF1B01043013F0404F04BF9B0049
S214038D600230002B02DB5B0003D420207047002078
S214038D70E8E70130704700BF036813F007020146B7
S214038D8007D0DA0721D4980721D49B080B6002206A
S214038D90704798B298B1104613F0FF0F04BF1B0A32
S214038DA008301A0704BF1B0904309A0704BF9B0840
S214038DB00230DA0707D45B0804D1202070471B0C67
S214038DC01020E9E701300B607047002070475B080E
S214038DD00B600120704700BF10B50C460121FFF75A
S214038DE0EDFE01224461026110BD00BF2DE9F04F84
S214038DF00C691569AC4283B08B46164604DA2246E4
S214038E00B3462C460E461546DBF80830DBF804104E
S214038E1004EB05089845C8BF0131FFF7CFFE00F104
S214038E20140909EB880AD145009005D24B46002168
S214038E3043F8041B9A45FBD806F1140C0CEB850388
S214038E400BF1140B9C450BEB840E4CD2CDF804A00F
S214038E509A46DCF80050AFB2EFB100214D465E46AD
S214038E600C4656F8042B286893B281B207FB03130B
S214038E70120C010C234407FB021101EB13419BB2B6
S214038E8043EA0143B64545F8043B4FEA1144E8D8A4
S214038E902C60DCF800502D0C1DD0D9F80030484665
S214038EA01C46594600220E88240C05FB0644224421
S214038EB09BB243EA024340F8043B51F8043B046880
S214038EC01B0CA6B205FB036303EB12438E454FEA66
S214038ED01342E8D803600CF1040CE24509F10409D7
S214038EE0B7D8DDF804A0B8F1000F0BDD5AF8043C40
S214038EF0AAF1040A1BB105E05AF8043D13B9B8F108
S214038F000108F9D10098C0F8108003B0BDE8F08FCF
S214038F1012F003032DE9F041144607462ED10D4601
S214038F20A4101CD0BE6C96B3E3074FF0000806D41B
S214038F30641014D03068A8B10646E307F8D5324665
S214038F4029463846FFF752FFB5B16A68FB6C6410D2
S214038F5053F82210296043F822500546EAD12846E2
S214038F60BDE8F081324631463846FFF73FFF3060B2
S214038F70C0F800800646E0E70546D9E75A1E0B4DC3
S214038F80002355F82220FFF749FE0546C8E70121CE
S214038F903846FFF713FE40F2712101220023416198
S214038FA002610646B8640360BEE700BFA8DC0300A0
S214038FB02DE9F84391460A698B684FEA691404EB76
S214038FC0020808F101059D420E460746496804DD7E
S214038FD05B009D4201F10101FADC3846FFF7EEFD26
S214038FE0002C00F1140306DD03EB8402002143F892
S214038FF0041B9A42FBD1346906F1140119F01F09C8
S21403900001EB840E1DD0C9F1200C00220C6804FA73
S21403901009F4144343F8044B51F8042B8E4522FA03
S2140390200CF2F3D81A600AB108F10205FB6C7268F9
S214039030013D53F822100561316043F82260BDE814
S214039040F883043B51F8042B43F8042F8E45F9D8D4
S214039050ECE700BF30B40B6905460069C01A0FD1B0
S2140390609B001435143119442B4401E09D4207D26A
S21403907053F8044D51F8042D9442F7D002D301203F
S21403908030BC70474FF0FF30FAE700BF2DE9F041E0
S2140390900F690E4611697F1A002F904617D1890073
S2140390A006F1140502F1140E6B18714401E09D429B
S2140390B05CD253F8042D51F8044DA242F7D05ED289
S2140390C033462C46464675469846012705E058DB48
S2140390D006F1140508F1140400277168FFF76EFD06
S2140390E0D8F810303669C76004EB830CA64605EB48
S2140390F0860700F1140400235EF8041B55F8048B5E
S2140391008AB213FA88F3090C9A1AC1EB184303EBD5
S214039110224392B242EA0342F44544F8042B4FEA50
S2140391202343E9D8AF4217D9A446AE465EF8042BCC
S21403913013FA82F3191401EB12419BB243EA01427C
S21403914077454CF8042B4FEA2143EFD8ED432F44E1
S21403915027F0030704373C44043C22B954F8043D83
S214039160013E002BFAD00661BDE8F0810021FFF72F
S21403917025FD0122002302614361BDE8F0817446A8
S214039180ABE7334606F1140402F11405164601272D
S2140391909846A2E7134B10EE902A1A40A2F150739A
S2140391A0002B04DD0020194641EC100B70475B4290
S2140391B01B15132B0DDD143B1E2BDDBFC3F11F0345
S2140391C0012202FA03F301230021184641EC100B97
S2140391D070474FF40022002042FA03F141EC100BD3
S2140391E0704700BF0000F07FF8B5046900F114066D
S2140391F006EB840454F8045C2846FFF79DFDC0F193
S21403920020030A280B60A4F1040117DC8E42C0F188
S2140392100B0738BF54F8081C25FA07FE00F11500A3
S2140392204EF07F5334BFF940002105FA00F043F4B3
S214039230401340EA010243EC102BF8BD8E421DD2C8
S2140392400B3854F8087C1CD0854045F07F55C0F198
S214039250200CA4F1080E45F4401527FA0CF17645C8
S21403926045EA01031ED254F80C1C07FA00F021FA53
S2140392700CF10843024643EC102BF8BD0B3808D11B
S214039280074645F07F5343F440133A4643EC102B0E
S214039290F8BD05FA00F040F07F53002043F4401376
S2140392A00246E8E707FA00F00246E4E72DE9F04352
S2140392B057EC106B83B0884601213C46C7F30A552A
S2140392C01746FFF77BFCC4F3130481460DB144F441
S2140392D0801401941EB302A840F8086DFFF74CFDF6
S2140392E0002834D19DE80C00C9F81420002B0CBFCD
S2140392F001210221C9F81830C9F81010DDB909EBAD
S2140393008103A0F23240C8F800001869FFF714FD85
S214039310C0EB41103860484603B0BDE8F08301A8AF
S214039320FFF72AFD019BC9F8143001212030C9F844
S2140393301010002DE3D0A5F233450544C0F13500E7
S214039340C8F800503860484603B0BDE8F0839DE88F
S2140393500A00C0F1200203FA02F20A43C340019353
S214039360C9F81420C2E700BF2DE9F04383B088464E
S21403937069468146FFF738FF404601A955EC104B76
S214039380FFF732FF9DE80A00D9F81000D8F810203E
S214039390CB1A801A03EB4013002B57EC106B0DDD32
S2140393A005EB03594D4632463B4620462946F8F719
S2140393B0A5F841EC100B03B0BDE8F083C3EB033311
S2140393C007EB03510F46EEE770B414694E1E02F125
S2140393D01403761103EB840101368B4200EB8606F9
S2140393E00CD2041F53F8045B44F8045F9942F9D87F
S2140393F08B1A153B23F0030304331844864204D91F
S214039400002340F8043B8642FBD870BC704700BF7D
S21403941003694A11934210B400F1140410DA04EB02
S21403942083039C4221D253F8040C043B18B115E085
S21403943053F8042D92B99C42FAD35DF8044B704757
S21403944010DD11F01F010DD054F8220020FA01F3AD
S21403945003FA01F1884204EB8203E2D001205DF8AF
S214039460044B704704EB8203DBE70020E5E700BF0D
S21403947010B50C46B1F90E1000F0CEF9002803DB48
S214039480236D0344236510BDA38923F48053A3816E
S21403949010BD00BF2DE9F0411646B1F90C201F465A
S2140394A0D3050C46054607D500220223B1F90E1054
S2140394B000F09CF9B4F90C20B4F90E1022F4805293
S2140394C0A2813B4632462846BDE8F041FDF74CBC38
S2140394D010B50C46B1F90E1000F088F9A389421CAA
S2140394E00EBF23F4805343F480532065A38110BD3D
S2140394F0B1F90E1000F0E0B82DE9F04F936883B091
S2140395009046002B70D082460C4617688D68086814
S21403951042E0A38913F4906F2ED06569216905EBA9
S2140395204505A0EB010B05EBD5750BF101006D109E
S2140395303044A8422A4684BF05462A465B0538D5EA
S21403954011465046F9F7AAFF00283CD05A4621692F
S2140395500190FAF7EDFAA289019B22F4906242F099
S2140395608002A281A5EB0B0203EB0B00656123616E
S2140395702060A2603546B3465A464946FAF772FB60
S214039580D8F80830A2682068551B58449E1BA5606F
S2140395902060C8F808603EB37E683B460837002E56
S2140395A0FAD0AE42D3F80090AB46B2D23546B346B5
S2140395B0E2E75046FAF774FC03460028D2D1216945
S2140395C05046FEF7B1FD0C23CAF80030A3890022EB
S2140395D043F040034FF0FF30A381C8F80820C8F8D3
S2140395E0042003B0BDE8F08F0020C8F8040003B0E1
S2140395F0BDE8F08F2DE9F8432C4D064628689846BB
S2140396000F469146F9F736FF294B1C68D4F84831C4
S214039610002B3ED05A681F2A1CDC02F1010E76B1DD
S21403962003EB82010124C1F88890D3F888019440A3
S2140396302043022EC3F88801C1F8088123D00232E2
S214039640C3F804E0286843F82270F9F715FF0020F2
S214039650BDE8F883174B0BB34FF4C870F9F70EFF4A
S2140396600346D8B1D4F848210260002141600A4677
S214039670C4F848014FF0010EC0F88811C0F88C11E9
S214039680002EDCD0CCE7D3F88C110C43C3F88C4106
S214039690D5E704F5A673C4F84831BBE72868F9F79D
S2140396A0EBFE4FF0FF30BDE8F88300BFCC0A002086
S2140396B0D0D803007D34030038B5074C0023054695
S2140396C00846236000F096F9431C00D038BD236893
S2140396D0002BFBD02B6038BD54B5002070B559B1B4
S2140396E005460C4610B1836B002B3CD0636ED8073F
S2140396F005D5B4F90C302BB90026304670BDA389C6
S21403970099053CD521462846FEF774FBE36A0646D0
S21403971033B1E169284698470028B8BF4FF0FF36B3
S214039720A3891A0622D4216B41B104F1400399425E
S21403973002D02846FEF7F8FC00232363616C21B1B0
S2140397402846FEF7F1FC00236364FEF777FC636E9E
S2140397500022DB07A2810ED5A06DF9F789FEFEF77E
S21403976073FC304670BDFEF73DFCBFE72169284613
S214039770FEF7DAFCD7E7A06DF9F77EFEECE7A06DFF
S214039780F9F778FEB4F90C30002BBBD1666E16F0F1
S2140397900106B1D1A06DF9F76FFE304670BD00BF6C
S2140397A038B50B46074C054611461846002323607A
S2140397B000F09EF9431C00D038BD2368002BFBD075
S2140397C02B6038BD54B5002038B5074C002305463A
S2140397D00846236000F09AF9431C00D038BD23687E
S2140397E0002BFBD02B6038BD54B5002070B50D465A
S2140397F0084C114606461A4628460023236000F006
S214039800BDF8431C00D070BD2368002BFBD033602B
S21403981070BD00BF54B5002070B50D46084C114608
S21403982006461A4628460023236000F035F8431CF4
S21403983000D070BD2368002BFBD0336070BD00BF23
S21403984054B500200B4B1B6810B504460BB19A6B3E
S2140398504AB1132C0CD8084850F83430013307D0DB
S21403986000EBC40010BD1846FEF7BCFB132CF2D960
S214039870002010BD20010020C83A002070B5F9F77B
S21403988071FB13240546002620463146ABBE04462C
S2140398904FF0FF302C6070BDF0B585B00C46164611
S2140398A0FFF7D0FFC8B103680193029405460396F9
S2140398B0062401AF20463946ABBE0446621C20464A
S2140398C005D06B68301A03446B6005B0F0BDFFF734
S2140398D0D5FF431CF5D105B0F0BDF9F743FB0923CB
S2140398E003604FF0FF30F0E7F0B583B00D46144643
S2140398F0FFF7A8FF00283AD0022C25D8012C0646ED
S2140399001FD0022C10D06F4633680A248DE8280037
S21403991020463946ABBE0446631C1CD0002C23DB12
S2140399207560284603B0F0BD02AF036847F8083DEC
S2140399300C2420463946ABBE0446611C0FD0254492
S214039940E2E740682D18DED5F9F70CFB1623036013
S2140399504FF0FF35E5E7FFF791FF0446DEE7FFF735
S2140399608DFF421C0446EAD14FF0FF35D9E7F9F7DD
S214039970F9FA092303604FF0FF35D2E7FFF7B4BFC8
S214039980F0B585B00C461646FFF75CFF50B3036888
S2140399900193029405460396052401AF20463946F3
S2140399A0ABBE0446631C16D0002C18DB6A68301B5B
S2140399B00244A6426A6001D005B0F0BDF9F7D2FAB8
S2140399C013250646002428462146ABBE05462046F8
S2140399D0356005B0F0BDFFF751FF0446E4E74FF0EE
S2140399E0FF30E9E7F9F7BEFA092303604FF0FF30CB
S2140399F0E2E700BF70B582B00446FFF723FF10B35B
S214039A00013C012C064611D902AD336845F8043DE6
S214039A10022420462946ABBE0446631C20460FD0CC
S214039A2010B94FF0FF33336002B070BD094B9A682C
S214039A301B699A42E8D14FF0FF3303600020F3E737
S214039A40FFF71CFFECE7F9F78DFA092303604FF0E5
S214039A50FF30E9E7C83A0020012070470E4A136832
S214039A6010B5ABB118446946884209D80B490C4C6B
S214039A700968A14201D0884202D81060184610BD7A
S214039A80F9F770FA0C2303604FF0FF33184610BD46
S214039A90044B1360E6E700BFC43A0020D00A002058
S214039AA0ADDEFECA58B5002070B50D46FFF7CAFEF8
S214039AB0B8B16B684FF4806243F4005306466B609C
S214039AC0EA620C2420463146ABBE0446621C20469E
S214039AD002D02861002070BDFFF7D0FE431CF8D1EA
S214039AE0F9E7F9F73FFA092303604FF0FF3070BD3B
S214039AF038B53C220C46054608460021FAF716F907
S214039B0021462846BDE83840FFF7CEBF70B5FFF7BD
S214039B1099FE054690B1092420462946ABBE044665
S214039B20012C09D0F9F71EFA132506460024284609
S214039B302146ABBE05463560204670BDF9F712FADE
S214039B4009222C460260F7E74FF0FF3100F000B819
S214039B50062930B50CBF044D044D1824204629466B
S214039B60ABBE0446204630BD23000200260002009A
S214039B70F8B500BFF8BC08BC9E467047F8B500BFF2
S214039B80F8BC08BC9E4670475D6E03008942000021
S214039B90E1690000E18D0000059E00008DCF000006
S214039BA03DF30000EDF60000DD060100551301004D
S214039BB011700100A58401009594010009B4010009
S214039BC0EDB40100C56D0200654200007B226A7396
S214039BD06F6E727063223A22322E30222C226D650B
S214039BE074686F64223A226661756C74222C227044
S214039BF06172616D73223A7B226D6573736167656B
S214039C00223A226D6F74696F6E20696E69742066DE
S214039C1061696C6564227D7D000000007B226A73A7
S214039C206F6E727063223A22322E30222C226D65BA
S214039C3074686F64223A22737461747573222C22DB
S214039C40706172616D73223A7B2272656164792258
S214039C503A747275652C2268696E74223A226361BF
S214039C606C6C206765745F6361706162696C6974AC
S214039C70696573227D7D000070617273652065726D
S214039C80726F72006D6574686F64206D75737420EF
S214039C906265206120737472696E670069640000F0
S214039CA0706172616D730000706172616D73206D17
S214039CB075737420626520616E206F626A656374D3
S214039CC0000000006D697373696E67206D657468C4
S214039CD06F6400006964207265717569726564005B
S214039CE0666565640000000074696D656F75745F72
S214039CF06D7300007365636F6E647300636C6F63EC
S214039D006B77697365000000726170696400000018
S214039D10656E61626C65640076656C00616363659D
S214039D206C000000646563656C000000617869730D
S214039D305F6D61736B0000006573746F705F6469B9
S214039D403600000073746570735F7065725F7265CA
S214039D50765F780073746570735F7065725F7265A3
S214039D60765F790073746570735F7065725F726592
S214039D70765F7A0073746570735F7065725F726581
S214039D80765F610070697463685F780070697463F6
S214039D90685F790070697463685F7A0070697463DA
S214039DA0685F6100676561725F780000676561726E
S214039DB05F790000676561725F7A000067656172AC
S214039DC05F6100007B226F6B223A747275657D00BB
S214039DD06E756C6C000000002225732200000000E4
S214039DE0257300007B226A736F6E727063223A22B9
S214039DF0322E30222C226964223A25732C22726575
S214039E0073756C74223A25737D0000006572726F59
S214039E10720000007B226A736F6E727063223A22AE
S214039E20322E30222C226964223A25732C22657244
S214039E30726F72223A7B22636F6465223A25642C22
S214039E40226D657373616765223A222573227D7DD1
S214039E50000000007B7D00007B226A736F6E7270C9
S214039E6063223A22322E30222C226D6574686F6488
S214039E70223A222573222C22706172616D73223A74
S214039E8025737D00101C0020A01D0020301F00201D
S214039E90C02000206D6F746F72206E6F7420656E25
S214039EA061626C656400000078792071756575657C
S214039EB02072656A65637465640000006D6F746F75
S214039EC07220696E20616C65727400006D6F766532
S214039ED02072656A65637465640000006469736173
S214039EE0626C65206265666F726520636F6E666975
S214039EF06775726500000000756E6974732072657D
S214039F007175697265640000756E697473206D758A
S214039F107374206265206D6D206F7220696E6368AE
S214039F20000000006D6D0000696E00006D6F6465D3
S214039F302072657175697265640000006D6F6465F3
S214039F40206D75737420626520616273206F7220C2
S214039F5072656C00616273007472756500000000C0
S214039F6066616C7365000000312E30007B227072D0
S214039F706F746F636F6C223A22636C6561726169FA
S214039F80222C2276657273696F6E223A222573221B
S214039F902C2261786573223A5B2278222C2279225E
S214039FA02C227A222C2261225D2C22617869735F2F
S214039FB06D61736B223A256C752C22756E6974730A
S214039FC0223A222573222C226D6F6465223A2225BB
S214039FD073222C22746573745F6D6F6465223A2551
S214039FE0732C226D6574686F6473223A5B2267650F
S214039FF0745F6361706162696C6974696573222C4E
S21403A000226765745F737461747573222C226765A7
S21403A010745F706F7365222C22656E61626C6522B5
S21403A0202C2264697361626C65222C22636C656101
S21403A030725F616C65727473222C2273746F702264
S21403A0402C226573746F70222C22776169745F69A2
S21403A050646C65222C22636F6E666967757265226F
S21403A0602C227365745F746573745F6D6F64652209
S21403A0702C227365745F756E697473222C22736564
S21403A080745F6D6F6465222C227365745F776F72DD
S21403A0906B5F6F726967696E222C226D6F76655FE0
S21403A0A06C696E656172222C226D6F76655F6172D4
S21403A0B063222C226A6F67222C226477656C6C22DB
S21403A0C05D2C22746370223A25752C2274656C22EB
S21403A0D03A25752C22646973636F766572223A2576
S21403A0E0757D0000696E74657272757074656420A0
S21403A0F06279206573746F7000000000696E746582
S21403A1007272757074656420627920736166657413
S21403A1107920636F6D6D616E64000000776169740A
S21403A1205F69646C652074696D656F757400000003
S21403A1307B22756E697473223A222573222C226D54
S21403A1406F6465223A222573222C2278223A252E22
S21403A15034662C2279223A252E34662C227A223A29
S21403A160252E34662C2261223A252E34667D000085
S21403A1707B22656E61626C6564223A25732C226DC0
S21403A1806F76696E67223A25732C22686C666222A4
S21403A1903A25732C226573746F70223A25732C222A
S21403A1A068775F6573746F70223A25732C22746523
S21403A1B073745F6D6F6465223A25732C22616C6538
S21403A1C0727473223A25732C227175657565223A6B
S21403A1D025752C22616C6572745F726567223A2559
S21403A1E06C752C22756E697473223A222573222CA1
S21403A1F0226D6F6465223A222573222C22617869C8
S21403A200735F6D61736B223A256C752C2278223A44
S21403A210252E34662C2279223A252E34662C227A71
S21403A220223A252E34662C2261223A252E34667D68
S21403A230000000007365636F6E647320726571754A
S21403A2406972656400000000686172647761726514
S21403A250206573746F700000617263207265717598
S21403A2606972657320585920617865730000000091
S21403A27061726320646F6573206E6F74206163631D
S21403A280657074207A206F72206100006573746FA6
S21403A2907020616374697665000000006172632054
S21403A2A07265717569726573207820616E642079B2
S21403A2B020696E20616273206D6F64650000000084
S21403A2C06172632072616469757320746F6F2073A3
S21403A2D06D616C6C000000006172632071756575BA
S21403A2E0652072656A656374656400006172632045
S21403A2F07265717569726573206920616E64206A80
S21403A300000000006765745F6361706162696C6971
S21403A31074696573000000006765745F7374617425
S21403A320757300006765745F706F736500000000E7
S21403A330656E61626C65000064697361626C6500DA
S21403A340636C6561725F616C657274730000000014
S21403A3506573746F70000000636F6E66696775726D
S21403A360650000007365745F746573745F6D6F6476
S21403A370650000007365745F756E69747300000092
S21403A3807365745F6D6F6465000000007365745FCA
S21403A390776F726B5F6F726967696E006D6F766554
S21403A3A05F6C696E656172007B226F6B223A747212
S21403A3B075652C22717565756564223A74727565C8
S21403A3C07D0000006D6F76655F61726300000000BC
S21403A3D06A6F67006477656C6C0000007761697468
S21403A3E05F69646C650000006D6574686F64206E59
S21403A3F06F7420666F756E64000000006275737973
S21403A4002077616974696E6700000000434C45411C
S21403A4105241495F444953434F5645523F0000005B
S21403A420434C45415241495F444953434F56455275
S21403A43020436C65617241495F4669726D7761724C
S21403A440652049503D2573205443503D25752054BF
S21403A450454C3D25752046573D257300436C656185
S21403A4607241492045746865726E65742049503D93
S21403A470000000000D0A00000000000000000000BD
S21403A48071920000496C0200496C0200496C02009C
S21403A490496C0200496C0200496C02007592000088
S21403A4A0496C0200496C0200000000000000000036
S21403A4B07D920000819200008D9200009192000030
S21403A4C0A592000095920000999200009D920000CC
S21403A4D099930000CD9200000000000000000000E9
S21403A4E009960000F9950000000000000000000037
S21403A4F07998000006040302020000000060014190
S21403A50000800141000C004200100042001000438E
S21403A5100000000000000000259E0000859E00004D
S21403A520159E0000199E0000A5920000959200005B
S21403A5301D9E00009D92000029A9000019B300008B
S21403A54041B1000039B20000299E0000D0FFFFFF92
S21403A5500000000031B2000011B300007D9E000031
S21403A56000380040003C004000A0014100C001410B
S21403A5700014004200180042001400430018004371
S21403A5800000000000000000496C0200496C020055
S21403A590496C0200496C0200496C0200496C0200D7
S21403A5A0496C0200496C0200496C0200496C0200C7
S21403A5B0496C0200496C0200496C0200496C0200B7
S21403A5C0496C0200496C0200496C0200496C0200A7
S21403A5D00000000000000000F5B60000E9B6000029
S21403A5E00DB7000019B7000025B7000031B700000B
S21403A5F03DB7000049B7000055B7000061B700003B
S21403A6006DB70000F5B6000001B7000001B7000003
S21403A6106DB6000079B600007DB6000089B600006E
S21403A62095B60000A1B60000B5B6000079B70000E5
S21403A6309DB70000CDB70000C1B60000CDB6000040
S21403A640DDB60000FCFFFFFF0000000099B6000027
S21403A650ADB60000B9B6000095B70000C5B7000058
S21403A6600DB80000C5B6000075920000E1B6000004
S21403A670D5B60000FC618000106080001460800086
S21403A68018608000000000000000000091960100A2
S21403A690A1960100BDA5010019990100C597010007
S21403A6A09DCF0000B5960100ED9601002D970100A1
S21403A6B009970100199701006D970100899601001B
S21403A6C0A5CF0000319A0100A1CF0000059C010030
S21403A6D0219B01000000000000000000919601008D
S21403A6E0A1960100BDA5010019990100C5970100B7
S21403A6F09DCF0000B5960100ED9601002D97010051
S21403A70009970100199701006D97010089960100CA
S21403A710A5CF0000319A0100A1CF0000059C0100DF
S21403A720219B0100003C004000A0014100140043AF
S21403A7303C250020C0250020101C0020A01D002062
S21403A740301F0020C0200020B02300201C2400203F
S21403A7507C240020DC2400203C250020C02500208B
S21403A760202300205023002080230020C81B002025
S21403A7705422002098220020DC22002044260020B9
S21403A780101C0020A01D0020301F0020C020002029
S21403A790A4270020FC280020542600203D000405A2
S21403A7A000FFFFFFFFFFFFFF0005FF005001180833
S21403A7B000FFFFFF0201FFFFFFFFFF00420112023F
S21403A7C000FFFFFF0702FFFF01000400440114041B
S21403A7D000FFFFFF0701FFFF010206001C000A0A35
S21403A7E000FFFFFF00020100000204001B0009092E
S21403A7F000FF03FF000100010001FF003802100004
S21403A80001FFFFFF0600FFFF0000FF0039021101F2
S21403A81001FFFFFF0601FFFF0001FF003A021202DD
S21403A82001FFFFFF0602FFFF0002FF000E010707FE
S21403A83001FF09FFFFFFFFFFFFFFFF000D010606F5
S21403A84001FF08FFFFFFFFFFFFFFFF000A010505EB
S21403A85001FF07FFFFFFFFFFFFFFFF0006020303E3
S21403A86001FF05FFFFFFFFFFFFFFFF0010010909C0
S21403A87000FF01FF04010401FFFFFF005302190953
S21403A88000FFFFFF0203FFFFFFFFFF00510119094F
S21403A89000FFFFFF0200FFFFFFFFFF004501150556
S21403A8A000FFFFFF0700FFFF010307001A0008FF72
S21403A8B000FF02FF000000000000FF0020010A0A5C
S21403A8C000FFFFFF04020500000404000F01080850
S21403A8D000FF00FF04000400FFFFFF004900170706
S21403A8E000FFFFFF050004010107FF0052021808DE
S21403A8F000FFFFFF0202FFFFFFFFFF0043011303FA
S21403A90000FFFFFF0703FFFF010105001D000B0B00
S21403A91000FFFFFF00030101000305001200050509
S21403A92000FFFF01FFFF0001FFFFFF0046001404C6
S21403A93001FFFFFF050207000104FF0040011000AE
S21403A94000FFFFFF05000600030002006401030387
S21403A95000FFFFFFFFFF0601FFFFFF0024010E0EAF
S21403A96000FFFFFF040205000400000022010C0C98
S21403A97000FFFFFF04000400030006002B020D0D7A
S21403A98000FFFFFF0701FFFF0003FF0028020A0A7C
S21403A99000FFFFFF0602FFFF0000FF0025010F0F69
S21403A9A000FFFFFF040305010401010023010D0D51
S21403A9B000FFFFFF04010401030107004800160619
S21403A9C000FFFFFF030004000106FF003400100031
S21403A9D000FFFFFF010002000100020054021A0AF2
S21403A9E001FFFFFFFFFFFFFFFFFFFF0060011F0FD9
S21403A9F001FFFFFFFFFF00010401FF000701110233
S21403AA0000FFFF00FFFFFFFFFFFFFF000800030339
S21403AA1000FFFFFFFFFFFFFFFFFFFF00110215040C
S21403AA2000FFFFFFFFFF0000FFFFFF0055021B0BA9
S21403AA3000FFFFFF0100FFFFFFFFFF003B021303C2
S21403AA4000FFFFFF0603FFFF0003FF0001000000F7
S21403AA5000FFFFFFFFFF0200FFFFFF0002000101F0
S21403AA6000FFFFFFFFFF0201FFFFFF0013000606C4
S21403AA7000FFFFFFFFFF0100FFFFFF0014000707B3
S21403AA8000FFFFFFFFFF0101FFFFFF0007000202B9
S21403AA9000FFFF01FFFF0001FFFFFF002C020E0E69
S21403AAA000FFFFFF0702FFFF0004FF002D020F0F4A
S21403AAB000FFFFFF0703FFFF0005FF004700150524
S21403AAC000FFFFFF050307010105FF0021010B0B34
S21403AAD001FFFFFFFFFF05010005050080000000E2
S21403AAE040000000200000001000000008000000E6
S21403AAF00400000000000001000000020000000443
S21403AB000000000800008000000040000000200055
S21403AB100040000000800000000004000000080061
S21403AB20000000000000000065130100D9130100B7
S21403AB30496C020000000000C900000092010000FA
S21403AB405B02000024030000ED030000B6040000CF
S21403AB507F0500004706000010070000D907000025
S21403AB60A20800006A090000330A0000FB0A00007E
S21403AB70C30B00008B0C0000530D00001B0E0000DF
S21403AB80E30E0000AB0F0000721000003911000046
S21403AB9001120000C81200008E13000055140000B6
S21403ABA01B150000E2150000A81600006D17000034
S21403ABB033180000F8180000BD190000821A0000C0
S21403ABC0471B00000B1C0000CF1C0000931D000059
S21403ABD0561E0000191F0000DC1F00009F20000007
S21403ABE06121000023220000E5220000A6230000C6
S21403ABF06724000028250000E8250000A82600009A
S21403AC006727000026280000E5280000A329000087
S21403AC10612A00001F2B0000DC2B0000982C00008C
S21403AC20552D0000112E0000CC2E0000872F0000AB
S21403AC3041300000FB300000B53100006E320000EA
S21403AC4026330000DE330000963400004D35000046
S21403AC5004360000BA3600006F37000024380000C0
S21403AC60D83800008C390000403A0000F23A000061
S21403AC70A53B0000563C0000073D0000B83D000021
S21403AC80683E0000173F0000C53F00007340000009
S21403AC9021410000CE4100007A4200002543000017
S21403ACA0D04300007A44000024450000CD45000050
S21403ACB0754600001C470000C347000069480000B3
S21403ACC00F490000B4490000584A0000FB4A000040
S21403ACD09E4B00003F4C0000E14C0000814D0000FD
S21403ACE0214E0000BF4E00005E4F0000FB4F0000E9
S21403ACF09750000033510000CE5100006952000007
S21403AD00025300009B53000033540000CA54000053
S21403AD1060550000F55500008A5600001D570000D8
S21403AD20B057000042580000D45800006459000091
S21403AD30F3590000825A0000105B00009D5B000080
S21403AD40295C0000B45C00003E5D0000C75D0000A7
S21403AD50505E0000D75E00005E5F0000E35F000009
S21403AD6068600000EC6000006F610000F1610000A5
S21403AD7071620000F262000071630000EF6300007E
S21403AD806C640000E864000063650000DD65000095
S21403AD9057660000CF66000046670000BD670000E8
S21403ADA032680000A6680000196900008C6900007C
S21403ADB0FD6900006D6A0000DC6A00004A6B000053
S21403ADC0B86B0000246C00008F6C0000F96C000068
S21403ADD0626D0000CA6D0000306E0000966E0000C3
S21403ADE0FB6E00005F6F0000C16F00002370000061
S21403ADF083700000E2700000417100009E71000045
S21403AE00FA71000055720000AF720000077300006D
S21403AE105F730000B57300000B7400005F740000DE
S21403AE20B27400000475000055750000A575000097
S21403AE30F4750000417600008E760000D976000097
S21403AE40237700006C770000B4770000FA770000E1
S21403AE504078000084780000C77800000979000075
S21403AE604A7900008A790000C8790000057A000054
S21403AE70427A00007D7A0000B67A0000EF7A00007E
S21403AE80267B00005D7B0000927B0000C57B0000F4
S21403AE90F87B0000297C00005A7C0000897C0000B7
S21403AEA0B77C0000E37C00000F7D0000397D0000C6
S21403AEB0627D00008A7D0000B07D0000D67D000024
S21403AEC0FA7D00001D7E00003F7E00005F7E0000CE
S21403AED07F7E00009D7E0000BA7E0000D57E0000C7
S21403AEE0F07E0000097F0000217F0000387F00000D
S21403AEF04D7F0000627F0000757F0000877F0000A3
S21403AF00977F0000A77F0000B57F0000C27F000088
S21403AF10CE7F0000D87F0000E17F0000E97F0000BD
S21403AF20F07F0000F67F0000FA7F0000FD7F000040
S21403AF30FF7F000000800000FF7F0000FD7F000011
S21403AF40FA7F0000F67F0000F07F0000E97F000034
S21403AF50E17F0000D87F0000CE7F0000C27F0000A4
S21403AF60B57F0000A77F0000977F0000877F000063
S21403AF70757F0000627F00004D7F0000387F000071
S21403AF80217F0000097F0000F07E0000D57E0000D0
S21403AF90BA7E00009D7E00007F7E00005F7E00007C
S21403AFA03F7E00001D7E0000FA7D0000D67D000077
S21403AFB0B07D00008A7D0000627D0000397D0000C0
S21403AFC00F7D0000E37C0000B77C0000897C000056
S21403AFD05A7C0000297C0000F87B0000C57B00003B
S21403AFE0927B00005D7B0000267B0000EF7A00006A
S21403AFF0B67A00007D7A0000427A0000057A0000E7
S21403B000C87900008A7900004A79000009790000AF
S21403B010C77800008478000040780000FA770000C4
S21403B020B47700006C77000023770000D976000021
S21403B0308E76000041760000F4750000A5750000CA
S21403B0405575000004750000B27400005F740000BC
S21403B0500B740000B57300005F73000007730000F5
S21403B060AF72000055720000FA7100009E71000076
S21403B07041710000E270000083700000237000003E
S21403B080C16F00005F6F0000FB6E0000966E00004D
S21403B090306E0000CA6D0000626D0000F96C00009F
S21403B0A08F6C0000246C0000B86B00004A6B000035
S21403B0B0DC6A00006D6A0000FD6900008C69000010
S21403B0C019690000A668000032680000BD6700002A
S21403B0D046670000CF66000057660000DD65000087
S21403B0E063650000E86400006C640000EF63000022
S21403B0F071630000F262000071620000F1610000FB
S21403B1006F610000EC60000068600000E35F000011
S21403B1105E5F0000D75E0000505E0000C75D000063
S21403B1203E5D0000B45C0000295C00009D5B0000EF
S21403B130105B0000825A0000F359000064590000B7
S21403B140D458000042580000B05700001D570000B6
S21403B1508A560000F555000060550000CA540000EA
S21403B160335400009B530000025300006952000052
S21403B170CE5100003351000097500000FB4F0000F3
S21403B1805E4F0000BF4E0000214E0000814D0000C0
S21403B190E14C00003F4C00009E4B0000FB4A0000C1
S21403B1A0584A0000B44900000F49000069480000EF
S21403B1B0C34700001C47000075460000CD4500004D
S21403B1C0244500007A440000D043000025430000D5
S21403B1D07A420000CE410000214100007340000087
S21403B1E0C53F0000173F0000683E0000B83D000062
S21403B1F0073D0000563C0000A53B0000F23A000065
S21403B200403A00008C390000D8380000243800008B
S21403B2106F370000BA360000043600004D350000D4
S21403B22096340000DE330000263300006E32000042
S21403B230B5310000FB30000041300000872F0000CE
S21403B240CC2E0000112E0000552D0000982C000077
S21403B250DC2B00001F2B0000612A0000A32900003E
S21403B260E52800002628000067270000A82600001F
S21403B270E82500002825000067240000A623000018
S21403B280E522000023220000612100009F20000029
S21403B290DC1F0000191F0000561E0000931D00004F
S21403B2A0CF1C00000B1C0000471B0000821A000086
S21403B2B0BD190000F8180000331800006D170000D1
S21403B2C0A8160000E21500001B1500005514000028
S21403B2D08E130000C812000001120000391100008E
S21403B2E072100000AB0F0000E30E00001B0E000000
S21403B2F0530D00008B0C0000C30B0000FB0A00007C
S21403B300330A00006A090000A2080000D9070000FB
S21403B31010070000470600007F050000B604000083
S21403B320ED030000240300005B020000920100000E
S21403B330C90000000000000037FFFFFF6EFEFFFF9E
S21403B340A5FDFFFFDCFCFFFF13FCFFFF4AFBFFFF2F
S21403B35081FAFFFFB9F9FFFFF0F8FFFF27F8FFFFB9
S21403B3605EF7FFFF96F6FFFFCDF5FFFF05F5FFFF40
S21403B3703DF4FFFF75F3FFFFADF2FFFFE5F1FFFFBF
S21403B3801DF1FFFF55F0FFFF8EEFFFFFC7EEFFFF38
S21403B390FFEDFFFF38EDFFFF72ECFFFFABEBFFFFA8
S21403B3A0E5EAFFFF1EEAFFFF58E9FFFF93E8FFFF0A
S21403B3B0CDE7FFFF08E7FFFF43E6FFFF7EE5FFFF5E
S21403B3C0B9E4FFFFF5E3FFFF31E3FFFF6DE2FFFFA5
S21403B3D0AAE1FFFFE7E0FFFF24E0FFFF61DFFFFFD7
S21403B3E09FDEFFFFDDDDFFFF1BDDFFFF5ADCFFFFF8
S21403B3F099DBFFFFD8DAFFFF18DAFFFF58D9FFFF04
S21403B40099D8FFFFDAD7FFFF1BD7FFFF5DD6FFFFF5
S21403B4109FD5FFFFE1D4FFFF24D4FFFF68D3FFFFD0
S21403B420ABD2FFFFEFD1FFFF34D1FFFF79D0FFFF91
S21403B430BFCFFFFF05CFFFFF4BCEFFFF92CDFFFF32
S21403B440DACCFFFF22CCFFFF6ACBFFFFB3CAFFFFB6
S21403B450FCC9FFFF46C9FFFF91C8FFFFDCC7FFFF1C
S21403B46028C7FFFF74C6FFFFC0C5FFFF0EC5FFFF5B
S21403B4705BC4FFFFAAC3FFFFF9C2FFFF48C2FFFF7B
S21403B48098C1FFFFE9C0FFFF3BC0FFFF8DBFFFFF73
S21403B490DFBEFFFF32BEFFFF86BDFFFFDBBCFFFF45
S21403B4A030BCFFFF86BBFFFFDCBAFFFF33BAFFFFEC
S21403B4B08BB9FFFFE4B8FFFF3DB8FFFF97B7FFFF69
S21403B4C0F1B6FFFF4CB6FFFFA8B5FFFF05B5FFFFBC
S21403B4D062B4FFFFC1B3FFFF1FB3FFFF7FB2FFFFDF
S21403B4E0DFB1FFFF41B1FFFFA2B0FFFF05B0FFFFD3
S21403B4F069AFFFFFCDAEFFFF32AEFFFF97ADFFFF95
S21403B500FEACFFFF65ACFFFFCDABFFFF36ABFFFF27
S21403B510A0AAFFFF0BAAFFFF76A9FFFFE3A8FFFF82
S21403B52050A8FFFFBEA7FFFF2CA7FFFF9CA6FFFFA9
S21403B5300DA6FFFF7EA5FFFFF0A4FFFF63A4FFFF9A
S21403B540D7A3FFFF4CA3FFFFC2A2FFFF39A2FFFF53
S21403B550B0A1FFFF29A1FFFFA2A0FFFF1DA0FFFFD1
S21403B560989FFFFF149FFFFF919EFFFF0F9EFFFF15
S21403B5708F9DFFFF0E9DFFFF8F9CFFFF119CFFFF1C
S21403B580949BFFFF189BFFFF9D9AFFFF239AFFFFE5
S21403B590A999FFFF3199FFFFBA98FFFF4398FFFF72
S21403B5A0CE97FFFF5A97FFFFE796FFFF7496FFFFBE
S21403B5B00396FFFF9395FFFF2495FFFFB694FFFFC7
S21403B5C04894FFFFDC93FFFF7193FFFF0793FFFF92
S21403B5D09E92FFFF3692FFFFD091FFFF6A91FFFF17
S21403B5E00591FFFFA190FFFF3F90FFFFDD8FFFFF59
S21403B5F07D8FFFFF1E8FFFFFBF8EFFFF628EFFFF55
S21403B600068EFFFFAB8DFFFF518DFFFFF98CFFFF0B
S21403B610A18CFFFF4B8CFFFFF58BFFFFA18BFFFF7A
S21403B6204E8BFFFFFC8AFFFFAB8AFFFF5B8AFFFFA1
S21403B6300C8AFFFFBF89FFFF7289FFFF2789FFFF81
S21403B640DD88FFFF9488FFFF4C88FFFF0688FFFF17
S21403B650C087FFFF7C87FFFF3987FFFFF786FFFF63
S21403B660B686FFFF7686FFFF3886FFFFFB85FFFF64
S21403B670BE85FFFF8385FFFF4A85FFFF1185FFFF1A
S21403B680DA84FFFFA384FFFF6E84FFFF3B84FFFF84
S21403B6900884FFFFD783FFFFA683FFFF7783FFFFA1
S21403B6A04983FFFF1D83FFFFF182FFFFC782FFFF72
S21403B6B09E82FFFF7682FFFF5082FFFF2A82FFFFF4
S21403B6C00682FFFFE381FFFFC181FFFFA181FFFF2A
S21403B6D08181FFFF6381FFFF4681FFFF2B81FFFF11
S21403B6E01081FFFFF780FFFFDF80FFFFC880FFFFAB
S21403B6F0B380FFFF9E80FFFF8B80FFFF7980FFFFF5
S21403B7006980FFFF5980FFFF4B80FFFF3E80FFFFEE
S21403B7103280FFFF2880FFFF1F80FFFF1780FFFF99
S21403B7201080FFFF0A80FFFF0680FFFF0380FFFFF6
S21403B7300180FFFF0080FFFF0180FFFF0380FFFF04
S21403B7400680FFFF0A80FFFF1080FFFF1780FFFFC2
S21403B7501F80FFFF2880FFFF3280FFFF3E80FFFF32
S21403B7604B80FFFF5980FFFF6980FFFF7980FFFF53
S21403B7708B80FFFF9E80FFFFB380FFFFC880FFFF25
S21403B780DF80FFFFF780FFFF1081FFFF2B81FFFFA6
S21403B7904681FFFF6381FFFF8181FFFFA181FFFFDA
S21403B7A0C181FFFFE381FFFF0682FFFF2A82FFFFBF
S21403B7B05082FFFF7682FFFF9E82FFFFC782FFFF56
S21403B7C0F182FFFF1D83FFFF4983FFFF7783FFFFA0
S21403B7D0A683FFFFD783FFFF0884FFFF3B84FFFF9B
S21403B7E06E84FFFFA384FFFFDA84FFFF1185FFFF4C
S21403B7F04A85FFFF8385FFFFBE85FFFFFB85FFFFAF
S21403B8003886FFFF7686FFFFB686FFFFF786FFFFC5
S21403B8103987FFFF7C87FFFFC087FFFF0688FFFF90
S21403B8204C88FFFF9488FFFFDD88FFFF2789FFFF13
S21403B8307289FFFFBF89FFFF0C8AFFFF5B8AFFFF4A
S21403B840AB8AFFFFFC8AFFFF4E8BFFFFA18BFFFF38
S21403B850F58BFFFF4B8CFFFFA18CFFFFF98CFFFFDF
S21403B860518DFFFFAB8DFFFF068EFFFF628EFFFF3E
S21403B870BF8EFFFF1E8FFFFF7D8FFFFFDD8FFFFF56
S21403B8803F90FFFFA190FFFF0591FFFF6A91FFFF27
S21403B890D091FFFF3692FFFF9E92FFFF0793FFFFB5
S21403B8A07193FFFFDC93FFFF4894FFFFB694FFFFFF
S21403B8B02495FFFF9395FFFF0396FFFF7496FFFF04
S21403B8C0E796FFFF5A97FFFFCE97FFFF4398FFFFCA
S21403B8D0BA98FFFF3199FFFFA999FFFF239AFFFF4D
S21403B8E09D9AFFFF189BFFFF949BFFFF119CFFFF92
S21403B8F08F9CFFFF0E9DFFFF8F9DFFFF0F9EFFFF99
S21403B900919EFFFF149FFFFF989FFFFF1DA0FFFF61
S21403B910A2A0FFFF29A1FFFFB0A1FFFF39A2FFFFEF
S21403B920C2A2FFFF4CA3FFFFD7A3FFFF63A4FFFF43
S21403B930F0A4FFFF7EA5FFFF0DA6FFFF9CA6FFFF5B
S21403B9402CA7FFFFBEA7FFFF50A8FFFFE3A8FFFF3C
S21403B95076A9FFFF0BAAFFFFA0AAFFFF36ABFFFFE8
S21403B960CDABFFFF65ACFFFFFEACFFFF97ADFFFF60
S21403B97032AEFFFFCDAEFFFF69AFFFFF05B0FFFF9F
S21403B980A2B0FFFF41B1FFFFDFB1FFFF7FB2FFFFB2
S21403B9901FB3FFFFC1B3FFFF62B4FFFF05B5FFFF91
S21403B9A0A8B5FFFF4CB6FFFFF1B6FFFF97B7FFFF43
S21403B9B03DB8FFFFE4B8FFFF8BB9FFFF33BAFFFFC5
S21403B9C0DCBAFFFF86BBFFFF30BCFFFFDBBCFFFF1D
S21403B9D086BDFFFF32BEFFFFDFBEFFFF8DBFFFFF4B
S21403B9E03BC0FFFFE9C0FFFF98C1FFFF48C2FFFF50
S21403B9F0F9C2FFFFAAC3FFFF5BC4FFFF0EC5FFFF2D
S21403BA00C0C5FFFF74C6FFFF28C7FFFFDCC7FFFFE5
S21403BA1091C8FFFF46C9FFFFFCC9FFFFB3CAFFFF7C
S21403BA206ACBFFFF22CCFFFFDACCFFFF92CDFFFFEE
S21403BA304BCEFFFF05CFFFFFBFCFFFFF79D0FFFF42
S21403BA4034D1FFFFEFD1FFFFABD2FFFF68D3FFFF79
S21403BA5024D4FFFFE1D4FFFF9FD5FFFF5DD6FFFF92
S21403BA601BD7FFFFDAD7FFFF99D8FFFF58D9FFFF91
S21403BA7018DAFFFFD8DAFFFF99DBFFFF5ADCFFFF78
S21403BA801BDDFFFFDDDDFFFF9FDEFFFF61DFFFFF47
S21403BA9024E0FFFFE7E0FFFFAAE1FFFF6DE2FFFF01
S21403BAA031E3FFFFF5E3FFFFB9E4FFFF7EE5FFFFAA
S21403BAB043E6FFFF08E7FFFFCDE7FFFF93E8FFFF3F
S21403BAC058E9FFFF1EEAFFFFE5EAFFFFABEBFFFFC8
S21403BAD072ECFFFF38EDFFFFFFEDFFFFC7EEFFFF42
S21403BAE08EEFFFFF55F0FFFF1DF1FFFFE5F1FFFFB0
S21403BAF0ADF2FFFF75F3FFFF3DF4FFFF05F5FFFF14
S21403BB00CDF5FFFF96F6FFFF5EF7FFFF27F8FFFF73
S21403BB10F0F8FFFFB9F9FFFF81FAFFFF4AFBFFFFCB
S21403BB2013FCFFFFDCFCFFFFA5FDFFFF6EFEFFFF20
S21403BB3037FFFFFF3802100001FFFFFF0600FFFF7D
S21403BB400000FF003902110101FFFFFF0601FFFF9E
S21403BB500001FF003A02120201FFFFFF0602FFFF89
S21403BB600002FF002E2E2F7573622F6465766963BD
S21403BB70652F75736264632E630000002E2E2F6894
S21403BB80616C2F7574696C732F7372632F75746988
S21403BB906C735F6C6973742E63000000DCBB030078
S21403BBA0CCBB0300ACBB0300BCBB03000402010117
S21403BBB000FF0BFFFFFFFFFFFFFFFF000302000076
S21403BBC000FF0AFFFFFFFFFFFFFFFF000502020261
S21403BBD000FF04FFFFFFFFFFFFFFFF000901040450
S21403BBE000FF06FFFFFFFFFFFFFFFF000000000050
S21403BBF00000000065700100957201006970010085
S21403BC006D7001008D730100A97301005D70010062
S21403BC109D9200007D720100457401000000000043
S21403BC2000000000E5740100F5740100E9740100EA
S21403BC30ED74010049770100F17401009992000048
S21403BC409D9200001D76010095760100000000001D
S21403BC5000000000917701006578010095770100E8
S21403BC6099770100017D0100AD7701005D70010049
S21403BC709D920000F57A0100417D010000380040E6
S21403BC80003C004000A0014100C0014100140042F6
S21403BC900018004200140043001800430000000090
S21403BCA000000000B57D01004D820100B97D010052
S21403BCB0BD7D0100817E0100BD7E01005D70010037
S21403BCC09D920000718001008581010000600141A2
S21403BCD000800141000C00420010004200100043A7
S21403BCE00000000000000000496C02000000000095
S21403BCF000000000A594010001950100A99401002D
S21403BD00AD94010071950100CD950100AD9501003C
S21403BD1075920000BD940100C1940100000000006C
S21403BD200000000091960100A1960100BDA5010048
S21403BD3019990100C59701009DCF0000B596010033
S21403BD40ED9601002D970100099701001997010050
S21403BD506D97010089960100A5CF0000319A010076
S21403BD60A1CF0000059C0100219B0100003000408C
S21403BD700034004000200141004001410000004320
S21403BD800004004300080043000C004300000000CA
S21403BD900000000091960100A19601008DAC010001
S21403BDA0E1AC01001DAB01009DCF0000B59601007C
S21403BDB0ED9601002D9701000997010019970100E0
S21403BDC06D97010089960100A5CF0000319A010006
S21403BDD0A1CF0000059C0100219B010071AA010070
S21403BDE039AB010081AA01008DAA01009DAA0100BA
S21403BDF025AE0100B1AA01002DAD0100BDAA0100C8
S21403BE00BCFEFFFF0000000079AA010085AC01001C
S21403BE1085AA010095AA0100A9AA0100D9AE0100CE
S21403BE20B5AA010075920000C1AA01001DAE01006B
S21403BE300000000000000000E1AE0100E5AE0100D6
S21403BE40F1AE0100F5AE010009AF010021AF01001C
S21403BE50F9AE010075920000FDAE010001AF0100CE
S21403BE60F0300020000000004000000030310020C9
S21403BE7000000000400000007031002000000000B9
S21403BE8040000000FFFFFFFF000000001C0004004E
S21403BE90B04B0020E83900208CBE030020BF03000F
S21403BEA014BF030008BF0300FCBE0300F0BE03007C
S21403BEB0E4BE0300D8BE0300CCBE0300C0BE03002E
S21403BEC0FC051000284D0020EC390020100010005F
S21403BED058AE0020F03900201000070078B4002088
S21403BEE0F439002018000F00ECAC0020F8390020CD
S21403BEF02000050040B00020FC3900201000100090
S21403BF00244C0020003A00201C0008005CAF0020F0
S21403BF10043A00209C00050068B10020083A00207F
S21403BF2020000400E4B000200C3A002004B50020F2
S21403BF3008B50020FCB400200CB5002003060C183E
S21403BF4030607800010203040506070707070707A2
S21403BF500700000080BF030088BF030090BF0300F4
S21403BF609CBF0300A8BF0300B4BF0300C0BF030009
S21403BF70CCBF0300D8BF0300E0BF0300ECBF030041
S21403BF80434C4F53454400004C495354454E000020
S21403BF9053594E5F53454E540000000053594E5FAD
S21403BFA0524356440000000045535441424C495303
S21403BFB04845440046494E5F574149545F310000A7
S21403BFC046494E5F574149545F320000434C4F5336
S21403BFD0455F574149540000434C4F53494E470071
S21403BFE04C4153545F41434B0000000054494D45B8
S21403BFF05F57414954000000FA0000006D2202001A
S21403C000E8030000B5650200E803000011F801002C
S21403C01060EA000049E50100F40100001DE70100A5
S21403C02064000000ED5B0200E803000039D1010064
S21403C03007000000FFFFFFFFFFFF000000000000F7
S21403C04000000000000092012403B6044806D90746
S21403C0506B09FB0A8C0C1C0EAB0F3A11C812551455
S21403C060E2156E17F918831A0C1C931D1A1F9F20CE
S21403C0702422A7232825A8262728A4291F2B992C62
S21403C080112E872FFC306E32DF334E35BA36253805
S21403C0908D39F33A573CB83D173F7440CE4126439B
S21403C0A07B44CD451D476A48B449FB4A404C814D05
S21403C0B0C04EFB4F345169529B53CA54F6551E5714
S21403C0C043586459825A9D5BB45CC85DD75EE45F8F
S21403C0D0EC60F161F262EF63E964DE65D066BD672A
S21403C0E0A7688C696E6A4B6B246CF96CCA6D976E85
S21403C0F05F6F2370E3709E7155720873B673607436
S21403C1000575A6754276D9766C77FB7785780A79B6
S21403C1108A79067A7D7AEF7A5D7BC67B2A7C897C70
S21403C120E47C3A7D8A7DD67D1E7E607E9D7ED67EAD
S21403C1300A7F387F627F877FA77FC27FD97FEA7FA8
S21403C140F67FFE7FFF7FFE7FF67FEA7FD97FC27F83
S21403C150A77F877F627F387F0A7FD67E9D7E607E3D
S21403C1601E7ED67D8A7D3A7DE47C897C2A7CC67BCE
S21403C1705D7BEF7A7D7A067A8A790A798578FB770A
S21403C1806C77D9764276A67505756074B6730873B0
S21403C19055729E71E37023705F6F976ECA6DF96C6C
S21403C1A0246C4B6B6E6A8C69A768BD67D066DE65C8
S21403C1B0E964EF63F262F161EC60E45FD75EC85D49
S21403C1C0B45C9D5B825A645943581E57F655CA544D
S21403C1D09B5369523451FB4FC04E814D404CFB4A32
S21403C1E0B4496A481D47CD457B442643CE41744037
S21403C1F0173FB83D573CF33A8D392538BA364E3596
S21403C200DF336E32FC30872F112E992C1F2BA42977
S21403C2102728A8262825A72324229F201A1F931DF4
S21403C2200C1C831AF9186E17E2155514C8123A1126
S21403C230AB0F1C0E8C0CFB0A6B09D9074806B60419
S21403C2402403920100006EFEDCFC4AFBB8F927F8D3
S21403C25095F605F574F3E4F155F0C6EE38EDABEB61
S21403C2601EEA92E807E77DE5F4E36DE2E6E061DFC8
S21403C270DCDD59DCD8DA58D9D9D75CD6E1D467D314
S21403C280EFD179D004CF92CD21CCB2CA46C9DBC751
S21403C29073C60DC5A9C348C2E9C08CBF32BEDABC9B
S21403C2A085BB33BAE3B896B74CB605B5C0B37FB211
S21403C2B040B105B0CCAE97AD65AC36AB0AAAE2A8E2
S21403C2C0BDA79CA67EA563A44CA338A229A11CA047
S21403C2D0149F0F9E0E9D119C179B229A309943988C
S21403C2E0599774969295B594DC9307933692699111
S21403C2F0A190DD8F1D8F628EAB8DF88C4A8CA08B40
S21403C300FB8A5A8ABE892789948805887B87F6869E
S21403C3107686FA8583851185A3843A84D6837783C4
S21403C3201C83C68276822A82E281A08163812A8167
S21403C330F680C8809E80798059803E80278016804C
S21403C3400A800280008002800A80168027803E8052
S21403C350598079809E80C880F6802A816381A08177
S21403C360E2812A827682C6821C837783D6833A84C6
S21403C370A38411858385FA857686F6867B8705886A
S21403C38094882789BE895A8AFB8AA08B4A8CF88CA4
S21403C390AB8D628E1D8FDD8FA190699136920793C8
S21403C3A0DC93B59492957496599743983099229A4C
S21403C3B0179B119C0E9D0F9E149F1CA029A138A2AB
S21403C3C04CA363A47EA59CA6BDA7E2A80AAA36AB87
S21403C3D065AC97ADCCAE05B040B17FB2C0B305B582
S21403C3E04CB696B7E3B833BA85BBDABC32BE8CBF5D
S21403C3F0E9C048C2A9C30DC573C6DBC746C9B2CADE
S21403C40021CC92CD04CF79D0EFD167D3E1D45CD6DB
S21403C410D9D758D9D8DA59DCDCDD61DFE6E06DE23E
S21403C420F4E37DE507E792E81EEAABEB38EDC6EEEC
S21403C43055F0E4F174F305F595F627F8B8F94AFBD9
S21403C440DCFC6EFE00000000707572652076697273
S21403C4507475616C206D6574686F642063616C6CC1
S21403C46065640A007374643A3A6261645F616C6C73
S21403C4706F63000094C5030080C40300D4C40300A4
S21403C4805374396261645F616C6C6F630000000013
S21403C4900000000074C40300656C0200796C02009F
S21403C4A05D6C02007374643A3A6261645F65786334
S21403C4B0657074696F6E000008C60300DCC4030071
S21403C4C008C60300FCC4030094C5030020C503008C
S21403C4D0D4C4030008C6030034C503004E31305FDE
S21403C4E05F637878616269763131355F5F666F7254
S21403C4F06365645F756E77696E6445004E31305FC1
S21403C5005F637878616269763131395F5F666F722F
S21403C5106569676E5F657863657074696F6E4500FD
S21403C520537431336261645F657863657074696FF1
S21403C5306E000000537439657863657074696F6EB6
S21403C5400000000000000000C8C40300F16D0200F4
S21403C550FD6D0200F56D020094C5030064C503007B
S21403C560D0C503004E31305F5F63787861626976C9
S21403C5703132305F5F73695F636C6173735F7479C5
S21403C58070655F696E666F4500000000000000007E
S21403C59058C50300C56F0200D96F0200F170020090
S21403C5A0F1700200AD71020021710200C170020039
S21403C5B031700200F56F020008C60300C0C5030011
S21403C5C0537439747970655F696E666F0000000096
S21403C5D094C50300DCC50300B8C503004E31305FC5
S21403C5E05F637878616269763131375F5F636C6168
S21403C5F073735F747970655F696E666F45000000DC
S21403C60000000000D0C503006571020079710200C6
S21403C610F1700200F1700200AD7102002171020098
S21403C62095710200D9710200597102007465726D2A
S21403C630696E6174652063616C6C65642072656302
S21403C6407572736976656C790A0000007465726D9D
S21403C650696E6174652063616C6C656420616674E1
S21403C6606572207468726F77696E6720616E2069E1
S21403C6706E7374616E6365206F662027000000008A
S21403C680270A00007465726D696E617465206361C4
S21403C6906C6C656420776974686F757420616E20AE
S21403C6A061637469766520657863657074696F6E17
S21403C6B00A00000020207768617428293A202000A9
S21403C6C074000000A4CE030003000000A4CE030001
S21403C6D003000000000000000000000061000000EE
S21403C6E0ACD103000E000000ACD103000E00000026
S21403C6F0BCD103000900000062000000C8D103009B
S21403C70011000000C8D1030011000000DCD10300B3
S21403C7100C00000073000000ECD103000B000000C7
S21403C720F8D1030046000000DCD103000C00000033
S21403C7306900000040D203000C00000050D2030042
S21403C7403100000084D203000D0000006F000000DB
S21403C75094D203000C000000A4D2030031000000B2
S21403C760D8D203000D00000064000000E8D20300E6
S21403C7700D000000F8D20300320000002CD30300A3
S21403C7800E00000034D503000B00000034D5030070
S21403C7900B0000000000000040D50300040000006A
S21403C7A048D50300070000000700000050D503002B
S21403C7B00400000058D50300040000000000000039
S21403C7C060D503000600000060D5030006000000E5
S21403C7D00800000068D503000B00000068D50300BE
S21403C7E00B0000000800000074D5030005000000DD
S21403C7F074D5030005000000080000007CD5030084
S21403C8000A0000007CD503000A00000008000000B0
S21403C81088D503000D00000088D503000D00000036
S21403C8200000000098D503000300000098D503001D
S21403C83003000000010000009CD503000C0000006C
S21403C840ACD5030008000000020000000000000052
S21403C85000000000000000000000000000000000D0
S21403C860B8D5030004000000B8D503000400000098
S21403C87003000000C0D503000D000000C0D5030070
S21403C8800D00000004000000D0D5030008000000DF
S21403C890D0D503000800000000000000DCD503002C
S21403C8A011000000DCD503001100000000000000AA
S21403C8B00000000000000000000000000000000070
S21403C8C00000000000000000000000000000000060
S21403C8D00000000000000000000000000000000050
S21403C8E0000000000000000000000000F0D5030078
S21403C8F005000000F0D5030005000000000000005E
S21403C900F8D503000E000000F8D503000E00000063
S21403C910000000000000000000000000000000000F
S21403C920000000000000000008D60300040000001A
S21403C93008D60300040000000900000010D6030018
S21403C9400700000050D503000400000000000000AC
S21403C95018D6030009000000B8D503000400000041
S21403C9600500000024D603001200000024D60300AE
S21403C9701200000006000000B8D003000300000009
S21403C980B8D00300030000000000000038D6030000
S21403C9900900000038D6030009000000000000006C
S21403C9A044D603000900000044D603000900000033
S21403C9B00000000050D603000A00000050D6030013
S21403C9C00A000000000000005CD60300040000001C
S21403C9D05CD60300040000000800000064D60300D1
S21403C9E00800000064D603000800000000000000F2
S21403C9F070D603000800000070D60300080000008D
S21403CA00000000007CD60300110000007CD6030063
S21403CA1011000000000000003CD3030040D30300D5
S21403CA20020000000200000044D3030048D30300C2
S21403CA3001000000020000004CD3030070D1030085
S21403CA40020000000200000074D0030050D303006D
S21403CA50010000000100000054D3030050D303007C
S21403CA60010000000200000058D303005CD303005B
S21403CA70080000000100000068D303005CD3030035
S21403CA8008000000010000006CD3030070D303000D
S21403CA900A0000000200000084CE03007CD30300DB
S21403CAA0020000000200000080D3030084D30300CA
S21403CAB0010000000200000088D303008CD30300AB
S21403CAC0010000000100000090D3030094D303008C
S21403CAD0020000000200000098D303009CD303006A
S21403CAE00900000001000000A8D30300ACD3030034
S21403CAF00C00000002000000BCD30300C0D30300F8
S21403CB000100000001000000C4D30300C8D30300E3
S21403CB100700000001000000D0D30300D4D30300B5
S21403CB20020000000200000088CE0300FCD40300CD
S21403CB300100000002000000D8D30300DCD303008A
S21403CB400100000002000000E0D30300E4D303006A
S21403CB500200000002000000E8D30300ECD3030049
S21403CB600100000002000000F0D30300F4D303002A
S21403CB700200000002000000F8D30300B8D0030050
S21403CB800300000003000000FCD30300B8D003003A
S21403CB90030000000300000000D40300B8D0030025
S21403CBA0030000000200000004D40300B8D0030012
S21403CBB0030000000200000008D403000CD40300A6
S21403CBC0020000000200000078D00300CCCE030071
S21403CBD0020000000100000010D4030080D203000E
S21403CBE0010000000200000080D00300ECCE03002A
S21403CBF0020000000200000014D4030018D403004F
S21403CC00030000000200000034A303001CD403004A
S21403CC100200000002000000C0CE030020D4030080
S21403CC200B000000010000002CD4030030D40300E6
S21403CC30020000000200000034D4030038D40300CE
S21403CC4001000000020000003CD4030040D40300AF
S21403CC50020000000200000044D4030048D403008E
S21403CC6002000000020000004CD4030050D403006E
S21403CC70010000000200000054D40300C0D30300E8
S21403CC800100000002000000249F030058D40300A4
S21403CC9002000000010000005CD4030060D403001F
S21403CCA0050000000300000068D403006CD40300F2
S21403CCB0020000000200000034D6030050D4030034
S21403CCC0010000000100000070D4030074D40300C8
S21403CCD0010000000100000078D403007CD40300A8
S21403CCE0030000000300000080D4030084D4030084
S21403CCF0020000000200000088D403008CD4030066
S21403CD000200000002000000B8D1030090D4030024
S21403CD10010000000200000094D4030098D403002E
S21403CD2002000000020000009CD40300A0D403000D
S21403CD300100000002000000A4D40300A8D40300EE
S21403CD400300000002000000ACD40300B0D40300CC
S21403CD500200000001000000B4D40300A0D40300C6
S21403CD6001000000010000008CCE0300B8D40300CD
S21403CD70020000000200000090CE03001CA4030083
S21403CD800100000003000000BCD40300C0D403006D
S21403CD900200000002000000C4D40300C8D403004D
S21403CDA00300000002000000CCD40300D0D403002C
S21403CDB01000000002000000E4D40300E8D40300DF
S21403CDC00100000002000000ECD40300F0D40300CE
S21403CDD0020000000200000080CE0300F4D403002B
S21403CDE0090000000100000038D10300F4D403005A
S21403CDF0090000000100000000D5030004D503006D
S21403CE000B0000000200000078D3030010D50300D7
S21403CE10070000000100000018D5030010D503002A
S21403CE2007000000010000001CD5030020D5030006
S21403CE30050000000000000028D503002CD50300E1
S21403CE4006000000010000000000000000000000D3
S21403CE5000000000000000005F474C4F42414C5F5B
S21403CE600000000028616E6F6E796D6F7573206E1B
S21403CE70616D6573706163652900000025640000B9
S21403CE8073500000636C000064740000707400004C
S21403CE9071750000737472696E67206C69746572CD
S21403CEA0616C0000737464006175746F00000000A9
S21403CEB06465636C74797065286175746F29000006
S21403CEC06C6900005B6162693A0000003A3A000050
S21403CED07B64656661756C7420617267230000006D
S21403CEE07D3A3A004A417272617900005B5D000048
S21403CEF06175746F3A000000767461626C65206633
S21403CF006F72200056545420666F72200000000093
S21403CF10636F6E737472756374696F6E2076746173
S21403CF20626C6520666F7220000000002D696E2D0E
S21403CF300000000074797065696E666F20666F7214
S21403CF402000000074797065696E666F206E616DEF
S21403CF506520666F7220000074797065696E666F6F
S21403CF6020666E20666F7220000000006E6F6E2DC6
S21403CF707669727475616C207468756E6B20746F55
S21403CF8020000000636F76617269616E74207265BB
S21403CF907475726E207468756E6B20746F20000053
S21403CFA06A61766120436C61737320666F7220003A
S21403CFB06775617264207661726961626C6520666A
S21403CFC06F722000544C5320696E69742066756E28
S21403CFD06374696F6E20666F72200000544C532092
S21403CFE0777261707065722066756E6374696F6EB2
S21403CFF020666F72200000007265666572656E6358
S21403D000652074656D706F7261727920230000006D
S21403D01068696464656E20616C69617320666F720B
S21403D020200000006E6F6E2D7472616E7361637400
S21403D030696F6E20636C6F6E6520666F72200000EA
S21403D0405F536174200000005F416363756D0000E9
S21403D0505F467261637400002C2000006F70657277
S21403D06061746F72000000006F70657261746F7296
S21403D0702000000061640000677300003E28000083
S21403D08069780000203A20006E65772000000000D3
S21403D090756C00006C6C0000756C6C006A617661E0
S21403D0A0207265736F757263652000006465636C38
S21403D0B074797065202800002E2E2E00746869731C
S21403D0C0000000007B7061726D230000676C6F6266
S21403D0D0616C20636F6E7374727563746F72732002
S21403D0E06B6579656420746F20000000676C6F625F
S21403D0F0616C2064657374727563746F7273206BEE
S21403D1006579656420746F20000000007B6C616D98
S21403D1106264612800000000292300007B756E6EA0
S21403D120616D65642074797065230000205B636C11
S21403D1306F6E652000000000735A0000207265734E
S21403D140747269637400000020766F6C6174696C96
S21403D1506500000020636F6E7374000020747261B4
S21403D1606E73616374696F6E5F736166650000005A
S21403D17026260000636F6D706C6578200000000043
S21403D180696D6167696E6172792000003A3A2A0018
S21403D190205F5F766563746F72280000282E2E2E3C
S21403D1A0000000002E2E2E29000000007374643A3F
S21403D1B03A616C6C6F6361746F720000616C6C6FC4
S21403D1C06361746F720000007374643A3A62617349
S21403D1D069635F737472696E6700000062617369E6
S21403D1E0635F737472696E67000000007374643A59
S21403D1F03A737472696E67007374643A3A62617361
S21403D20069635F737472696E673C636861722C202E
S21403D2107374643A3A636861725F747261697473B3
S21403D2203C636861723E2C207374643A3A616C6C9A
S21403D2306F6361746F723C636861723E203E0000E8
S21403D2407374643A3A6973747265616D0000000022
S21403D2507374643A3A62617369635F69737472657F
S21403D260616D3C636861722C207374643A3A636838
S21403D27061725F7472616974733C636861723E20A5
S21403D2803E00000062617369635F6973747265616F
S21403D2906D0000007374643A3A6F73747265616D5F
S21403D2A0000000007374643A3A62617369635F6FE7
S21403D2B073747265616D3C636861722C2073746469
S21403D2C03A3A636861725F7472616974733C636847
S21403D2D061723E203E00000062617369635F6F7394
S21403D2E0747265616D0000007374643A3A696F7313
S21403D2F0747265616D0000007374643A3A62617318
S21403D30069635F696F73747265616D3C63686172AC
S21403D3102C207374643A3A636861725F747261694D
S21403D32074733C636861723E203E000062617369F9
S21403D330635F696F73747265616D0000614E000010
S21403D340263D0000615300003D00000061610000BF
S21403D35026000000616E000061740000616C69675E
S21403D3606E6F662000000000617A000063630000B1
S21403D370636F6E73745F6361737400002829000023
S21403D380636D00002C000000636F00007E00000049
S21403D390645600002F3D00006461000064656C6500
S21403D3A074655B5D200000006463000064796E6151
S21403D3B06D69635F63617374000000006465000059
S21403D3C02A000000646C000064656C6574652000C8
S21403D3D0647300002E2A0000647600002F0000000D
S21403D3E0654F00005E3D0000656F00005E000000B4
S21403D3F0657100003D3D0000664C0000665200006B
S21403D400666C000066720000676500003E3D000023
S21403D410677400006C5300003C3C3D003C3D00003C
S21403D4206F70657261746F72222220006C73000045
S21403D4303C3C00006C7400003C0000006D4900009A
S21403D4402D3D00006D4C00002A3D00006D69000074
S21403D4502D0000006D6C00002D2D00006E61000095
S21403D4606E65775B5D0000006E650000213D000081
S21403D4706E740000210000006E7700006E65770072
S21403D4806F5200007C3D00006F6F00007C7C000044
S21403D4907C000000704C00002B3D0000706C000008
S21403D4A02B000000706D00002D3E2A0070700000F7
S21403D4B02B2B0000707300002D3E0000724D000001
S21403D4C0253D0000725300003E3E3D00726300009F
S21403D4D07265696E746572707265745F6361737486
S21403D4E000000000726D000025000000727300004B
S21403D4F03E3E000073697A656F662E2E2E0000008E
S21403D500736300007374617469635F6361737400AB
S21403D51073697A656F662000737A00007472000080
S21403D5207468726F77000000747700007468726F17
S21403D530772000007369676E656420636861720014
S21403D540626F6F6C00000000626F6F6C65616E0047
S21403D5506368617200000000627974650000000071
S21403D560646F75626C6500006C6F6E6720646F7520
S21403D570626C6500666C6F61740000005F5F666CCA
S21403D5806F61743132380000756E7369676E656457
S21403D5902063686172000000696E7400756E7369BB
S21403D5A0676E656420696E7400000000756E7369AB
S21403D5B0676E6564000000006C6F6E670000000015
S21403D5C0756E7369676E6564206C6F6E6700000026
S21403D5D05F5F696E7431323800000000756E7369E0
S21403D5E0676E6564205F5F696E74313238000000D1
S21403D5F073686F7274000000756E7369676E656496
S21403D6002073686F72740000766F69640000000010
S21403D61077636861725F74006C6F6E67206C6F6E01
S21403D62067000000756E7369676E6564206C6F6EC5
S21403D63067206C6F6E670000646563696D616C33A9
S21403D64032000000646563696D616C363400000067
S21403D650646563696D616C313238000068616C66BD
S21403D660000000006368617231365F7400000000DA
S21403D6706368617233325F74000000006465636C34
S21403D68074797065286E756C6C707472290000006E
S21403D6907371727400000000706F776600000000FC
S21403D6A07371727466000000FB21F93FFB21094089
S21403D6B07CD91240FB2119407A6A1F407CD922404C
S21403D6C0BBFD2540FB2129403A462C407A6A2F4071
S21403D6D05C4731407CD932409C6B3440BBFD3540BF
S21403D6E0DB8F3740FB2139401BB43A403A463C4077
S21403D6F05AD83D407A6A3F404C7E40405C474140A2
S21403D7006C1042407CD942408CA243409C6B444000
S21403D710AC344540BBFD4540CBC64640DB8F474057
S21403D720EB584840FB21494083F9A200444E6E0063
S21403D730FC291500D1572700DD34F50062DBC00055
S21403D7403C999500419043006351FE00BBDEAB005D
S21403D750B761C5003A6E2400D24D42004906E00088
S21403D76009EA2E001C92D100EB1DFE0029B11C0015
S21403D770E83EA700F535820044BB2E009CE98400F2
S21403D780B4267000417E5F00D6913900538339007A
S21403D7909CF439008B5F840028F9BD00F81F3B001A
S21403D7A0DEFF97000F980500112FEF000A5A8B0033
S21403D7B06D1F6D00CF7E360009CB2700464FB7009E
S21403D7C09E663F002DEA5F00BA277500E5EBC700AB
S21403D7D03D7BF100F739070092528A00FB6BEA00A3
S21403D7E01FB15F00085D8D00300356007BFC4600CA
S21403D7F0F0AB6B0020BCCF0036F49A00E3A91D0003
S21403D8005E619100081BE60085996500A0145F0021
S21403D8108D40680080D8FF0027734D000606310050
S21403D820CA561500C9A873007BE260006B8CC00063
S21403D83000000040FB21F93F000000002D44743E29
S21403D840000000809846F83C0000006051CC783B0E
S21403D85000000080831BF0390000004020257A3842
S21403D860000000802282E336000000001DF36935C5
S21403D8700200000003000000040000000600000091
S21403D8804FBB610567ACDD3F182D4454FB21E93FD0
S21403D8909BF681D20B73EF3F182D4454FB21F93FBF
S21403D8A0E2652F227F2B7A3C075C143326A6813C45
S21403D8B0BDCBF07A8807703C075C143326A6913CF0
S21403D8C0000000000000304300000000000030C3EA
S21403D8D02801002043000000504F53495800000021
S21403D8E06E660000696E69747900000035000000FA
S21403D8F0CEFBFFFFCB03000001000000000000008A
S21403D90034000000CEFBFFFFCB0300000100000045
S21403D9100000000000000000BC89D897B2D29C3CEF
S21403D92033A7A8D523F649393DA7F444FD0FA532FE
S21403D9309D978CCF08BA5B25436FAC6428066811A5
S21403D940494E4600696E66004E414E006E616E009B
S21403D950303132333435363738394142434445461D
S21403D96000000000303132333435363738396162DF
S21403D9706364656600000000286E756C6C29000001
S21403D98030000000202020202020202020202020DF
S21403D99020202020303030303030303030303030BF
S21403D9A0303030300020202020202020202028283F
S21403D9B02828282020202020202020202020202047
S21403D9C02020202020881010101010101010101087
S21403D9D010101010100404040404040404040410B7
S21403D9E01010101010104141414141410101010145
S21403D9F0010101010101010101010101010101010F
S21403DA00101010101010424242424242020202021A
S21403DA1002020202020202020202020202020202DE
S21403DA20101010102000000000000000000000008E
S21403DA3000000000000000000000000000000000DE
S21403DA4000000000000000000000000000000000CE
S21403DA5000000000000000000000000000000000BE
S21403DA6000000000000000000000000000000000AE
S21403DA70000000000000000000000000000000009E
S21403DA80000000000000000000000000000000008E
S21403DA90000000000000000000000000000000007E
S21403DAA00000000000000000496E66696E69747924
S21403DAB0000000004E614E00000000000000000061
S21403DAC0000000000000000000000000000000004E
S21403DAD0000000000000000000000000000000003E
S21403DAE00000000000000000101112131415161792
S21403DAF01819000000000000001A1B1C1D1E1F0042
S21403DB00000000000000000000000000000000000D
S21403DB100000000000000000001A1B1C1D1E1F0052
S21403DB2000000000000000000000000000000000ED
S21403DB3000000000000000000000000000000000DD
S21403DB4000000000000000000000000000000000CD
S21403DB5000000000000000000000000000000000BD
S21403DB6000000000000000000000000000000000AD
S21403DB70000000000000000000000000000000009D
S21403DB80000000000000000000000000000000008D
S21403DB90000000000000000000000000000000007D
S21403DBA0000000000000000000000000000000006D
S21403DBB000000000000000000080E03779C3414306
S21403DBC0176E05B5B5B89346F5F93FE9034F384DDB
S21403DBD0321D30F94877825A3CBF737FDD4F157587
S21403DBE0000000000000F03F00000000000024409A
S21403DBF000000000000059400000000000408F4075
S21403DC00000000000088C34000000000006AF840DF
S21403DC100000000080842E4100000000D012634103
S21403DC200000000084D797410000000065CDCD4179
S21403DC30000000205FA00242000000E8764837425A
S21403DC40000000A2941A6D42000040E59C30A242F8
S21403DC500000901EC4BCD64200003426F56B0C436D
S21403DC600080E03779C3414300A0D8855734764314
S21403DC7000C84E676DC1AB43003D9160E458E14375
S21403DC80408CB5781DAF154450EFE2D6E41A4B44EA
S21403DC9092D54D06CFF08044F64AE1C7022DB5442F
S21403DCA0B49DD9794378EA440500000019000000C2
S20C03DCB07D00000000000000E7
S21403DCB808B10181B0B0008400000000DD9AFE7F41
S21403DCC88408B101B0B0B000FF1019010C020608B1
S21403DCD8010C0410051C0A000001007F00007D00EB
S21403DCE8000000000000000008B10181B0B0008405
S21403DCF80000000008B10181B0B0008400000000F5
S21403DD08999AFE7FB0AF0400FF101D011224043A4F
S21403DD18012E0432017850C80100D0010400000126
S21403DD280000000000000000719AFE7FA908B100F9
S21403DD38FFFF010008B10181B0B0008400000000B5
S21403DD48599AFE7FB0AF1600FF1015010B20CA08BC
S21403DD580000A60904B00901010000000000000045
S21403DD68399AFE7FB0AA0100FF1029011834300043
S21403DD78006804940103721A0000B00118E2010057
S21403DD88CC012600000200017D0000000000000010
S21403DD983CE7FFFF08B10181B0B000840000000033
S21003DDA808B10181B0B000840000000048
S21403DDB4588EFE7FB0B0A8808C8EFE7FF8FEFF7F61
S21403DDC4988EFE7F010000004090FE7FF4FEFF7FE6
S21403DDD46090FE7F010000006C90FE7F10FFFF7FC3
S21403DDE46C90FE7F14FFFF7F7890FE7F0100000097
S21403DDF49090FE7FB0B0A880CC90FE7FAB08B18035
S21403DE044091FE7FB0B0A880A891FE7F0100000079
S21403DE14AC92FE7FB0B0AC80D092FE7F01000000CF
S21403DE24FC92FE7FB0AA03802C93FE7F01000000C1
S21403DE34F493FE7FB0AB0280A494FE7F010000003F
S21403DE44CC95FE7FC0FEFF7FA496FE7FE0FEFF7F99
S21403DE541897FE7F01000000AC97FE7FAB08B180E5
S21403DE646498FE7FD4FEFF7F9C98FE7FAB08B18048
S21403DE742C99FE7FD0FEFF7FDC9DFE7FE8FEFF7FAE
S21403DE84E49EFE7F01000000F841FF7FB0A90280F4
S21403DE949042FF7FB0B0A880E042FF7F01000000FD
S21403DEA4EC42FF7FB0B0AA802443FF7FAE71B280FA
S21403DEB4F443FF7F01000000F043FF7FAB3F38804D
S21403DEC44844FF7F010000005444FF7FB0B0AA809B
S21403DED49044FF7F010000004445FF7FAB0EB280F1
S21403DEE4AC45FF7FB0AF0A807448FF7F0100000093
S21403DEF47848FF7FAB3F0480B84AFF7F01000000E9
S21403DF04944CFF7F00840480A84CFF7F010000002C
S21403DF14A44CFF7FB0AD04806C4FFF7FB0A8038092
S21403DF248C4FFF7F74FEFF7F904FFF7F78FEFF7F4B
S20C03DF349C4FFF7F0100000073
S21403DF3C030000007869000090D0030090D0030023
S21403DF4C0000000000407F40010000002400002079
S21403DF5CFB000020120100020200004090282280E1
S21403DF6C0001010203010902430002010080FA09C1
S21403DF7C0400000102020000052400011005240120
S21403DF8C010004240202052406000107058203404F
S21403DF9C000A09040100020A0000000705010240FA
S21403DFAC000007058102400000040309041A035409
S21403DFBC0065006B006E00690063002C00200049AE
S21403DFCC006E0063002E002203540065006B006E87
S21403DFDC0069006300200043006C0065006100725A
S21403DFEC0043006F007200650042033100320033B9
S21403DFFC0034003500360037003800390041004243
S21403E00C0043004400450046003000310032003324
S21403E01C0034003500360037003800390041004222
S21403E02C004300440045004600300000000E27075E
S21403E03C00000000A157010000C000006E1900008C
S21403E04C00C00000356E0200597C0200010000007F
S21403E05C280100200000000000000000140400202B
S21403E06C7C040020E40400200000000000000000F4
S21403E07C000000000000000000000000000000008C
S21403E08C000000000000000000000000000000007C
S21403E09C000000000000000000000000000000006C
S21403E0AC000000000000000000000000000000005C
S21403E0BC000000000000000000000000000000004C
S21403E0CC000000000000000000000000000000003C
S21403E0DC000000000000000000000000000000002C
S21403E0EC000000000000000000000000000000001C
S21403E0FC000000000000000000000000000000000C
S21403E10C01000000000000000E33CDAB34126DE6A8
S21403E11CECDE05000B000000000000000000000011
S21403E12C00000000000000000000000000000000DB
S21403E13C00000000000000000000000000000000CB
S21403E14C00000000000000000000000000000000BB
S21403E15C00000000000000000000000000000000AB
S21403E16C000000000000000000000000000000009B
S21403E17C000000000000000000000000000000008B
S21403E18C000000000000000000000000000000007B
S21403E19C000000000000000000000000000000006B
S21403E1AC000000000000000000000000000000005B
S21403E1BC000000000000000000000000000000004B
S21403E1CC000000000000000000000000000000003B
S21403E1DC000000000000000000000000000000002B
S21403E1EC000000000000000000000000000000001B
S21403E1FC000000000000000000000000000000000B
S21403E20C00000000000000000000000000000000FA
S21403E21C00000000000000000000000000000000EA
S21403E22C00000000000000000000000000000000DA
S21403E23C00000000000000000000000000000000CA
S21403E24C00000000000000000000000000000000BA
S21403E25C00000000000000000000000000000000AA
S21403E26C000000000000000000000000000000009A
S21403E27C000000000000000000000000000000008A
S21403E28C000000000000000000000000000000007A
S21403E29C000000000000000000000000000000006A
S21403E2AC000000000000000000000000000000005A
S21403E2BC000000000000000000000000000000004A
S21403E2CC000000000000000000000000000000003A
S21403E2DC000000000000000000000000000000002A
S21403E2EC000000000000000000000000000000001A
S21403E2FC000000000000000000000000000000000A
S21403E30C00000000000000000000000000000000F9
S21403E31C00000000000000000000000000000000E9
S21403E32C00000000000000000000000000000000D9
S21403E33C00000000000000000000000000000000C9
S21403E34C00000000000000000000000000000000B9
S21403E35C00000000000000000000000000000000A9
S21403E36C0000000000000000000000000000000099
S21403E37C0000000000000000000000000000000089
S21403E38C0000000000000000000000000000000079
S21403E39C0000000000000000000000000000000069
S21403E3AC0000000000000000000000000000000059
S21403E3BC0000000000000000000000000000000049
S21403E3CC0000000000000000000000000000000039
S21403E3DC0000000000000000000000000000000029
S21403E3EC0000000000000000000000000000000019
S21403E3FC0000000000000000000000000000000009
S21403E40C00000000000000000000000000000000F8
S21403E41C00000000000000000000000000000000E8
S21403E42C00000000000000000000000000000000D8
S21403E43C00000000000000000000000000000000C8
S21403E44C00000000000000000000000000000000B8
S21403E45C00000000000000000000000000000000A8
S21403E46C0000000000000000000000000000000098
S21403E47C0000000000000000000000000000000088
S21403E48C4300000000000000000000000000000035
S21403E49C0000000000000000000000000000000068
S21403E4AC4300000000000000000000000000000015
S21403E4BC0000000000000000000000000000000048
S21403E4CC43000000000000000000000000000000F5
S21403E4DC0000000000000000000000000000000028
S21403E4EC43000000000000000000000000000000D5
S21403E4FC0000000000000000000000000000000008
S21403E50C43000000000000000000000000000000B4
S21403E51C00000000000000000000000000000000E7
S21403E52C4300000000000000000000000000000094
S21403E53C00000000000000000000000000000000C7
S21403E54C4300000000000000000000000000000074
S21403E55C00000000000000000000000000000000A7
S21403E56C4D6D0300FD39030000000000A4D9030021
S21403E57CFCD4030034D1030034D1030034D103009C
S21403E58C34D1030034D1030034D1030034D1030057
S21403E59C34D1030034D10300FFFFFFFFFFFFFFFF5F
S21403E5ACFFFFFFFFFFFF00000100415343494900F3
S21403E5BC0000000000000000000000000000000047
S21403E5CC00000000000000000000415343494900CE
S21403E5DC0000000000000000000000000000000027
S21403E5EC0000000000000000000000000000000017
S21403E5FC00000000BC060020BC060020C406002059
S21403E60CC4060020CC060020CC060020D40600202E
S21403E61CD4060020DC060020DC060020E4060020DE
S21403E62CE4060020EC060020EC060020F40600208E
S21403E63CF4060020FC060020FC060020040700203D
S21403E64C040700200C0700200C07002014070020EA
S21403E65C140700201C0700201C070020240700209A
S21403E66C240700202C0700202C070020340700204A
S21403E67C340700203C0700203C07002044070020FA
S21403E68C440700204C0700204C07002054070020AA
S21403E69C540700205C0700205C070020640700205A
S21403E6AC640700206C0700206C070020740700200A
S21403E6BC740700207C0700207C07002084070020BA
S21403E6CC840700208C0700208C070020940700206A
S21403E6DC940700209C0700209C070020A40700201A
S21403E6ECA4070020AC070020AC070020B4070020CA
S21403E6FCB4070020BC070020BC070020C40700207A
S21403E70CC4070020CC070020CC070020D407002029
S21403E71CD4070020DC070020DC070020E4070020D9
S21403E72CE4070020EC070020EC070020F407002089
S21403E73CF4070020FC070020FC0700200408002038
S21403E74C040800200C0800200C08002014080020E5
S21403E75C140800201C0800201C0800202408002095
S21403E76C240800202C0800202C0800203408002045
S21403E77C340800203C0800203C08002044080020F5
S21403E78C440800204C0800204C08002054080020A5
S21403E79C540800205C0800205C0800206408002055
S21403E7AC640800206C0800206C0800207408002005
S21403E7BC740800207C0800207C08002084080020B5
S21403E7CC840800208C0800208C0800209408002065
S21403E7DC940800209C0800209C080020A408002015
S21403E7ECA4080020AC080020AC080020B4080020C5
S21403E7FCB4080020BC080020BC080020C408002075
S21403E80CC4080020CC080020CC080020D408002024
S21403E81CD4080020DC080020DC080020E4080020D4
S21403E82CE4080020EC080020EC080020F408002084
S21403E83CF4080020FC080020FC0800200409002033
S21403E84C040900200C0900200C09002014090020E0
S21403E85C140900201C0900201C0900202409002090
S21403E86C240900202C0900202C0900203409002040
S21403E87C340900203C0900203C09002044090020F0
S21403E88C440900204C0900204C09002054090020A0
S21403E89C540900205C0900205C0900206409002050
S21403E8AC640900206C0900206C0900207409002000
S21403E8BC740900207C0900207C09002084090020B0
S21403E8CC840900208C0900208C0900209409002060
S21403E8DC940900209C0900209C090020A409002010
S21403E8ECA4090020AC090020AC090020B4090020C0
S21403E8FCB4090020BC090020BC090020C409002070
S21403E90CC4090020CC090020CC090020D40900201F
S21403E91CD4090020DC090020DC090020E4090020CF
S21403E92CE4090020EC090020EC090020F40900207F
S21403E93CF4090020FC090020FC090020040A00202E
S21403E94C040A00200C0A00200C0A0020140A0020DB
S21403E95C140A00201C0A00201C0A0020240A00208B
S21403E96C240A00202C0A00202C0A0020340A00203B
S21403E97C340A00203C0A00203C0A0020440A0020EB
S21403E98C440A00204C0A00204C0A0020540A00209B
S21403E99C540A00205C0A00205C0A0020640A00204B
S21403E9AC640A00206C0A00206C0A0020740A0020FB
S21403E9BC740A00207C0A00207C0A0020840A0020AB
S21403E9CC840A00208C0A00208C0A0020940A00205B
S21403E9DC940A00209C0A00209C0A0020A40A00200B
S21403E9ECA40A0020AC0A0020AC0A0020B40A0020BB
S21403E9FCB40A0020FFFFFFFF0000020030B5002022
S21403EA0CADDEFECA0000000000000000000000009F
S80400F2D534
