[INFO] [launch]: All log files can be found below /home/adam/.ros/log/2026-10-04-21-49-14-576116-DESKTOP-HF5K4CO-95596
[INFO] [launch]: Default logging verbosity is set to INFO
[INFO] [robot_state_publisher-1]: process started with pid [95614]
[INFO] [ros2_control_node-2]: process started with pid [95616]
[INFO] [spawner-3]: process started with pid [95618]
[INFO] [spawner-4]: process started with pid [95620]
[robot_state_publisher-1] [INFO] [1791168555.182876617] [robot_state_publisher]: Robot initialized
[ros2_control_node-2] [INFO] [1791168555.197685443] [controller_manager]: Using Steady (Monotonic) clock for triggering controller manager cycles.
[ros2_control_node-2] [INFO] [1791168555.358468078] [controller_manager]: Subscribing to '/robot_description' topic for robot description.
[ros2_control_node-2] [INFO] [1791168555.358538798] [controller_manager]: update rate is 50 Hz
[ros2_control_node-2] [INFO] [1791168555.358550305] [controller_manager]: Overruns handling is : enabled
[ros2_control_node-2] [INFO] [1791168555.358556713] [controller_manager]: Spawning controller_manager RT thread with scheduler priority: 50
[ros2_control_node-2] [WARN] [1791168555.363125346] [controller_manager]: Could not enable FIFO RT scheduling policy: with error number <1>(Operation not permitted). See [https://control.ros.org/master/doc/ros2_control/controller_manager/doc/userdoc.html] for details on how to enable realtime scheduling.
[ros2_control_node-2] [INFO] [1791168555.378298573] [controller_manager]: Received robot description from topic.
[ros2_control_node-2] [INFO] [1791168555.378343690] [controller_manager]: Enforcing command limits is disabled. Command limits from URDF will be ignored.
[ros2_control_node-2] [INFO] [1791168555.423112801] [controller_manager]: Loading hardware 'ClearCore' 
[ros2_control_node-2] [INFO] [1791168555.531956514] [controller_manager]: Loaded hardware 'ClearCore' from plugin 'clearcore_hardware/ClearCoreSystemHardware'
[ros2_control_node-2] [INFO] [1791168555.532049447] [controller_manager]: Initialize hardware 'ClearCore' 
[ros2_control_node-2] [INFO] [1791168555.538374684] [controller_manager]: Successful initialization of hardware 'ClearCore'
[ros2_control_node-2] [INFO] [1791168555.538608826] [controller_manager]: Activating component 'ClearCore'.
[ros2_control_node-2] [INFO] [1791168555.538620272] [resource_manager]: 'configure' hardware 'ClearCore' 
[ros2_control_node-2] [INFO] [1791168555.538622767] [resource_manager]: Successful 'configure' of hardware 'ClearCore'
[ros2_control_node-2] [INFO] [1791168555.538624845] [resource_manager]: 'activate' hardware 'ClearCore' 
[ros2_control_node-2] [INFO] [1791168555.573585199] [resource_manager]: Successful 'activate' of hardware 'ClearCore'
[ros2_control_node-2] [INFO] [1791168555.573642945] [controller_manager]: Registering statistics for : ClearCore
[ros2_control_node-2] [INFO] [1791168555.573735884] [controller_manager]: Resource Manager has been successfully initialized. Starting Controller Manager services...
[spawner-4] [INFO] [1791168555.677165944] [spawner_joint_trajectory_controller]: waiting for service /controller_manager/list_controllers to become available...
[ros2_control_node-2] [INFO] [1791168555.928761283] [controller_manager]: Loading controller : 'joint_trajectory_controller' of type 'joint_trajectory_controller/JointTrajectoryController'
[ros2_control_node-2] [INFO] [1791168555.928802841] [controller_manager]: Loading controller 'joint_trajectory_controller'
[ros2_control_node-2] [INFO] [1791168555.937924442] [controller_manager]: Controller 'joint_trajectory_controller' node arguments: --ros-args --params-file /mnt/d/CCDev/EnhancedClearCoreLibrary/ClearCoreROS/ros2_ws/install/clearcore_hardware/share/clearcore_hardware/config/controllers.yaml --params-file /tmp/launch_params_phsxgqck 
[spawner-4] [INFO] [1791168555.984286768] [spawner_joint_trajectory_controller]: Loaded joint_trajectory_controller
[ros2_control_node-2] [INFO] [1791168555.985215874] [controller_manager]: Configuring controller: 'joint_trajectory_controller'
[ros2_control_node-2] [INFO] [1791168555.985310823] [joint_trajectory_controller]: No specific joint names are used for command interfaces. Using 'joints' parameter.
[ros2_control_node-2] [INFO] [1791168555.985329305] [joint_trajectory_controller]: Command interfaces are [position] and state interfaces are [position velocity].
[ros2_control_node-2] [INFO] [1791168555.985339616] [joint_trajectory_controller]: Using 'splines' interpolation method.
[ros2_control_node-2] [INFO] [1791168555.987961740] [joint_trajectory_controller]: Action status changes will be monitored at 20.00 Hz.
[ros2_control_node-2] [INFO] [1791168555.991995342] [joint_trajectory_controller]: Setting initial scaling factor to 1.000000
[ros2_control_node-2] [INFO] [1791168555.992023689] [joint_trajectory_controller]: No scaling interface set. This controller will not read speed scaling from the hardware.
[ros2_control_node-2] [INFO] [1791168556.004782374] [controller_manager]: Activating controllers: [ joint_trajectory_controller ]
[ros2_control_node-2] [INFO] [1791168556.023472874] [controller_manager]: Successfully switched controllers!
[spawner-4] [INFO] [1791168556.044222965] [spawner_joint_trajectory_controller]: Configured and activated joint_trajectory_controller
[spawner-3] [INFO] [1791168556.121677704] [spawner_joint_state_broadcaster]: waiting for service /controller_manager/list_controllers to become available...
[INFO] [spawner-4]: process has finished cleanly [pid 95620]
[ros2_control_node-2] [INFO] [1791168556.373462575] [controller_manager]: Loading controller : 'joint_state_broadcaster' of type 'joint_state_broadcaster/JointStateBroadcaster'
[ros2_control_node-2] [INFO] [1791168556.373504375] [controller_manager]: Loading controller 'joint_state_broadcaster'
[ros2_control_node-2] [INFO] [1791168556.397435211] [controller_manager]: Controller 'joint_state_broadcaster' node arguments: --ros-args --params-file /mnt/d/CCDev/EnhancedClearCoreLibrary/ClearCoreROS/ros2_ws/install/clearcore_hardware/share/clearcore_hardware/config/controllers.yaml --params-file /tmp/launch_params_phsxgqck 
[spawner-3] [INFO] [1791168556.424258022] [spawner_joint_state_broadcaster]: Loaded joint_state_broadcaster
[ros2_control_node-2] [INFO] [1791168556.425204625] [controller_manager]: Configuring controller: 'joint_state_broadcaster'
[ros2_control_node-2] [INFO] [1791168556.425322570] [joint_state_broadcaster]: 'joints' or 'interfaces' parameter is empty. All available state interfaces will be published
[ros2_control_node-2] [INFO] [1791168556.444743658] [controller_manager]: Activating controllers: [ joint_state_broadcaster ]
[ros2_control_node-2] [INFO] [1791168556.463446562] [controller_manager]: Successfully switched controllers!
[spawner-3] [INFO] [1791168556.484169560] [spawner_joint_state_broadcaster]: Configured and activated joint_state_broadcaster
[INFO] [spawner-3]: process has finished cleanly [pid 95618]
[ros2_control_node-2] [INFO] [1791168558.217036153] [joint_trajectory_controller]: Received new action goal
[ros2_control_node-2] [INFO] [1791168558.217086330] [joint_trajectory_controller]: Accepted new action goal
[ros2_control_node-2] [INFO] [1791168559.983436079] [joint_trajectory_controller]: Goal reached, success!
[ros2_control_node-2] [INFO] [1791168560.019046880] [joint_trajectory_controller]: Received new action goal
[ros2_control_node-2] [INFO] [1791168560.019084750] [joint_trajectory_controller]: Accepted new action goal
[ros2_control_node-2] [INFO] [1791168561.503405019] [joint_trajectory_controller]: Goal reached, success!
[ros2_control_node-2] [INFO] [1791168561.520303296] [joint_trajectory_controller]: Received new action goal
[ros2_control_node-2] [INFO] [1791168561.520340429] [joint_trajectory_controller]: Accepted new action goal
[ros2_control_node-2] [INFO] [1791168563.003401349] [joint_trajectory_controller]: Goal reached, success!
[ros2_control_node-2] [INFO] [1791168563.021660728] [joint_trajectory_controller]: Received new action goal
[ros2_control_node-2] [INFO] [1791168563.021700284] [joint_trajectory_controller]: Accepted new action goal
[ros2_control_node-2] [INFO] [1791168564.503398664] [joint_trajectory_controller]: Goal reached, success!
[ros2_control_node-2] [INFO] [1791168564.522769635] [joint_trajectory_controller]: Received new action goal
[ros2_control_node-2] [INFO] [1791168564.522809564] [joint_trajectory_controller]: Accepted new action goal
[ros2_control_node-2] [INFO] [1791168566.003397928] [joint_trajectory_controller]: Goal reached, success!
[ros2_control_node-2] [INFO] [1791168566.023834487] [joint_trajectory_controller]: Received new action goal
[ros2_control_node-2] [INFO] [1791168566.023867881] [joint_trajectory_controller]: Accepted new action goal
[ros2_control_node-2] [INFO] [1791168567.523396641] [joint_trajectory_controller]: Goal reached, success!
[ros2_control_node-2] [INFO] [1791168567.524902976] [joint_trajectory_controller]: Received new action goal
[ros2_control_node-2] [INFO] [1791168567.524933185] [joint_trajectory_controller]: Accepted new action goal
[ros2_control_node-2] [INFO] [1791168569.043408217] [joint_trajectory_controller]: Goal reached, success!
[ros2_control_node-2] [INFO] [1791168569.076042781] [joint_trajectory_controller]: Received new action goal
[ros2_control_node-2] [INFO] [1791168569.076078713] [joint_trajectory_controller]: Accepted new action goal
[ros2_control_node-2] [INFO] [1791168570.563423417] [joint_trajectory_controller]: Goal reached, success!
[ros2_control_node-2] [INFO] [1791168570.577303976] [joint_trajectory_controller]: Received new action goal
[ros2_control_node-2] [INFO] [1791168570.577342784] [joint_trajectory_controller]: Accepted new action goal
[ros2_control_node-2] [INFO] [1791168572.063403396] [joint_trajectory_controller]: Goal reached, success!
[ros2_control_node-2] [INFO] [1791168572.078538952] [joint_trajectory_controller]: Received new action goal
[ros2_control_node-2] [INFO] [1791168572.078576958] [joint_trajectory_controller]: Accepted new action goal
[ros2_control_node-2] [INFO] [1791168573.563443181] [joint_trajectory_controller]: Goal reached, success!
[ros2_control_node-2] [INFO] [1791168573.580361896] [joint_trajectory_controller]: Received new action goal
[ros2_control_node-2] [INFO] [1791168573.580398341] [joint_trajectory_controller]: Accepted new action goal
[ros2_control_node-2] [INFO] [1791168575.283357281] [joint_trajectory_controller]: Goal reached, success!
[ros2_control_node-2] [INFO] [1791168575.331399651] [joint_trajectory_controller]: Received new action goal
[ros2_control_node-2] [INFO] [1791168575.331429115] [joint_trajectory_controller]: Accepted new action goal
[ros2_control_node-2] [INFO] [1791168576.843368901] [joint_trajectory_controller]: Goal reached, success!
[ros2_control_node-2] [INFO] [1791168576.882391939] [joint_trajectory_controller]: Received new action goal
[ros2_control_node-2] [INFO] [1791168576.882416710] [joint_trajectory_controller]: Accepted new action goal
[ros2_control_node-2] [INFO] [1791168582.106795867] [joint_trajectory_controller]: Goal reached, success!
[ros2_control_node-2] [INFO] [1791168582.116960533] [joint_trajectory_controller]: Received new action goal
[ros2_control_node-2] [INFO] [1791168582.116992925] [joint_trajectory_controller]: Accepted new action goal
[ros2_control_node-2] [INFO] [1791168583.626788819] [joint_trajectory_controller]: Goal reached, success!
[ros2_control_node-2] [INFO] [1791168583.667948831] [joint_trajectory_controller]: Received new action goal
[ros2_control_node-2] [INFO] [1791168583.667976919] [joint_trajectory_controller]: Accepted new action goal
[ros2_control_node-2] [INFO] [1791168585.186760729] [joint_trajectory_controller]: Goal reached, success!
[ros2_control_node-2] [INFO] [1791168585.218898596] [joint_trajectory_controller]: Received new action goal
[ros2_control_node-2] [INFO] [1791168585.218924807] [joint_trajectory_controller]: Accepted new action goal
[ros2_control_node-2] [INFO] [1791168586.726782852] [joint_trajectory_controller]: Goal reached, success!
[ros2_control_node-2] [INFO] [1791168586.769782220] [joint_trajectory_controller]: Received new action goal
[ros2_control_node-2] [INFO] [1791168586.769808462] [joint_trajectory_controller]: Accepted new action goal
[ros2_control_node-2] [INFO] [1791168588.266787782] [joint_trajectory_controller]: Goal reached, success!
[ros2_control_node-2] [INFO] [1791168588.270868230] [joint_trajectory_controller]: Received new action goal
[ros2_control_node-2] [INFO] [1791168588.270897459] [joint_trajectory_controller]: Accepted new action goal
[ros2_control_node-2] [INFO] [1791168589.786772010] [joint_trajectory_controller]: Goal reached, success!
[ros2_control_node-2] [INFO] [1791168589.822187519] [joint_trajectory_controller]: Received new action goal
[ros2_control_node-2] [INFO] [1791168589.822225272] [joint_trajectory_controller]: Accepted new action goal
[ros2_control_node-2] [INFO] [1791168591.306782520] [joint_trajectory_controller]: Goal reached, success!
[ros2_control_node-2] [INFO] [1791168591.323179630] [joint_trajectory_controller]: Received new action goal
[ros2_control_node-2] [INFO] [1791168591.323206196] [joint_trajectory_controller]: Accepted new action goal
[ros2_control_node-2] [INFO] [1791168593.106769653] [joint_trajectory_controller]: Goal reached, success!
[ros2_control_node-2] [INFO] [1791168593.124590427] [joint_trajectory_controller]: Received new action goal
[ros2_control_node-2] [INFO] [1791168593.124615793] [joint_trajectory_controller]: Accepted new action goal
[ros2_control_node-2] [INFO] [1791168594.626773681] [joint_trajectory_controller]: Goal reached, success!
[ros2_control_node-2] [INFO] [1791168594.675529815] [joint_trajectory_controller]: Received new action goal
[ros2_control_node-2] [INFO] [1791168594.675555801] [joint_trajectory_controller]: Accepted new action goal
[ros2_control_node-2] [INFO] [1791168596.186767733] [joint_trajectory_controller]: Goal reached, success!
[ros2_control_node-2] [INFO] [1791168596.226455911] [joint_trajectory_controller]: Received new action goal
[ros2_control_node-2] [INFO] [1791168596.226478692] [joint_trajectory_controller]: Accepted new action goal
[ros2_control_node-2] [INFO] [1791168597.706808922] [joint_trajectory_controller]: Goal reached, success!
[ros2_control_node-2] [INFO] [1791168597.727801950] [joint_trajectory_controller]: Received new action goal
[ros2_control_node-2] [INFO] [1791168597.727838657] [joint_trajectory_controller]: Accepted new action goal
[ros2_control_node-2] [INFO] [1791168599.246787681] [joint_trajectory_controller]: Goal reached, success!
[ros2_control_node-2] [INFO] [1791168599.278802608] [joint_trajectory_controller]: Received new action goal
[ros2_control_node-2] [INFO] [1791168599.278833095] [joint_trajectory_controller]: Accepted new action goal
[ros2_control_node-2] [INFO] [1791168600.766789376] [joint_trajectory_controller]: Goal reached, success!
[ros2_control_node-2] [INFO] [1791168600.779822712] [joint_trajectory_controller]: Received new action goal
[ros2_control_node-2] [INFO] [1791168600.779852442] [joint_trajectory_controller]: Accepted new action goal
[ros2_control_node-2] [INFO] [1791168602.406763034] [joint_trajectory_controller]: Goal reached, success!
[ros2_control_node-2] [INFO] [1791168602.430825910] [joint_trajectory_controller]: Received new action goal
[ros2_control_node-2] [INFO] [1791168602.430848894] [joint_trajectory_controller]: Accepted new action goal
[ros2_control_node-2] [INFO] [1791168604.026762234] [joint_trajectory_controller]: Goal reached, success!
[ros2_control_node-2] [INFO] [1791168604.031669837] [joint_trajectory_controller]: Received new action goal
[ros2_control_node-2] [INFO] [1791168604.031690030] [joint_trajectory_controller]: Accepted new action goal
[ros2_control_node-2] [INFO] [1791168605.526770433] [joint_trajectory_controller]: Goal reached, success!
[ros2_control_node-2] [INFO] [1791168605.532610391] [joint_trajectory_controller]: Received new action goal
[ros2_control_node-2] [INFO] [1791168605.532631765] [joint_trajectory_controller]: Accepted new action goal
[ros2_control_node-2] [INFO] [1791168607.026781666] [joint_trajectory_controller]: Goal reached, success!
[ros2_control_node-2] [INFO] [1791168607.033480765] [joint_trajectory_controller]: Received new action goal
[ros2_control_node-2] [INFO] [1791168607.033508493] [joint_trajectory_controller]: Accepted new action goal
[ros2_control_node-2] [INFO] [1791168608.546768029] [joint_trajectory_controller]: Goal reached, success!
[ros2_control_node-2] [INFO] [1791168608.585199198] [joint_trajectory_controller]: Received new action goal
[ros2_control_node-2] [INFO] [1791168608.585226000] [joint_trajectory_controller]: Accepted new action goal
[ros2_control_node-2] [INFO] [1791168610.086761731] [joint_trajectory_controller]: Goal reached, success!
[ros2_control_node-2] [INFO] [1791168610.136198958] [joint_trajectory_controller]: Received new action goal
[ros2_control_node-2] [INFO] [1791168610.136224320] [joint_trajectory_controller]: Accepted new action goal
[ros2_control_node-2] [INFO] [1791168611.686769971] [joint_trajectory_controller]: Goal reached, success!
[ros2_control_node-2] [INFO] [1791168611.737287239] [joint_trajectory_controller]: Received new action goal
[ros2_control_node-2] [INFO] [1791168611.737313408] [joint_trajectory_controller]: Accepted new action goal
[ros2_control_node-2] [INFO] [1791168613.226806507] [joint_trajectory_controller]: Goal reached, success!
[ros2_control_node-2] [INFO] [1791168613.238317068] [joint_trajectory_controller]: Received new action goal
[ros2_control_node-2] [INFO] [1791168613.238350068] [joint_trajectory_controller]: Accepted new action goal
[ros2_control_node-2] [INFO] [1791168618.331663250] [joint_trajectory_controller]: Goal reached, success!
[ros2_control_node-2] [INFO] [1791168618.374167647] [joint_trajectory_controller]: Received new action goal
[ros2_control_node-2] [INFO] [1791168618.374191793] [joint_trajectory_controller]: Accepted new action goal
[ros2_control_node-2] [INFO] [1791168619.871656071] [joint_trajectory_controller]: Goal reached, success!
[ros2_control_node-2] [INFO] [1791168619.875194751] [joint_trajectory_controller]: Received new action goal
[ros2_control_node-2] [INFO] [1791168619.875214442] [joint_trajectory_controller]: Accepted new action goal
[ros2_control_node-2] [INFO] [1791168621.371676623] [joint_trajectory_controller]: Goal reached, success!
[ros2_control_node-2] [INFO] [1791168621.376101722] [joint_trajectory_controller]: Received new action goal
[ros2_control_node-2] [INFO] [1791168621.376122196] [joint_trajectory_controller]: Accepted new action goal
[ros2_control_node-2] [INFO] [1791168622.911659680] [joint_trajectory_controller]: Goal reached, success!
[ros2_control_node-2] [INFO] [1791168622.926924827] [joint_trajectory_controller]: Received new action goal
[ros2_control_node-2] [INFO] [1791168622.926945911] [joint_trajectory_controller]: Accepted new action goal
[ros2_control_node-2] [INFO] [1791168624.411658132] [joint_trajectory_controller]: Goal reached, success!
[ros2_control_node-2] [INFO] [1791168624.428014728] [joint_trajectory_controller]: Received new action goal
[ros2_control_node-2] [INFO] [1791168624.428041326] [joint_trajectory_controller]: Accepted new action goal
[ros2_control_node-2] [INFO] [1791168625.931659481] [joint_trajectory_controller]: Goal reached, success!
[ros2_control_node-2] [INFO] [1791168625.979135742] [joint_trajectory_controller]: Received new action goal
[ros2_control_node-2] [INFO] [1791168625.979168940] [joint_trajectory_controller]: Accepted new action goal
[ros2_control_node-2] [INFO] [1791168627.631665963] [joint_trajectory_controller]: Goal reached, success!
[ros2_control_node-2] [INFO] [1791168627.681087742] [joint_trajectory_controller]: Received new action goal
[ros2_control_node-2] [INFO] [1791168627.681114570] [joint_trajectory_controller]: Accepted new action goal
[ros2_control_node-2] [INFO] [1791168629.211654378] [joint_trajectory_controller]: Goal reached, success!
[ros2_control_node-2] [INFO] [1791168629.232065240] [joint_trajectory_controller]: Received new action goal
[ros2_control_node-2] [INFO] [1791168629.232100928] [joint_trajectory_controller]: Accepted new action goal
[ros2_control_node-2] [INFO] [1791168630.731720876] [joint_trajectory_controller]: Goal reached, success!
[ros2_control_node-2] [INFO] [1791168630.732758595] [joint_trajectory_controller]: Received new action goal
[ros2_control_node-2] [INFO] [1791168630.732786961] [joint_trajectory_controller]: Accepted new action goal
[ros2_control_node-2] [INFO] [1791168632.251672194] [joint_trajectory_controller]: Goal reached, success!
[ros2_control_node-2] [INFO] [1791168632.283809766] [joint_trajectory_controller]: Received new action goal
[ros2_control_node-2] [INFO] [1791168632.283830848] [joint_trajectory_controller]: Accepted new action goal
[ros2_control_node-2] [INFO] [1791168633.771662343] [joint_trajectory_controller]: Goal reached, success!
[ros2_control_node-2] [INFO] [1791168633.784683923] [joint_trajectory_controller]: Received new action goal
[ros2_control_node-2] [INFO] [1791168633.784705526] [joint_trajectory_controller]: Accepted new action goal
[ros2_control_node-2] [INFO] [1791168635.271669458] [joint_trajectory_controller]: Goal reached, success!
[ros2_control_node-2] [INFO] [1791168635.285491285] [joint_trajectory_controller]: Received new action goal
[ros2_control_node-2] [INFO] [1791168635.285515688] [joint_trajectory_controller]: Accepted new action goal
[ros2_control_node-2] [INFO] [1791168636.791663568] [joint_trajectory_controller]: Goal reached, success!
[ros2_control_node-2] [INFO] [1791168636.836450138] [joint_trajectory_controller]: Received new action goal
[ros2_control_node-2] [INFO] [1791168636.836473334] [joint_trajectory_controller]: Accepted new action goal
[ros2_control_node-2] [INFO] [1791168638.351656954] [joint_trajectory_controller]: Goal reached, success!
[ros2_control_node-2] [INFO] [1791168638.387364807] [joint_trajectory_controller]: Received new action goal
[ros2_control_node-2] [INFO] [1791168638.387387792] [joint_trajectory_controller]: Accepted new action goal
[ros2_control_node-2] [INFO] [1791168639.871653113] [joint_trajectory_controller]: Goal reached, success!
[ros2_control_node-2] [INFO] [1791168639.888486964] [joint_trajectory_controller]: Received new action goal
[ros2_control_node-2] [INFO] [1791168639.888508478] [joint_trajectory_controller]: Accepted new action goal
[ros2_control_node-2] [INFO] [1791168641.371659929] [joint_trajectory_controller]: Goal reached, success!
[ros2_control_node-2] [INFO] [1791168641.389446810] [joint_trajectory_controller]: Received new action goal
[ros2_control_node-2] [INFO] [1791168641.389470862] [joint_trajectory_controller]: Accepted new action goal
[ros2_control_node-2] [INFO] [1791168642.871666705] [joint_trajectory_controller]: Goal reached, success!
[ros2_control_node-2] [INFO] [1791168642.891429958] [joint_trajectory_controller]: Received new action goal
[ros2_control_node-2] [INFO] [1791168642.891456054] [joint_trajectory_controller]: Accepted new action goal
[ros2_control_node-2] [INFO] [1791168644.391691263] [joint_trajectory_controller]: Goal reached, success!
[ros2_control_node-2] [INFO] [1791168644.442556253] [joint_trajectory_controller]: Received new action goal
[ros2_control_node-2] [INFO] [1791168644.442581593] [joint_trajectory_controller]: Accepted new action goal
[ros2_control_node-2] [INFO] [1791168645.951656521] [joint_trajectory_controller]: Goal reached, success!
[ros2_control_node-2] [INFO] [1791168645.993416539] [joint_trajectory_controller]: Received new action goal
[ros2_control_node-2] [INFO] [1791168645.993439389] [joint_trajectory_controller]: Accepted new action goal
[ros2_control_node-2] [INFO] [1791168647.511654716] [joint_trajectory_controller]: Goal reached, success!
[ros2_control_node-2] [INFO] [1791168647.544461644] [joint_trajectory_controller]: Received new action goal
[ros2_control_node-2] [INFO] [1791168647.544485599] [joint_trajectory_controller]: Accepted new action goal
[ros2_control_node-2] [INFO] [1791168649.051657741] [joint_trajectory_controller]: Goal reached, success!
[ros2_control_node-2] [INFO] [1791168649.095455783] [joint_trajectory_controller]: Received new action goal
[ros2_control_node-2] [INFO] [1791168649.095482400] [joint_trajectory_controller]: Accepted new action goal
[ros2_control_node-2] [INFO] [1791168654.194084697] [joint_trajectory_controller]: Goal reached, success!
[ros2_control_node-2] [INFO] [1791168654.228824990] [joint_trajectory_controller]: Received new action goal
[ros2_control_node-2] [INFO] [1791168654.228848293] [joint_trajectory_controller]: Accepted new action goal
[ros2_control_node-2] [INFO] [1791168655.734080837] [joint_trajectory_controller]: Goal reached, success!
[ros2_control_node-2] [INFO] [1791168655.779609085] [joint_trajectory_controller]: Received new action goal
[ros2_control_node-2] [INFO] [1791168655.779633556] [joint_trajectory_controller]: Accepted new action goal
[ros2_control_node-2] [INFO] [1791168657.294075991] [joint_trajectory_controller]: Goal reached, success!
[ros2_control_node-2] [INFO] [1791168657.330363604] [joint_trajectory_controller]: Received new action goal
[ros2_control_node-2] [INFO] [1791168657.330386072] [joint_trajectory_controller]: Accepted new action goal
[ros2_control_node-2] [INFO] [1791168658.814081629] [joint_trajectory_controller]: Goal reached, success!
[ros2_control_node-2] [INFO] [1791168658.831518449] [joint_trajectory_controller]: Received new action goal
[ros2_control_node-2] [INFO] [1791168658.831540972] [joint_trajectory_controller]: Accepted new action goal
[ros2_control_node-2] [INFO] [1791168660.334092265] [joint_trajectory_controller]: Goal reached, success!
[ros2_control_node-2] [INFO] [1791168660.382212159] [joint_trajectory_controller]: Received new action goal
[ros2_control_node-2] [INFO] [1791168660.382239734] [joint_trajectory_controller]: Accepted new action goal
[ros2_control_node-2] [INFO] [1791168662.254075683] [joint_trajectory_controller]: Goal reached, success!
[ros2_control_node-2] [INFO] [1791168662.284070680] [joint_trajectory_controller]: Received new action goal
[ros2_control_node-2] [INFO] [1791168662.284093674] [joint_trajectory_controller]: Accepted new action goal
[ros2_control_node-2] [INFO] [1791168663.814076113] [joint_trajectory_controller]: Goal reached, success!
[ros2_control_node-2] [INFO] [1791168663.835175735] [joint_trajectory_controller]: Received new action goal
[ros2_control_node-2] [INFO] [1791168663.835206445] [joint_trajectory_controller]: Accepted new action goal
[ros2_control_node-2] [INFO] [1791168665.354073201] [joint_trajectory_controller]: Goal reached, success!
[ros2_control_node-2] [INFO] [1791168665.386143322] [joint_trajectory_controller]: Received new action goal
[ros2_control_node-2] [INFO] [1791168665.386163755] [joint_trajectory_controller]: Accepted new action goal
[ros2_control_node-2] [INFO] [1791168666.894079841] [joint_trajectory_controller]: Goal reached, success!
[ros2_control_node-2] [INFO] [1791168666.937070584] [joint_trajectory_controller]: Received new action goal
[ros2_control_node-2] [INFO] [1791168666.937095926] [joint_trajectory_controller]: Accepted new action goal
[ros2_control_node-2] [INFO] [1791168668.434081724] [joint_trajectory_controller]: Goal reached, success!
[ros2_control_node-2] [INFO] [1791168668.437950062] [joint_trajectory_controller]: Received new action goal
[ros2_control_node-2] [INFO] [1791168668.437972576] [joint_trajectory_controller]: Accepted new action goal
[ros2_control_node-2] [INFO] [1791168669.934078553] [joint_trajectory_controller]: Goal reached, success!
[ros2_control_node-2] [INFO] [1791168669.938862486] [joint_trajectory_controller]: Received new action goal
[ros2_control_node-2] [INFO] [1791168669.938894721] [joint_trajectory_controller]: Accepted new action goal
[ros2_control_node-2] [INFO] [1791168671.454082493] [joint_trajectory_controller]: Goal reached, success!
[ros2_control_node-2] [INFO] [1791168671.489734854] [joint_trajectory_controller]: Received new action goal
[ros2_control_node-2] [INFO] [1791168671.489756936] [joint_trajectory_controller]: Accepted new action goal
[ros2_control_node-2] [INFO] [1791168672.974079975] [joint_trajectory_controller]: Goal reached, success!
[ros2_control_node-2] [INFO] [1791168672.990687791] [joint_trajectory_controller]: Received new action goal
[ros2_control_node-2] [INFO] [1791168672.990708928] [joint_trajectory_controller]: Accepted new action goal
[ros2_control_node-2] [INFO] [1791168674.474081605] [joint_trajectory_controller]: Goal reached, success!
[ros2_control_node-2] [INFO] [1791168674.491765992] [joint_trajectory_controller]: Received new action goal
[ros2_control_node-2] [INFO] [1791168674.491787598] [joint_trajectory_controller]: Accepted new action goal
[ros2_control_node-2] [INFO] [1791168675.974135627] [joint_trajectory_controller]: Goal reached, success!
[ros2_control_node-2] [INFO] [1791168675.992811654] [joint_trajectory_controller]: Received new action goal
[ros2_control_node-2] [INFO] [1791168675.992838999] [joint_trajectory_controller]: Accepted new action goal
[ros2_control_node-2] [INFO] [1791168677.494074785] [joint_trajectory_controller]: Goal reached, success!
[ros2_control_node-2] [INFO] [1791168677.544697214] [joint_trajectory_controller]: Received new action goal
[ros2_control_node-2] [INFO] [1791168677.544723025] [joint_trajectory_controller]: Accepted new action goal
[ros2_control_node-2] [INFO] [1791168679.034075990] [joint_trajectory_controller]: Goal reached, success!
[ros2_control_node-2] [INFO] [1791168679.045437798] [joint_trajectory_controller]: Received new action goal
[ros2_control_node-2] [INFO] [1791168679.045461031] [joint_trajectory_controller]: Accepted new action goal
[ros2_control_node-2] [INFO] [1791168680.554077146] [joint_trajectory_controller]: Goal reached, success!
[ros2_control_node-2] [INFO] [1791168680.596262289] [joint_trajectory_controller]: Received new action goal
[ros2_control_node-2] [INFO] [1791168680.596284889] [joint_trajectory_controller]: Accepted new action goal
[ros2_control_node-2] [INFO] [1791168682.094079985] [joint_trajectory_controller]: Goal reached, success!
[ros2_control_node-2] [INFO] [1791168682.096998472] [joint_trajectory_controller]: Received new action goal
[ros2_control_node-2] [INFO] [1791168682.097017601] [joint_trajectory_controller]: Accepted new action goal
[ros2_control_node-2] [INFO] [1791168683.614075513] [joint_trajectory_controller]: Goal reached, success!
[ros2_control_node-2] [INFO] [1791168683.647956722] [joint_trajectory_controller]: Received new action goal
[ros2_control_node-2] [INFO] [1791168683.647978634] [joint_trajectory_controller]: Accepted new action goal
[ros2_control_node-2] [INFO] [1791168685.134073756] [joint_trajectory_controller]: Goal reached, success!
[ros2_control_node-2] [INFO] [1791168685.148931675] [joint_trajectory_controller]: Received new action goal
[ros2_control_node-2] [INFO] [1791168685.148955570] [joint_trajectory_controller]: Accepted new action goal
[ros2_control_node-2] [INFO] [1791168690.219272949] [joint_trajectory_controller]: Goal reached, success!
[ros2_control_node-2] [INFO] [1791168690.235143516] [joint_trajectory_controller]: Received new action goal
[ros2_control_node-2] [INFO] [1791168690.235166982] [joint_trajectory_controller]: Accepted new action goal
[ros2_control_node-2] [INFO] [1791168691.719272711] [joint_trajectory_controller]: Goal reached, success!
[ros2_control_node-2] [INFO] [1791168691.736004615] [joint_trajectory_controller]: Received new action goal
[ros2_control_node-2] [INFO] [1791168691.736025462] [joint_trajectory_controller]: Accepted new action goal
[ros2_control_node-2] [INFO] [1791168693.219264811] [joint_trajectory_controller]: Goal reached, success!
[ros2_control_node-2] [INFO] [1791168693.237016177] [joint_trajectory_controller]: Received new action goal
[ros2_control_node-2] [INFO] [1791168693.237039581] [joint_trajectory_controller]: Accepted new action goal
[ros2_control_node-2] [INFO] [1791168694.719282479] [joint_trajectory_controller]: Goal reached, success!
[ros2_control_node-2] [INFO] [1791168694.737978708] [joint_trajectory_controller]: Received new action goal
[ros2_control_node-2] [INFO] [1791168694.737999217] [joint_trajectory_controller]: Accepted new action goal
[ros2_control_node-2] [INFO] [1791168696.239275601] [joint_trajectory_controller]: Goal reached, success!
[ros2_control_node-2] [INFO] [1791168696.289954830] [joint_trajectory_controller]: Received new action goal
[ros2_control_node-2] [INFO] [1791168696.289984693] [joint_trajectory_controller]: Accepted new action goal
[ros2_control_node-2] [INFO] [1791168697.779267360] [joint_trajectory_controller]: Goal reached, success!
[ros2_control_node-2] [INFO] [1791168697.790954864] [joint_trajectory_controller]: Received new action goal
[ros2_control_node-2] [INFO] [1791168697.790983449] [joint_trajectory_controller]: Accepted new action goal
[ros2_control_node-2] [INFO] [1791168699.299268366] [joint_trajectory_controller]: Goal reached, success!
[ros2_control_node-2] [INFO] [1791168699.341911827] [joint_trajectory_controller]: Received new action goal
[ros2_control_node-2] [INFO] [1791168699.341936403] [joint_trajectory_controller]: Accepted new action goal
[ros2_control_node-2] [INFO] [1791168700.859267920] [joint_trajectory_controller]: Goal reached, success!
[ros2_control_node-2] [INFO] [1791168700.892981682] [joint_trajectory_controller]: Received new action goal
[ros2_control_node-2] [INFO] [1791168700.893008670] [joint_trajectory_controller]: Accepted new action goal
[ros2_control_node-2] [INFO] [1791168702.379278811] [joint_trajectory_controller]: Goal reached, success!
[ros2_control_node-2] [INFO] [1791168702.393978423] [joint_trajectory_controller]: Received new action goal
[ros2_control_node-2] [INFO] [1791168702.394000473] [joint_trajectory_controller]: Accepted new action goal
[ros2_control_node-2] [INFO] [1791168703.899288692] [joint_trajectory_controller]: Goal reached, success!
[ros2_control_node-2] [INFO] [1791168703.944832348] [joint_trajectory_controller]: Received new action goal
[ros2_control_node-2] [INFO] [1791168703.944855056] [joint_trajectory_controller]: Accepted new action goal
[ros2_control_node-2] [INFO] [1791168705.459288146] [joint_trajectory_controller]: Goal reached, success!
[ros2_control_node-2] [INFO] [1791168705.495765259] [joint_trajectory_controller]: Received new action goal
[ros2_control_node-2] [INFO] [1791168705.495797283] [joint_trajectory_controller]: Accepted new action goal
[ros2_control_node-2] [INFO] [1791168706.999267924] [joint_trajectory_controller]: Goal reached, success!
[ros2_control_node-2] [INFO] [1791168707.046612245] [joint_trajectory_controller]: Received new action goal
[ros2_control_node-2] [INFO] [1791168707.046637963] [joint_trajectory_controller]: Accepted new action goal
[ros2_control_node-2] [INFO] [1791168708.539281521] [joint_trajectory_controller]: Goal reached, success!
[ros2_control_node-2] [INFO] [1791168708.547585769] [joint_trajectory_controller]: Received new action goal
[ros2_control_node-2] [INFO] [1791168708.547605985] [joint_trajectory_controller]: Accepted new action goal
[ros2_control_node-2] [INFO] [1791168710.039298299] [joint_trajectory_controller]: Goal reached, success!
[ros2_control_node-2] [INFO] [1791168710.048637479] [joint_trajectory_controller]: Received new action goal
[ros2_control_node-2] [INFO] [1791168710.048667896] [joint_trajectory_controller]: Accepted new action goal
[ros2_control_node-2] [INFO] [1791168711.559270578] [joint_trajectory_controller]: Goal reached, success!
[ros2_control_node-2] [INFO] [1791168711.600754859] [joint_trajectory_controller]: Received new action goal
[ros2_control_node-2] [INFO] [1791168711.600777577] [joint_trajectory_controller]: Accepted new action goal
[ros2_control_node-2] [INFO] [1791168713.119261416] [joint_trajectory_controller]: Goal reached, success!
[ros2_control_node-2] [INFO] [1791168713.151690572] [joint_trajectory_controller]: Received new action goal
[ros2_control_node-2] [INFO] [1791168713.151715436] [joint_trajectory_controller]: Accepted new action goal
[ros2_control_node-2] [INFO] [1791168714.659263512] [joint_trajectory_controller]: Goal reached, success!
[ros2_control_node-2] [INFO] [1791168714.702741687] [joint_trajectory_controller]: Received new action goal
[ros2_control_node-2] [INFO] [1791168714.702764708] [joint_trajectory_controller]: Accepted new action goal
[ros2_control_node-2] [INFO] [1791168716.219273622] [joint_trajectory_controller]: Goal reached, success!
[ros2_control_node-2] [INFO] [1791168716.253741632] [joint_trajectory_controller]: Received new action goal
[ros2_control_node-2] [INFO] [1791168716.253765137] [joint_trajectory_controller]: Accepted new action goal
[ros2_control_node-2] [INFO] [1791168717.739274242] [joint_trajectory_controller]: Goal reached, success!
[ros2_control_node-2] [INFO] [1791168717.754688513] [joint_trajectory_controller]: Received new action goal
[ros2_control_node-2] [INFO] [1791168717.754710417] [joint_trajectory_controller]: Accepted new action goal
[ros2_control_node-2] [INFO] [1791168719.239275292] [joint_trajectory_controller]: Goal reached, success!
[ros2_control_node-2] [INFO] [1791168719.255734358] [joint_trajectory_controller]: Received new action goal
[ros2_control_node-2] [INFO] [1791168719.255760069] [joint_trajectory_controller]: Accepted new action goal
[ros2_control_node-2] [INFO] [1791168720.739268117] [joint_trajectory_controller]: Goal reached, success!
[ros2_control_node-2] [INFO] [1791168720.756838970] [joint_trajectory_controller]: Received new action goal
[ros2_control_node-2] [INFO] [1791168720.756860044] [joint_trajectory_controller]: Accepted new action goal
[ros2_control_node-2] [INFO] [1791168725.821954294] [joint_trajectory_controller]: Goal reached, success!
[ros2_control_node-2] [INFO] [1791168725.840525805] [joint_trajectory_controller]: Received new action goal
[ros2_control_node-2] [INFO] [1791168725.840546172] [joint_trajectory_controller]: Accepted new action goal
[ros2_control_node-2] [INFO] [1791168727.321957639] [joint_trajectory_controller]: Goal reached, success!
[ros2_control_node-2] [INFO] [1791168727.341463469] [joint_trajectory_controller]: Received new action goal
[ros2_control_node-2] [INFO] [1791168727.341484231] [joint_trajectory_controller]: Accepted new action goal
[ros2_control_node-2] [INFO] [1791168728.841955557] [joint_trajectory_controller]: Goal reached, success!
[ros2_control_node-2] [INFO] [1791168728.892399004] [joint_trajectory_controller]: Received new action goal
[ros2_control_node-2] [INFO] [1791168728.892424699] [joint_trajectory_controller]: Accepted new action goal
[ros2_control_node-2] [INFO] [1791168730.401958814] [joint_trajectory_controller]: Goal reached, success!
[ros2_control_node-2] [INFO] [1791168730.444074039] [joint_trajectory_controller]: Received new action goal
[ros2_control_node-2] [INFO] [1791168730.444100719] [joint_trajectory_controller]: Accepted new action goal
[ros2_control_node-2] [INFO] [1791168732.101956866] [joint_trajectory_controller]: Goal reached, success!
[ros2_control_node-2] [INFO] [1791168732.144971059] [joint_trajectory_controller]: Received new action goal
[ros2_control_node-2] [INFO] [1791168732.144992901] [joint_trajectory_controller]: Accepted new action goal
[ros2_control_node-2] [INFO] [1791168733.641959810] [joint_trajectory_controller]: Goal reached, success!
[ros2_control_node-2] [INFO] [1791168733.645949472] [joint_trajectory_controller]: Received new action goal
[ros2_control_node-2] [INFO] [1791168733.645969950] [joint_trajectory_controller]: Accepted new action goal
[ros2_control_node-2] [INFO] [1791168735.161957551] [joint_trajectory_controller]: Goal reached, success!
[ros2_control_node-2] [INFO] [1791168735.196785076] [joint_trajectory_controller]: Received new action goal
[ros2_control_node-2] [INFO] [1791168735.196807170] [joint_trajectory_controller]: Accepted new action goal
[ros2_control_node-2] [INFO] [1791168736.681967210] [joint_trajectory_controller]: Goal reached, success!
[ros2_control_node-2] [INFO] [1791168736.697641039] [joint_trajectory_controller]: Received new action goal
[ros2_control_node-2] [INFO] [1791168736.697661522] [joint_trajectory_controller]: Accepted new action goal
[ros2_control_node-2] [INFO] [1791168738.201951396] [joint_trajectory_controller]: Goal reached, success!
[ros2_control_node-2] [INFO] [1791168738.248471705] [joint_trajectory_controller]: Received new action goal
[ros2_control_node-2] [INFO] [1791168738.248495077] [joint_trajectory_controller]: Accepted new action goal
[ros2_control_node-2] [INFO] [1791168739.741996795] [joint_trajectory_controller]: Goal reached, success!
[ros2_control_node-2] [INFO] [1791168739.749354961] [joint_trajectory_controller]: Received new action goal
[ros2_control_node-2] [INFO] [1791168739.749381284] [joint_trajectory_controller]: Accepted new action goal
[ros2_control_node-2] [INFO] [1791168741.261967869] [joint_trajectory_controller]: Goal reached, success!
[ros2_control_node-2] [INFO] [1791168741.300466967] [joint_trajectory_controller]: Received new action goal
[ros2_control_node-2] [INFO] [1791168741.300499272] [joint_trajectory_controller]: Accepted new action goal
[ros2_control_node-2] [INFO] [1791168742.801953597] [joint_trajectory_controller]: Goal reached, success!
[ros2_control_node-2] [INFO] [1791168742.851524741] [joint_trajectory_controller]: Received new action goal
[ros2_control_node-2] [INFO] [1791168742.851548796] [joint_trajectory_controller]: Accepted new action goal
[ros2_control_node-2] [INFO] [1791168744.361961070] [joint_trajectory_controller]: Goal reached, success!
[ros2_control_node-2] [INFO] [1791168744.402530757] [joint_trajectory_controller]: Received new action goal
[ros2_control_node-2] [INFO] [1791168744.402554546] [joint_trajectory_controller]: Accepted new action goal
[ros2_control_node-2] [INFO] [1791168745.901959522] [joint_trajectory_controller]: Goal reached, success!
[ros2_control_node-2] [INFO] [1791168745.904372231] [joint_trajectory_controller]: Received new action goal
[ros2_control_node-2] [INFO] [1791168745.904393306] [joint_trajectory_controller]: Accepted new action goal
[ros2_control_node-2] [INFO] [1791168747.401959172] [joint_trajectory_controller]: Goal reached, success!
[ros2_control_node-2] [INFO] [1791168747.405282019] [joint_trajectory_controller]: Received new action goal
[ros2_control_node-2] [INFO] [1791168747.405306253] [joint_trajectory_controller]: Accepted new action goal
[ros2_control_node-2] [INFO] [1791168749.021952616] [joint_trajectory_controller]: Goal reached, success!
[ros2_control_node-2] [INFO] [1791168749.056227539] [joint_trajectory_controller]: Received new action goal
[ros2_control_node-2] [INFO] [1791168749.056248629] [joint_trajectory_controller]: Accepted new action goal
[ros2_control_node-2] [INFO] [1791168750.561952659] [joint_trajectory_controller]: Goal reached, success!
[ros2_control_node-2] [INFO] [1791168750.607235320] [joint_trajectory_controller]: Received new action goal
[ros2_control_node-2] [INFO] [1791168750.607260983] [joint_trajectory_controller]: Accepted new action goal
[ros2_control_node-2] [INFO] [1791168752.101959140] [joint_trajectory_controller]: Goal reached, success!
[ros2_control_node-2] [INFO] [1791168752.108044832] [joint_trajectory_controller]: Received new action goal
[ros2_control_node-2] [INFO] [1791168752.108067175] [joint_trajectory_controller]: Accepted new action goal
[ros2_control_node-2] [INFO] [1791168753.621961858] [joint_trajectory_controller]: Goal reached, success!
[ros2_control_node-2] [INFO] [1791168753.658892795] [joint_trajectory_controller]: Received new action goal
[ros2_control_node-2] [INFO] [1791168753.658914098] [joint_trajectory_controller]: Accepted new action goal
[ros2_control_node-2] [INFO] [1791168755.301953401] [joint_trajectory_controller]: Goal reached, success!
[ros2_control_node-2] [INFO] [1791168755.309722207] [joint_trajectory_controller]: Received new action goal
[ros2_control_node-2] [INFO] [1791168755.309743386] [joint_trajectory_controller]: Accepted new action goal
[ros2_control_node-2] [INFO] [1791168757.021970419] [joint_trajectory_controller]: Goal reached, success!
[ros2_control_node-2] [INFO] [1791168757.060583548] [joint_trajectory_controller]: Received new action goal
[ros2_control_node-2] [INFO] [1791168757.060608855] [joint_trajectory_controller]: Accepted new action goal
[ros2_control_node-2] [INFO] [1791168762.146562173] [joint_trajectory_controller]: Goal reached, success!
[ros2_control_node-2] [INFO] [1791168762.196150939] [joint_trajectory_controller]: Received new action goal
[ros2_control_node-2] [INFO] [1791168762.196193751] [joint_trajectory_controller]: Accepted new action goal
[ros2_control_node-2] [INFO] [1791168763.706563676] [joint_trajectory_controller]: Goal reached, success!
[ros2_control_node-2] [INFO] [1791168763.747190074] [joint_trajectory_controller]: Received new action goal
[ros2_control_node-2] [INFO] [1791168763.747212052] [joint_trajectory_controller]: Accepted new action goal
[ros2_control_node-2] [INFO] [1791168765.266578416] [joint_trajectory_controller]: Goal reached, success!
[ros2_control_node-2] [INFO] [1791168765.299086852] [joint_trajectory_controller]: Received new action goal
[ros2_control_node-2] [INFO] [1791168765.299110399] [joint_trajectory_controller]: Accepted new action goal
[ros2_control_node-2] [INFO] [1791168766.806561170] [joint_trajectory_controller]: Goal reached, success!
[ros2_control_node-2] [INFO] [1791168766.850134046] [joint_trajectory_controller]: Received new action goal
[ros2_control_node-2] [INFO] [1791168766.850156446] [joint_trajectory_controller]: Accepted new action goal
[ros2_control_node-2] [INFO] [1791168768.366554968] [joint_trajectory_controller]: Goal reached, success!
[ros2_control_node-2] [INFO] [1791168768.401055807] [joint_trajectory_controller]: Received new action goal
[ros2_control_node-2] [INFO] [1791168768.401081710] [joint_trajectory_controller]: Accepted new action goal
[ros2_control_node-2] [INFO] [1791168769.906565398] [joint_trajectory_controller]: Goal reached, success!
[ros2_control_node-2] [INFO] [1791168769.952079366] [joint_trajectory_controller]: Received new action goal
[ros2_control_node-2] [INFO] [1791168769.952115396] [joint_trajectory_controller]: Accepted new action goal
[ros2_control_node-2] [INFO] [1791168771.566555194] [joint_trajectory_controller]: Goal reached, success!
[ros2_control_node-2] [INFO] [1791168771.602965538] [joint_trajectory_controller]: Received new action goal
[ros2_control_node-2] [INFO] [1791168771.602994297] [joint_trajectory_controller]: Accepted new action goal
[ros2_control_node-2] [INFO] [1791168773.086569198] [joint_trajectory_controller]: Goal reached, success!
[ros2_control_node-2] [INFO] [1791168773.103890253] [joint_trajectory_controller]: Received new action goal
[ros2_control_node-2] [INFO] [1791168773.103917868] [joint_trajectory_controller]: Accepted new action goal
[ros2_control_node-2] [INFO] [1791168774.586571710] [joint_trajectory_controller]: Goal reached, success!
[ros2_control_node-2] [INFO] [1791168774.604858913] [joint_trajectory_controller]: Received new action goal
[ros2_control_node-2] [INFO] [1791168774.604879420] [joint_trajectory_controller]: Accepted new action goal
[ros2_control_node-2] [INFO] [1791168776.086803416] [joint_trajectory_controller]: Goal reached, success!
[ros2_control_node-2] [INFO] [1791168776.106784994] [joint_trajectory_controller]: Received new action goal
[ros2_control_node-2] [INFO] [1791168776.106846966] [joint_trajectory_controller]: Accepted new action goal
[ros2_control_node-2] [INFO] [1791168777.626632163] [joint_trajectory_controller]: Goal reached, success!
[ros2_control_node-2] [INFO] [1791168777.657815792] [joint_trajectory_controller]: Received new action goal
[ros2_control_node-2] [INFO] [1791168777.657872378] [joint_trajectory_controller]: Accepted new action goal
[ros2_control_node-2] [INFO] [1791168779.266554307] [joint_trajectory_controller]: Goal reached, success!
[ros2_control_node-2] [INFO] [1791168779.308830818] [joint_trajectory_controller]: Received new action goal
[ros2_control_node-2] [INFO] [1791168779.308852845] [joint_trajectory_controller]: Accepted new action goal
[ros2_control_node-2] [INFO] [1791168780.806668029] [joint_trajectory_controller]: Goal reached, success!
[ros2_control_node-2] [INFO] [1791168780.810194958] [joint_trajectory_controller]: Received new action goal
[ros2_control_node-2] [INFO] [1791168780.810226341] [joint_trajectory_controller]: Accepted new action goal
[ros2_control_node-2] [INFO] [1791168782.326577304] [joint_trajectory_controller]: Goal reached, success!
[ros2_control_node-2] [INFO] [1791168782.361132960] [joint_trajectory_controller]: Received new action goal
[ros2_control_node-2] [INFO] [1791168782.361156260] [joint_trajectory_controller]: Accepted new action goal
[ros2_control_node-2] [INFO] [1791168783.926558471] [joint_trajectory_controller]: Goal reached, success!
[ros2_control_node-2] [INFO] [1791168783.962159680] [joint_trajectory_controller]: Received new action goal
[ros2_control_node-2] [INFO] [1791168783.962193802] [joint_trajectory_controller]: Accepted new action goal
[ros2_control_node-2] [INFO] [1791168785.466557061] [joint_trajectory_controller]: Goal reached, success!
[ros2_control_node-2] [INFO] [1791168785.513069415] [joint_trajectory_controller]: Received new action goal
[ros2_control_node-2] [INFO] [1791168785.513108795] [joint_trajectory_controller]: Accepted new action goal
[ros2_control_node-2] [INFO] [1791168787.006616562] [joint_trajectory_controller]: Goal reached, success!
[ros2_control_node-2] [INFO] [1791168787.014116632] [joint_trajectory_controller]: Received new action goal
[ros2_control_node-2] [INFO] [1791168787.014152216] [joint_trajectory_controller]: Accepted new action goal
[ros2_control_node-2] [INFO] [1791168788.546626015] [joint_trajectory_controller]: Goal reached, success!
[ros2_control_node-2] [INFO] [1791168788.565448911] [joint_trajectory_controller]: Received new action goal
[ros2_control_node-2] [INFO] [1791168788.565482496] [joint_trajectory_controller]: Accepted new action goal
[ros2_control_node-2] [INFO] [1791168790.546564802] [joint_trajectory_controller]: Goal reached, success!
[ros2_control_node-2] [INFO] [1791168790.566491742] [joint_trajectory_controller]: Received new action goal
[ros2_control_node-2] [INFO] [1791168790.566512207] [joint_trajectory_controller]: Accepted new action goal
[ros2_control_node-2] [INFO] [1791168792.046615250] [joint_trajectory_controller]: Goal reached, success!
[ros2_control_node-2] [INFO] [1791168792.067442048] [joint_trajectory_controller]: Received new action goal
[ros2_control_node-2] [INFO] [1791168792.067477028] [joint_trajectory_controller]: Accepted new action goal
[ros2_control_node-2] [INFO] [1791168797.172330074] [joint_trajectory_controller]: Goal reached, success!
[ros2_control_node-2] [INFO] [1791168797.204086286] [joint_trajectory_controller]: Received new action goal
[ros2_control_node-2] [INFO] [1791168797.204119016] [joint_trajectory_controller]: Accepted new action goal
[ros2_control_node-2] [INFO] [1791168798.712321916] [joint_trajectory_controller]: Goal reached, success!
[ros2_control_node-2] [INFO] [1791168798.755044180] [joint_trajectory_controller]: Received new action goal
[ros2_control_node-2] [INFO] [1791168798.755074616] [joint_trajectory_controller]: Accepted new action goal
[ros2_control_node-2] [INFO] [1791168800.272316150] [joint_trajectory_controller]: Goal reached, success!
[ros2_control_node-2] [INFO] [1791168800.306296559] [joint_trajectory_controller]: Received new action goal
[ros2_control_node-2] [INFO] [1791168800.306322961] [joint_trajectory_controller]: Accepted new action goal
[ros2_control_node-2] [INFO] [1791168801.792320919] [joint_trajectory_controller]: Goal reached, success!
[ros2_control_node-2] [INFO] [1791168801.807181711] [joint_trajectory_controller]: Received new action goal
[ros2_control_node-2] [INFO] [1791168801.807203319] [joint_trajectory_controller]: Accepted new action goal
[ros2_control_node-2] [INFO] [1791168803.312311349] [joint_trajectory_controller]: Goal reached, success!
[ros2_control_node-2] [INFO] [1791168803.358072069] [joint_trajectory_controller]: Received new action goal
[ros2_control_node-2] [INFO] [1791168803.358095291] [joint_trajectory_controller]: Accepted new action goal
[ros2_control_node-2] [INFO] [1791168804.852318334] [joint_trajectory_controller]: Goal reached, success!
[ros2_control_node-2] [INFO] [1791168804.858845867] [joint_trajectory_controller]: Received new action goal
[ros2_control_node-2] [INFO] [1791168804.858868358] [joint_trajectory_controller]: Accepted new action goal
[ros2_control_node-2] [INFO] [1791168806.372324435] [joint_trajectory_controller]: Goal reached, success!
[ros2_control_node-2] [INFO] [1791168806.409732531] [joint_trajectory_controller]: Received new action goal
[ros2_control_node-2] [INFO] [1791168806.409772149] [joint_trajectory_controller]: Accepted new action goal
[ros2_control_node-2] [INFO] [1791168807.892316622] [joint_trajectory_controller]: Goal reached, success!
[ros2_control_node-2] [INFO] [1791168807.910645990] [joint_trajectory_controller]: Received new action goal
[ros2_control_node-2] [INFO] [1791168807.910667549] [joint_trajectory_controller]: Accepted new action goal
[ros2_control_node-2] [INFO] [1791168809.412313411] [joint_trajectory_controller]: Goal reached, success!
[ros2_control_node-2] [INFO] [1791168809.461911309] [joint_trajectory_controller]: Received new action goal
[ros2_control_node-2] [INFO] [1791168809.461945575] [joint_trajectory_controller]: Accepted new action goal
[ros2_control_node-2] [INFO] [1791168810.972327138] [joint_trajectory_controller]: Goal reached, success!
[ros2_control_node-2] [INFO] [1791168811.012906835] [joint_trajectory_controller]: Received new action goal
[ros2_control_node-2] [INFO] [1791168811.012930290] [joint_trajectory_controller]: Accepted new action goal
[ros2_control_node-2] [INFO] [1791168812.512317704] [joint_trajectory_controller]: Goal reached, success!
[ros2_control_node-2] [INFO] [1791168812.513947086] [joint_trajectory_controller]: Received new action goal
[ros2_control_node-2] [INFO] [1791168812.513967611] [joint_trajectory_controller]: Accepted new action goal
[ros2_control_node-2] [INFO] [1791168814.032318669] [joint_trajectory_controller]: Goal reached, success!
[ros2_control_node-2] [INFO] [1791168814.064986194] [joint_trajectory_controller]: Received new action goal
[ros2_control_node-2] [INFO] [1791168814.065010119] [joint_trajectory_controller]: Accepted new action goal
[ros2_control_node-2] [INFO] [1791168816.132315996] [joint_trajectory_controller]: Goal reached, success!
[ros2_control_node-2] [INFO] [1791168816.166860044] [joint_trajectory_controller]: Received new action goal
[ros2_control_node-2] [INFO] [1791168816.166886417] [joint_trajectory_controller]: Accepted new action goal
[ros2_control_node-2] [INFO] [1791168817.672352539] [joint_trajectory_controller]: Goal reached, success!
[ros2_control_node-2] [INFO] [1791168817.717676919] [joint_trajectory_controller]: Received new action goal
[ros2_control_node-2] [INFO] [1791168817.717703849] [joint_trajectory_controller]: Accepted new action goal
[ros2_control_node-2] [INFO] [1791168819.492328771] [joint_trajectory_controller]: Goal reached, success!
[ros2_control_node-2] [INFO] [1791168819.518573974] [joint_trajectory_controller]: Received new action goal
[ros2_control_node-2] [INFO] [1791168819.518601922] [joint_trajectory_controller]: Accepted new action goal
[ros2_control_node-2] [INFO] [1791168821.232304162] [joint_trajectory_controller]: Goal reached, success!
[ros2_control_node-2] [INFO] [1791168821.269453346] [joint_trajectory_controller]: Received new action goal
[ros2_control_node-2] [INFO] [1791168821.269481137] [joint_trajectory_controller]: Accepted new action goal
[ros2_control_node-2] [INFO] [1791168822.752318426] [joint_trajectory_controller]: Goal reached, success!
[ros2_control_node-2] [INFO] [1791168822.770455060] [joint_trajectory_controller]: Received new action goal
[ros2_control_node-2] [INFO] [1791168822.770481124] [joint_trajectory_controller]: Accepted new action goal
[ros2_control_node-2] [INFO] [1791168824.272317101] [joint_trajectory_controller]: Goal reached, success!
[ros2_control_node-2] [INFO] [1791168824.321462103] [joint_trajectory_controller]: Received new action goal
[ros2_control_node-2] [INFO] [1791168824.321486615] [joint_trajectory_controller]: Accepted new action goal
[ros2_control_node-2] [INFO] [1791168825.812308708] [joint_trajectory_controller]: Goal reached, success!
[ros2_control_node-2] [INFO] [1791168825.822228194] [joint_trajectory_controller]: Received new action goal
[ros2_control_node-2] [INFO] [1791168825.822249232] [joint_trajectory_controller]: Accepted new action goal
[ros2_control_node-2] [INFO] [1791168827.312312595] [joint_trajectory_controller]: Goal reached, success!
[ros2_control_node-2] [INFO] [1791168827.323057197] [joint_trajectory_controller]: Received new action goal
[ros2_control_node-2] [INFO] [1791168827.323086942] [joint_trajectory_controller]: Accepted new action goal
[ros2_control_node-2] [INFO] [1791168828.812341195] [joint_trajectory_controller]: Goal reached, success!
[ros2_control_node-2] [INFO] [1791168828.824026041] [joint_trajectory_controller]: Received new action goal
[ros2_control_node-2] [INFO] [1791168828.824058349] [joint_trajectory_controller]: Accepted new action goal
[ros2_control_node-2] [INFO] [1791168833.915795927] [joint_trajectory_controller]: Goal reached, success!
[ros2_control_node-2] [INFO] [1791168833.958400077] [joint_trajectory_controller]: Received new action goal
[ros2_control_node-2] [INFO] [1791168833.958434327] [joint_trajectory_controller]: Accepted new action goal
[ros2_control_node-2] [INFO] [1791168835.475777618] [joint_trajectory_controller]: Goal reached, success!
[ros2_control_node-2] [INFO] [1791168835.510176993] [joint_trajectory_controller]: Received new action goal
[ros2_control_node-2] [INFO] [1791168835.510200467] [joint_trajectory_controller]: Accepted new action goal
[ros2_control_node-2] [INFO] [1791168836.995782845] [joint_trajectory_controller]: Goal reached, success!
[ros2_control_node-2] [INFO] [1791168837.011002217] [joint_trajectory_controller]: Received new action goal
[ros2_control_node-2] [INFO] [1791168837.011023058] [joint_trajectory_controller]: Accepted new action goal
[ros2_control_node-2] [INFO] [1791168838.495779823] [joint_trajectory_controller]: Goal reached, success!
[ros2_control_node-2] [INFO] [1791168838.512035145] [joint_trajectory_controller]: Received new action goal
[ros2_control_node-2] [INFO] [1791168838.512060523] [joint_trajectory_controller]: Accepted new action goal
[ros2_control_node-2] [INFO] [1791168840.015781379] [joint_trajectory_controller]: Goal reached, success!
[ros2_control_node-2] [INFO] [1791168840.062968232] [joint_trajectory_controller]: Received new action goal
[ros2_control_node-2] [INFO] [1791168840.062993673] [joint_trajectory_controller]: Accepted new action goal
[ros2_control_node-2] [INFO] [1791168841.555779223] [joint_trajectory_controller]: Goal reached, success!
[ros2_control_node-2] [INFO] [1791168841.563943113] [joint_trajectory_controller]: Received new action goal
[ros2_control_node-2] [INFO] [1791168841.563964036] [joint_trajectory_controller]: Accepted new action goal
[ros2_control_node-2] [INFO] [1791168843.455774096] [joint_trajectory_controller]: Goal reached, success!
[ros2_control_node-2] [INFO] [1791168843.464855972] [joint_trajectory_controller]: Received new action goal
[ros2_control_node-2] [INFO] [1791168843.464887644] [joint_trajectory_controller]: Accepted new action goal
[ros2_control_node-2] [INFO] [1791168844.975774124] [joint_trajectory_controller]: Goal reached, success!
[ros2_control_node-2] [INFO] [1791168845.015824096] [joint_trajectory_controller]: Received new action goal
[ros2_control_node-2] [INFO] [1791168845.015847517] [joint_trajectory_controller]: Accepted new action goal
[ros2_control_node-2] [INFO] [1791168846.755787013] [joint_trajectory_controller]: Goal reached, success!
[ros2_control_node-2] [INFO] [1791168846.766831074] [joint_trajectory_controller]: Received new action goal
[ros2_control_node-2] [INFO] [1791168846.766853454] [joint_trajectory_controller]: Accepted new action goal
[ros2_control_node-2] [INFO] [1791168848.255781333] [joint_trajectory_controller]: Goal reached, success!
[ros2_control_node-2] [INFO] [1791168848.267685896] [joint_trajectory_controller]: Received new action goal
[ros2_control_node-2] [INFO] [1791168848.267707585] [joint_trajectory_controller]: Accepted new action goal
[ros2_control_node-2] [INFO] [1791168849.755783876] [joint_trajectory_controller]: Goal reached, success!
[ros2_control_node-2] [INFO] [1791168849.768527493] [joint_trajectory_controller]: Received new action goal
[ros2_control_node-2] [INFO] [1791168849.768549901] [joint_trajectory_controller]: Accepted new action goal
[ros2_control_node-2] [INFO] [1791168851.255785590] [joint_trajectory_controller]: Goal reached, success!
[ros2_control_node-2] [INFO] [1791168851.270433262] [joint_trajectory_controller]: Received new action goal
[ros2_control_node-2] [INFO] [1791168851.270453529] [joint_trajectory_controller]: Accepted new action goal
[ros2_control_node-2] [INFO] [1791168852.755790566] [joint_trajectory_controller]: Goal reached, success!
[ros2_control_node-2] [INFO] [1791168852.771357722] [joint_trajectory_controller]: Received new action goal
[ros2_control_node-2] [INFO] [1791168852.771377860] [joint_trajectory_controller]: Accepted new action goal
[ros2_control_node-2] [INFO] [1791168854.255782369] [joint_trajectory_controller]: Goal reached, success!
[ros2_control_node-2] [INFO] [1791168854.272373219] [joint_trajectory_controller]: Received new action goal
[ros2_control_node-2] [INFO] [1791168854.272403367] [joint_trajectory_controller]: Accepted new action goal
[ros2_control_node-2] [INFO] [1791168855.755780129] [joint_trajectory_controller]: Goal reached, success!
[ros2_control_node-2] [INFO] [1791168855.773333734] [joint_trajectory_controller]: Received new action goal
[ros2_control_node-2] [INFO] [1791168855.773357873] [joint_trajectory_controller]: Accepted new action goal
[ros2_control_node-2] [INFO] [1791168857.275776218] [joint_trajectory_controller]: Goal reached, success!
[ros2_control_node-2] [INFO] [1791168857.324411742] [joint_trajectory_controller]: Received new action goal
[ros2_control_node-2] [INFO] [1791168857.324438064] [joint_trajectory_controller]: Accepted new action goal
[ros2_control_node-2] [INFO] [1791168858.835772156] [joint_trajectory_controller]: Goal reached, success!
[ros2_control_node-2] [INFO] [1791168858.875398510] [joint_trajectory_controller]: Received new action goal
[ros2_control_node-2] [INFO] [1791168858.875428096] [joint_trajectory_controller]: Accepted new action goal
[ros2_control_node-2] [INFO] [1791168860.375779657] [joint_trajectory_controller]: Goal reached, success!
[ros2_control_node-2] [INFO] [1791168860.426289756] [joint_trajectory_controller]: Received new action goal
[ros2_control_node-2] [INFO] [1791168860.426327087] [joint_trajectory_controller]: Accepted new action goal
[ros2_control_node-2] [INFO] [1791168861.935774965] [joint_trajectory_controller]: Goal reached, success!
[ros2_control_node-2] [INFO] [1791168861.977098181] [joint_trajectory_controller]: Received new action goal
[ros2_control_node-2] [INFO] [1791168861.977133156] [joint_trajectory_controller]: Accepted new action goal
[ros2_control_node-2] [INFO] [1791168863.495768342] [joint_trajectory_controller]: Goal reached, success!
[ros2_control_node-2] [INFO] [1791168863.528049788] [joint_trajectory_controller]: Received new action goal
[ros2_control_node-2] [INFO] [1791168863.528071612] [joint_trajectory_controller]: Accepted new action goal
[ros2_control_node-2] [INFO] [1791168868.619967297] [joint_trajectory_controller]: Goal reached, success!
[ros2_control_node-2] [INFO] [1791168868.663292043] [joint_trajectory_controller]: Received new action goal
[ros2_control_node-2] [INFO] [1791168868.663323527] [joint_trajectory_controller]: Accepted new action goal
[ros2_control_node-2] [INFO] [1791168870.179968934] [joint_trajectory_controller]: Goal reached, success!
[ros2_control_node-2] [INFO] [1791168870.215217647] [joint_trajectory_controller]: Received new action goal
[ros2_control_node-2] [INFO] [1791168870.215239530] [joint_trajectory_controller]: Accepted new action goal
[ros2_control_node-2] [INFO] [1791168871.719972258] [joint_trajectory_controller]: Goal reached, success!
[ros2_control_node-2] [INFO] [1791168871.766275578] [joint_trajectory_controller]: Received new action goal
[ros2_control_node-2] [INFO] [1791168871.766299538] [joint_trajectory_controller]: Accepted new action goal
[ros2_control_node-2] [INFO] [1791168873.379973841] [joint_trajectory_controller]: Goal reached, success!
[ros2_control_node-2] [INFO] [1791168873.417390924] [joint_trajectory_controller]: Received new action goal
[ros2_control_node-2] [INFO] [1791168873.417417223] [joint_trajectory_controller]: Accepted new action goal
[ros2_control_node-2] [INFO] [1791168874.919973101] [joint_trajectory_controller]: Goal reached, success!
[ros2_control_node-2] [INFO] [1791168874.968451946] [joint_trajectory_controller]: Received new action goal
[ros2_control_node-2] [INFO] [1791168874.968492047] [joint_trajectory_controller]: Accepted new action goal
[ros2_control_node-2] [INFO] [1791168876.479980898] [joint_trajectory_controller]: Goal reached, success!
[ros2_control_node-2] [INFO] [1791168876.519298411] [joint_trajectory_controller]: Received new action goal
[ros2_control_node-2] [INFO] [1791168876.519336016] [joint_trajectory_controller]: Accepted new action goal
[ros2_control_node-2] [INFO] [1791168878.019984879] [joint_trajectory_controller]: Goal reached, success!
[ros2_control_node-2] [INFO] [1791168878.070412433] [joint_trajectory_controller]: Received new action goal
[ros2_control_node-2] [INFO] [1791168878.070442638] [joint_trajectory_controller]: Accepted new action goal
[ros2_control_node-2] [INFO] [1791168879.559977138] [joint_trajectory_controller]: Goal reached, success!
[ros2_control_node-2] [INFO] [1791168879.571533548] [joint_trajectory_controller]: Received new action goal
[ros2_control_node-2] [INFO] [1791168879.571556653] [joint_trajectory_controller]: Accepted new action goal
[ros2_control_node-2] [INFO] [1791168881.060024779] [joint_trajectory_controller]: Goal reached, success!
[ros2_control_node-2] [INFO] [1791168881.072209512] [joint_trajectory_controller]: Received new action goal
[ros2_control_node-2] [INFO] [1791168881.072232195] [joint_trajectory_controller]: Accepted new action goal
[ros2_control_node-2] [INFO] [1791168882.579971386] [joint_trajectory_controller]: Goal reached, success!
[ros2_control_node-2] [INFO] [1791168882.623114627] [joint_trajectory_controller]: Received new action goal
[ros2_control_node-2] [INFO] [1791168882.623135462] [joint_trajectory_controller]: Accepted new action goal
[ros2_control_node-2] [INFO] [1791168884.139975934] [joint_trajectory_controller]: Goal reached, success!
[ros2_control_node-2] [INFO] [1791168884.174172498] [joint_trajectory_controller]: Received new action goal
[ros2_control_node-2] [INFO] [1791168884.174195303] [joint_trajectory_controller]: Accepted new action goal
[ros2_control_node-2] [INFO] [1791168885.679981136] [joint_trajectory_controller]: Goal reached, success!
[ros2_control_node-2] [INFO] [1791168885.726089865] [joint_trajectory_controller]: Received new action goal
[ros2_control_node-2] [INFO] [1791168885.726112488] [joint_trajectory_controller]: Accepted new action goal
[ros2_control_node-2] [INFO] [1791168887.219974061] [joint_trajectory_controller]: Goal reached, success!
[ros2_control_node-2] [INFO] [1791168887.227005933] [joint_trajectory_controller]: Received new action goal
[ros2_control_node-2] [INFO] [1791168887.227025798] [joint_trajectory_controller]: Accepted new action goal
[ros2_control_node-2] [INFO] [1791168888.719980001] [joint_trajectory_controller]: Goal reached, success!
[ros2_control_node-2] [INFO] [1791168888.728010363] [joint_trajectory_controller]: Received new action goal
[ros2_control_node-2] [INFO] [1791168888.728030164] [joint_trajectory_controller]: Accepted new action goal
[ros2_control_node-2] [INFO] [1791168890.219979471] [joint_trajectory_controller]: Goal reached, success!
[ros2_control_node-2] [INFO] [1791168890.229053651] [joint_trajectory_controller]: Received new action goal
[ros2_control_node-2] [INFO] [1791168890.229073404] [joint_trajectory_controller]: Accepted new action goal
[ros2_control_node-2] [INFO] [1791168891.719984114] [joint_trajectory_controller]: Goal reached, success!
[ros2_control_node-2] [INFO] [1791168891.729921806] [joint_trajectory_controller]: Received new action goal
[ros2_control_node-2] [INFO] [1791168891.729943421] [joint_trajectory_controller]: Accepted new action goal
[ros2_control_node-2] [INFO] [1791168893.239977981] [joint_trajectory_controller]: Goal reached, success!
[ros2_control_node-2] [INFO] [1791168893.281035864] [joint_trajectory_controller]: Received new action goal
[ros2_control_node-2] [INFO] [1791168893.281060157] [joint_trajectory_controller]: Accepted new action goal
[ros2_control_node-2] [INFO] [1791168894.799970814] [joint_trajectory_controller]: Goal reached, success!
[ros2_control_node-2] [INFO] [1791168894.831925793] [joint_trajectory_controller]: Received new action goal
[ros2_control_node-2] [INFO] [1791168894.831949930] [joint_trajectory_controller]: Accepted new action goal
[ros2_control_node-2] [INFO] [1791168896.339975749] [joint_trajectory_controller]: Goal reached, success!
[ros2_control_node-2] [INFO] [1791168896.382850247] [joint_trajectory_controller]: Received new action goal
[ros2_control_node-2] [INFO] [1791168896.382871719] [joint_trajectory_controller]: Accepted new action goal
[ros2_control_node-2] [INFO] [1791168898.199971623] [joint_trajectory_controller]: Goal reached, success!
[ros2_control_node-2] [INFO] [1791168898.233650451] [joint_trajectory_controller]: Received new action goal
[ros2_control_node-2] [INFO] [1791168898.233670732] [joint_trajectory_controller]: Accepted new action goal
[ros2_control_node-2] [INFO] [1791168899.719973430] [joint_trajectory_controller]: Goal reached, success!
[ros2_control_node-2] [INFO] [1791168899.734684297] [joint_trajectory_controller]: Received new action goal
[ros2_control_node-2] [INFO] [1791168899.734707914] [joint_trajectory_controller]: Accepted new action goal
[ros2_control_node-2] [INFO] [1791168904.805401155] [joint_trajectory_controller]: Goal reached, success!
[ros2_control_node-2] [INFO] [1791168904.821421080] [joint_trajectory_controller]: Received new action goal
[ros2_control_node-2] [INFO] [1791168904.821445252] [joint_trajectory_controller]: Accepted new action goal
[ros2_control_node-2] [INFO] [1791168906.725407431] [joint_trajectory_controller]: Goal reached, success!
[ros2_control_node-2] [INFO] [1791168906.772461007] [joint_trajectory_controller]: Received new action goal
[ros2_control_node-2] [INFO] [1791168906.772487301] [joint_trajectory_controller]: Accepted new action goal
[ros2_control_node-2] [INFO] [1791168908.285404362] [joint_trajectory_controller]: Goal reached, success!
[ros2_control_node-2] [INFO] [1791168908.323467362] [joint_trajectory_controller]: Received new action goal
[ros2_control_node-2] [INFO] [1791168908.323492053] [joint_trajectory_controller]: Accepted new action goal
[ros2_control_node-2] [INFO] [1791168909.825394470] [joint_trajectory_controller]: Goal reached, success!
[ros2_control_node-2] [INFO] [1791168909.874180630] [joint_trajectory_controller]: Received new action goal
[ros2_control_node-2] [INFO] [1791168909.874216429] [joint_trajectory_controller]: Accepted new action goal
[ros2_control_node-2] [INFO] [1791168911.385390803] [joint_trajectory_controller]: Goal reached, success!
[ros2_control_node-2] [INFO] [1791168911.425071542] [joint_trajectory_controller]: Received new action goal
[ros2_control_node-2] [INFO] [1791168911.425096091] [joint_trajectory_controller]: Accepted new action goal
[ros2_control_node-2] [INFO] [1791168912.925432225] [joint_trajectory_controller]: Goal reached, success!
[ros2_control_node-2] [INFO] [1791168912.975930795] [joint_trajectory_controller]: Received new action goal
[ros2_control_node-2] [INFO] [1791168912.975952850] [joint_trajectory_controller]: Accepted new action goal
[ros2_control_node-2] [INFO] [1791168914.485594378] [joint_trajectory_controller]: Goal reached, success!
[ros2_control_node-2] [INFO] [1791168914.526841147] [joint_trajectory_controller]: Received new action goal
[ros2_control_node-2] [INFO] [1791168914.526863565] [joint_trajectory_controller]: Accepted new action goal
[ros2_control_node-2] [INFO] [1791168916.045393663] [joint_trajectory_controller]: Goal reached, success!
[ros2_control_node-2] [INFO] [1791168916.077701492] [joint_trajectory_controller]: Received new action goal
[ros2_control_node-2] [INFO] [1791168916.077724902] [joint_trajectory_controller]: Accepted new action goal
[ros2_control_node-2] [INFO] [1791168917.565410617] [joint_trajectory_controller]: Goal reached, success!
[ros2_control_node-2] [INFO] [1791168917.578579007] [joint_trajectory_controller]: Received new action goal
[ros2_control_node-2] [INFO] [1791168917.578598812] [joint_trajectory_controller]: Accepted new action goal
[ros2_control_node-2] [INFO] [1791168919.065419194] [joint_trajectory_controller]: Goal reached, success!
[ros2_control_node-2] [INFO] [1791168919.079441367] [joint_trajectory_controller]: Received new action goal
[ros2_control_node-2] [INFO] [1791168919.079462738] [joint_trajectory_controller]: Accepted new action goal
[ros2_control_node-2] [INFO] [1791168920.585397773] [joint_trajectory_controller]: Goal reached, success!
[ros2_control_node-2] [INFO] [1791168920.631578539] [joint_trajectory_controller]: Received new action goal
[ros2_control_node-2] [INFO] [1791168920.631605258] [joint_trajectory_controller]: Accepted new action goal
[ros2_control_node-2] [INFO] [1791168922.125396737] [joint_trajectory_controller]: Goal reached, success!
[ros2_control_node-2] [INFO] [1791168922.132557856] [joint_trajectory_controller]: Received new action goal
[ros2_control_node-2] [INFO] [1791168922.132577327] [joint_trajectory_controller]: Accepted new action goal
[ros2_control_node-2] [INFO] [1791168923.625406238] [joint_trajectory_controller]: Goal reached, success!
[ros2_control_node-2] [INFO] [1791168923.633526286] [joint_trajectory_controller]: Received new action goal
[ros2_control_node-2] [INFO] [1791168923.633545994] [joint_trajectory_controller]: Accepted new action goal
[ros2_control_node-2] [INFO] [1791168925.125559693] [joint_trajectory_controller]: Goal reached, success!
[ros2_control_node-2] [INFO] [1791168925.134572671] [joint_trajectory_controller]: Received new action goal
[ros2_control_node-2] [INFO] [1791168925.134593101] [joint_trajectory_controller]: Accepted new action goal
[ros2_control_node-2] [INFO] [1791168926.625401008] [joint_trajectory_controller]: Goal reached, success!
[ros2_control_node-2] [INFO] [1791168926.635297789] [joint_trajectory_controller]: Received new action goal
[ros2_control_node-2] [INFO] [1791168926.635317383] [joint_trajectory_controller]: Accepted new action goal
[ros2_control_node-2] [INFO] [1791168928.125407893] [joint_trajectory_controller]: Goal reached, success!
[ros2_control_node-2] [INFO] [1791168928.136341041] [joint_trajectory_controller]: Received new action goal
[ros2_control_node-2] [INFO] [1791168928.136368522] [joint_trajectory_controller]: Accepted new action goal
[ros2_control_node-2] [INFO] [1791168929.625453205] [joint_trajectory_controller]: Goal reached, success!
[ros2_control_node-2] [INFO] [1791168929.637925984] [joint_trajectory_controller]: Received new action goal
[ros2_control_node-2] [INFO] [1791168929.637961322] [joint_trajectory_controller]: Accepted new action goal
[ros2_control_node-2] [INFO] [1791168931.145419065] [joint_trajectory_controller]: Goal reached, success!
[ros2_control_node-2] [INFO] [1791168931.188919579] [joint_trajectory_controller]: Received new action goal
[ros2_control_node-2] [INFO] [1791168931.188946850] [joint_trajectory_controller]: Accepted new action goal
[ros2_control_node-2] [INFO] [1791168932.705398105] [joint_trajectory_controller]: Goal reached, success!
[ros2_control_node-2] [INFO] [1791168932.739740612] [joint_trajectory_controller]: Received new action goal
[ros2_control_node-2] [INFO] [1791168932.739765104] [joint_trajectory_controller]: Accepted new action goal
[ros2_control_node-2] [INFO] [1791168934.245397906] [joint_trajectory_controller]: Goal reached, success!
[ros2_control_node-2] [INFO] [1791168934.290624823] [joint_trajectory_controller]: Received new action goal
[ros2_control_node-2] [INFO] [1791168934.290648667] [joint_trajectory_controller]: Accepted new action goal
[ros2_control_node-2] [INFO] [1791168935.805390131] [joint_trajectory_controller]: Goal reached, success!
[ros2_control_node-2] [INFO] [1791168935.842801389] [joint_trajectory_controller]: Received new action goal
[ros2_control_node-2] [INFO] [1791168935.842823949] [joint_trajectory_controller]: Accepted new action goal
[ros2_control_node-2] [INFO] [1791168940.907236490] [joint_trajectory_controller]: Goal reached, success!
[ros2_control_node-2] [INFO] [1791168940.925532811] [joint_trajectory_controller]: Received new action goal
[ros2_control_node-2] [INFO] [1791168940.925563460] [joint_trajectory_controller]: Accepted new action goal
[ros2_control_node-2] [INFO] [1791168942.427225304] [joint_trajectory_controller]: Goal reached, success!
[ros2_control_node-2] [INFO] [1791168942.476524993] [joint_trajectory_controller]: Received new action goal
[ros2_control_node-2] [INFO] [1791168942.476546081] [joint_trajectory_controller]: Accepted new action goal
[ros2_control_node-2] [INFO] [1791168944.587268839] [joint_trajectory_controller]: Goal reached, success!
[ros2_control_node-2] [INFO] [1791168944.627582745] [joint_trajectory_controller]: Received new action goal
[ros2_control_node-2] [INFO] [1791168944.627615438] [joint_trajectory_controller]: Accepted new action goal
[ros2_control_node-2] [INFO] [1791168946.227224046] [joint_trajectory_controller]: Goal reached, success!
[ros2_control_node-2] [INFO] [1791168946.228610009] [joint_trajectory_controller]: Received new action goal
[ros2_control_node-2] [INFO] [1791168946.228631953] [joint_trajectory_controller]: Accepted new action goal
[ros2_control_node-2] [INFO] [1791168947.927220716] [joint_trajectory_controller]: Goal reached, success!
[ros2_control_node-2] [INFO] [1791168947.929612238] [joint_trajectory_controller]: Received new action goal
[ros2_control_node-2] [INFO] [1791168947.929634048] [joint_trajectory_controller]: Accepted new action goal
[ros2_control_node-2] [INFO] [1791168949.447225357] [joint_trajectory_controller]: Goal reached, success!
[ros2_control_node-2] [INFO] [1791168949.480596721] [joint_trajectory_controller]: Received new action goal
[ros2_control_node-2] [INFO] [1791168949.480617401] [joint_trajectory_controller]: Accepted new action goal
[ros2_control_node-2] [INFO] [1791168950.987211575] [joint_trajectory_controller]: Goal reached, success!
[ros2_control_node-2] [INFO] [1791168951.031530642] [joint_trajectory_controller]: Received new action goal
[ros2_control_node-2] [INFO] [1791168951.031554556] [joint_trajectory_controller]: Accepted new action goal
[ros2_control_node-2] [INFO] [1791168952.547213082] [joint_trajectory_controller]: Goal reached, success!
[ros2_control_node-2] [INFO] [1791168952.582620886] [joint_trajectory_controller]: Received new action goal
[ros2_control_node-2] [INFO] [1791168952.582656131] [joint_trajectory_controller]: Accepted new action goal
[ros2_control_node-2] [INFO] [1791168954.087229972] [joint_trajectory_controller]: Goal reached, success!
[ros2_control_node-2] [INFO] [1791168954.133692301] [joint_trajectory_controller]: Received new action goal
[ros2_control_node-2] [INFO] [1791168954.133718912] [joint_trajectory_controller]: Accepted new action goal
[ros2_control_node-2] [INFO] [1791168955.647228528] [joint_trajectory_controller]: Goal reached, success!
[ros2_control_node-2] [INFO] [1791168955.685124699] [joint_trajectory_controller]: Received new action goal
[ros2_control_node-2] [INFO] [1791168955.685146139] [joint_trajectory_controller]: Accepted new action goal
[ros2_control_node-2] [INFO] [1791168957.187214562] [joint_trajectory_controller]: Goal reached, success!
[ros2_control_node-2] [INFO] [1791168957.236071727] [joint_trajectory_controller]: Received new action goal
[ros2_control_node-2] [INFO] [1791168957.236098296] [joint_trajectory_controller]: Accepted new action goal
[ros2_control_node-2] [INFO] [1791168958.747214837] [joint_trajectory_controller]: Goal reached, success!
[ros2_control_node-2] [INFO] [1791168958.787081388] [joint_trajectory_controller]: Received new action goal
[ros2_control_node-2] [INFO] [1791168958.787106980] [joint_trajectory_controller]: Accepted new action goal
[ros2_control_node-2] [INFO] [1791168960.287226505] [joint_trajectory_controller]: Goal reached, success!
[ros2_control_node-2] [INFO] [1791168960.288099383] [joint_trajectory_controller]: Received new action goal
[ros2_control_node-2] [INFO] [1791168960.288120423] [joint_trajectory_controller]: Accepted new action goal
[ros2_control_node-2] [INFO] [1791168961.807224602] [joint_trajectory_controller]: Goal reached, success!
[ros2_control_node-2] [INFO] [1791168961.839086379] [joint_trajectory_controller]: Received new action goal
[ros2_control_node-2] [INFO] [1791168961.839108448] [joint_trajectory_controller]: Accepted new action goal
[ros2_control_node-2] [INFO] [1791168963.327223793] [joint_trajectory_controller]: Goal reached, success!
[ros2_control_node-2] [INFO] [1791168963.340079512] [joint_trajectory_controller]: Received new action goal
[ros2_control_node-2] [INFO] [1791168963.340114822] [joint_trajectory_controller]: Accepted new action goal
[ros2_control_node-2] [INFO] [1791168964.847224536] [joint_trajectory_controller]: Goal reached, success!
[ros2_control_node-2] [INFO] [1791168964.891111659] [joint_trajectory_controller]: Received new action goal
[ros2_control_node-2] [INFO] [1791168964.891136803] [joint_trajectory_controller]: Accepted new action goal
[ros2_control_node-2] [INFO] [1791168966.447175627] [joint_trajectory_controller]: Goal reached, success!
[ros2_control_node-2] [INFO] [1791168966.492234369] [joint_trajectory_controller]: Received new action goal
[ros2_control_node-2] [INFO] [1791168966.492257771] [joint_trajectory_controller]: Accepted new action goal
[ros2_control_node-2] [INFO] [1791168967.987275899] [joint_trajectory_controller]: Goal reached, success!
[ros2_control_node-2] [INFO] [1791168967.993093759] [joint_trajectory_controller]: Received new action goal
[ros2_control_node-2] [INFO] [1791168967.993115769] [joint_trajectory_controller]: Accepted new action goal
[ros2_control_node-2] [INFO] [1791168969.507217150] [joint_trajectory_controller]: Goal reached, success!
[ros2_control_node-2] [INFO] [1791168969.544070809] [joint_trajectory_controller]: Received new action goal
[ros2_control_node-2] [INFO] [1791168969.544096789] [joint_trajectory_controller]: Accepted new action goal
[ros2_control_node-2] [INFO] [1791168971.047204446] [joint_trajectory_controller]: Goal reached, success!
[ros2_control_node-2] [INFO] [1791168971.096117739] [joint_trajectory_controller]: Received new action goal
[ros2_control_node-2] [INFO] [1791168971.096142946] [joint_trajectory_controller]: Accepted new action goal
[ros2_control_node-2] [INFO] [1791168976.612429724] [joint_trajectory_controller]: Goal reached, success!
[ros2_control_node-2] [INFO] [1791168976.632129270] [joint_trajectory_controller]: Received new action goal
[ros2_control_node-2] [INFO] [1791168976.632154842] [joint_trajectory_controller]: Accepted new action goal
[ros2_control_node-2] [INFO] [1791168978.132485672] [joint_trajectory_controller]: Goal reached, success!
[ros2_control_node-2] [INFO] [1791168978.183068558] [joint_trajectory_controller]: Received new action goal
[ros2_control_node-2] [INFO] [1791168978.183088744] [joint_trajectory_controller]: Accepted new action goal
[ros2_control_node-2] [INFO] [1791168979.692434434] [joint_trajectory_controller]: Goal reached, success!
[ros2_control_node-2] [INFO] [1791168979.734017273] [joint_trajectory_controller]: Received new action goal
[ros2_control_node-2] [INFO] [1791168979.734040874] [joint_trajectory_controller]: Accepted new action goal
[ros2_control_node-2] [INFO] [1791168981.252434057] [joint_trajectory_controller]: Goal reached, success!
[ros2_control_node-2] [INFO] [1791168981.285044586] [joint_trajectory_controller]: Received new action goal
[ros2_control_node-2] [INFO] [1791168981.285065583] [joint_trajectory_controller]: Accepted new action goal
[ros2_control_node-2] [INFO] [1791168982.792497028] [joint_trajectory_controller]: Goal reached, success!
[ros2_control_node-2] [INFO] [1791168982.835903905] [joint_trajectory_controller]: Received new action goal
[ros2_control_node-2] [INFO] [1791168982.835940309] [joint_trajectory_controller]: Accepted new action goal
[ros2_control_node-2] [INFO] [1791168984.352427586] [joint_trajectory_controller]: Goal reached, success!
[ros2_control_node-2] [INFO] [1791168984.386897034] [joint_trajectory_controller]: Received new action goal
[ros2_control_node-2] [INFO] [1791168984.386925206] [joint_trajectory_controller]: Accepted new action goal
[ros2_control_node-2] [INFO] [1791168985.892425068] [joint_trajectory_controller]: Goal reached, success!
[ros2_control_node-2] [INFO] [1791168985.937819845] [joint_trajectory_controller]: Received new action goal
[ros2_control_node-2] [INFO] [1791168985.937842666] [joint_trajectory_controller]: Accepted new action goal
[ros2_control_node-2] [INFO] [1791168987.432430460] [joint_trajectory_controller]: Goal reached, success!
[ros2_control_node-2] [INFO] [1791168987.438750890] [joint_trajectory_controller]: Received new action goal
[ros2_control_node-2] [INFO] [1791168987.438773263] [joint_trajectory_controller]: Accepted new action goal
[ros2_control_node-2] [INFO] [1791168988.932553496] [joint_trajectory_controller]: Goal reached, success!
[ros2_control_node-2] [INFO] [1791168988.939579584] [joint_trajectory_controller]: Received new action goal
[ros2_control_node-2] [INFO] [1791168988.939600081] [joint_trajectory_controller]: Accepted new action goal
[ros2_control_node-2] [INFO] [1791168990.452429739] [joint_trajectory_controller]: Goal reached, success!
[ros2_control_node-2] [INFO] [1791168990.491374361] [joint_trajectory_controller]: Received new action goal
[ros2_control_node-2] [INFO] [1791168990.491396061] [joint_trajectory_controller]: Accepted new action goal
[ros2_control_node-2] [INFO] [1791168991.992431781] [joint_trajectory_controller]: Goal reached, success!
[ros2_control_node-2] [INFO] [1791168992.042209817] [joint_trajectory_controller]: Received new action goal
[ros2_control_node-2] [INFO] [1791168992.042240826] [joint_trajectory_controller]: Accepted new action goal
[ros2_control_node-2] [INFO] [1791168993.612427889] [joint_trajectory_controller]: Goal reached, success!
[ros2_control_node-2] [INFO] [1791168993.643134918] [joint_trajectory_controller]: Received new action goal
[ros2_control_node-2] [INFO] [1791168993.643162518] [joint_trajectory_controller]: Accepted new action goal
[ros2_control_node-2] [INFO] [1791168995.972440240] [joint_trajectory_controller]: Goal reached, success!
[ros2_control_node-2] [INFO] [1791168995.994079163] [joint_trajectory_controller]: Received new action goal
[ros2_control_node-2] [INFO] [1791168995.994102912] [joint_trajectory_controller]: Accepted new action goal
[ros2_control_node-2] [INFO] [1791168997.852427448] [joint_trajectory_controller]: Goal reached, success!
[ros2_control_node-2] [INFO] [1791168997.895426223] [joint_trajectory_controller]: Received new action goal
[ros2_control_node-2] [INFO] [1791168997.895450826] [joint_trajectory_controller]: Accepted new action goal
[ros2_control_node-2] [INFO] [1791168999.392453421] [joint_trajectory_controller]: Goal reached, success!
[ros2_control_node-2] [INFO] [1791168999.396397337] [joint_trajectory_controller]: Received new action goal
[ros2_control_node-2] [INFO] [1791168999.396416838] [joint_trajectory_controller]: Accepted new action goal
[ros2_control_node-2] [INFO] [1791169000.892442593] [joint_trajectory_controller]: Goal reached, success!
[ros2_control_node-2] [INFO] [1791169000.897297725] [joint_trajectory_controller]: Received new action goal
[ros2_control_node-2] [INFO] [1791169000.897317144] [joint_trajectory_controller]: Accepted new action goal
[ros2_control_node-2] [INFO] [1791169002.412433573] [joint_trajectory_controller]: Goal reached, success!
[ros2_control_node-2] [INFO] [1791169002.448300603] [joint_trajectory_controller]: Received new action goal
[ros2_control_node-2] [INFO] [1791169002.448325383] [joint_trajectory_controller]: Accepted new action goal
[ros2_control_node-2] [INFO] [1791169003.952441919] [joint_trajectory_controller]: Goal reached, success!
[ros2_control_node-2] [INFO] [1791169003.999237764] [joint_trajectory_controller]: Received new action goal
[ros2_control_node-2] [INFO] [1791169003.999269343] [joint_trajectory_controller]: Accepted new action goal
[ros2_control_node-2] [INFO] [1791169005.512435852] [joint_trajectory_controller]: Goal reached, success!
[ros2_control_node-2] [INFO] [1791169005.550127894] [joint_trajectory_controller]: Received new action goal
[ros2_control_node-2] [INFO] [1791169005.550155238] [joint_trajectory_controller]: Accepted new action goal
[ros2_control_node-2] [INFO] [1791169007.032423285] [joint_trajectory_controller]: Goal reached, success!
[ros2_control_node-2] [INFO] [1791169007.052065831] [joint_trajectory_controller]: Received new action goal
[ros2_control_node-2] [INFO] [1791169007.052088676] [joint_trajectory_controller]: Accepted new action goal
[ros2_control_node-2] [INFO] [1791169012.134061270] [joint_trajectory_controller]: Goal reached, success!
[ros2_control_node-2] [INFO] [1791169012.184556277] [joint_trajectory_controller]: Received new action goal
[ros2_control_node-2] [INFO] [1791169012.184584323] [joint_trajectory_controller]: Accepted new action goal
[ros2_control_node-2] [INFO] [1791169013.674072373] [joint_trajectory_controller]: Goal reached, success!
[ros2_control_node-2] [INFO] [1791169013.685567692] [joint_trajectory_controller]: Received new action goal
[ros2_control_node-2] [INFO] [1791169013.685586348] [joint_trajectory_controller]: Accepted new action goal
[ros2_control_node-2] [INFO] [1791169015.174056185] [joint_trajectory_controller]: Goal reached, success!
[ros2_control_node-2] [INFO] [1791169015.186578634] [joint_trajectory_controller]: Received new action goal
[ros2_control_node-2] [INFO] [1791169015.186630716] [joint_trajectory_controller]: Accepted new action goal
[ros2_control_node-2] [INFO] [1791169016.914102482] [joint_trajectory_controller]: Goal reached, success!
[ros2_control_node-2] [INFO] [1791169016.937784582] [joint_trajectory_controller]: Received new action goal
[ros2_control_node-2] [INFO] [1791169016.937817838] [joint_trajectory_controller]: Accepted new action goal
[ros2_control_node-2] [INFO] [1791169018.614050426] [joint_trajectory_controller]: Goal reached, success!
[ros2_control_node-2] [INFO] [1791169018.638777110] [joint_trajectory_controller]: Received new action goal
[ros2_control_node-2] [INFO] [1791169018.638802544] [joint_trajectory_controller]: Accepted new action goal
[ros2_control_node-2] [INFO] [1791169020.134062175] [joint_trajectory_controller]: Goal reached, success!
[ros2_control_node-2] [INFO] [1791169020.139670630] [joint_trajectory_controller]: Received new action goal
[ros2_control_node-2] [INFO] [1791169020.139691135] [joint_trajectory_controller]: Accepted new action goal
[ros2_control_node-2] [INFO] [1791169021.634065581] [joint_trajectory_controller]: Goal reached, success!
[ros2_control_node-2] [INFO] [1791169021.640592602] [joint_trajectory_controller]: Received new action goal
[ros2_control_node-2] [INFO] [1791169021.640617129] [joint_trajectory_controller]: Accepted new action goal
[ros2_control_node-2] [INFO] [1791169023.154053868] [joint_trajectory_controller]: Goal reached, success!
[ros2_control_node-2] [INFO] [1791169023.191579692] [joint_trajectory_controller]: Received new action goal
[ros2_control_node-2] [INFO] [1791169023.191605912] [joint_trajectory_controller]: Accepted new action goal
[ros2_control_node-2] [INFO] [1791169024.694055579] [joint_trajectory_controller]: Goal reached, success!
[ros2_control_node-2] [INFO] [1791169024.742694777] [joint_trajectory_controller]: Received new action goal
[ros2_control_node-2] [INFO] [1791169024.742732433] [joint_trajectory_controller]: Accepted new action goal
[ros2_control_node-2] [INFO] [1791169026.254050071] [joint_trajectory_controller]: Goal reached, success!
[ros2_control_node-2] [INFO] [1791169026.294408873] [joint_trajectory_controller]: Received new action goal
[ros2_control_node-2] [INFO] [1791169026.294431618] [joint_trajectory_controller]: Accepted new action goal
[ros2_control_node-2] [INFO] [1791169027.794052580] [joint_trajectory_controller]: Goal reached, success!
[ros2_control_node-2] [INFO] [1791169027.795407615] [joint_trajectory_controller]: Received new action goal
[ros2_control_node-2] [INFO] [1791169027.795426417] [joint_trajectory_controller]: Accepted new action goal
[ros2_control_node-2] [INFO] [1791169029.314057985] [joint_trajectory_controller]: Goal reached, success!
[ros2_control_node-2] [INFO] [1791169029.346453641] [joint_trajectory_controller]: Received new action goal
[ros2_control_node-2] [INFO] [1791169029.346481593] [joint_trajectory_controller]: Accepted new action goal
[ros2_control_node-2] [INFO] [1791169030.854051482] [joint_trajectory_controller]: Goal reached, success!
[ros2_control_node-2] [INFO] [1791169030.897460248] [joint_trajectory_controller]: Received new action goal
[ros2_control_node-2] [INFO] [1791169030.897482852] [joint_trajectory_controller]: Accepted new action goal
[ros2_control_node-2] [INFO] [1791169032.414054612] [joint_trajectory_controller]: Goal reached, success!
[ros2_control_node-2] [INFO] [1791169032.448580140] [joint_trajectory_controller]: Received new action goal
[ros2_control_node-2] [INFO] [1791169032.448611875] [joint_trajectory_controller]: Accepted new action goal
[ros2_control_node-2] [INFO] [1791169033.934054115] [joint_trajectory_controller]: Goal reached, success!
[ros2_control_node-2] [INFO] [1791169033.949555213] [joint_trajectory_controller]: Received new action goal
[ros2_control_node-2] [INFO] [1791169033.949578053] [joint_trajectory_controller]: Accepted new action goal
[ros2_control_node-2] [INFO] [1791169035.434057429] [joint_trajectory_controller]: Goal reached, success!
[ros2_control_node-2] [INFO] [1791169035.450400340] [joint_trajectory_controller]: Received new action goal
[ros2_control_node-2] [INFO] [1791169035.450424817] [joint_trajectory_controller]: Accepted new action goal
[ros2_control_node-2] [INFO] [1791169036.934050721] [joint_trajectory_controller]: Goal reached, success!
[ros2_control_node-2] [INFO] [1791169036.951338789] [joint_trajectory_controller]: Received new action goal
[ros2_control_node-2] [INFO] [1791169036.951365835] [joint_trajectory_controller]: Accepted new action goal
[ros2_control_node-2] [INFO] [1791169038.454055944] [joint_trajectory_controller]: Goal reached, success!
[ros2_control_node-2] [INFO] [1791169038.502278525] [joint_trajectory_controller]: Received new action goal
[ros2_control_node-2] [INFO] [1791169038.502303618] [joint_trajectory_controller]: Accepted new action goal
[ros2_control_node-2] [INFO] [1791169040.014049574] [joint_trajectory_controller]: Goal reached, success!
[ros2_control_node-2] [INFO] [1791169040.053271413] [joint_trajectory_controller]: Received new action goal
[ros2_control_node-2] [INFO] [1791169040.053292894] [joint_trajectory_controller]: Accepted new action goal
[ros2_control_node-2] [INFO] [1791169041.554048264] [joint_trajectory_controller]: Goal reached, success!
[ros2_control_node-2] [INFO] [1791169041.605318073] [joint_trajectory_controller]: Received new action goal
[ros2_control_node-2] [INFO] [1791169041.605356060] [joint_trajectory_controller]: Accepted new action goal
[ros2_control_node-2] [INFO] [1791169043.114062791] [joint_trajectory_controller]: Goal reached, success!
[ros2_control_node-2] [INFO] [1791169043.156325540] [joint_trajectory_controller]: Received new action goal
[ros2_control_node-2] [INFO] [1791169043.156352604] [joint_trajectory_controller]: Accepted new action goal
[ros2_control_node-2] [INFO] [1791169048.240391366] [joint_trajectory_controller]: Goal reached, success!
[ros2_control_node-2] [INFO] [1791169048.243725834] [joint_trajectory_controller]: Received new action goal
[ros2_control_node-2] [INFO] [1791169048.243753791] [joint_trajectory_controller]: Accepted new action goal
[ros2_control_node-2] [INFO] [1791169049.760357963] [joint_trajectory_controller]: Goal reached, success!
[ros2_control_node-2] [INFO] [1791169049.794876806] [joint_trajectory_controller]: Received new action goal
[ros2_control_node-2] [INFO] [1791169049.794901981] [joint_trajectory_controller]: Accepted new action goal
[ros2_control_node-2] [INFO] [1791169051.280353913] [joint_trajectory_controller]: Goal reached, success!
[ros2_control_node-2] [INFO] [1791169051.295846124] [joint_trajectory_controller]: Received new action goal
[ros2_control_node-2] [INFO] [1791169051.295869374] [joint_trajectory_controller]: Accepted new action goal
[ros2_control_node-2] [INFO] [1791169052.780406623] [joint_trajectory_controller]: Goal reached, success!
[ros2_control_node-2] [INFO] [1791169052.796857317] [joint_trajectory_controller]: Received new action goal
[ros2_control_node-2] [INFO] [1791169052.796877887] [joint_trajectory_controller]: Accepted new action goal
[ros2_control_node-2] [INFO] [1791169054.300359826] [joint_trajectory_controller]: Goal reached, success!
[ros2_control_node-2] [INFO] [1791169054.347814366] [joint_trajectory_controller]: Received new action goal
[ros2_control_node-2] [INFO] [1791169054.347839126] [joint_trajectory_controller]: Accepted new action goal
[ros2_control_node-2] [INFO] [1791169055.860350172] [joint_trajectory_controller]: Goal reached, success!
[ros2_control_node-2] [INFO] [1791169055.898775613] [joint_trajectory_controller]: Received new action goal
[ros2_control_node-2] [INFO] [1791169055.898808006] [joint_trajectory_controller]: Accepted new action goal
[ros2_control_node-2] [INFO] [1791169057.400354604] [joint_trajectory_controller]: Goal reached, success!
[ros2_control_node-2] [INFO] [1791169057.449722113] [joint_trajectory_controller]: Received new action goal
[ros2_control_node-2] [INFO] [1791169057.449751141] [joint_trajectory_controller]: Accepted new action goal
[ros2_control_node-2] [INFO] [1791169058.960353697] [joint_trajectory_controller]: Goal reached, success!
[ros2_control_node-2] [INFO] [1791169059.000766057] [joint_trajectory_controller]: Received new action goal
[ros2_control_node-2] [INFO] [1791169059.000786566] [joint_trajectory_controller]: Accepted new action goal
[ros2_control_node-2] [INFO] [1791169060.520352603] [joint_trajectory_controller]: Goal reached, success!
[ros2_control_node-2] [INFO] [1791169060.552544025] [joint_trajectory_controller]: Received new action goal
[ros2_control_node-2] [INFO] [1791169060.552565955] [joint_trajectory_controller]: Accepted new action goal
[ros2_control_node-2] [INFO] [1791169062.060385146] [joint_trajectory_controller]: Goal reached, success!
[ros2_control_node-2] [INFO] [1791169062.103606074] [joint_trajectory_controller]: Received new action goal
[ros2_control_node-2] [INFO] [1791169062.103651504] [joint_trajectory_controller]: Accepted new action goal
[ros2_control_node-2] [INFO] [1791169063.620354926] [joint_trajectory_controller]: Goal reached, success!
[ros2_control_node-2] [INFO] [1791169063.654448499] [joint_trajectory_controller]: Received new action goal
[ros2_control_node-2] [INFO] [1791169063.654472718] [joint_trajectory_controller]: Accepted new action goal
[ros2_control_node-2] [INFO] [1791169065.680352947] [joint_trajectory_controller]: Goal reached, success!
[ros2_control_node-2] [INFO] [1791169065.705260316] [joint_trajectory_controller]: Received new action goal
[ros2_control_node-2] [INFO] [1791169065.705286471] [joint_trajectory_controller]: Accepted new action goal
[ros2_control_node-2] [INFO] [1791169067.220352066] [joint_trajectory_controller]: Goal reached, success!
[ros2_control_node-2] [INFO] [1791169067.256043741] [joint_trajectory_controller]: Received new action goal
[ros2_control_node-2] [INFO] [1791169067.256064308] [joint_trajectory_controller]: Accepted new action goal
[ros2_control_node-2] [INFO] [1791169068.760350151] [joint_trajectory_controller]: Goal reached, success!
[ros2_control_node-2] [INFO] [1791169068.806836414] [joint_trajectory_controller]: Received new action goal
[ros2_control_node-2] [INFO] [1791169068.806858934] [joint_trajectory_controller]: Accepted new action goal
[ros2_control_node-2] [INFO] [1791169070.320354194] [joint_trajectory_controller]: Goal reached, success!
[ros2_control_node-2] [INFO] [1791169070.357752957] [joint_trajectory_controller]: Received new action goal
[ros2_control_node-2] [INFO] [1791169070.357774858] [joint_trajectory_controller]: Accepted new action goal
[ros2_control_node-2] [INFO] [1791169071.860361994] [joint_trajectory_controller]: Goal reached, success!
[ros2_control_node-2] [INFO] [1791169071.908642202] [joint_trajectory_controller]: Received new action goal
[ros2_control_node-2] [INFO] [1791169071.908665815] [joint_trajectory_controller]: Accepted new action goal
[ros2_control_node-2] [INFO] [1791169073.420363747] [joint_trajectory_controller]: Goal reached, success!
[ros2_control_node-2] [INFO] [1791169073.459421487] [joint_trajectory_controller]: Received new action goal
[ros2_control_node-2] [INFO] [1791169073.459445964] [joint_trajectory_controller]: Accepted new action goal
[ros2_control_node-2] [INFO] [1791169074.940370615] [joint_trajectory_controller]: Goal reached, success!
[ros2_control_node-2] [INFO] [1791169074.960532224] [joint_trajectory_controller]: Received new action goal
[ros2_control_node-2] [INFO] [1791169074.960558228] [joint_trajectory_controller]: Accepted new action goal
[ros2_control_node-2] [INFO] [1791169076.480357519] [joint_trajectory_controller]: Goal reached, success!
[ros2_control_node-2] [INFO] [1791169076.511875486] [joint_trajectory_controller]: Received new action goal
[ros2_control_node-2] [INFO] [1791169076.511903403] [joint_trajectory_controller]: Accepted new action goal
[ros2_control_node-2] [INFO] [1791169078.000374200] [joint_trajectory_controller]: Goal reached, success!
[ros2_control_node-2] [INFO] [1791169078.012921680] [joint_trajectory_controller]: Received new action goal
[ros2_control_node-2] [INFO] [1791169078.012971998] [joint_trajectory_controller]: Accepted new action goal
[ros2_control_node-2] [INFO] [1791169079.520359660] [joint_trajectory_controller]: Goal reached, success!
[ros2_control_node-2] [INFO] [1791169079.563938274] [joint_trajectory_controller]: Received new action goal
[ros2_control_node-2] [INFO] [1791169079.563959591] [joint_trajectory_controller]: Accepted new action goal
[ros2_control_node-2] [INFO] [1791169084.662916046] [joint_trajectory_controller]: Goal reached, success!
[ros2_control_node-2] [INFO] [1791169084.697496061] [joint_trajectory_controller]: Received new action goal
[ros2_control_node-2] [INFO] [1791169084.697521594] [joint_trajectory_controller]: Accepted new action goal
[ros2_control_node-2] [INFO] [1791169086.182909153] [joint_trajectory_controller]: Goal reached, success!
[ros2_control_node-2] [INFO] [1791169086.198307307] [joint_trajectory_controller]: Received new action goal
[ros2_control_node-2] [INFO] [1791169086.198335166] [joint_trajectory_controller]: Accepted new action goal
[ros2_control_node-2] [INFO] [1791169087.682911362] [joint_trajectory_controller]: Goal reached, success!
[ros2_control_node-2] [INFO] [1791169087.699275096] [joint_trajectory_controller]: Received new action goal
[ros2_control_node-2] [INFO] [1791169087.699294842] [joint_trajectory_controller]: Accepted new action goal
[ros2_control_node-2] [INFO] [1791169089.182915311] [joint_trajectory_controller]: Goal reached, success!
[ros2_control_node-2] [INFO] [1791169089.200134459] [joint_trajectory_controller]: Received new action goal
[ros2_control_node-2] [INFO] [1791169089.200157147] [joint_trajectory_controller]: Accepted new action goal
[ros2_control_node-2] [INFO] [1791169090.682949280] [joint_trajectory_controller]: Goal reached, success!
[ros2_control_node-2] [INFO] [1791169090.701109091] [joint_trajectory_controller]: Received new action goal
[ros2_control_node-2] [INFO] [1791169090.701133630] [joint_trajectory_controller]: Accepted new action goal
[ros2_control_node-2] [INFO] [1791169092.202914043] [joint_trajectory_controller]: Goal reached, success!
[ros2_control_node-2] [INFO] [1791169092.252066215] [joint_trajectory_controller]: Received new action goal
[ros2_control_node-2] [INFO] [1791169092.252088482] [joint_trajectory_controller]: Accepted new action goal
[ros2_control_node-2] [INFO] [1791169093.762911374] [joint_trajectory_controller]: Goal reached, success!
[ros2_control_node-2] [INFO] [1791169093.803118546] [joint_trajectory_controller]: Received new action goal
[ros2_control_node-2] [INFO] [1791169093.803147459] [joint_trajectory_controller]: Accepted new action goal
[ros2_control_node-2] [INFO] [1791169095.362910262] [joint_trajectory_controller]: Goal reached, success!
[ros2_control_node-2] [INFO] [1791169095.405018021] [joint_trajectory_controller]: Received new action goal
[ros2_control_node-2] [INFO] [1791169095.405040560] [joint_trajectory_controller]: Accepted new action goal
[ros2_control_node-2] [INFO] [1791169096.922909637] [joint_trajectory_controller]: Goal reached, success!
[ros2_control_node-2] [INFO] [1791169096.955923964] [joint_trajectory_controller]: Received new action goal
[ros2_control_node-2] [INFO] [1791169096.955949253] [joint_trajectory_controller]: Accepted new action goal
[ros2_control_node-2] [INFO] [1791169098.462911869] [joint_trajectory_controller]: Goal reached, success!
[ros2_control_node-2] [INFO] [1791169098.506746537] [joint_trajectory_controller]: Received new action goal
[ros2_control_node-2] [INFO] [1791169098.506771808] [joint_trajectory_controller]: Accepted new action goal
[ros2_control_node-2] [INFO] [1791169100.002910702] [joint_trajectory_controller]: Goal reached, success!
[ros2_control_node-2] [INFO] [1791169100.007651440] [joint_trajectory_controller]: Received new action goal
[ros2_control_node-2] [INFO] [1791169100.007672491] [joint_trajectory_controller]: Accepted new action goal
[ros2_control_node-2] [INFO] [1791169101.502934089] [joint_trajectory_controller]: Goal reached, success!
[ros2_control_node-2] [INFO] [1791169101.508572870] [joint_trajectory_controller]: Received new action goal
[ros2_control_node-2] [INFO] [1791169101.508595593] [joint_trajectory_controller]: Accepted new action goal
[ros2_control_node-2] [INFO] [1791169103.002920095] [joint_trajectory_controller]: Goal reached, success!
[ros2_control_node-2] [INFO] [1791169103.009616560] [joint_trajectory_controller]: Received new action goal
[ros2_control_node-2] [INFO] [1791169103.009640104] [joint_trajectory_controller]: Accepted new action goal
[ros2_control_node-2] [INFO] [1791169104.502961216] [joint_trajectory_controller]: Goal reached, success!
[ros2_control_node-2] [INFO] [1791169104.510665818] [joint_trajectory_controller]: Received new action goal
[ros2_control_node-2] [INFO] [1791169104.510703082] [joint_trajectory_controller]: Accepted new action goal
[ros2_control_node-2] [INFO] [1791169106.022942041] [joint_trajectory_controller]: Goal reached, success!
[ros2_control_node-2] [INFO] [1791169106.061714038] [joint_trajectory_controller]: Received new action goal
[ros2_control_node-2] [INFO] [1791169106.061736812] [joint_trajectory_controller]: Accepted new action goal
[ros2_control_node-2] [INFO] [1791169107.542917490] [joint_trajectory_controller]: Goal reached, success!
[ros2_control_node-2] [INFO] [1791169107.562721819] [joint_trajectory_controller]: Received new action goal
[ros2_control_node-2] [INFO] [1791169107.562748057] [joint_trajectory_controller]: Accepted new action goal
[ros2_control_node-2] [INFO] [1791169109.062932989] [joint_trajectory_controller]: Goal reached, success!
[ros2_control_node-2] [INFO] [1791169109.113707781] [joint_trajectory_controller]: Received new action goal
[ros2_control_node-2] [INFO] [1791169109.113730681] [joint_trajectory_controller]: Accepted new action goal
[ros2_control_node-2] [INFO] [1791169110.622934277] [joint_trajectory_controller]: Goal reached, success!
[ros2_control_node-2] [INFO] [1791169110.665600267] [joint_trajectory_controller]: Received new action goal
[ros2_control_node-2] [INFO] [1791169110.665621244] [joint_trajectory_controller]: Accepted new action goal
[ros2_control_node-2] [INFO] [1791169112.322912266] [joint_trajectory_controller]: Goal reached, success!
[ros2_control_node-2] [INFO] [1791169112.366405239] [joint_trajectory_controller]: Received new action goal
[ros2_control_node-2] [INFO] [1791169112.366432566] [joint_trajectory_controller]: Accepted new action goal
[ros2_control_node-2] [INFO] [1791169114.162915890] [joint_trajectory_controller]: Goal reached, success!
[ros2_control_node-2] [INFO] [1791169114.167314022] [joint_trajectory_controller]: Received new action goal
[ros2_control_node-2] [INFO] [1791169114.167335449] [joint_trajectory_controller]: Accepted new action goal
[ros2_control_node-2] [INFO] [1791169119.587996181] [joint_trajectory_controller]: Goal reached, success!
[ros2_control_node-2] [INFO] [1791169119.603216276] [joint_trajectory_controller]: Received new action goal
[ros2_control_node-2] [INFO] [1791169119.603238966] [joint_trajectory_controller]: Accepted new action goal
[ros2_control_node-2] [INFO] [1791169121.107996058] [joint_trajectory_controller]: Goal reached, success!
[ros2_control_node-2] [INFO] [1791169121.154022926] [joint_trajectory_controller]: Received new action goal
[ros2_control_node-2] [INFO] [1791169121.154046096] [joint_trajectory_controller]: Accepted new action goal
[ros2_control_node-2] [INFO] [1791169122.647989675] [joint_trajectory_controller]: Goal reached, success!
[ros2_control_node-2] [INFO] [1791169122.654924007] [joint_trajectory_controller]: Received new action goal
[ros2_control_node-2] [INFO] [1791169122.654942885] [joint_trajectory_controller]: Accepted new action goal
[ros2_control_node-2] [INFO] [1791169124.148000606] [joint_trajectory_controller]: Goal reached, success!
[ros2_control_node-2] [INFO] [1791169124.155730339] [joint_trajectory_controller]: Received new action goal
[ros2_control_node-2] [INFO] [1791169124.155752012] [joint_trajectory_controller]: Accepted new action goal
[ros2_control_node-2] [INFO] [1791169125.667998420] [joint_trajectory_controller]: Goal reached, success!
[ros2_control_node-2] [INFO] [1791169125.706837614] [joint_trajectory_controller]: Received new action goal
[ros2_control_node-2] [INFO] [1791169125.706866511] [joint_trajectory_controller]: Accepted new action goal
[ros2_control_node-2] [INFO] [1791169127.207993619] [joint_trajectory_controller]: Goal reached, success!
[ros2_control_node-2] [INFO] [1791169127.257812902] [joint_trajectory_controller]: Received new action goal
[ros2_control_node-2] [INFO] [1791169127.257833619] [joint_trajectory_controller]: Accepted new action goal
[ros2_control_node-2] [INFO] [1791169128.747993246] [joint_trajectory_controller]: Goal reached, success!
[ros2_control_node-2] [INFO] [1791169128.758862448] [joint_trajectory_controller]: Received new action goal
[ros2_control_node-2] [INFO] [1791169128.758885085] [joint_trajectory_controller]: Accepted new action goal
[ros2_control_node-2] [INFO] [1791169130.687998511] [joint_trajectory_controller]: Goal reached, success!
[ros2_control_node-2] [INFO] [1791169130.710473690] [joint_trajectory_controller]: Received new action goal
[ros2_control_node-2] [INFO] [1791169130.710495167] [joint_trajectory_controller]: Accepted new action goal
[ros2_control_node-2] [INFO] [1791169132.587992236] [joint_trajectory_controller]: Goal reached, success!
[ros2_control_node-2] [INFO] [1791169132.611291726] [joint_trajectory_controller]: Received new action goal
[ros2_control_node-2] [INFO] [1791169132.611316898] [joint_trajectory_controller]: Accepted new action goal
[ros2_control_node-2] [INFO] [1791169134.127991356] [joint_trajectory_controller]: Goal reached, success!
[ros2_control_node-2] [INFO] [1791169134.162254358] [joint_trajectory_controller]: Received new action goal
[ros2_control_node-2] [INFO] [1791169134.162282175] [joint_trajectory_controller]: Accepted new action goal
[ros2_control_node-2] [INFO] [1791169135.667991168] [joint_trajectory_controller]: Goal reached, success!
[ros2_control_node-2] [INFO] [1791169135.713298741] [joint_trajectory_controller]: Received new action goal
[ros2_control_node-2] [INFO] [1791169135.713321718] [joint_trajectory_controller]: Accepted new action goal
[ros2_control_node-2] [INFO] [1791169137.268001334] [joint_trajectory_controller]: Goal reached, success!
[ros2_control_node-2] [INFO] [1791169137.314158651] [joint_trajectory_controller]: Received new action goal
[ros2_control_node-2] [INFO] [1791169137.314186718] [joint_trajectory_controller]: Accepted new action goal
[ros2_control_node-2] [INFO] [1791169138.827990593] [joint_trajectory_controller]: Goal reached, success!
[ros2_control_node-2] [INFO] [1791169138.865132158] [joint_trajectory_controller]: Received new action goal
[ros2_control_node-2] [INFO] [1791169138.865153100] [joint_trajectory_controller]: Accepted new action goal
[ros2_control_node-2] [INFO] [1791169140.667990437] [joint_trajectory_controller]: Goal reached, success!
[ros2_control_node-2] [INFO] [1791169140.715921642] [joint_trajectory_controller]: Received new action goal
[ros2_control_node-2] [INFO] [1791169140.715946179] [joint_trajectory_controller]: Accepted new action goal
[ros2_control_node-2] [INFO] [1791169142.227997898] [joint_trajectory_controller]: Goal reached, success!
[ros2_control_node-2] [INFO] [1791169142.266954696] [joint_trajectory_controller]: Received new action goal
[ros2_control_node-2] [INFO] [1791169142.266982068] [joint_trajectory_controller]: Accepted new action goal
[ros2_control_node-2] [INFO] [1791169143.768021134] [joint_trajectory_controller]: Goal reached, success!
[ros2_control_node-2] [INFO] [1791169143.817983801] [joint_trajectory_controller]: Received new action goal
[ros2_control_node-2] [INFO] [1791169143.818006619] [joint_trajectory_controller]: Accepted new action goal
[ros2_control_node-2] [INFO] [1791169145.327991500] [joint_trajectory_controller]: Goal reached, success!
[ros2_control_node-2] [INFO] [1791169145.368878130] [joint_trajectory_controller]: Received new action goal
[ros2_control_node-2] [INFO] [1791169145.368901330] [joint_trajectory_controller]: Accepted new action goal
[ros2_control_node-2] [INFO] [1791169146.868027258] [joint_trajectory_controller]: Goal reached, success!
[ros2_control_node-2] [INFO] [1791169146.870123703] [joint_trajectory_controller]: Received new action goal
[ros2_control_node-2] [INFO] [1791169146.870153509] [joint_trajectory_controller]: Accepted new action goal
[ros2_control_node-2] [INFO] [1791169148.387997700] [joint_trajectory_controller]: Goal reached, success!
[ros2_control_node-2] [INFO] [1791169148.421147579] [joint_trajectory_controller]: Received new action goal
[ros2_control_node-2] [INFO] [1791169148.421170578] [joint_trajectory_controller]: Accepted new action goal
[ros2_control_node-2] [INFO] [1791169149.907996743] [joint_trajectory_controller]: Goal reached, success!
[ros2_control_node-2] [INFO] [1791169149.922160262] [joint_trajectory_controller]: Received new action goal
[ros2_control_node-2] [INFO] [1791169149.922184090] [joint_trajectory_controller]: Accepted new action goal
[ros2_control_node-2] [INFO] [1791169151.428003318] [joint_trajectory_controller]: Goal reached, success!
[ros2_control_node-2] [INFO] [1791169151.473192055] [joint_trajectory_controller]: Received new action goal
[ros2_control_node-2] [INFO] [1791169151.473217699] [joint_trajectory_controller]: Accepted new action goal
[ros2_control_node-2] [INFO] [1791169156.670619652] [joint_trajectory_controller]: Goal reached, success!
[ros2_control_node-2] [INFO] [1791169156.706827736] [joint_trajectory_controller]: Received new action goal
[ros2_control_node-2] [INFO] [1791169156.706852095] [joint_trajectory_controller]: Accepted new action goal
[ros2_control_node-2] [INFO] [1791169158.410621494] [joint_trajectory_controller]: Goal reached, success!
[ros2_control_node-2] [INFO] [1791169158.457809967] [joint_trajectory_controller]: Received new action goal
[ros2_control_node-2] [INFO] [1791169158.457834211] [joint_trajectory_controller]: Accepted new action goal
[ros2_control_node-2] [INFO] [1791169159.970621498] [joint_trajectory_controller]: Goal reached, success!
[ros2_control_node-2] [INFO] [1791169160.008517273] [joint_trajectory_controller]: Received new action goal
[ros2_control_node-2] [INFO] [1791169160.008547238] [joint_trajectory_controller]: Accepted new action goal
[ros2_control_node-2] [INFO] [1791169161.510645070] [joint_trajectory_controller]: Goal reached, success!
[ros2_control_node-2] [INFO] [1791169161.559481315] [joint_trajectory_controller]: Received new action goal
[ros2_control_node-2] [INFO] [1791169161.559518279] [joint_trajectory_controller]: Accepted new action goal
[ros2_control_node-2] [INFO] [1791169163.070618775] [joint_trajectory_controller]: Goal reached, success!
[ros2_control_node-2] [INFO] [1791169163.110542289] [joint_trajectory_controller]: Received new action goal
[ros2_control_node-2] [INFO] [1791169163.110565698] [joint_trajectory_controller]: Accepted new action goal
[ros2_control_node-2] [INFO] [1791169164.610617777] [joint_trajectory_controller]: Goal reached, success!
[ros2_control_node-2] [INFO] [1791169164.611580076] [joint_trajectory_controller]: Received new action goal
[ros2_control_node-2] [INFO] [1791169164.611599868] [joint_trajectory_controller]: Accepted new action goal
[ros2_control_node-2] [INFO] [1791169166.110631148] [joint_trajectory_controller]: Goal reached, success!
[ros2_control_node-2] [INFO] [1791169166.113475351] [joint_trajectory_controller]: Received new action goal
[ros2_control_node-2] [INFO] [1791169166.113497451] [joint_trajectory_controller]: Accepted new action goal
[ros2_control_node-2] [INFO] [1791169167.630641830] [joint_trajectory_controller]: Goal reached, success!
[ros2_control_node-2] [INFO] [1791169167.664486450] [joint_trajectory_controller]: Received new action goal
[ros2_control_node-2] [INFO] [1791169167.664511630] [joint_trajectory_controller]: Accepted new action goal
[ros2_control_node-2] [INFO] [1791169169.170620072] [joint_trajectory_controller]: Goal reached, success!
[ros2_control_node-2] [INFO] [1791169169.215206733] [joint_trajectory_controller]: Received new action goal
[ros2_control_node-2] [INFO] [1791169169.215227085] [joint_trajectory_controller]: Accepted new action goal
[ros2_control_node-2] [INFO] [1791169170.710619678] [joint_trajectory_controller]: Goal reached, success!
[ros2_control_node-2] [INFO] [1791169170.715973833] [joint_trajectory_controller]: Received new action goal
[ros2_control_node-2] [INFO] [1791169170.715996186] [joint_trajectory_controller]: Accepted new action goal
[ros2_control_node-2] [INFO] [1791169172.230627068] [joint_trajectory_controller]: Goal reached, success!
[ros2_control_node-2] [INFO] [1791169172.266966320] [joint_trajectory_controller]: Received new action goal
[ros2_control_node-2] [INFO] [1791169172.266986730] [joint_trajectory_controller]: Accepted new action goal
[ros2_control_node-2] [INFO] [1791169173.770620230] [joint_trajectory_controller]: Goal reached, success!
[ros2_control_node-2] [INFO] [1791169173.817960160] [joint_trajectory_controller]: Received new action goal
[ros2_control_node-2] [INFO] [1791169173.817994836] [joint_trajectory_controller]: Accepted new action goal
[ros2_control_node-2] [INFO] [1791169175.330628407] [joint_trajectory_controller]: Goal reached, success!
[ros2_control_node-2] [INFO] [1791169175.369175150] [joint_trajectory_controller]: Received new action goal
[ros2_control_node-2] [INFO] [1791169175.369207323] [joint_trajectory_controller]: Accepted new action goal
[ros2_control_node-2] [INFO] [1791169176.870618597] [joint_trajectory_controller]: Goal reached, success!
[ros2_control_node-2] [INFO] [1791169176.920004084] [joint_trajectory_controller]: Received new action goal
[ros2_control_node-2] [INFO] [1791169176.920026767] [joint_trajectory_controller]: Accepted new action goal
[ros2_control_node-2] [INFO] [1791169178.430619387] [joint_trajectory_controller]: Goal reached, success!
[ros2_control_node-2] [INFO] [1791169178.471084833] [joint_trajectory_controller]: Received new action goal
[ros2_control_node-2] [INFO] [1791169178.471107958] [joint_trajectory_controller]: Accepted new action goal
[ros2_control_node-2] [INFO] [1791169179.990627358] [joint_trajectory_controller]: Goal reached, success!
[ros2_control_node-2] [INFO] [1791169180.021914950] [joint_trajectory_controller]: Received new action goal
[ros2_control_node-2] [INFO] [1791169180.021940391] [joint_trajectory_controller]: Accepted new action goal
[ros2_control_node-2] [INFO] [1791169181.510708500] [joint_trajectory_controller]: Goal reached, success!
[ros2_control_node-2] [INFO] [1791169181.523797268] [joint_trajectory_controller]: Received new action goal
[ros2_control_node-2] [INFO] [1791169181.523821801] [joint_trajectory_controller]: Accepted new action goal
[ros2_control_node-2] [INFO] [1791169183.090626841] [joint_trajectory_controller]: Goal reached, success!
[ros2_control_node-2] [INFO] [1791169183.124629996] [joint_trajectory_controller]: Received new action goal
[ros2_control_node-2] [INFO] [1791169183.124658413] [joint_trajectory_controller]: Accepted new action goal
[ros2_control_node-2] [INFO] [1791169184.630629152] [joint_trajectory_controller]: Goal reached, success!
[ros2_control_node-2] [INFO] [1791169184.675527402] [joint_trajectory_controller]: Received new action goal
[ros2_control_node-2] [INFO] [1791169184.675564857] [joint_trajectory_controller]: Accepted new action goal
[ros2_control_node-2] [INFO] [1791169186.190653771] [joint_trajectory_controller]: Goal reached, success!
[ros2_control_node-2] [INFO] [1791169186.226498833] [joint_trajectory_controller]: Received new action goal
[ros2_control_node-2] [INFO] [1791169186.226519656] [joint_trajectory_controller]: Accepted new action goal
[ros2_control_node-2] [INFO] [1791169191.295685678] [joint_trajectory_controller]: Goal reached, success!
[ros2_control_node-2] [INFO] [1791169191.312526318] [joint_trajectory_controller]: Received new action goal
[ros2_control_node-2] [INFO] [1791169191.312546394] [joint_trajectory_controller]: Accepted new action goal
[ros2_control_node-2] [INFO] [1791169192.795685386] [joint_trajectory_controller]: Goal reached, success!
[ros2_control_node-2] [INFO] [1791169192.813581546] [joint_trajectory_controller]: Received new action goal
[ros2_control_node-2] [INFO] [1791169192.813609472] [joint_trajectory_controller]: Accepted new action goal
[ros2_control_node-2] [INFO] [1791169194.315675720] [joint_trajectory_controller]: Goal reached, success!
[ros2_control_node-2] [INFO] [1791169194.364528735] [joint_trajectory_controller]: Received new action goal
[ros2_control_node-2] [INFO] [1791169194.364551302] [joint_trajectory_controller]: Accepted new action goal
[ros2_control_node-2] [INFO] [1791169195.875676782] [joint_trajectory_controller]: Goal reached, success!
[ros2_control_node-2] [INFO] [1791169195.915559558] [joint_trajectory_controller]: Received new action goal
[ros2_control_node-2] [INFO] [1791169195.915582249] [joint_trajectory_controller]: Accepted new action goal
[ros2_control_node-2] [INFO] [1791169197.475676029] [joint_trajectory_controller]: Goal reached, success!
[ros2_control_node-2] [INFO] [1791169197.516374120] [joint_trajectory_controller]: Received new action goal
[ros2_control_node-2] [INFO] [1791169197.516397608] [joint_trajectory_controller]: Accepted new action goal
[ros2_control_node-2] [INFO] [1791169199.035687391] [joint_trajectory_controller]: Goal reached, success!
[ros2_control_node-2] [INFO] [1791169199.067215495] [joint_trajectory_controller]: Received new action goal
[ros2_control_node-2] [INFO] [1791169199.067238880] [joint_trajectory_controller]: Accepted new action goal
[ros2_control_node-2] [INFO] [1791169200.575671878] [joint_trajectory_controller]: Goal reached, success!
[ros2_control_node-2] [INFO] [1791169200.619262100] [joint_trajectory_controller]: Received new action goal
[ros2_control_node-2] [INFO] [1791169200.619284435] [joint_trajectory_controller]: Accepted new action goal
[ros2_control_node-2] [INFO] [1791169202.135674459] [joint_trajectory_controller]: Goal reached, success!
[ros2_control_node-2] [INFO] [1791169202.170311771] [joint_trajectory_controller]: Received new action goal
[ros2_control_node-2] [INFO] [1791169202.170351507] [joint_trajectory_controller]: Accepted new action goal
[ros2_control_node-2] [INFO] [1791169203.655688448] [joint_trajectory_controller]: Goal reached, success!
[ros2_control_node-2] [INFO] [1791169203.671228634] [joint_trajectory_controller]: Received new action goal
[ros2_control_node-2] [INFO] [1791169203.671250051] [joint_trajectory_controller]: Accepted new action goal
[ros2_control_node-2] [INFO] [1791169205.155688677] [joint_trajectory_controller]: Goal reached, success!
[ros2_control_node-2] [INFO] [1791169205.172253985] [joint_trajectory_controller]: Received new action goal
[ros2_control_node-2] [INFO] [1791169205.172275724] [joint_trajectory_controller]: Accepted new action goal
[ros2_control_node-2] [INFO] [1791169206.655695268] [joint_trajectory_controller]: Goal reached, success!
[ros2_control_node-2] [INFO] [1791169206.673327516] [joint_trajectory_controller]: Received new action goal
[ros2_control_node-2] [INFO] [1791169206.673357049] [joint_trajectory_controller]: Accepted new action goal
[ros2_control_node-2] [INFO] [1791169208.175680091] [joint_trajectory_controller]: Goal reached, success!
[ros2_control_node-2] [INFO] [1791169208.224170111] [joint_trajectory_controller]: Received new action goal
[ros2_control_node-2] [INFO] [1791169208.224193716] [joint_trajectory_controller]: Accepted new action goal
[ros2_control_node-2] [INFO] [1791169209.715678895] [joint_trajectory_controller]: Goal reached, success!
[ros2_control_node-2] [INFO] [1791169209.725094507] [joint_trajectory_controller]: Received new action goal
[ros2_control_node-2] [INFO] [1791169209.725115236] [joint_trajectory_controller]: Accepted new action goal
[ros2_control_node-2] [INFO] [1791169211.235747373] [joint_trajectory_controller]: Goal reached, success!
[ros2_control_node-2] [INFO] [1791169211.276150352] [joint_trajectory_controller]: Received new action goal
[ros2_control_node-2] [INFO] [1791169211.276177819] [joint_trajectory_controller]: Accepted new action goal
[ros2_control_node-2] [INFO] [1791169212.795672788] [joint_trajectory_controller]: Goal reached, success!
[ros2_control_node-2] [INFO] [1791169212.827101823] [joint_trajectory_controller]: Received new action goal
[ros2_control_node-2] [INFO] [1791169212.827122649] [joint_trajectory_controller]: Accepted new action goal
[ros2_control_node-2] [INFO] [1791169214.335674348] [joint_trajectory_controller]: Goal reached, success!
[ros2_control_node-2] [INFO] [1791169214.377967923] [joint_trajectory_controller]: Received new action goal
[ros2_control_node-2] [INFO] [1791169214.377999987] [joint_trajectory_controller]: Accepted new action goal
[ros2_control_node-2] [INFO] [1791169215.875671053] [joint_trajectory_controller]: Goal reached, success!
[ros2_control_node-2] [INFO] [1791169215.879979347] [joint_trajectory_controller]: Received new action goal
[ros2_control_node-2] [INFO] [1791169215.880002870] [joint_trajectory_controller]: Accepted new action goal
[ros2_control_node-2] [INFO] [1791169217.395678740] [joint_trajectory_controller]: Goal reached, success!
[ros2_control_node-2] [INFO] [1791169217.430823679] [joint_trajectory_controller]: Received new action goal
[ros2_control_node-2] [INFO] [1791169217.430850044] [joint_trajectory_controller]: Accepted new action goal
[ros2_control_node-2] [INFO] [1791169218.935674969] [joint_trajectory_controller]: Goal reached, success!
[ros2_control_node-2] [INFO] [1791169218.981755065] [joint_trajectory_controller]: Received new action goal
[ros2_control_node-2] [INFO] [1791169218.981775423] [joint_trajectory_controller]: Accepted new action goal
[ros2_control_node-2] [INFO] [1791169220.475671546] [joint_trajectory_controller]: Goal reached, success!
[ros2_control_node-2] [INFO] [1791169220.482824607] [joint_trajectory_controller]: Received new action goal
[ros2_control_node-2] [INFO] [1791169220.482843394] [joint_trajectory_controller]: Accepted new action goal
[ros2_control_node-2] [INFO] [1791169221.975677841] [joint_trajectory_controller]: Goal reached, success!
[ros2_control_node-2] [INFO] [1791169221.983629303] [joint_trajectory_controller]: Received new action goal
[ros2_control_node-2] [INFO] [1791169221.983649596] [joint_trajectory_controller]: Accepted new action goal
[ros2_control_node-2] [INFO] [1791169227.062464037] [joint_trajectory_controller]: Goal reached, success!
[ros2_control_node-2] [INFO] [1791169227.071468105] [joint_trajectory_controller]: Received new action goal
[ros2_control_node-2] [INFO] [1791169227.071492974] [joint_trajectory_controller]: Accepted new action goal
[ros2_control_node-2] [INFO] [1791169228.722448270] [joint_trajectory_controller]: Goal reached, success!
[ros2_control_node-2] [INFO] [1791169228.772441992] [joint_trajectory_controller]: Received new action goal
[ros2_control_node-2] [INFO] [1791169228.772472489] [joint_trajectory_controller]: Accepted new action goal
[ros2_control_node-2] [INFO] [1791169230.782445432] [joint_trajectory_controller]: Goal reached, success!
[ros2_control_node-2] [INFO] [1791169230.823328296] [joint_trajectory_controller]: Received new action goal
[ros2_control_node-2] [INFO] [1791169230.823350616] [joint_trajectory_controller]: Accepted new action goal
[ros2_control_node-2] [INFO] [1791169232.622439971] [joint_trajectory_controller]: Goal reached, success!
[ros2_control_node-2] [INFO] [1791169232.624205014] [joint_trajectory_controller]: Received new action goal
[ros2_control_node-2] [INFO] [1791169232.624224527] [joint_trajectory_controller]: Accepted new action goal
[ros2_control_node-2] [INFO] [1791169234.722448094] [joint_trajectory_controller]: Goal reached, success!
[ros2_control_node-2] [INFO] [1791169234.725202564] [joint_trajectory_controller]: Received new action goal
[ros2_control_node-2] [INFO] [1791169234.725220621] [joint_trajectory_controller]: Accepted new action goal
[ros2_control_node-2] [INFO] [1791169236.242453691] [joint_trajectory_controller]: Goal reached, success!
[ros2_control_node-2] [INFO] [1791169236.276909617] [joint_trajectory_controller]: Received new action goal
[ros2_control_node-2] [INFO] [1791169236.276929519] [joint_trajectory_controller]: Accepted new action goal
[ros2_control_node-2] [INFO] [1791169237.762457252] [joint_trajectory_controller]: Goal reached, success!
[ros2_control_node-2] [INFO] [1791169237.777863385] [joint_trajectory_controller]: Received new action goal
[ros2_control_node-2] [INFO] [1791169237.777884535] [joint_trajectory_controller]: Accepted new action goal
[ros2_control_node-2] [INFO] [1791169239.262461131] [joint_trajectory_controller]: Goal reached, success!
[ros2_control_node-2] [INFO] [1791169239.278846029] [joint_trajectory_controller]: Received new action goal
[ros2_control_node-2] [INFO] [1791169239.278866690] [joint_trajectory_controller]: Accepted new action goal
[ros2_control_node-2] [INFO] [1791169240.782469816] [joint_trajectory_controller]: Goal reached, success!
[ros2_control_node-2] [INFO] [1791169240.830087917] [joint_trajectory_controller]: Received new action goal
[ros2_control_node-2] [INFO] [1791169240.830129650] [joint_trajectory_controller]: Accepted new action goal
[ros2_control_node-2] [INFO] [1791169242.462439881] [joint_trajectory_controller]: Goal reached, success!
[ros2_control_node-2] [INFO] [1791169242.481111995] [joint_trajectory_controller]: Received new action goal
[ros2_control_node-2] [INFO] [1791169242.481133736] [joint_trajectory_controller]: Accepted new action goal
[ros2_control_node-2] [INFO] [1791169243.962454262] [joint_trajectory_controller]: Goal reached, success!
[ros2_control_node-2] [INFO] [1791169243.982086896] [joint_trajectory_controller]: Received new action goal
[ros2_control_node-2] [INFO] [1791169243.982112656] [joint_trajectory_controller]: Accepted new action goal
[ros2_control_node-2] [INFO] [1791169245.482466201] [joint_trajectory_controller]: Goal reached, success!
[ros2_control_node-2] [INFO] [1791169245.532872553] [joint_trajectory_controller]: Received new action goal
[ros2_control_node-2] [INFO] [1791169245.532899239] [joint_trajectory_controller]: Accepted new action goal
[ros2_control_node-2] [INFO] [1791169247.042448394] [joint_trajectory_controller]: Goal reached, success!
[ros2_control_node-2] [INFO] [1791169247.083926622] [joint_trajectory_controller]: Received new action goal
[ros2_control_node-2] [INFO] [1791169247.083948186] [joint_trajectory_controller]: Accepted new action goal
[ros2_control_node-2] [INFO] [1791169248.622450012] [joint_trajectory_controller]: Goal reached, success!
[ros2_control_node-2] [INFO] [1791169248.634818322] [joint_trajectory_controller]: Received new action goal
[ros2_control_node-2] [INFO] [1791169248.634837980] [joint_trajectory_controller]: Accepted new action goal
[ros2_control_node-2] [INFO] [1791169250.122450120] [joint_trajectory_controller]: Goal reached, success!
[ros2_control_node-2] [INFO] [1791169250.135794163] [joint_trajectory_controller]: Received new action goal
[ros2_control_node-2] [INFO] [1791169250.135816775] [joint_trajectory_controller]: Accepted new action goal
[ros2_control_node-2] [INFO] [1791169251.622467784] [joint_trajectory_controller]: Goal reached, success!
[ros2_control_node-2] [INFO] [1791169251.637702051] [joint_trajectory_controller]: Received new action goal
[ros2_control_node-2] [INFO] [1791169251.637737567] [joint_trajectory_controller]: Accepted new action goal
[ros2_control_node-2] [INFO] [1791169253.142453308] [joint_trajectory_controller]: Goal reached, success!
[ros2_control_node-2] [INFO] [1791169253.188550860] [joint_trajectory_controller]: Received new action goal
[ros2_control_node-2] [INFO] [1791169253.188573596] [joint_trajectory_controller]: Accepted new action goal
[ros2_control_node-2] [INFO] [1791169254.682480917] [joint_trajectory_controller]: Goal reached, success!
[ros2_control_node-2] [INFO] [1791169254.689609991] [joint_trajectory_controller]: Received new action goal
[ros2_control_node-2] [INFO] [1791169254.689643317] [joint_trajectory_controller]: Accepted new action goal
[ros2_control_node-2] [INFO] [1791169256.202460267] [joint_trajectory_controller]: Goal reached, success!
[ros2_control_node-2] [INFO] [1791169256.240686281] [joint_trajectory_controller]: Received new action goal
[ros2_control_node-2] [INFO] [1791169256.240714214] [joint_trajectory_controller]: Accepted new action goal
[ros2_control_node-2] [INFO] [1791169258.022473272] [joint_trajectory_controller]: Goal reached, success!
[ros2_control_node-2] [INFO] [1791169258.041469887] [joint_trajectory_controller]: Received new action goal
[ros2_control_node-2] [INFO] [1791169258.041503252] [joint_trajectory_controller]: Accepted new action goal
[ros2_control_node-2] [INFO] [1791169263.383983516] [joint_trajectory_controller]: Goal reached, success!
[ros2_control_node-2] [INFO] [1791169263.423837843] [joint_trajectory_controller]: Received new action goal
[ros2_control_node-2] [INFO] [1791169263.423861301] [joint_trajectory_controller]: Accepted new action goal
[ros2_control_node-2] [INFO] [1791169264.923999658] [joint_trajectory_controller]: Goal reached, success!
[ros2_control_node-2] [INFO] [1791169264.974711005] [joint_trajectory_controller]: Received new action goal
[ros2_control_node-2] [INFO] [1791169264.974735634] [joint_trajectory_controller]: Accepted new action goal
[ros2_control_node-2] [INFO] [1791169266.483977856] [joint_trajectory_controller]: Goal reached, success!
[ros2_control_node-2] [INFO] [1791169266.525605801] [joint_trajectory_controller]: Received new action goal
[ros2_control_node-2] [INFO] [1791169266.525626267] [joint_trajectory_controller]: Accepted new action goal
[ros2_control_node-2] [INFO] [1791169268.043978588] [joint_trajectory_controller]: Goal reached, success!
[ros2_control_node-2] [INFO] [1791169268.076531404] [joint_trajectory_controller]: Received new action goal
[ros2_control_node-2] [INFO] [1791169268.076556844] [joint_trajectory_controller]: Accepted new action goal
[ros2_control_node-2] [INFO] [1791169269.583975779] [joint_trajectory_controller]: Goal reached, success!
[ros2_control_node-2] [INFO] [1791169269.627285156] [joint_trajectory_controller]: Received new action goal
[ros2_control_node-2] [INFO] [1791169269.627310819] [joint_trajectory_controller]: Accepted new action goal
[ros2_control_node-2] [INFO] [1791169271.143982618] [joint_trajectory_controller]: Goal reached, success!
[ros2_control_node-2] [INFO] [1791169271.179217784] [joint_trajectory_controller]: Received new action goal
[ros2_control_node-2] [INFO] [1791169271.179238310] [joint_trajectory_controller]: Accepted new action goal
[ros2_control_node-2] [INFO] [1791169272.663981435] [joint_trajectory_controller]: Goal reached, success!
[ros2_control_node-2] [INFO] [1791169272.679993731] [joint_trajectory_controller]: Received new action goal
[ros2_control_node-2] [INFO] [1791169272.680016736] [joint_trajectory_controller]: Accepted new action goal
[ros2_control_node-2] [INFO] [1791169274.163995685] [joint_trajectory_controller]: Goal reached, success!
[ros2_control_node-2] [INFO] [1791169274.180841453] [joint_trajectory_controller]: Received new action goal
[ros2_control_node-2] [INFO] [1791169274.180861918] [joint_trajectory_controller]: Accepted new action goal
[ros2_control_node-2] [INFO] [1791169275.663983700] [joint_trajectory_controller]: Goal reached, success!
[ros2_control_node-2] [INFO] [1791169275.681754427] [joint_trajectory_controller]: Received new action goal
[ros2_control_node-2] [INFO] [1791169275.681775225] [joint_trajectory_controller]: Accepted new action goal
[ros2_control_node-2] [INFO] [1791169277.183981441] [joint_trajectory_controller]: Goal reached, success!
[ros2_control_node-2] [INFO] [1791169277.232424454] [joint_trajectory_controller]: Received new action goal
[ros2_control_node-2] [INFO] [1791169277.232452083] [joint_trajectory_controller]: Accepted new action goal
[ros2_control_node-2] [INFO] [1791169278.743973269] [joint_trajectory_controller]: Goal reached, success!
[ros2_control_node-2] [INFO] [1791169278.783224814] [joint_trajectory_controller]: Received new action goal
[ros2_control_node-2] [INFO] [1791169278.783250446] [joint_trajectory_controller]: Accepted new action goal
[ros2_control_node-2] [INFO] [1791169280.263983417] [joint_trajectory_controller]: Goal reached, success!
[ros2_control_node-2] [INFO] [1791169280.284150265] [joint_trajectory_controller]: Received new action goal
[ros2_control_node-2] [INFO] [1791169280.284171717] [joint_trajectory_controller]: Accepted new action goal
[ros2_control_node-2] [INFO] [1791169281.783980967] [joint_trajectory_controller]: Goal reached, success!
[ros2_control_node-2] [INFO] [1791169281.785040322] [joint_trajectory_controller]: Received new action goal
[ros2_control_node-2] [INFO] [1791169281.785063362] [joint_trajectory_controller]: Accepted new action goal
[ros2_control_node-2] [INFO] [1791169283.284015026] [joint_trajectory_controller]: Goal reached, success!
[ros2_control_node-2] [INFO] [1791169283.285888865] [joint_trajectory_controller]: Received new action goal
[ros2_control_node-2] [INFO] [1791169283.285909892] [joint_trajectory_controller]: Accepted new action goal
[ros2_control_node-2] [INFO] [1791169284.783985249] [joint_trajectory_controller]: Goal reached, success!
[ros2_control_node-2] [INFO] [1791169284.786959239] [joint_trajectory_controller]: Received new action goal
[ros2_control_node-2] [INFO] [1791169284.786981096] [joint_trajectory_controller]: Accepted new action goal
[ros2_control_node-2] [INFO] [1791169286.743978475] [joint_trajectory_controller]: Goal reached, success!
[ros2_control_node-2] [INFO] [1791169286.788971400] [joint_trajectory_controller]: Received new action goal
[ros2_control_node-2] [INFO] [1791169286.788993630] [joint_trajectory_controller]: Accepted new action goal
[ros2_control_node-2] [INFO] [1791169288.303974323] [joint_trajectory_controller]: Goal reached, success!
[ros2_control_node-2] [INFO] [1791169288.339861858] [joint_trajectory_controller]: Received new action goal
[ros2_control_node-2] [INFO] [1791169288.339883452] [joint_trajectory_controller]: Accepted new action goal
[ros2_control_node-2] [INFO] [1791169289.823983383] [joint_trajectory_controller]: Goal reached, success!
[ros2_control_node-2] [INFO] [1791169289.840931361] [joint_trajectory_controller]: Received new action goal
[ros2_control_node-2] [INFO] [1791169289.840956727] [joint_trajectory_controller]: Accepted new action goal
[ros2_control_node-2] [INFO] [1791169291.343985083] [joint_trajectory_controller]: Goal reached, success!
[ros2_control_node-2] [INFO] [1791169291.391706092] [joint_trajectory_controller]: Received new action goal
[ros2_control_node-2] [INFO] [1791169291.391733988] [joint_trajectory_controller]: Accepted new action goal
[ros2_control_node-2] [INFO] [1791169293.103977233] [joint_trajectory_controller]: Goal reached, success!
[ros2_control_node-2] [INFO] [1791169293.142543043] [joint_trajectory_controller]: Received new action goal
[ros2_control_node-2] [INFO] [1791169293.142564978] [joint_trajectory_controller]: Accepted new action goal
[ros2_control_node-2] [INFO] [1791169294.643973634] [joint_trajectory_controller]: Goal reached, success!
[ros2_control_node-2] [INFO] [1791169294.693607773] [joint_trajectory_controller]: Received new action goal
[ros2_control_node-2] [INFO] [1791169294.693633156] [joint_trajectory_controller]: Accepted new action goal
[ros2_control_node-2] [INFO] [1791169299.789569995] [joint_trajectory_controller]: Goal reached, success!
[ros2_control_node-2] [INFO] [1791169299.830197056] [joint_trajectory_controller]: Received new action goal
[ros2_control_node-2] [INFO] [1791169299.830226342] [joint_trajectory_controller]: Accepted new action goal
[ros2_control_node-2] [INFO] [1791169301.349572024] [joint_trajectory_controller]: Goal reached, success!
[ros2_control_node-2] [INFO] [1791169301.381165385] [joint_trajectory_controller]: Received new action goal
[ros2_control_node-2] [INFO] [1791169301.381188805] [joint_trajectory_controller]: Accepted new action goal
[ros2_control_node-2] [INFO] [1791169302.869579152] [joint_trajectory_controller]: Goal reached, success!
[ros2_control_node-2] [INFO] [1791169302.882266102] [joint_trajectory_controller]: Received new action goal
[ros2_control_node-2] [INFO] [1791169302.882287348] [joint_trajectory_controller]: Accepted new action goal
[ros2_control_node-2] [INFO] [1791169304.389600360] [joint_trajectory_controller]: Goal reached, success!
[ros2_control_node-2] [INFO] [1791169304.433053021] [joint_trajectory_controller]: Received new action goal
[ros2_control_node-2] [INFO] [1791169304.433075521] [joint_trajectory_controller]: Accepted new action goal
[ros2_control_node-2] [INFO] [1791169305.949571366] [joint_trajectory_controller]: Goal reached, success!
[ros2_control_node-2] [INFO] [1791169305.984863170] [joint_trajectory_controller]: Received new action goal
[ros2_control_node-2] [INFO] [1791169305.984899738] [joint_trajectory_controller]: Accepted new action goal
[ros2_control_node-2] [INFO] [1791169307.489573324] [joint_trajectory_controller]: Goal reached, success!
[ros2_control_node-2] [INFO] [1791169307.535843326] [joint_trajectory_controller]: Received new action goal
[ros2_control_node-2] [INFO] [1791169307.535867508] [joint_trajectory_controller]: Accepted new action goal
[ros2_control_node-2] [INFO] [1791169309.029617069] [joint_trajectory_controller]: Goal reached, success!
[ros2_control_node-2] [INFO] [1791169309.036831746] [joint_trajectory_controller]: Received new action goal
[ros2_control_node-2] [INFO] [1791169309.036862007] [joint_trajectory_controller]: Accepted new action goal
[ros2_control_node-2] [INFO] [1791169310.549575755] [joint_trajectory_controller]: Goal reached, success!
[ros2_control_node-2] [INFO] [1791169310.587721130] [joint_trajectory_controller]: Received new action goal
[ros2_control_node-2] [INFO] [1791169310.587745191] [joint_trajectory_controller]: Accepted new action goal
[ros2_control_node-2] [INFO] [1791169312.069573661] [joint_trajectory_controller]: Goal reached, success!
[ros2_control_node-2] [INFO] [1791169312.088677344] [joint_trajectory_controller]: Received new action goal
[ros2_control_node-2] [INFO] [1791169312.088697776] [joint_trajectory_controller]: Accepted new action goal
[ros2_control_node-2] [INFO] [1791169313.589626042] [joint_trajectory_controller]: Goal reached, success!
[ros2_control_node-2] [INFO] [1791169313.639490023] [joint_trajectory_controller]: Received new action goal
[ros2_control_node-2] [INFO] [1791169313.639525031] [joint_trajectory_controller]: Accepted new action goal
[ros2_control_node-2] [INFO] [1791169315.149574740] [joint_trajectory_controller]: Goal reached, success!
[ros2_control_node-2] [INFO] [1791169315.190492495] [joint_trajectory_controller]: Received new action goal
[ros2_control_node-2] [INFO] [1791169315.190514220] [joint_trajectory_controller]: Accepted new action goal
[ros2_control_node-2] [INFO] [1791169316.689572960] [joint_trajectory_controller]: Goal reached, success!
[ros2_control_node-2] [INFO] [1791169316.691235100] [joint_trajectory_controller]: Received new action goal
[ros2_control_node-2] [INFO] [1791169316.691254352] [joint_trajectory_controller]: Accepted new action goal
[ros2_control_node-2] [INFO] [1791169318.209575197] [joint_trajectory_controller]: Goal reached, success!
[ros2_control_node-2] [INFO] [1791169318.242097481] [joint_trajectory_controller]: Received new action goal
[ros2_control_node-2] [INFO] [1791169318.242119120] [joint_trajectory_controller]: Accepted new action goal
[ros2_control_node-2] [INFO] [1791169319.749565878] [joint_trajectory_controller]: Goal reached, success!
[ros2_control_node-2] [INFO] [1791169319.793025040] [joint_trajectory_controller]: Received new action goal
[ros2_control_node-2] [INFO] [1791169319.793048187] [joint_trajectory_controller]: Accepted new action goal
[ros2_control_node-2] [INFO] [1791169321.309582222] [joint_trajectory_controller]: Goal reached, success!
[ros2_control_node-2] [INFO] [1791169321.344603471] [joint_trajectory_controller]: Received new action goal
[ros2_control_node-2] [INFO] [1791169321.344625140] [joint_trajectory_controller]: Accepted new action goal
[ros2_control_node-2] [INFO] [1791169322.829592718] [joint_trajectory_controller]: Goal reached, success!
[ros2_control_node-2] [INFO] [1791169322.845726140] [joint_trajectory_controller]: Received new action goal
[ros2_control_node-2] [INFO] [1791169322.845758747] [joint_trajectory_controller]: Accepted new action goal
[ros2_control_node-2] [INFO] [1791169324.349572817] [joint_trajectory_controller]: Goal reached, success!
[ros2_control_node-2] [INFO] [1791169324.396688818] [joint_trajectory_controller]: Received new action goal
[ros2_control_node-2] [INFO] [1791169324.396714760] [joint_trajectory_controller]: Accepted new action goal
[ros2_control_node-2] [INFO] [1791169325.909573772] [joint_trajectory_controller]: Goal reached, success!
[ros2_control_node-2] [INFO] [1791169325.947737676] [joint_trajectory_controller]: Received new action goal
[ros2_control_node-2] [INFO] [1791169325.947761054] [joint_trajectory_controller]: Accepted new action goal
[ros2_control_node-2] [INFO] [1791169327.449565258] [joint_trajectory_controller]: Goal reached, success!
[ros2_control_node-2] [INFO] [1791169327.498524494] [joint_trajectory_controller]: Received new action goal
[ros2_control_node-2] [INFO] [1791169327.498548872] [joint_trajectory_controller]: Accepted new action goal
[ros2_control_node-2] [INFO] [1791169329.009569634] [joint_trajectory_controller]: Goal reached, success!
[ros2_control_node-2] [INFO] [1791169329.049800524] [joint_trajectory_controller]: Received new action goal
[ros2_control_node-2] [INFO] [1791169329.049832505] [joint_trajectory_controller]: Accepted new action goal
[ros2_control_node-2] [INFO] [1791169330.569566279] [joint_trajectory_controller]: Goal reached, success!
[ros2_control_node-2] [INFO] [1791169330.600605718] [joint_trajectory_controller]: Received new action goal
[ros2_control_node-2] [INFO] [1791169330.600632124] [joint_trajectory_controller]: Accepted new action goal
[ros2_control_node-2] [INFO] [1791169335.672387548] [joint_trajectory_controller]: Goal reached, success!
[ros2_control_node-2] [INFO] [1791169335.684307973] [joint_trajectory_controller]: Received new action goal
[ros2_control_node-2] [INFO] [1791169335.684333001] [joint_trajectory_controller]: Accepted new action goal
[ros2_control_node-2] [INFO] [1791169337.172402939] [joint_trajectory_controller]: Goal reached, success!
[ros2_control_node-2] [INFO] [1791169337.185316683] [joint_trajectory_controller]: Received new action goal
[ros2_control_node-2] [INFO] [1791169337.185340173] [joint_trajectory_controller]: Accepted new action goal
[ros2_control_node-2] [INFO] [1791169338.692385801] [joint_trajectory_controller]: Goal reached, success!
[ros2_control_node-2] [INFO] [1791169338.736285176] [joint_trajectory_controller]: Received new action goal
[ros2_control_node-2] [INFO] [1791169338.736308127] [joint_trajectory_controller]: Accepted new action goal
[ros2_control_node-2] [INFO] [1791169340.232391661] [joint_trajectory_controller]: Goal reached, success!
[ros2_control_node-2] [INFO] [1791169340.237743425] [joint_trajectory_controller]: Received new action goal
[ros2_control_node-2] [INFO] [1791169340.237766782] [joint_trajectory_controller]: Accepted new action goal
[ros2_control_node-2] [INFO] [1791169341.732393181] [joint_trajectory_controller]: Goal reached, success!
[ros2_control_node-2] [INFO] [1791169341.738565045] [joint_trajectory_controller]: Received new action goal
[ros2_control_node-2] [INFO] [1791169341.738585019] [joint_trajectory_controller]: Accepted new action goal
[ros2_control_node-2] [INFO] [1791169343.252393357] [joint_trajectory_controller]: Goal reached, success!
[ros2_control_node-2] [INFO] [1791169343.289601775] [joint_trajectory_controller]: Received new action goal
[ros2_control_node-2] [INFO] [1791169343.289621894] [joint_trajectory_controller]: Accepted new action goal
[ros2_control_node-2] [INFO] [1791169344.772389972] [joint_trajectory_controller]: Goal reached, success!
[ros2_control_node-2] [INFO] [1791169344.790479914] [joint_trajectory_controller]: Received new action goal
[ros2_control_node-2] [INFO] [1791169344.790500885] [joint_trajectory_controller]: Accepted new action goal
[ros2_control_node-2] [INFO] [1791169346.292387470] [joint_trajectory_controller]: Goal reached, success!
[ros2_control_node-2] [INFO] [1791169346.341269867] [joint_trajectory_controller]: Received new action goal
[ros2_control_node-2] [INFO] [1791169346.341294936] [joint_trajectory_controller]: Accepted new action goal
[ros2_control_node-2] [INFO] [1791169347.852385573] [joint_trajectory_controller]: Goal reached, success!
[ros2_control_node-2] [INFO] [1791169347.892477077] [joint_trajectory_controller]: Received new action goal
[ros2_control_node-2] [INFO] [1791169347.892524902] [joint_trajectory_controller]: Accepted new action goal
[ros2_control_node-2] [INFO] [1791169349.412382850] [joint_trajectory_controller]: Goal reached, success!
[ros2_control_node-2] [INFO] [1791169349.443362830] [joint_trajectory_controller]: Received new action goal
[ros2_control_node-2] [INFO] [1791169349.443382652] [joint_trajectory_controller]: Accepted new action goal
[ros2_control_node-2] [INFO] [1791169350.952397534] [joint_trajectory_controller]: Goal reached, success!
[ros2_control_node-2] [INFO] [1791169350.994212058] [joint_trajectory_controller]: Received new action goal
[ros2_control_node-2] [INFO] [1791169350.994239410] [joint_trajectory_controller]: Accepted new action goal
[ros2_control_node-2] [INFO] [1791169352.512382151] [joint_trajectory_controller]: Goal reached, success!
[ros2_control_node-2] [INFO] [1791169352.545226488] [joint_trajectory_controller]: Received new action goal
[ros2_control_node-2] [INFO] [1791169352.545249005] [joint_trajectory_controller]: Accepted new action goal
[ros2_control_node-2] [INFO] [1791169354.052395522] [joint_trajectory_controller]: Goal reached, success!
[ros2_control_node-2] [INFO] [1791169354.096128671] [joint_trajectory_controller]: Received new action goal
[ros2_control_node-2] [INFO] [1791169354.096149846] [joint_trajectory_controller]: Accepted new action goal
[ros2_control_node-2] [INFO] [1791169355.612383515] [joint_trajectory_controller]: Goal reached, success!
[ros2_control_node-2] [INFO] [1791169355.647818436] [joint_trajectory_controller]: Received new action goal
[ros2_control_node-2] [INFO] [1791169355.647841761] [joint_trajectory_controller]: Accepted new action goal
[ros2_control_node-2] [INFO] [1791169357.212389178] [joint_trajectory_controller]: Goal reached, success!
[ros2_control_node-2] [INFO] [1791169357.248706144] [joint_trajectory_controller]: Received new action goal
[ros2_control_node-2] [INFO] [1791169357.248740797] [joint_trajectory_controller]: Accepted new action goal
[ros2_control_node-2] [INFO] [1791169358.732447553] [joint_trajectory_controller]: Goal reached, success!
[ros2_control_node-2] [INFO] [1791169358.749769598] [joint_trajectory_controller]: Received new action goal
[ros2_control_node-2] [INFO] [1791169358.749796034] [joint_trajectory_controller]: Accepted new action goal
[ros2_control_node-2] [INFO] [1791169360.252384302] [joint_trajectory_controller]: Goal reached, success!
[ros2_control_node-2] [INFO] [1791169360.300597204] [joint_trajectory_controller]: Received new action goal
[ros2_control_node-2] [INFO] [1791169360.300624887] [joint_trajectory_controller]: Accepted new action goal
[ros2_control_node-2] [INFO] [1791169361.812381927] [joint_trajectory_controller]: Goal reached, success!
[ros2_control_node-2] [INFO] [1791169361.851378238] [joint_trajectory_controller]: Received new action goal
[ros2_control_node-2] [INFO] [1791169361.851405868] [joint_trajectory_controller]: Accepted new action goal
[ros2_control_node-2] [INFO] [1791169363.352382292] [joint_trajectory_controller]: Goal reached, success!
[ros2_control_node-2] [INFO] [1791169363.402346131] [joint_trajectory_controller]: Received new action goal
[ros2_control_node-2] [INFO] [1791169363.402371331] [joint_trajectory_controller]: Accepted new action goal
[ros2_control_node-2] [INFO] [1791169364.912378882] [joint_trajectory_controller]: Goal reached, success!
[ros2_control_node-2] [INFO] [1791169364.953479777] [joint_trajectory_controller]: Received new action goal
[ros2_control_node-2] [INFO] [1791169364.953506425] [joint_trajectory_controller]: Accepted new action goal
[ros2_control_node-2] [INFO] [1791169366.472381993] [joint_trajectory_controller]: Goal reached, success!
[ros2_control_node-2] [INFO] [1791169366.504314946] [joint_trajectory_controller]: Received new action goal
[ros2_control_node-2] [INFO] [1791169366.504336228] [joint_trajectory_controller]: Accepted new action goal
[ros2_control_node-2] [INFO] [1791169371.595715879] [joint_trajectory_controller]: Goal reached, success!
[ros2_control_node-2] [INFO] [1791169371.638409296] [joint_trajectory_controller]: Received new action goal
[ros2_control_node-2] [INFO] [1791169371.638446101] [joint_trajectory_controller]: Accepted new action goal
[ros2_control_node-2] [INFO] [1791169373.155689117] [joint_trajectory_controller]: Goal reached, success!
[ros2_control_node-2] [INFO] [1791169373.189399618] [joint_trajectory_controller]: Received new action goal
[ros2_control_node-2] [INFO] [1791169373.189419473] [joint_trajectory_controller]: Accepted new action goal
[ros2_control_node-2] [INFO] [1791169374.695690555] [joint_trajectory_controller]: Goal reached, success!
[ros2_control_node-2] [INFO] [1791169374.741309546] [joint_trajectory_controller]: Received new action goal
[ros2_control_node-2] [INFO] [1791169374.741332553] [joint_trajectory_controller]: Accepted new action goal
[ros2_control_node-2] [INFO] [1791169376.255775245] [joint_trajectory_controller]: Goal reached, success!
[ros2_control_node-2] [INFO] [1791169376.292178633] [joint_trajectory_controller]: Received new action goal
[ros2_control_node-2] [INFO] [1791169376.292201468] [joint_trajectory_controller]: Accepted new action goal
[ros2_control_node-2] [INFO] [1791169378.415692967] [joint_trajectory_controller]: Goal reached, success!
[ros2_control_node-2] [INFO] [1791169378.443157143] [joint_trajectory_controller]: Received new action goal
[ros2_control_node-2] [INFO] [1791169378.443179569] [joint_trajectory_controller]: Accepted new action goal
[ros2_control_node-2] [INFO] [1791169380.515691924] [joint_trajectory_controller]: Goal reached, success!
[ros2_control_node-2] [INFO] [1791169380.544051272] [joint_trajectory_controller]: Received new action goal
[ros2_control_node-2] [INFO] [1791169380.544082456] [joint_trajectory_controller]: Accepted new action goal
[ros2_control_node-2] [INFO] [1791169382.035701653] [joint_trajectory_controller]: Goal reached, success!
[ros2_control_node-2] [INFO] [1791169382.044767983] [joint_trajectory_controller]: Received new action goal
[ros2_control_node-2] [INFO] [1791169382.044788343] [joint_trajectory_controller]: Accepted new action goal
[ros2_control_node-2] [INFO] [1791169383.535705927] [joint_trajectory_controller]: Goal reached, success!
[ros2_control_node-2] [INFO] [1791169383.545686786] [joint_trajectory_controller]: Received new action goal
[ros2_control_node-2] [INFO] [1791169383.545712751] [joint_trajectory_controller]: Accepted new action goal
[ros2_control_node-2] [INFO] [1791169385.055694906] [joint_trajectory_controller]: Goal reached, success!
[ros2_control_node-2] [INFO] [1791169385.096724116] [joint_trajectory_controller]: Received new action goal
[ros2_control_node-2] [INFO] [1791169385.096747266] [joint_trajectory_controller]: Accepted new action goal
[ros2_control_node-2] [INFO] [1791169386.615721946] [joint_trajectory_controller]: Goal reached, success!
[ros2_control_node-2] [INFO] [1791169386.647657210] [joint_trajectory_controller]: Received new action goal
[ros2_control_node-2] [INFO] [1791169386.647679863] [joint_trajectory_controller]: Accepted new action goal
[ros2_control_node-2] [INFO] [1791169388.135697187] [joint_trajectory_controller]: Goal reached, success!
[ros2_control_node-2] [INFO] [1791169388.148525877] [joint_trajectory_controller]: Received new action goal
[ros2_control_node-2] [INFO] [1791169388.148547547] [joint_trajectory_controller]: Accepted new action goal
[ros2_control_node-2] [INFO] [1791169389.635747836] [joint_trajectory_controller]: Goal reached, success!
[ros2_control_node-2] [INFO] [1791169389.649602780] [joint_trajectory_controller]: Received new action goal
[ros2_control_node-2] [INFO] [1791169389.649635779] [joint_trajectory_controller]: Accepted new action goal
[ros2_control_node-2] [INFO] [1791169391.295698668] [joint_trajectory_controller]: Goal reached, success!
[ros2_control_node-2] [INFO] [1791169391.301622001] [joint_trajectory_controller]: Received new action goal
[ros2_control_node-2] [INFO] [1791169391.301641204] [joint_trajectory_controller]: Accepted new action goal
[ros2_control_node-2] [INFO] [1791169392.975697330] [joint_trajectory_controller]: Goal reached, success!
[ros2_control_node-2] [INFO] [1791169393.002537937] [joint_trajectory_controller]: Received new action goal
[ros2_control_node-2] [INFO] [1791169393.002558564] [joint_trajectory_controller]: Accepted new action goal
[ros2_control_node-2] [INFO] [1791169394.515692516] [joint_trajectory_controller]: Goal reached, success!
[ros2_control_node-2] [INFO] [1791169394.553451973] [joint_trajectory_controller]: Received new action goal
[ros2_control_node-2] [INFO] [1791169394.553477518] [joint_trajectory_controller]: Accepted new action goal
[ros2_control_node-2] [INFO] [1791169396.055691984] [joint_trajectory_controller]: Goal reached, success!
[ros2_control_node-2] [INFO] [1791169396.104349582] [joint_trajectory_controller]: Received new action goal
[ros2_control_node-2] [INFO] [1791169396.104374086] [joint_trajectory_controller]: Accepted new action goal
[ros2_control_node-2] [INFO] [1791169397.615688458] [joint_trajectory_controller]: Goal reached, success!
[ros2_control_node-2] [INFO] [1791169397.655333646] [joint_trajectory_controller]: Received new action goal
[ros2_control_node-2] [INFO] [1791169397.655356179] [joint_trajectory_controller]: Accepted new action goal
[ros2_control_node-2] [INFO] [1791169399.155693197] [joint_trajectory_controller]: Goal reached, success!
[ros2_control_node-2] [INFO] [1791169399.206268985] [joint_trajectory_controller]: Received new action goal
[ros2_control_node-2] [INFO] [1791169399.206293457] [joint_trajectory_controller]: Accepted new action goal
[ros2_control_node-2] [INFO] [1791169401.235693478] [joint_trajectory_controller]: Goal reached, success!
[ros2_control_node-2] [INFO] [1791169401.257318927] [joint_trajectory_controller]: Received new action goal
[ros2_control_node-2] [INFO] [1791169401.257344866] [joint_trajectory_controller]: Accepted new action goal
[ros2_control_node-2] [INFO] [1791169406.359015922] [joint_trajectory_controller]: Goal reached, success!
[ros2_control_node-2] [INFO] [1791169406.391536028] [joint_trajectory_controller]: Received new action goal
[ros2_control_node-2] [INFO] [1791169406.391563795] [joint_trajectory_controller]: Accepted new action goal
[ros2_control_node-2] [INFO] [1791169407.899016312] [joint_trajectory_controller]: Goal reached, success!
[ros2_control_node-2] [INFO] [1791169407.942414727] [joint_trajectory_controller]: Received new action goal
[ros2_control_node-2] [INFO] [1791169407.942438402] [joint_trajectory_controller]: Accepted new action goal
[ros2_control_node-2] [INFO] [1791169409.439023092] [joint_trajectory_controller]: Goal reached, success!
[ros2_control_node-2] [INFO] [1791169409.443476953] [joint_trajectory_controller]: Received new action goal
[ros2_control_node-2] [INFO] [1791169409.443502496] [joint_trajectory_controller]: Accepted new action goal
[ros2_control_node-2] [INFO] [1791169410.959015787] [joint_trajectory_controller]: Goal reached, success!
[ros2_control_node-2] [INFO] [1791169410.995427121] [joint_trajectory_controller]: Received new action goal
[ros2_control_node-2] [INFO] [1791169410.995449367] [joint_trajectory_controller]: Accepted new action goal
[ros2_control_node-2] [INFO] [1791169412.499001209] [joint_trajectory_controller]: Goal reached, success!
[ros2_control_node-2] [INFO] [1791169412.546349178] [joint_trajectory_controller]: Received new action goal
[ros2_control_node-2] [INFO] [1791169412.546371502] [joint_trajectory_controller]: Accepted new action goal
[ros2_control_node-2] [INFO] [1791169414.039064697] [joint_trajectory_controller]: Goal reached, success!
[ros2_control_node-2] [INFO] [1791169414.047196290] [joint_trajectory_controller]: Received new action goal
[ros2_control_node-2] [INFO] [1791169414.047228586] [joint_trajectory_controller]: Accepted new action goal
[ros2_control_node-2] [INFO] [1791169415.559016985] [joint_trajectory_controller]: Goal reached, success!
[ros2_control_node-2] [INFO] [1791169415.599154407] [joint_trajectory_controller]: Received new action goal
[ros2_control_node-2] [INFO] [1791169415.599191018] [joint_trajectory_controller]: Accepted new action goal
[ros2_control_node-2] [INFO] [1791169417.179016321] [joint_trajectory_controller]: Goal reached, success!
[ros2_control_node-2] [INFO] [1791169417.199971332] [joint_trajectory_controller]: Received new action goal
[ros2_control_node-2] [INFO] [1791169417.199991933] [joint_trajectory_controller]: Accepted new action goal
[ros2_control_node-2] [INFO] [1791169418.859019664] [joint_trajectory_controller]: Goal reached, success!
[ros2_control_node-2] [INFO] [1791169418.900831291] [joint_trajectory_controller]: Received new action goal
[ros2_control_node-2] [INFO] [1791169418.900853371] [joint_trajectory_controller]: Accepted new action goal
[ros2_control_node-2] [INFO] [1791169420.419025402] [joint_trajectory_controller]: Goal reached, success!
[ros2_control_node-2] [INFO] [1791169420.451875799] [joint_trajectory_controller]: Received new action goal
[ros2_control_node-2] [INFO] [1791169420.451899723] [joint_trajectory_controller]: Accepted new action goal
[ros2_control_node-2] [INFO] [1791169421.939032764] [joint_trajectory_controller]: Goal reached, success!
[ros2_control_node-2] [INFO] [1791169421.952907991] [joint_trajectory_controller]: Received new action goal
[ros2_control_node-2] [INFO] [1791169421.952931807] [joint_trajectory_controller]: Accepted new action goal
[ros2_control_node-2] [INFO] [1791169423.459029198] [joint_trajectory_controller]: Goal reached, success!
[ros2_control_node-2] [INFO] [1791169423.503589764] [joint_trajectory_controller]: Received new action goal
[ros2_control_node-2] [INFO] [1791169423.503618077] [joint_trajectory_controller]: Accepted new action goal
[ros2_control_node-2] [INFO] [1791169425.039018192] [joint_trajectory_controller]: Goal reached, success!
[ros2_control_node-2] [INFO] [1791169425.054527993] [joint_trajectory_controller]: Received new action goal
[ros2_control_node-2] [INFO] [1791169425.054551687] [joint_trajectory_controller]: Accepted new action goal
[ros2_control_node-2] [INFO] [1791169426.599026242] [joint_trajectory_controller]: Goal reached, success!
[ros2_control_node-2] [INFO] [1791169426.606388473] [joint_trajectory_controller]: Received new action goal
[ros2_control_node-2] [INFO] [1791169426.606414952] [joint_trajectory_controller]: Accepted new action goal
[ros2_control_node-2] [INFO] [1791169428.459015885] [joint_trajectory_controller]: Goal reached, success!
[ros2_control_node-2] [INFO] [1791169428.507370183] [joint_trajectory_controller]: Received new action goal
[ros2_control_node-2] [INFO] [1791169428.507394265] [joint_trajectory_controller]: Accepted new action goal
[ros2_control_node-2] [INFO] [1791169430.019026414] [joint_trajectory_controller]: Goal reached, success!
[ros2_control_node-2] [INFO] [1791169430.058271618] [joint_trajectory_controller]: Received new action goal
[ros2_control_node-2] [INFO] [1791169430.058295267] [joint_trajectory_controller]: Accepted new action goal
[ros2_control_node-2] [INFO] [1791169431.559015537] [joint_trajectory_controller]: Goal reached, success!
[ros2_control_node-2] [INFO] [1791169431.609197477] [joint_trajectory_controller]: Received new action goal
[ros2_control_node-2] [INFO] [1791169431.609220346] [joint_trajectory_controller]: Accepted new action goal
[ros2_control_node-2] [INFO] [1791169433.099052906] [joint_trajectory_controller]: Goal reached, success!
[ros2_control_node-2] [INFO] [1791169433.110043513] [joint_trajectory_controller]: Received new action goal
[ros2_control_node-2] [INFO] [1791169433.110070466] [joint_trajectory_controller]: Accepted new action goal
[ros2_control_node-2] [INFO] [1791169434.619018191] [joint_trajectory_controller]: Goal reached, success!
[ros2_control_node-2] [INFO] [1791169434.661047300] [joint_trajectory_controller]: Received new action goal
[ros2_control_node-2] [INFO] [1791169434.661075179] [joint_trajectory_controller]: Accepted new action goal
[ros2_control_node-2] [INFO] [1791169436.179030829] [joint_trajectory_controller]: Goal reached, success!
[ros2_control_node-2] [INFO] [1791169436.212126126] [joint_trajectory_controller]: Received new action goal
[ros2_control_node-2] [INFO] [1791169436.212163303] [joint_trajectory_controller]: Accepted new action goal
[ros2_control_node-2] [INFO] [1791169437.719011706] [joint_trajectory_controller]: Goal reached, success!
[ros2_control_node-2] [INFO] [1791169437.763061286] [joint_trajectory_controller]: Received new action goal
[ros2_control_node-2] [INFO] [1791169437.763083214] [joint_trajectory_controller]: Accepted new action goal
[ros2_control_node-2] [INFO] [1791169442.864223628] [joint_trajectory_controller]: Goal reached, success!
[ros2_control_node-2] [INFO] [1791169442.899228584] [joint_trajectory_controller]: Received new action goal
[ros2_control_node-2] [INFO] [1791169442.899249741] [joint_trajectory_controller]: Accepted new action goal
[ros2_control_node-2] [INFO] [1791169444.384239417] [joint_trajectory_controller]: Goal reached, success!
[ros2_control_node-2] [INFO] [1791169444.400125299] [joint_trajectory_controller]: Received new action goal
[ros2_control_node-2] [INFO] [1791169444.400147208] [joint_trajectory_controller]: Accepted new action goal
[ros2_control_node-2] [INFO] [1791169445.904225816] [joint_trajectory_controller]: Goal reached, success!
[ros2_control_node-2] [INFO] [1791169445.951881459] [joint_trajectory_controller]: Received new action goal
[ros2_control_node-2] [INFO] [1791169445.951904646] [joint_trajectory_controller]: Accepted new action goal
[ros2_control_node-2] [INFO] [1791169447.464230414] [joint_trajectory_controller]: Goal reached, success!
[ros2_control_node-2] [INFO] [1791169447.502752712] [joint_trajectory_controller]: Received new action goal
[ros2_control_node-2] [INFO] [1791169447.502775759] [joint_trajectory_controller]: Accepted new action goal
[ros2_control_node-2] [INFO] [1791169449.004238487] [joint_trajectory_controller]: Goal reached, success!
[ros2_control_node-2] [INFO] [1791169449.053598937] [joint_trajectory_controller]: Received new action goal
[ros2_control_node-2] [INFO] [1791169449.053625393] [joint_trajectory_controller]: Accepted new action goal
[ros2_control_node-2] [INFO] [1791169450.624219789] [joint_trajectory_controller]: Goal reached, success!
[ros2_control_node-2] [INFO] [1791169450.654601693] [joint_trajectory_controller]: Received new action goal
[ros2_control_node-2] [INFO] [1791169450.654626595] [joint_trajectory_controller]: Accepted new action goal
[ros2_control_node-2] [INFO] [1791169452.164205520] [joint_trajectory_controller]: Goal reached, success!
[ros2_control_node-2] [INFO] [1791169452.205656065] [joint_trajectory_controller]: Received new action goal
[ros2_control_node-2] [INFO] [1791169452.205676651] [joint_trajectory_controller]: Accepted new action goal
[ros2_control_node-2] [INFO] [1791169454.404225669] [joint_trajectory_controller]: Goal reached, success!
[ros2_control_node-2] [INFO] [1791169454.406508225] [joint_trajectory_controller]: Received new action goal
[ros2_control_node-2] [INFO] [1791169454.406526758] [joint_trajectory_controller]: Accepted new action goal
[ros2_control_node-2] [INFO] [1791169455.924224850] [joint_trajectory_controller]: Goal reached, success!
[ros2_control_node-2] [INFO] [1791169455.957581699] [joint_trajectory_controller]: Received new action goal
[ros2_control_node-2] [INFO] [1791169455.957603500] [joint_trajectory_controller]: Accepted new action goal
[ros2_control_node-2] [INFO] [1791169457.444229832] [joint_trajectory_controller]: Goal reached, success!
[ros2_control_node-2] [INFO] [1791169457.458658578] [joint_trajectory_controller]: Received new action goal
[ros2_control_node-2] [INFO] [1791169457.458680388] [joint_trajectory_controller]: Accepted new action goal
[ros2_control_node-2] [INFO] [1791169458.944230950] [joint_trajectory_controller]: Goal reached, success!
[ros2_control_node-2] [INFO] [1791169458.959473478] [joint_trajectory_controller]: Received new action goal
[ros2_control_node-2] [INFO] [1791169458.959497276] [joint_trajectory_controller]: Accepted new action goal
[ros2_control_node-2] [INFO] [1791169460.464224510] [joint_trajectory_controller]: Goal reached, success!
[ros2_control_node-2] [INFO] [1791169460.510361093] [joint_trajectory_controller]: Received new action goal
[ros2_control_node-2] [INFO] [1791169460.510384889] [joint_trajectory_controller]: Accepted new action goal
[ros2_control_node-2] [INFO] [1791169462.004279743] [joint_trajectory_controller]: Goal reached, success!
[ros2_control_node-2] [INFO] [1791169462.011859474] [joint_trajectory_controller]: Received new action goal
[ros2_control_node-2] [INFO] [1791169462.011891135] [joint_trajectory_controller]: Accepted new action goal
[ros2_control_node-2] [INFO] [1791169463.524238999] [joint_trajectory_controller]: Goal reached, success!
[ros2_control_node-2] [INFO] [1791169463.562764941] [joint_trajectory_controller]: Received new action goal
[ros2_control_node-2] [INFO] [1791169463.562793387] [joint_trajectory_controller]: Accepted new action goal
[ros2_control_node-2] [INFO] [1791169465.064253248] [joint_trajectory_controller]: Goal reached, success!
[ros2_control_node-2] [INFO] [1791169465.113560442] [joint_trajectory_controller]: Received new action goal
[ros2_control_node-2] [INFO] [1791169465.113583784] [joint_trajectory_controller]: Accepted new action goal
[ros2_control_node-2] [INFO] [1791169466.804221979] [joint_trajectory_controller]: Goal reached, success!
[ros2_control_node-2] [INFO] [1791169466.814599895] [joint_trajectory_controller]: Received new action goal
[ros2_control_node-2] [INFO] [1791169466.814620903] [joint_trajectory_controller]: Accepted new action goal
[ros2_control_node-2] [INFO] [1791169468.484321340] [joint_trajectory_controller]: Goal reached, success!
[ros2_control_node-2] [INFO] [1791169468.515466271] [joint_trajectory_controller]: Received new action goal
[ros2_control_node-2] [INFO] [1791169468.515497529] [joint_trajectory_controller]: Accepted new action goal
[ros2_control_node-2] [INFO] [1791169470.024220200] [joint_trajectory_controller]: Goal reached, success!
[ros2_control_node-2] [INFO] [1791169470.066331638] [joint_trajectory_controller]: Received new action goal
[ros2_control_node-2] [INFO] [1791169470.066358834] [joint_trajectory_controller]: Accepted new action goal
[ros2_control_node-2] [INFO] [1791169471.584225041] [joint_trajectory_controller]: Goal reached, success!
[ros2_control_node-2] [INFO] [1791169471.617291557] [joint_trajectory_controller]: Received new action goal
[ros2_control_node-2] [INFO] [1791169471.617313895] [joint_trajectory_controller]: Accepted new action goal
[ros2_control_node-2] [INFO] [1791169473.104275909] [joint_trajectory_controller]: Goal reached, success!
[ros2_control_node-2] [INFO] [1791169473.118383427] [joint_trajectory_controller]: Received new action goal
[ros2_control_node-2] [INFO] [1791169473.118416052] [joint_trajectory_controller]: Accepted new action goal
[ros2_control_node-2] [INFO] [1791169478.188492570] [joint_trajectory_controller]: Goal reached, success!
[ros2_control_node-2] [INFO] [1791169478.203645858] [joint_trajectory_controller]: Received new action goal
[ros2_control_node-2] [INFO] [1791169478.203670324] [joint_trajectory_controller]: Accepted new action goal
[ros2_control_node-2] [INFO] [1791169479.688464001] [joint_trajectory_controller]: Goal reached, success!
[ros2_control_node-2] [INFO] [1791169479.704612451] [joint_trajectory_controller]: Received new action goal
[ros2_control_node-2] [INFO] [1791169479.704633215] [joint_trajectory_controller]: Accepted new action goal
[ros2_control_node-2] [INFO] [1791169481.188460841] [joint_trajectory_controller]: Goal reached, success!
[ros2_control_node-2] [INFO] [1791169481.205944587] [joint_trajectory_controller]: Received new action goal
[ros2_control_node-2] [INFO] [1791169481.205964772] [joint_trajectory_controller]: Accepted new action goal
[ros2_control_node-2] [INFO] [1791169482.688469800] [joint_trajectory_controller]: Goal reached, success!
[ros2_control_node-2] [INFO] [1791169482.706729624] [joint_trajectory_controller]: Received new action goal
[ros2_control_node-2] [INFO] [1791169482.706749606] [joint_trajectory_controller]: Accepted new action goal
[ros2_control_node-2] [INFO] [1791169484.188491575] [joint_trajectory_controller]: Goal reached, success!
[ros2_control_node-2] [INFO] [1791169484.207731016] [joint_trajectory_controller]: Received new action goal
[ros2_control_node-2] [INFO] [1791169484.207751961] [joint_trajectory_controller]: Accepted new action goal
[ros2_control_node-2] [INFO] [1791169485.708457290] [joint_trajectory_controller]: Goal reached, success!
[ros2_control_node-2] [INFO] [1791169485.758626483] [joint_trajectory_controller]: Received new action goal
[ros2_control_node-2] [INFO] [1791169485.758649201] [joint_trajectory_controller]: Accepted new action goal
[ros2_control_node-2] [INFO] [1791169487.268454723] [joint_trajectory_controller]: Goal reached, success!
[ros2_control_node-2] [INFO] [1791169487.309605511] [joint_trajectory_controller]: Received new action goal
[ros2_control_node-2] [INFO] [1791169487.309629328] [joint_trajectory_controller]: Accepted new action goal
[ros2_control_node-2] [INFO] [1791169488.808503536] [joint_trajectory_controller]: Goal reached, success!
[ros2_control_node-2] [INFO] [1791169488.810536309] [joint_trajectory_controller]: Received new action goal
[ros2_control_node-2] [INFO] [1791169488.810555330] [joint_trajectory_controller]: Accepted new action goal
[ros2_control_node-2] [INFO] [1791169490.308465211] [joint_trajectory_controller]: Goal reached, success!
[ros2_control_node-2] [INFO] [1791169490.311505651] [joint_trajectory_controller]: Received new action goal
[ros2_control_node-2] [INFO] [1791169490.311524262] [joint_trajectory_controller]: Accepted new action goal
[ros2_control_node-2] [INFO] [1791169491.828474259] [joint_trajectory_controller]: Goal reached, success!
[ros2_control_node-2] [INFO] [1791169491.862346314] [joint_trajectory_controller]: Received new action goal
[ros2_control_node-2] [INFO] [1791169491.862367158] [joint_trajectory_controller]: Accepted new action goal
[ros2_control_node-2] [INFO] [1791169493.348513100] [joint_trajectory_controller]: Goal reached, success!
[ros2_control_node-2] [INFO] [1791169493.363431359] [joint_trajectory_controller]: Received new action goal
[ros2_control_node-2] [INFO] [1791169493.363482780] [joint_trajectory_controller]: Accepted new action goal
[ros2_control_node-2] [INFO] [1791169494.868462375] [joint_trajectory_controller]: Goal reached, success!
[ros2_control_node-2] [INFO] [1791169494.914249254] [joint_trajectory_controller]: Received new action goal
[ros2_control_node-2] [INFO] [1791169494.914271233] [joint_trajectory_controller]: Accepted new action goal
[ros2_control_node-2] [INFO] [1791169496.428459266] [joint_trajectory_controller]: Goal reached, success!
[ros2_control_node-2] [INFO] [1791169496.465886943] [joint_trajectory_controller]: Received new action goal
[ros2_control_node-2] [INFO] [1791169496.465908670] [joint_trajectory_controller]: Accepted new action goal
[ros2_control_node-2] [INFO] [1791169497.968454156] [joint_trajectory_controller]: Goal reached, success!
[ros2_control_node-2] [INFO] [1791169498.016833562] [joint_trajectory_controller]: Received new action goal
[ros2_control_node-2] [INFO] [1791169498.016858098] [joint_trajectory_controller]: Accepted new action goal
[ros2_control_node-2] [INFO] [1791169499.508457638] [joint_trajectory_controller]: Goal reached, success!
[ros2_control_node-2] [INFO] [1791169499.517734706] [joint_trajectory_controller]: Received new action goal
[ros2_control_node-2] [INFO] [1791169499.517760798] [joint_trajectory_controller]: Accepted new action goal
[ros2_control_node-2] [INFO] [1791169501.028472012] [joint_trajectory_controller]: Goal reached, success!
[ros2_control_node-2] [INFO] [1791169501.068785456] [joint_trajectory_controller]: Received new action goal
[ros2_control_node-2] [INFO] [1791169501.068808865] [joint_trajectory_controller]: Accepted new action goal
[ros2_control_node-2] [INFO] [1791169502.728460626] [joint_trajectory_controller]: Goal reached, success!
[ros2_control_node-2] [INFO] [1791169502.769710047] [joint_trajectory_controller]: Received new action goal
[ros2_control_node-2] [INFO] [1791169502.769739451] [joint_trajectory_controller]: Accepted new action goal
[ros2_control_node-2] [INFO] [1791169504.288461648] [joint_trajectory_controller]: Goal reached, success!
[ros2_control_node-2] [INFO] [1791169504.320656046] [joint_trajectory_controller]: Received new action goal
[ros2_control_node-2] [INFO] [1791169504.320678960] [joint_trajectory_controller]: Accepted new action goal
[ros2_control_node-2] [INFO] [1791169505.828462020] [joint_trajectory_controller]: Goal reached, success!
[ros2_control_node-2] [INFO] [1791169505.871674214] [joint_trajectory_controller]: Received new action goal
[ros2_control_node-2] [INFO] [1791169505.871699730] [joint_trajectory_controller]: Accepted new action goal
[ros2_control_node-2] [INFO] [1791169507.368461904] [joint_trajectory_controller]: Goal reached, success!
[ros2_control_node-2] [INFO] [1791169507.372514953] [joint_trajectory_controller]: Received new action goal
[ros2_control_node-2] [INFO] [1791169507.372541894] [joint_trajectory_controller]: Accepted new action goal
[ros2_control_node-2] [INFO] [1791169508.888462481] [joint_trajectory_controller]: Goal reached, success!
[ros2_control_node-2] [INFO] [1791169508.923369125] [joint_trajectory_controller]: Received new action goal
[ros2_control_node-2] [INFO] [1791169508.923393150] [joint_trajectory_controller]: Accepted new action goal
[ros2_control_node-2] [INFO] [1791169513.993186237] [joint_trajectory_controller]: Goal reached, success!
[ros2_control_node-2] [INFO] [1791169514.008854106] [joint_trajectory_controller]: Received new action goal
[ros2_control_node-2] [INFO] [1791169514.008876568] [joint_trajectory_controller]: Accepted new action goal
[ros2_control_node-2] [INFO] [1791169515.493182178] [joint_trajectory_controller]: Goal reached, success!
[ros2_control_node-2] [INFO] [1791169515.510247456] [joint_trajectory_controller]: Received new action goal
[ros2_control_node-2] [INFO] [1791169515.510267700] [joint_trajectory_controller]: Accepted new action goal
[ros2_control_node-2] [INFO] [1791169517.013189475] [joint_trajectory_controller]: Goal reached, success!
[ros2_control_node-2] [INFO] [1791169517.061038627] [joint_trajectory_controller]: Received new action goal
[ros2_control_node-2] [INFO] [1791169517.061061092] [joint_trajectory_controller]: Accepted new action goal
[ros2_control_node-2] [INFO] [1791169518.573177732] [joint_trajectory_controller]: Goal reached, success!
[ros2_control_node-2] [INFO] [1791169518.611978523] [joint_trajectory_controller]: Received new action goal
[ros2_control_node-2] [INFO] [1791169518.612000065] [joint_trajectory_controller]: Accepted new action goal
[ros2_control_node-2] [INFO] [1791169520.093176028] [joint_trajectory_controller]: Goal reached, success!
[ros2_control_node-2] [INFO] [1791169520.112754482] [joint_trajectory_controller]: Received new action goal
[ros2_control_node-2] [INFO] [1791169520.112777880] [joint_trajectory_controller]: Accepted new action goal
[ros2_control_node-2] [INFO] [1791169521.613245923] [joint_trajectory_controller]: Goal reached, success!
[ros2_control_node-2] [INFO] [1791169521.663504519] [joint_trajectory_controller]: Received new action goal
[ros2_control_node-2] [INFO] [1791169521.663525903] [joint_trajectory_controller]: Accepted new action goal
[ros2_control_node-2] [INFO] [1791169523.173195643] [joint_trajectory_controller]: Goal reached, success!
[ros2_control_node-2] [INFO] [1791169523.214519861] [joint_trajectory_controller]: Received new action goal
[ros2_control_node-2] [INFO] [1791169523.214543181] [joint_trajectory_controller]: Accepted new action goal
[ros2_control_node-2] [INFO] [1791169524.713175333] [joint_trajectory_controller]: Goal reached, success!
[ros2_control_node-2] [INFO] [1791169524.715357368] [joint_trajectory_controller]: Received new action goal
[ros2_control_node-2] [INFO] [1791169524.715379043] [joint_trajectory_controller]: Accepted new action goal
[ros2_control_node-2] [INFO] [1791169526.213190362] [joint_trajectory_controller]: Goal reached, success!
[ros2_control_node-2] [INFO] [1791169526.216383533] [joint_trajectory_controller]: Received new action goal
[ros2_control_node-2] [INFO] [1791169526.216406891] [joint_trajectory_controller]: Accepted new action goal
[ros2_control_node-2] [INFO] [1791169527.853187159] [joint_trajectory_controller]: Goal reached, success!
[ros2_control_node-2] [INFO] [1791169527.867138267] [joint_trajectory_controller]: Received new action goal
[ros2_control_node-2] [INFO] [1791169527.867163780] [joint_trajectory_controller]: Accepted new action goal
[ros2_control_node-2] [INFO] [1791169529.353196442] [joint_trajectory_controller]: Goal reached, success!
[ros2_control_node-2] [INFO] [1791169529.368159496] [joint_trajectory_controller]: Received new action goal
[ros2_control_node-2] [INFO] [1791169529.368180850] [joint_trajectory_controller]: Accepted new action goal
[ros2_control_node-2] [INFO] [1791169530.853191334] [joint_trajectory_controller]: Goal reached, success!
[ros2_control_node-2] [INFO] [1791169530.870061449] [joint_trajectory_controller]: Received new action goal
[ros2_control_node-2] [INFO] [1791169530.870080894] [joint_trajectory_controller]: Accepted new action goal
[ros2_control_node-2] [INFO] [1791169532.353228648] [joint_trajectory_controller]: Goal reached, success!
[ros2_control_node-2] [INFO] [1791169532.370987665] [joint_trajectory_controller]: Received new action goal
[ros2_control_node-2] [INFO] [1791169532.371008842] [joint_trajectory_controller]: Accepted new action goal
[ros2_control_node-2] [INFO] [1791169533.873175960] [joint_trajectory_controller]: Goal reached, success!
[ros2_control_node-2] [INFO] [1791169533.921953437] [joint_trajectory_controller]: Received new action goal
[ros2_control_node-2] [INFO] [1791169533.921975659] [joint_trajectory_controller]: Accepted new action goal
[ros2_control_node-2] [INFO] [1791169535.433172558] [joint_trajectory_controller]: Goal reached, success!
[ros2_control_node-2] [INFO] [1791169535.473065998] [joint_trajectory_controller]: Received new action goal
[ros2_control_node-2] [INFO] [1791169535.473092333] [joint_trajectory_controller]: Accepted new action goal
[ros2_control_node-2] [INFO] [1791169536.973243147] [joint_trajectory_controller]: Goal reached, success!
[ros2_control_node-2] [INFO] [1791169536.974076123] [joint_trajectory_controller]: Received new action goal
[ros2_control_node-2] [INFO] [1791169536.974095974] [joint_trajectory_controller]: Accepted new action goal
[ros2_control_node-2] [INFO] [1791169538.473208113] [joint_trajectory_controller]: Goal reached, success!
[ros2_control_node-2] [INFO] [1791169538.474912686] [joint_trajectory_controller]: Received new action goal
[ros2_control_node-2] [INFO] [1791169538.474939166] [joint_trajectory_controller]: Accepted new action goal
[ros2_control_node-2] [INFO] [1791169539.993181563] [joint_trajectory_controller]: Goal reached, success!
[ros2_control_node-2] [INFO] [1791169540.025724983] [joint_trajectory_controller]: Received new action goal
[ros2_control_node-2] [INFO] [1791169540.025751443] [joint_trajectory_controller]: Accepted new action goal
[ros2_control_node-2] [INFO] [1791169541.533222552] [joint_trajectory_controller]: Goal reached, success!
[ros2_control_node-2] [INFO] [1791169541.576641731] [joint_trajectory_controller]: Received new action goal
[ros2_control_node-2] [INFO] [1791169541.576666053] [joint_trajectory_controller]: Accepted new action goal
[ros2_control_node-2] [INFO] [1791169543.073208469] [joint_trajectory_controller]: Goal reached, success!
[ros2_control_node-2] [INFO] [1791169543.077546977] [joint_trajectory_controller]: Received new action goal
[ros2_control_node-2] [INFO] [1791169543.077567364] [joint_trajectory_controller]: Accepted new action goal
[ros2_control_node-2] [INFO] [1791169544.593182242] [joint_trajectory_controller]: Goal reached, success!
[ros2_control_node-2] [INFO] [1791169544.628453307] [joint_trajectory_controller]: Received new action goal
[ros2_control_node-2] [INFO] [1791169544.628475694] [joint_trajectory_controller]: Accepted new action goal
[ros2_control_node-2] [INFO] [1791169549.698933711] [joint_trajectory_controller]: Goal reached, success!
[ros2_control_node-2] [INFO] [1791169549.715489810] [joint_trajectory_controller]: Received new action goal
[ros2_control_node-2] [INFO] [1791169549.715510832] [joint_trajectory_controller]: Accepted new action goal
[ros2_control_node-2] [INFO] [1791169551.198956230] [joint_trajectory_controller]: Goal reached, success!
[ros2_control_node-2] [INFO] [1791169551.216528073] [joint_trajectory_controller]: Received new action goal
[ros2_control_node-2] [INFO] [1791169551.216553961] [joint_trajectory_controller]: Accepted new action goal
[ros2_control_node-2] [INFO] [1791169552.718951111] [joint_trajectory_controller]: Goal reached, success!
[ros2_control_node-2] [INFO] [1791169552.767328187] [joint_trajectory_controller]: Received new action goal
[ros2_control_node-2] [INFO] [1791169552.767350480] [joint_trajectory_controller]: Accepted new action goal
[ros2_control_node-2] [INFO] [1791169554.258935430] [joint_trajectory_controller]: Goal reached, success!
[ros2_control_node-2] [INFO] [1791169554.268085951] [joint_trajectory_controller]: Received new action goal
[ros2_control_node-2] [INFO] [1791169554.268108820] [joint_trajectory_controller]: Accepted new action goal
[ros2_control_node-2] [INFO] [1791169555.778929916] [joint_trajectory_controller]: Goal reached, success!
[ros2_control_node-2] [INFO] [1791169555.818975920] [joint_trajectory_controller]: Received new action goal
[ros2_control_node-2] [INFO] [1791169555.818995765] [joint_trajectory_controller]: Accepted new action goal
[ros2_control_node-2] [INFO] [1791169557.318933629] [joint_trajectory_controller]: Goal reached, success!
[ros2_control_node-2] [INFO] [1791169557.319861736] [joint_trajectory_controller]: Received new action goal
[ros2_control_node-2] [INFO] [1791169557.319880461] [joint_trajectory_controller]: Accepted new action goal
[ros2_control_node-2] [INFO] [1791169558.838939641] [joint_trajectory_controller]: Goal reached, success!
[ros2_control_node-2] [INFO] [1791169558.870972266] [joint_trajectory_controller]: Received new action goal
[ros2_control_node-2] [INFO] [1791169558.870996654] [joint_trajectory_controller]: Accepted new action goal
[ros2_control_node-2] [INFO] [1791169560.358985936] [joint_trajectory_controller]: Goal reached, success!
[ros2_control_node-2] [INFO] [1791169560.371793268] [joint_trajectory_controller]: Received new action goal
[ros2_control_node-2] [INFO] [1791169560.371814238] [joint_trajectory_controller]: Accepted new action goal
[ros2_control_node-2] [INFO] [1791169561.878931646] [joint_trajectory_controller]: Goal reached, success!
[ros2_control_node-2] [INFO] [1791169561.922511361] [joint_trajectory_controller]: Received new action goal
[ros2_control_node-2] [INFO] [1791169561.922534974] [joint_trajectory_controller]: Accepted new action goal
[ros2_control_node-2] [INFO] [1791169563.438925990] [joint_trajectory_controller]: Goal reached, success!
[ros2_control_node-2] [INFO] [1791169563.473384560] [joint_trajectory_controller]: Received new action goal
[ros2_control_node-2] [INFO] [1791169563.473410048] [joint_trajectory_controller]: Accepted new action goal
[ros2_control_node-2] [INFO] [1791169564.958931248] [joint_trajectory_controller]: Goal reached, success!
[ros2_control_node-2] [INFO] [1791169564.975330331] [joint_trajectory_controller]: Received new action goal
[ros2_control_node-2] [INFO] [1791169564.975350591] [joint_trajectory_controller]: Accepted new action goal
[ros2_control_node-2] [INFO] [1791169566.458934895] [joint_trajectory_controller]: Goal reached, success!
[ros2_control_node-2] [INFO] [1791169566.476123254] [joint_trajectory_controller]: Received new action goal
[ros2_control_node-2] [INFO] [1791169566.476145203] [joint_trajectory_controller]: Accepted new action goal
[ros2_control_node-2] [INFO] [1791169567.978933698] [joint_trajectory_controller]: Goal reached, success!
[ros2_control_node-2] [INFO] [1791169568.027078944] [joint_trajectory_controller]: Received new action goal
[ros2_control_node-2] [INFO] [1791169568.027100651] [joint_trajectory_controller]: Accepted new action goal
[ros2_control_node-2] [INFO] [1791169569.538927815] [joint_trajectory_controller]: Goal reached, success!
[ros2_control_node-2] [INFO] [1791169569.578174364] [joint_trajectory_controller]: Received new action goal
[ros2_control_node-2] [INFO] [1791169569.578197950] [joint_trajectory_controller]: Accepted new action goal
[ros2_control_node-2] [INFO] [1791169571.078947866] [joint_trajectory_controller]: Goal reached, success!
[ros2_control_node-2] [INFO] [1791169571.129145822] [joint_trajectory_controller]: Received new action goal
[ros2_control_node-2] [INFO] [1791169571.129178451] [joint_trajectory_controller]: Accepted new action goal
[ros2_control_node-2] [INFO] [1791169572.618964673] [joint_trajectory_controller]: Goal reached, success!
[ros2_control_node-2] [INFO] [1791169572.630287503] [joint_trajectory_controller]: Received new action goal
[ros2_control_node-2] [INFO] [1791169572.630323351] [joint_trajectory_controller]: Accepted new action goal
[ros2_control_node-2] [INFO] [1791169574.138937788] [joint_trajectory_controller]: Goal reached, success!
[ros2_control_node-2] [INFO] [1791169574.181180423] [joint_trajectory_controller]: Received new action goal
[ros2_control_node-2] [INFO] [1791169574.181204273] [joint_trajectory_controller]: Accepted new action goal
[ros2_control_node-2] [INFO] [1791169575.698929964] [joint_trajectory_controller]: Goal reached, success!
[ros2_control_node-2] [INFO] [1791169575.732120182] [joint_trajectory_controller]: Received new action goal
[ros2_control_node-2] [INFO] [1791169575.732142493] [joint_trajectory_controller]: Accepted new action goal
[ros2_control_node-2] [INFO] [1791169577.238943276] [joint_trajectory_controller]: Goal reached, success!
[ros2_control_node-2] [INFO] [1791169577.282982037] [joint_trajectory_controller]: Received new action goal
[ros2_control_node-2] [INFO] [1791169577.283004940] [joint_trajectory_controller]: Accepted new action goal
[ros2_control_node-2] [INFO] [1791169578.778949353] [joint_trajectory_controller]: Goal reached, success!
[ros2_control_node-2] [INFO] [1791169578.783937214] [joint_trajectory_controller]: Received new action goal
[ros2_control_node-2] [INFO] [1791169578.783967463] [joint_trajectory_controller]: Accepted new action goal
[ros2_control_node-2] [INFO] [1791169580.278954479] [joint_trajectory_controller]: Goal reached, success!
[ros2_control_node-2] [INFO] [1791169580.285620270] [joint_trajectory_controller]: Received new action goal
[ros2_control_node-2] [INFO] [1791169580.285644091] [joint_trajectory_controller]: Accepted new action goal
[ros2_control_node-2] [INFO] [1791169585.381472335] [joint_trajectory_controller]: Goal reached, success!
[ros2_control_node-2] [INFO] [1791169585.419138241] [joint_trajectory_controller]: Received new action goal
[ros2_control_node-2] [INFO] [1791169585.419161204] [joint_trajectory_controller]: Accepted new action goal
[ros2_control_node-2] [INFO] [1791169587.061473573] [joint_trajectory_controller]: Goal reached, success!
[ros2_control_node-2] [INFO] [1791169587.070013400] [joint_trajectory_controller]: Received new action goal
[ros2_control_node-2] [INFO] [1791169587.070032423] [joint_trajectory_controller]: Accepted new action goal
[ros2_control_node-2] [INFO] [1791169588.561466774] [joint_trajectory_controller]: Goal reached, success!
[ros2_control_node-2] [INFO] [1791169588.570925064] [joint_trajectory_controller]: Received new action goal
[ros2_control_node-2] [INFO] [1791169588.570951167] [joint_trajectory_controller]: Accepted new action goal
[ros2_control_node-2] [INFO] [1791169590.061507823] [joint_trajectory_controller]: Goal reached, success!
[ros2_control_node-2] [INFO] [1791169590.071959530] [joint_trajectory_controller]: Received new action goal
[ros2_control_node-2] [INFO] [1791169590.071993828] [joint_trajectory_controller]: Accepted new action goal
[ros2_control_node-2] [INFO] [1791169591.581469277] [joint_trajectory_controller]: Goal reached, success!
[ros2_control_node-2] [INFO] [1791169591.623062664] [joint_trajectory_controller]: Received new action goal
[ros2_control_node-2] [INFO] [1791169591.623097333] [joint_trajectory_controller]: Accepted new action goal
[ros2_control_node-2] [INFO] [1791169593.201488144] [joint_trajectory_controller]: Goal reached, success!
[ros2_control_node-2] [INFO] [1791169593.224032231] [joint_trajectory_controller]: Received new action goal
[ros2_control_node-2] [INFO] [1791169593.224053228] [joint_trajectory_controller]: Accepted new action goal
[ros2_control_node-2] [INFO] [1791169594.741464923] [joint_trajectory_controller]: Goal reached, success!
[ros2_control_node-2] [INFO] [1791169594.775042677] [joint_trajectory_controller]: Received new action goal
[ros2_control_node-2] [INFO] [1791169594.775070884] [joint_trajectory_controller]: Accepted new action goal
[ros2_control_node-2] [INFO] [1791169596.281461884] [joint_trajectory_controller]: Goal reached, success!
[ros2_control_node-2] [INFO] [1791169596.325959729] [joint_trajectory_controller]: Received new action goal
[ros2_control_node-2] [INFO] [1791169596.325983176] [joint_trajectory_controller]: Accepted new action goal
[ros2_control_node-2] [INFO] [1791169597.841471749] [joint_trajectory_controller]: Goal reached, success!
[ros2_control_node-2] [INFO] [1791169597.876876442] [joint_trajectory_controller]: Received new action goal
[ros2_control_node-2] [INFO] [1791169597.876900772] [joint_trajectory_controller]: Accepted new action goal
[ros2_control_node-2] [INFO] [1791169599.361461397] [joint_trajectory_controller]: Goal reached, success!
[ros2_control_node-2] [INFO] [1791169599.378780188] [joint_trajectory_controller]: Received new action goal
[ros2_control_node-2] [INFO] [1791169599.378801719] [joint_trajectory_controller]: Accepted new action goal
[ros2_control_node-2] [INFO] [1791169600.861469755] [joint_trajectory_controller]: Goal reached, success!
[ros2_control_node-2] [INFO] [1791169600.879623883] [joint_trajectory_controller]: Received new action goal
[ros2_control_node-2] [INFO] [1791169600.879646979] [joint_trajectory_controller]: Accepted new action goal
[ros2_control_node-2] [INFO] [1791169602.381477275] [joint_trajectory_controller]: Goal reached, success!
[ros2_control_node-2] [INFO] [1791169602.430463622] [joint_trajectory_controller]: Received new action goal
[ros2_control_node-2] [INFO] [1791169602.430489296] [joint_trajectory_controller]: Accepted new action goal
[ros2_control_node-2] [INFO] [1791169603.921498166] [joint_trajectory_controller]: Goal reached, success!
[ros2_control_node-2] [INFO] [1791169603.931536072] [joint_trajectory_controller]: Received new action goal
[ros2_control_node-2] [INFO] [1791169603.931573835] [joint_trajectory_controller]: Accepted new action goal
[ros2_control_node-2] [INFO] [1791169605.441469005] [joint_trajectory_controller]: Goal reached, success!
[ros2_control_node-2] [INFO] [1791169605.482591747] [joint_trajectory_controller]: Received new action goal
[ros2_control_node-2] [INFO] [1791169605.482621544] [joint_trajectory_controller]: Accepted new action goal
[ros2_control_node-2] [INFO] [1791169607.001461081] [joint_trajectory_controller]: Goal reached, success!
[ros2_control_node-2] [INFO] [1791169607.033664803] [joint_trajectory_controller]: Received new action goal
[ros2_control_node-2] [INFO] [1791169607.033688723] [joint_trajectory_controller]: Accepted new action goal
[ros2_control_node-2] [INFO] [1791169608.661465303] [joint_trajectory_controller]: Goal reached, success!
[ros2_control_node-2] [INFO] [1791169608.684718408] [joint_trajectory_controller]: Received new action goal
[ros2_control_node-2] [INFO] [1791169608.684739794] [joint_trajectory_controller]: Accepted new action goal
[ros2_control_node-2] [INFO] [1791169610.221461762] [joint_trajectory_controller]: Goal reached, success!
[ros2_control_node-2] [INFO] [1791169610.235675465] [joint_trajectory_controller]: Received new action goal
[ros2_control_node-2] [INFO] [1791169610.235696344] [joint_trajectory_controller]: Accepted new action goal
[ros2_control_node-2] [INFO] [1791169611.741466988] [joint_trajectory_controller]: Goal reached, success!
[ros2_control_node-2] [INFO] [1791169611.786637096] [joint_trajectory_controller]: Received new action goal
[ros2_control_node-2] [INFO] [1791169611.786663193] [joint_trajectory_controller]: Accepted new action goal
[ros2_control_node-2] [INFO] [1791169613.281464655] [joint_trajectory_controller]: Goal reached, success!
[ros2_control_node-2] [INFO] [1791169613.287599310] [joint_trajectory_controller]: Received new action goal
[ros2_control_node-2] [INFO] [1791169613.287618750] [joint_trajectory_controller]: Accepted new action goal
[ros2_control_node-2] [INFO] [1791169614.841477941] [joint_trajectory_controller]: Goal reached, success!
[ros2_control_node-2] [INFO] [1791169614.889520605] [joint_trajectory_controller]: Received new action goal
[ros2_control_node-2] [INFO] [1791169614.889544727] [joint_trajectory_controller]: Accepted new action goal
[ros2_control_node-2] [INFO] [1791169616.381491217] [joint_trajectory_controller]: Goal reached, success!
[ros2_control_node-2] [INFO] [1791169616.390310769] [joint_trajectory_controller]: Received new action goal
[ros2_control_node-2] [INFO] [1791169616.390329700] [joint_trajectory_controller]: Accepted new action goal
[ros2_control_node-2] [INFO] [1791169621.483809287] [joint_trajectory_controller]: Goal reached, success!
[ros2_control_node-2] [INFO] [1791169621.523638671] [joint_trajectory_controller]: Received new action goal
[ros2_control_node-2] [INFO] [1791169621.523673942] [joint_trajectory_controller]: Accepted new action goal
[ros2_control_node-2] [INFO] [1791169623.023843926] [joint_trajectory_controller]: Goal reached, success!
[ros2_control_node-2] [INFO] [1791169623.074618539] [joint_trajectory_controller]: Received new action goal
[ros2_control_node-2] [INFO] [1791169623.074642226] [joint_trajectory_controller]: Accepted new action goal
[ros2_control_node-2] [INFO] [1791169624.583807477] [joint_trajectory_controller]: Goal reached, success!
[ros2_control_node-2] [INFO] [1791169624.625616118] [joint_trajectory_controller]: Received new action goal
[ros2_control_node-2] [INFO] [1791169624.625637639] [joint_trajectory_controller]: Accepted new action goal
[ros2_control_node-2] [INFO] [1791169626.143828112] [joint_trajectory_controller]: Goal reached, success!
[ros2_control_node-2] [INFO] [1791169626.176407874] [joint_trajectory_controller]: Received new action goal
[ros2_control_node-2] [INFO] [1791169626.176437444] [joint_trajectory_controller]: Accepted new action goal
[ros2_control_node-2] [INFO] [1791169627.663819940] [joint_trajectory_controller]: Goal reached, success!
[ros2_control_node-2] [INFO] [1791169627.677375037] [joint_trajectory_controller]: Received new action goal
[ros2_control_node-2] [INFO] [1791169627.677396998] [joint_trajectory_controller]: Accepted new action goal
[ros2_control_node-2] [INFO] [1791169629.183814788] [joint_trajectory_controller]: Goal reached, success!
[ros2_control_node-2] [INFO] [1791169629.228145837] [joint_trajectory_controller]: Received new action goal
[ros2_control_node-2] [INFO] [1791169629.228168511] [joint_trajectory_controller]: Accepted new action goal
[ros2_control_node-2] [INFO] [1791169630.743815158] [joint_trajectory_controller]: Goal reached, success!
[ros2_control_node-2] [INFO] [1791169630.779177728] [joint_trajectory_controller]: Received new action goal
[ros2_control_node-2] [INFO] [1791169630.779202998] [joint_trajectory_controller]: Accepted new action goal
[ros2_control_node-2] [INFO] [1791169632.283804446] [joint_trajectory_controller]: Goal reached, success!
[ros2_control_node-2] [INFO] [1791169632.330131230] [joint_trajectory_controller]: Received new action goal
[ros2_control_node-2] [INFO] [1791169632.330158520] [joint_trajectory_controller]: Accepted new action goal
[ros2_control_node-2] [INFO] [1791169633.843812957] [joint_trajectory_controller]: Goal reached, success!
[ros2_control_node-2] [INFO] [1791169633.882242793] [joint_trajectory_controller]: Received new action goal
[ros2_control_node-2] [INFO] [1791169633.882266815] [joint_trajectory_controller]: Accepted new action goal
[ros2_control_node-2] [INFO] [1791169635.363810374] [joint_trajectory_controller]: Goal reached, success!
[ros2_control_node-2] [INFO] [1791169635.383201532] [joint_trajectory_controller]: Received new action goal
[ros2_control_node-2] [INFO] [1791169635.383222990] [joint_trajectory_controller]: Accepted new action goal
[ros2_control_node-2] [INFO] [1791169636.883833618] [joint_trajectory_controller]: Goal reached, success!
[ros2_control_node-2] [INFO] [1791169636.934111212] [joint_trajectory_controller]: Received new action goal
[ros2_control_node-2] [INFO] [1791169636.934131740] [joint_trajectory_controller]: Accepted new action goal
[ros2_control_node-2] [INFO] [1791169638.443819245] [joint_trajectory_controller]: Goal reached, success!
[ros2_control_node-2] [INFO] [1791169638.485102161] [joint_trajectory_controller]: Received new action goal
[ros2_control_node-2] [INFO] [1791169638.485123104] [joint_trajectory_controller]: Accepted new action goal
[ros2_control_node-2] [INFO] [1791169640.003802290] [joint_trajectory_controller]: Goal reached, success!
[ros2_control_node-2] [INFO] [1791169640.036058825] [joint_trajectory_controller]: Received new action goal
[ros2_control_node-2] [INFO] [1791169640.036080057] [joint_trajectory_controller]: Accepted new action goal
[ros2_control_node-2] [INFO] [1791169641.523812504] [joint_trajectory_controller]: Goal reached, success!
[ros2_control_node-2] [INFO] [1791169641.537155840] [joint_trajectory_controller]: Received new action goal
[ros2_control_node-2] [INFO] [1791169641.537176387] [joint_trajectory_controller]: Accepted new action goal
[ros2_control_node-2] [INFO] [1791169643.023839667] [joint_trajectory_controller]: Goal reached, success!
[ros2_control_node-2] [INFO] [1791169643.038232101] [joint_trajectory_controller]: Received new action goal
[ros2_control_node-2] [INFO] [1791169643.038262754] [joint_trajectory_controller]: Accepted new action goal
[ros2_control_node-2] [INFO] [1791169644.523840289] [joint_trajectory_controller]: Goal reached, success!
[ros2_control_node-2] [INFO] [1791169644.539121618] [joint_trajectory_controller]: Received new action goal
[ros2_control_node-2] [INFO] [1791169644.539146919] [joint_trajectory_controller]: Accepted new action goal
[ros2_control_node-2] [INFO] [1791169646.043807540] [joint_trajectory_controller]: Goal reached, success!
[ros2_control_node-2] [INFO] [1791169646.089942275] [joint_trajectory_controller]: Received new action goal
[ros2_control_node-2] [INFO] [1791169646.089967589] [joint_trajectory_controller]: Accepted new action goal
[ros2_control_node-2] [INFO] [1791169647.703807454] [joint_trajectory_controller]: Goal reached, success!
[ros2_control_node-2] [INFO] [1791169647.740848474] [joint_trajectory_controller]: Received new action goal
[ros2_control_node-2] [INFO] [1791169647.740868870] [joint_trajectory_controller]: Accepted new action goal
[ros2_control_node-2] [INFO] [1791169649.323824120] [joint_trajectory_controller]: Goal reached, success!
[ros2_control_node-2] [INFO] [1791169649.342679637] [joint_trajectory_controller]: Received new action goal
[ros2_control_node-2] [INFO] [1791169649.342700560] [joint_trajectory_controller]: Accepted new action goal
[ros2_control_node-2] [INFO] [1791169650.843824652] [joint_trajectory_controller]: Goal reached, success!
[ros2_control_node-2] [INFO] [1791169650.893920782] [joint_trajectory_controller]: Received new action goal
[ros2_control_node-2] [INFO] [1791169650.893950657] [joint_trajectory_controller]: Accepted new action goal
[ros2_control_node-2] [INFO] [1791169652.383807737] [joint_trajectory_controller]: Goal reached, success!
[ros2_control_node-2] [INFO] [1791169652.394800307] [joint_trajectory_controller]: Received new action goal
[ros2_control_node-2] [INFO] [1791169652.394822107] [joint_trajectory_controller]: Accepted new action goal
[ros2_control_node-2] [INFO] [1791169657.487211753] [joint_trajectory_controller]: Goal reached, success!
[ros2_control_node-2] [INFO] [1791169657.529043505] [joint_trajectory_controller]: Received new action goal
[ros2_control_node-2] [INFO] [1791169657.529068266] [joint_trajectory_controller]: Accepted new action goal
[ros2_control_node-2] [INFO] [1791169659.267205534] [joint_trajectory_controller]: Goal reached, success!
[ros2_control_node-2] [INFO] [1791169659.279891175] [joint_trajectory_controller]: Received new action goal
[ros2_control_node-2] [INFO] [1791169659.279912705] [joint_trajectory_controller]: Accepted new action goal
[ros2_control_node-2] [INFO] [1791169660.787203903] [joint_trajectory_controller]: Goal reached, success!
[ros2_control_node-2] [INFO] [1791169660.830779163] [joint_trajectory_controller]: Received new action goal
[ros2_control_node-2] [INFO] [1791169660.830806342] [joint_trajectory_controller]: Accepted new action goal
[ros2_control_node-2] [INFO] [1791169662.367193628] [joint_trajectory_controller]: Goal reached, success!
[ros2_control_node-2] [INFO] [1791169662.381659053] [joint_trajectory_controller]: Received new action goal
[ros2_control_node-2] [INFO] [1791169662.381694541] [joint_trajectory_controller]: Accepted new action goal
[ros2_control_node-2] [INFO] [1791169663.987201062] [joint_trajectory_controller]: Goal reached, success!
[ros2_control_node-2] [INFO] [1791169664.032636720] [joint_trajectory_controller]: Received new action goal
[ros2_control_node-2] [INFO] [1791169664.032662064] [joint_trajectory_controller]: Accepted new action goal
[ros2_control_node-2] [INFO] [1791169665.547206845] [joint_trajectory_controller]: Goal reached, success!
[ros2_control_node-2] [INFO] [1791169665.583642677] [joint_trajectory_controller]: Received new action goal
[ros2_control_node-2] [INFO] [1791169665.583669291] [joint_trajectory_controller]: Accepted new action goal
[ros2_control_node-2] [INFO] [1791169667.067191327] [joint_trajectory_controller]: Goal reached, success!
[ros2_control_node-2] [INFO] [1791169667.084541667] [joint_trajectory_controller]: Received new action goal
[ros2_control_node-2] [INFO] [1791169667.084565024] [joint_trajectory_controller]: Accepted new action goal
[ros2_control_node-2] [INFO] [1791169668.567198078] [joint_trajectory_controller]: Goal reached, success!
[ros2_control_node-2] [INFO] [1791169668.585919164] [joint_trajectory_controller]: Received new action goal
[ros2_control_node-2] [INFO] [1791169668.585941610] [joint_trajectory_controller]: Accepted new action goal
[ros2_control_node-2] [INFO] [1791169670.127201881] [joint_trajectory_controller]: Goal reached, success!
[ros2_control_node-2] [INFO] [1791169670.136782883] [joint_trajectory_controller]: Received new action goal
[ros2_control_node-2] [INFO] [1791169670.136802032] [joint_trajectory_controller]: Accepted new action goal
[ros2_control_node-2] [INFO] [1791169671.627202770] [joint_trajectory_controller]: Goal reached, success!
[ros2_control_node-2] [INFO] [1791169671.637613351] [joint_trajectory_controller]: Received new action goal
[ros2_control_node-2] [INFO] [1791169671.637638793] [joint_trajectory_controller]: Accepted new action goal
[ros2_control_node-2] [INFO] [1791169673.267201369] [joint_trajectory_controller]: Goal reached, success!
[ros2_control_node-2] [INFO] [1791169673.288478389] [joint_trajectory_controller]: Received new action goal
[ros2_control_node-2] [INFO] [1791169673.288500002] [joint_trajectory_controller]: Accepted new action goal
[ros2_control_node-2] [INFO] [1791169674.807204800] [joint_trajectory_controller]: Goal reached, success!
[ros2_control_node-2] [INFO] [1791169674.839474573] [joint_trajectory_controller]: Received new action goal
[ros2_control_node-2] [INFO] [1791169674.839513540] [joint_trajectory_controller]: Accepted new action goal
[ros2_control_node-2] [INFO] [1791169676.347204746] [joint_trajectory_controller]: Goal reached, success!
[ros2_control_node-2] [INFO] [1791169676.390530597] [joint_trajectory_controller]: Received new action goal
[ros2_control_node-2] [INFO] [1791169676.390551197] [joint_trajectory_controller]: Accepted new action goal
[ros2_control_node-2] [INFO] [1791169677.887200291] [joint_trajectory_controller]: Goal reached, success!
[ros2_control_node-2] [INFO] [1791169677.891398024] [joint_trajectory_controller]: Received new action goal
[ros2_control_node-2] [INFO] [1791169677.891417268] [joint_trajectory_controller]: Accepted new action goal
[ros2_control_node-2] [INFO] [1791169679.407200330] [joint_trajectory_controller]: Goal reached, success!
[ros2_control_node-2] [INFO] [1791169679.442275395] [joint_trajectory_controller]: Received new action goal
[ros2_control_node-2] [INFO] [1791169679.442299310] [joint_trajectory_controller]: Accepted new action goal
[ros2_control_node-2] [INFO] [1791169680.947196511] [joint_trajectory_controller]: Goal reached, success!
[ros2_control_node-2] [INFO] [1791169680.993125214] [joint_trajectory_controller]: Received new action goal
[ros2_control_node-2] [INFO] [1791169680.993150279] [joint_trajectory_controller]: Accepted new action goal
[ros2_control_node-2] [INFO] [1791169682.507232861] [joint_trajectory_controller]: Goal reached, success!
[ros2_control_node-2] [INFO] [1791169682.544138151] [joint_trajectory_controller]: Received new action goal
[ros2_control_node-2] [INFO] [1791169682.544159470] [joint_trajectory_controller]: Accepted new action goal
[ros2_control_node-2] [INFO] [1791169684.027273241] [joint_trajectory_controller]: Goal reached, success!
[ros2_control_node-2] [INFO] [1791169684.045917689] [joint_trajectory_controller]: Received new action goal
[ros2_control_node-2] [INFO] [1791169684.045939492] [joint_trajectory_controller]: Accepted new action goal
[ros2_control_node-2] [INFO] [1791169685.547209299] [joint_trajectory_controller]: Goal reached, success!
[ros2_control_node-2] [INFO] [1791169685.596798869] [joint_trajectory_controller]: Received new action goal
[ros2_control_node-2] [INFO] [1791169685.596837361] [joint_trajectory_controller]: Accepted new action goal
[ros2_control_node-2] [INFO] [1791169687.427189529] [joint_trajectory_controller]: Goal reached, success!
[ros2_control_node-2] [INFO] [1791169687.447778055] [joint_trajectory_controller]: Received new action goal
[ros2_control_node-2] [INFO] [1791169687.447800846] [joint_trajectory_controller]: Accepted new action goal
[ros2_control_node-2] [INFO] [1791169688.947203600] [joint_trajectory_controller]: Goal reached, success!
[ros2_control_node-2] [INFO] [1791169688.948736655] [joint_trajectory_controller]: Received new action goal
[ros2_control_node-2] [INFO] [1791169688.948770485] [joint_trajectory_controller]: Accepted new action goal
[ros2_control_node-2] [INFO] [1791169694.033067581] [joint_trajectory_controller]: Goal reached, success!
[ros2_control_node-2] [INFO] [1791169694.035426804] [joint_trajectory_controller]: Received new action goal
[ros2_control_node-2] [INFO] [1791169694.035447266] [joint_trajectory_controller]: Accepted new action goal
[ros2_control_node-2] [INFO] [1791169695.553064248] [joint_trajectory_controller]: Goal reached, success!
[ros2_control_node-2] [INFO] [1791169695.586188607] [joint_trajectory_controller]: Received new action goal
[ros2_control_node-2] [INFO] [1791169695.586213080] [joint_trajectory_controller]: Accepted new action goal
[ros2_control_node-2] [INFO] [1791169697.093057479] [joint_trajectory_controller]: Goal reached, success!
[ros2_control_node-2] [INFO] [1791169697.136999463] [joint_trajectory_controller]: Received new action goal
[ros2_control_node-2] [INFO] [1791169697.137021682] [joint_trajectory_controller]: Accepted new action goal
[ros2_control_node-2] [INFO] [1791169698.653065818] [joint_trajectory_controller]: Goal reached, success!
[ros2_control_node-2] [INFO] [1791169698.687820565] [joint_trajectory_controller]: Received new action goal
[ros2_control_node-2] [INFO] [1791169698.687844727] [joint_trajectory_controller]: Accepted new action goal
[ros2_control_node-2] [INFO] [1791169700.193057461] [joint_trajectory_controller]: Goal reached, success!
[ros2_control_node-2] [INFO] [1791169700.238816844] [joint_trajectory_controller]: Received new action goal
[ros2_control_node-2] [INFO] [1791169700.238844274] [joint_trajectory_controller]: Accepted new action goal
[ros2_control_node-2] [INFO] [1791169701.733097793] [joint_trajectory_controller]: Goal reached, success!
[ros2_control_node-2] [INFO] [1791169701.739714678] [joint_trajectory_controller]: Received new action goal
[ros2_control_node-2] [INFO] [1791169701.739749895] [joint_trajectory_controller]: Accepted new action goal
[ros2_control_node-2] [INFO] [1791169703.253085776] [joint_trajectory_controller]: Goal reached, success!
[ros2_control_node-2] [INFO] [1791169703.291629195] [joint_trajectory_controller]: Received new action goal
[ros2_control_node-2] [INFO] [1791169703.291652902] [joint_trajectory_controller]: Accepted new action goal
[ros2_control_node-2] [INFO] [1791169704.793076631] [joint_trajectory_controller]: Goal reached, success!
[ros2_control_node-2] [INFO] [1791169704.842674041] [joint_trajectory_controller]: Received new action goal
[ros2_control_node-2] [INFO] [1791169704.842696027] [joint_trajectory_controller]: Accepted new action goal
[ros2_control_node-2] [INFO] [1791169706.353075920] [joint_trajectory_controller]: Goal reached, success!
[ros2_control_node-2] [INFO] [1791169706.393662903] [joint_trajectory_controller]: Received new action goal
[ros2_control_node-2] [INFO] [1791169706.393685686] [joint_trajectory_controller]: Accepted new action goal
[ros2_control_node-2] [INFO] [1791169707.913062403] [joint_trajectory_controller]: Goal reached, success!
[ros2_control_node-2] [INFO] [1791169707.944418190] [joint_trajectory_controller]: Received new action goal
[ros2_control_node-2] [INFO] [1791169707.944441343] [joint_trajectory_controller]: Accepted new action goal
[ros2_control_node-2] [INFO] [1791169709.433073560] [joint_trajectory_controller]: Goal reached, success!
[ros2_control_node-2] [INFO] [1791169709.445313918] [joint_trajectory_controller]: Received new action goal
[ros2_control_node-2] [INFO] [1791169709.445335647] [joint_trajectory_controller]: Accepted new action goal
[ros2_control_node-2] [INFO] [1791169710.953109833] [joint_trajectory_controller]: Goal reached, success!
[ros2_control_node-2] [INFO] [1791169710.996094172] [joint_trajectory_controller]: Received new action goal
[ros2_control_node-2] [INFO] [1791169710.996116921] [joint_trajectory_controller]: Accepted new action goal
[ros2_control_node-2] [INFO] [1791169712.513062527] [joint_trajectory_controller]: Goal reached, success!
[ros2_control_node-2] [INFO] [1791169712.546962181] [joint_trajectory_controller]: Received new action goal
[ros2_control_node-2] [INFO] [1791169712.546982477] [joint_trajectory_controller]: Accepted new action goal
[ros2_control_node-2] [INFO] [1791169714.053078635] [joint_trajectory_controller]: Goal reached, success!
[ros2_control_node-2] [INFO] [1791169714.097929365] [joint_trajectory_controller]: Received new action goal
[ros2_control_node-2] [INFO] [1791169714.097955990] [joint_trajectory_controller]: Accepted new action goal
[ros2_control_node-2] [INFO] [1791169715.613055699] [joint_trajectory_controller]: Goal reached, success!
[ros2_control_node-2] [INFO] [1791169715.648920105] [joint_trajectory_controller]: Received new action goal
[ros2_control_node-2] [INFO] [1791169715.648941891] [joint_trajectory_controller]: Accepted new action goal
[ros2_control_node-2] [INFO] [1791169717.133076351] [joint_trajectory_controller]: Goal reached, success!
[ros2_control_node-2] [INFO] [1791169717.149941343] [joint_trajectory_controller]: Received new action goal
[ros2_control_node-2] [INFO] [1791169717.149962384] [joint_trajectory_controller]: Accepted new action goal
[ros2_control_node-2] [INFO] [1791169718.633086292] [joint_trajectory_controller]: Goal reached, success!
[ros2_control_node-2] [INFO] [1791169718.651704613] [joint_trajectory_controller]: Received new action goal
[ros2_control_node-2] [INFO] [1791169718.651724910] [joint_trajectory_controller]: Accepted new action goal
[ros2_control_node-2] [INFO] [1791169720.533091653] [joint_trajectory_controller]: Goal reached, success!
[ros2_control_node-2] [INFO] [1791169720.552535949] [joint_trajectory_controller]: Received new action goal
[ros2_control_node-2] [INFO] [1791169720.552557363] [joint_trajectory_controller]: Accepted new action goal
[ros2_control_node-2] [INFO] [1791169722.173058860] [joint_trajectory_controller]: Goal reached, success!
[ros2_control_node-2] [INFO] [1791169722.203385867] [joint_trajectory_controller]: Received new action goal
[ros2_control_node-2] [INFO] [1791169722.203407765] [joint_trajectory_controller]: Accepted new action goal
[ros2_control_node-2] [INFO] [1791169723.713058789] [joint_trajectory_controller]: Goal reached, success!
[ros2_control_node-2] [INFO] [1791169723.754073661] [joint_trajectory_controller]: Received new action goal
[ros2_control_node-2] [INFO] [1791169723.754094507] [joint_trajectory_controller]: Accepted new action goal
[ros2_control_node-2] [INFO] [1791169729.016122039] [joint_trajectory_controller]: Goal reached, success!
[ros2_control_node-2] [INFO] [1791169729.038158586] [joint_trajectory_controller]: Received new action goal
[ros2_control_node-2] [INFO] [1791169729.038193011] [joint_trajectory_controller]: Accepted new action goal
[ros2_control_node-2] [INFO] [1791169730.536115253] [joint_trajectory_controller]: Goal reached, success!
[ros2_control_node-2] [INFO] [1791169730.538949880] [joint_trajectory_controller]: Received new action goal
[ros2_control_node-2] [INFO] [1791169730.538972216] [joint_trajectory_controller]: Accepted new action goal
[ros2_control_node-2] [INFO] [1791169732.056153742] [joint_trajectory_controller]: Goal reached, success!
[ros2_control_node-2] [INFO] [1791169732.089795445] [joint_trajectory_controller]: Received new action goal
[ros2_control_node-2] [INFO] [1791169732.089818561] [joint_trajectory_controller]: Accepted new action goal
[ros2_control_node-2] [INFO] [1791169733.576113145] [joint_trajectory_controller]: Goal reached, success!
[ros2_control_node-2] [INFO] [1791169733.590813719] [joint_trajectory_controller]: Received new action goal
[ros2_control_node-2] [INFO] [1791169733.590833183] [joint_trajectory_controller]: Accepted new action goal
[ros2_control_node-2] [INFO] [1791169735.076164323] [joint_trajectory_controller]: Goal reached, success!
[ros2_control_node-2] [INFO] [1791169735.091798847] [joint_trajectory_controller]: Received new action goal
[ros2_control_node-2] [INFO] [1791169735.091834289] [joint_trajectory_controller]: Accepted new action goal
[ros2_control_node-2] [INFO] [1791169736.656129922] [joint_trajectory_controller]: Goal reached, success!
[ros2_control_node-2] [INFO] [1791169736.692712068] [joint_trajectory_controller]: Received new action goal
[ros2_control_node-2] [INFO] [1791169736.692748791] [joint_trajectory_controller]: Accepted new action goal
[ros2_control_node-2] [INFO] [1791169738.176126912] [joint_trajectory_controller]: Goal reached, success!
[ros2_control_node-2] [INFO] [1791169738.194001741] [joint_trajectory_controller]: Received new action goal
[ros2_control_node-2] [INFO] [1791169738.194044716] [joint_trajectory_controller]: Accepted new action goal
[ros2_control_node-2] [INFO] [1791169739.676133621] [joint_trajectory_controller]: Goal reached, success!
[ros2_control_node-2] [INFO] [1791169739.695055102] [joint_trajectory_controller]: Received new action goal
[ros2_control_node-2] [INFO] [1791169739.695084725] [joint_trajectory_controller]: Accepted new action goal
[ros2_control_node-2] [INFO] [1791169741.196123538] [joint_trajectory_controller]: Goal reached, success!
[ros2_control_node-2] [INFO] [1791169741.245900234] [joint_trajectory_controller]: Received new action goal
[ros2_control_node-2] [INFO] [1791169741.245939753] [joint_trajectory_controller]: Accepted new action goal
[ros2_control_node-2] [INFO] [1791169742.756120993] [joint_trajectory_controller]: Goal reached, success!
[ros2_control_node-2] [INFO] [1791169742.796937030] [joint_trajectory_controller]: Received new action goal
[ros2_control_node-2] [INFO] [1791169742.796963616] [joint_trajectory_controller]: Accepted new action goal
[ros2_control_node-2] [INFO] [1791169744.296120084] [joint_trajectory_controller]: Goal reached, success!
[ros2_control_node-2] [INFO] [1791169744.297968951] [joint_trajectory_controller]: Received new action goal
[ros2_control_node-2] [INFO] [1791169744.297989186] [joint_trajectory_controller]: Accepted new action goal
[ros2_control_node-2] [INFO] [1791169745.816143975] [joint_trajectory_controller]: Goal reached, success!
[ros2_control_node-2] [INFO] [1791169745.848989666] [joint_trajectory_controller]: Received new action goal
[ros2_control_node-2] [INFO] [1791169745.849025055] [joint_trajectory_controller]: Accepted new action goal
[ros2_control_node-2] [INFO] [1791169747.356133622] [joint_trajectory_controller]: Goal reached, success!
[ros2_control_node-2] [INFO] [1791169747.399927602] [joint_trajectory_controller]: Received new action goal
[ros2_control_node-2] [INFO] [1791169747.399948548] [joint_trajectory_controller]: Accepted new action goal
[ros2_control_node-2] [INFO] [1791169748.916079698] [joint_trajectory_controller]: Goal reached, success!
[ros2_control_node-2] [INFO] [1791169748.950681869] [joint_trajectory_controller]: Received new action goal
[ros2_control_node-2] [INFO] [1791169748.950702846] [joint_trajectory_controller]: Accepted new action goal
[ros2_control_node-2] [INFO] [1791169750.456141780] [joint_trajectory_controller]: Goal reached, success!
[ros2_control_node-2] [INFO] [1791169750.501475990] [joint_trajectory_controller]: Received new action goal
[ros2_control_node-2] [INFO] [1791169750.501501209] [joint_trajectory_controller]: Accepted new action goal
[ros2_control_node-2] [INFO] [1791169752.016108599] [joint_trajectory_controller]: Goal reached, success!
[ros2_control_node-2] [INFO] [1791169752.052507577] [joint_trajectory_controller]: Received new action goal
[ros2_control_node-2] [INFO] [1791169752.052529287] [joint_trajectory_controller]: Accepted new action goal
[ros2_control_node-2] [INFO] [1791169753.536108878] [joint_trajectory_controller]: Goal reached, success!
[ros2_control_node-2] [INFO] [1791169753.554154538] [joint_trajectory_controller]: Received new action goal
[ros2_control_node-2] [INFO] [1791169753.554176489] [joint_trajectory_controller]: Accepted new action goal
[ros2_control_node-2] [INFO] [1791169755.056118438] [joint_trajectory_controller]: Goal reached, success!
[ros2_control_node-2] [INFO] [1791169755.105154643] [joint_trajectory_controller]: Received new action goal
[ros2_control_node-2] [INFO] [1791169755.105179547] [joint_trajectory_controller]: Accepted new action goal
[ros2_control_node-2] [INFO] [1791169756.616122213] [joint_trajectory_controller]: Goal reached, success!
[ros2_control_node-2] [INFO] [1791169756.656066011] [joint_trajectory_controller]: Received new action goal
[ros2_control_node-2] [INFO] [1791169756.656102813] [joint_trajectory_controller]: Accepted new action goal
[ros2_control_node-2] [INFO] [1791169758.176118020] [joint_trajectory_controller]: Goal reached, success!
[ros2_control_node-2] [INFO] [1791169758.207042525] [joint_trajectory_controller]: Received new action goal
[ros2_control_node-2] [INFO] [1791169758.207063717] [joint_trajectory_controller]: Accepted new action goal
[ros2_control_node-2] [INFO] [1791169759.696149854] [joint_trajectory_controller]: Goal reached, success!
[ros2_control_node-2] [INFO] [1791169759.707967093] [joint_trajectory_controller]: Received new action goal
[ros2_control_node-2] [INFO] [1791169759.707998023] [joint_trajectory_controller]: Accepted new action goal
[ros2_control_node-2] [INFO] [1791169764.801526049] [joint_trajectory_controller]: Goal reached, success!
[ros2_control_node-2] [INFO] [1791169764.844429142] [joint_trajectory_controller]: Received new action goal
[ros2_control_node-2] [INFO] [1791169764.844451448] [joint_trajectory_controller]: Accepted new action goal
[ros2_control_node-2] [INFO] [1791169766.441510262] [joint_trajectory_controller]: Goal reached, success!
[ros2_control_node-2] [INFO] [1791169766.445264555] [joint_trajectory_controller]: Received new action goal
[ros2_control_node-2] [INFO] [1791169766.445285318] [joint_trajectory_controller]: Accepted new action goal
[ros2_control_node-2] [INFO] [1791169767.961528000] [joint_trajectory_controller]: Goal reached, success!
[ros2_control_node-2] [INFO] [1791169767.996203099] [joint_trajectory_controller]: Received new action goal
[ros2_control_node-2] [INFO] [1791169767.996226741] [joint_trajectory_controller]: Accepted new action goal
[ros2_control_node-2] [INFO] [1791169769.481508294] [joint_trajectory_controller]: Goal reached, success!
[ros2_control_node-2] [INFO] [1791169769.497196155] [joint_trajectory_controller]: Received new action goal
[ros2_control_node-2] [INFO] [1791169769.497222234] [joint_trajectory_controller]: Accepted new action goal
[ros2_control_node-2] [INFO] [1791169770.981528993] [joint_trajectory_controller]: Goal reached, success!
[ros2_control_node-2] [INFO] [1791169770.998188405] [joint_trajectory_controller]: Received new action goal
[ros2_control_node-2] [INFO] [1791169770.998211197] [joint_trajectory_controller]: Accepted new action goal
[ros2_control_node-2] [INFO] [1791169772.501518518] [joint_trajectory_controller]: Goal reached, success!
[ros2_control_node-2] [INFO] [1791169772.549941568] [joint_trajectory_controller]: Received new action goal
[ros2_control_node-2] [INFO] [1791169772.549965717] [joint_trajectory_controller]: Accepted new action goal
[ros2_control_node-2] [INFO] [1791169774.181520566] [joint_trajectory_controller]: Goal reached, success!
[ros2_control_node-2] [INFO] [1791169774.200884933] [joint_trajectory_controller]: Received new action goal
[ros2_control_node-2] [INFO] [1791169774.200905689] [joint_trajectory_controller]: Accepted new action goal
[ros2_control_node-2] [INFO] [1791169775.701537322] [joint_trajectory_controller]: Goal reached, success!
[ros2_control_node-2] [INFO] [1791169775.751900956] [joint_trajectory_controller]: Received new action goal
[ros2_control_node-2] [INFO] [1791169775.751923778] [joint_trajectory_controller]: Accepted new action goal
[ros2_control_node-2] [INFO] [1791169777.261522621] [joint_trajectory_controller]: Goal reached, success!
[ros2_control_node-2] [INFO] [1791169777.302736701] [joint_trajectory_controller]: Received new action goal
[ros2_control_node-2] [INFO] [1791169777.302758460] [joint_trajectory_controller]: Accepted new action goal
[ros2_control_node-2] [INFO] [1791169778.801516365] [joint_trajectory_controller]: Goal reached, success!
[ros2_control_node-2] [INFO] [1791169778.803610212] [joint_trajectory_controller]: Received new action goal
[ros2_control_node-2] [INFO] [1791169778.803644189] [joint_trajectory_controller]: Accepted new action goal
[ros2_control_node-2] [INFO] [1791169780.301528562] [joint_trajectory_controller]: Goal reached, success!
[ros2_control_node-2] [INFO] [1791169780.304629709] [joint_trajectory_controller]: Received new action goal
[ros2_control_node-2] [INFO] [1791169780.304650926] [joint_trajectory_controller]: Accepted new action goal
[ros2_control_node-2] [INFO] [1791169781.801532043] [joint_trajectory_controller]: Goal reached, success!
[ros2_control_node-2] [INFO] [1791169781.805516610] [joint_trajectory_controller]: Received new action goal
[ros2_control_node-2] [INFO] [1791169781.805543448] [joint_trajectory_controller]: Accepted new action goal
[ros2_control_node-2] [INFO] [1791169783.301523512] [joint_trajectory_controller]: Goal reached, success!
[ros2_control_node-2] [INFO] [1791169783.306355979] [joint_trajectory_controller]: Received new action goal
[ros2_control_node-2] [INFO] [1791169783.306375865] [joint_trajectory_controller]: Accepted new action goal
[ros2_control_node-2] [INFO] [1791169785.161482379] [joint_trajectory_controller]: Goal reached, success!
[ros2_control_node-2] [INFO] [1791169785.207193718] [joint_trajectory_controller]: Received new action goal
[ros2_control_node-2] [INFO] [1791169785.207215228] [joint_trajectory_controller]: Accepted new action goal
[ros2_control_node-2] [INFO] [1791169786.721532491] [joint_trajectory_controller]: Goal reached, success!
[ros2_control_node-2] [INFO] [1791169786.758264807] [joint_trajectory_controller]: Received new action goal
[ros2_control_node-2] [INFO] [1791169786.758294170] [joint_trajectory_controller]: Accepted new action goal
[ros2_control_node-2] [INFO] [1791169788.241550925] [joint_trajectory_controller]: Goal reached, success!
[ros2_control_node-2] [INFO] [1791169788.259920394] [joint_trajectory_controller]: Received new action goal
[ros2_control_node-2] [INFO] [1791169788.259956473] [joint_trajectory_controller]: Accepted new action goal
[ros2_control_node-2] [INFO] [1791169789.761529824] [joint_trajectory_controller]: Goal reached, success!
[ros2_control_node-2] [INFO] [1791169789.810902215] [joint_trajectory_controller]: Received new action goal
[ros2_control_node-2] [INFO] [1791169789.810924171] [joint_trajectory_controller]: Accepted new action goal
[ros2_control_node-2] [INFO] [1791169791.321475985] [joint_trajectory_controller]: Goal reached, success!
[ros2_control_node-2] [INFO] [1791169791.361880506] [joint_trajectory_controller]: Received new action goal
[ros2_control_node-2] [INFO] [1791169791.361906006] [joint_trajectory_controller]: Accepted new action goal
[ros2_control_node-2] [INFO] [1791169792.861526079] [joint_trajectory_controller]: Goal reached, success!
[ros2_control_node-2] [INFO] [1791169792.862839753] [joint_trajectory_controller]: Received new action goal
[ros2_control_node-2] [INFO] [1791169792.862860665] [joint_trajectory_controller]: Accepted new action goal
[ros2_control_node-2] [INFO] [1791169794.381513865] [joint_trajectory_controller]: Goal reached, success!
[ros2_control_node-2] [INFO] [1791169794.413851050] [joint_trajectory_controller]: Received new action goal
[ros2_control_node-2] [INFO] [1791169794.413870493] [joint_trajectory_controller]: Accepted new action goal
[ros2_control_node-2] [INFO] [1791169795.901522077] [joint_trajectory_controller]: Goal reached, success!
[ros2_control_node-2] [INFO] [1791169795.914674948] [joint_trajectory_controller]: Received new action goal
[ros2_control_node-2] [INFO] [1791169795.914696259] [joint_trajectory_controller]: Accepted new action goal
[ros2_control_node-2] [INFO] [1791169801.005475970] [joint_trajectory_controller]: Goal reached, success!
[ros2_control_node-2] [INFO] [1791169801.049627714] [joint_trajectory_controller]: Received new action goal
[ros2_control_node-2] [INFO] [1791169801.049655464] [joint_trajectory_controller]: Accepted new action goal
[ros2_control_node-2] [INFO] [1791169802.705473208] [joint_trajectory_controller]: Goal reached, success!
[ros2_control_node-2] [INFO] [1791169802.750542701] [joint_trajectory_controller]: Received new action goal
[ros2_control_node-2] [INFO] [1791169802.750566482] [joint_trajectory_controller]: Accepted new action goal
[ros2_control_node-2] [INFO] [1791169804.245479108] [joint_trajectory_controller]: Goal reached, success!
[ros2_control_node-2] [INFO] [1791169804.251502229] [joint_trajectory_controller]: Received new action goal
[ros2_control_node-2] [INFO] [1791169804.251527658] [joint_trajectory_controller]: Accepted new action goal
[ros2_control_node-2] [INFO] [1791169805.745531320] [joint_trajectory_controller]: Goal reached, success!
[ros2_control_node-2] [INFO] [1791169805.752383516] [joint_trajectory_controller]: Received new action goal
[ros2_control_node-2] [INFO] [1791169805.752417418] [joint_trajectory_controller]: Accepted new action goal
[ros2_control_node-2] [INFO] [1791169807.305468236] [joint_trajectory_controller]: Goal reached, success!
[ros2_control_node-2] [INFO] [1791169807.353803142] [joint_trajectory_controller]: Received new action goal
[ros2_control_node-2] [INFO] [1791169807.353825980] [joint_trajectory_controller]: Accepted new action goal
[ros2_control_node-2] [INFO] [1791169808.865461842] [joint_trajectory_controller]: Goal reached, success!
[ros2_control_node-2] [INFO] [1791169808.904732400] [joint_trajectory_controller]: Received new action goal
[ros2_control_node-2] [INFO] [1791169808.904754192] [joint_trajectory_controller]: Accepted new action goal
[ros2_control_node-2] [INFO] [1791169810.385460304] [joint_trajectory_controller]: Goal reached, success!
[ros2_control_node-2] [INFO] [1791169810.405625102] [joint_trajectory_controller]: Received new action goal
[ros2_control_node-2] [INFO] [1791169810.405650726] [joint_trajectory_controller]: Accepted new action goal
[ros2_control_node-2] [INFO] [1791169812.045463921] [joint_trajectory_controller]: Goal reached, success!
[ros2_control_node-2] [INFO] [1791169812.056391232] [joint_trajectory_controller]: Received new action goal
[ros2_control_node-2] [INFO] [1791169812.056412104] [joint_trajectory_controller]: Accepted new action goal
[ros2_control_node-2] [INFO] [1791169813.565469500] [joint_trajectory_controller]: Goal reached, success!
[ros2_control_node-2] [INFO] [1791169813.607385826] [joint_trajectory_controller]: Received new action goal
[ros2_control_node-2] [INFO] [1791169813.607411843] [joint_trajectory_controller]: Accepted new action goal
[ros2_control_node-2] [INFO] [1791169815.125467094] [joint_trajectory_controller]: Goal reached, success!
[ros2_control_node-2] [INFO] [1791169815.158194531] [joint_trajectory_controller]: Received new action goal
[ros2_control_node-2] [INFO] [1791169815.158228860] [joint_trajectory_controller]: Accepted new action goal
[ros2_control_node-2] [INFO] [1791169816.665464974] [joint_trajectory_controller]: Goal reached, success!
[ros2_control_node-2] [INFO] [1791169816.709124876] [joint_trajectory_controller]: Received new action goal
[ros2_control_node-2] [INFO] [1791169816.709146082] [joint_trajectory_controller]: Accepted new action goal
[ros2_control_node-2] [INFO] [1791169818.225462402] [joint_trajectory_controller]: Goal reached, success!
[ros2_control_node-2] [INFO] [1791169818.260109052] [joint_trajectory_controller]: Received new action goal
[ros2_control_node-2] [INFO] [1791169818.260130827] [joint_trajectory_controller]: Accepted new action goal
[ros2_control_node-2] [INFO] [1791169819.745466683] [joint_trajectory_controller]: Goal reached, success!
[ros2_control_node-2] [INFO] [1791169819.760895370] [joint_trajectory_controller]: Received new action goal
[ros2_control_node-2] [INFO] [1791169819.760915130] [joint_trajectory_controller]: Accepted new action goal
[ros2_control_node-2] [INFO] [1791169821.245477136] [joint_trajectory_controller]: Goal reached, success!
[ros2_control_node-2] [INFO] [1791169821.261888924] [joint_trajectory_controller]: Received new action goal
[ros2_control_node-2] [INFO] [1791169821.261910443] [joint_trajectory_controller]: Accepted new action goal
[ros2_control_node-2] [INFO] [1791169822.765474920] [joint_trajectory_controller]: Goal reached, success!
[ros2_control_node-2] [INFO] [1791169822.813405918] [joint_trajectory_controller]: Received new action goal
[ros2_control_node-2] [INFO] [1791169822.813428923] [joint_trajectory_controller]: Accepted new action goal
[ros2_control_node-2] [INFO] [1791169824.325473540] [joint_trajectory_controller]: Goal reached, success!
[ros2_control_node-2] [INFO] [1791169824.364194298] [joint_trajectory_controller]: Received new action goal
[ros2_control_node-2] [INFO] [1791169824.364216125] [joint_trajectory_controller]: Accepted new action goal
[ros2_control_node-2] [INFO] [1791169825.845479224] [joint_trajectory_controller]: Goal reached, success!
[ros2_control_node-2] [INFO] [1791169825.865182484] [joint_trajectory_controller]: Received new action goal
[ros2_control_node-2] [INFO] [1791169825.865229564] [joint_trajectory_controller]: Accepted new action goal
[ros2_control_node-2] [INFO] [1791169827.365552777] [joint_trajectory_controller]: Goal reached, success!
[ros2_control_node-2] [INFO] [1791169827.416161491] [joint_trajectory_controller]: Received new action goal
[ros2_control_node-2] [INFO] [1791169827.416182952] [joint_trajectory_controller]: Accepted new action goal
[ros2_control_node-2] [INFO] [1791169828.925477947] [joint_trajectory_controller]: Goal reached, success!
[ros2_control_node-2] [INFO] [1791169828.966995808] [joint_trajectory_controller]: Received new action goal
[ros2_control_node-2] [INFO] [1791169828.967022748] [joint_trajectory_controller]: Accepted new action goal
[ros2_control_node-2] [INFO] [1791169830.465469112] [joint_trajectory_controller]: Goal reached, success!
[ros2_control_node-2] [INFO] [1791169830.468020128] [joint_trajectory_controller]: Received new action goal
[ros2_control_node-2] [INFO] [1791169830.468038833] [joint_trajectory_controller]: Accepted new action goal
[ros2_control_node-2] [INFO] [1791169831.985468879] [joint_trajectory_controller]: Goal reached, success!
[ros2_control_node-2] [INFO] [1791169832.019022356] [joint_trajectory_controller]: Received new action goal
[ros2_control_node-2] [INFO] [1791169832.019046365] [joint_trajectory_controller]: Accepted new action goal
[ros2_control_node-2] [INFO] [1791169837.109049692] [joint_trajectory_controller]: Goal reached, success!
[ros2_control_node-2] [INFO] [1791169837.153440289] [joint_trajectory_controller]: Received new action goal
[ros2_control_node-2] [INFO] [1791169837.153467478] [joint_trajectory_controller]: Accepted new action goal
[ros2_control_node-2] [INFO] [1791169838.669057698] [joint_trajectory_controller]: Goal reached, success!
[ros2_control_node-2] [INFO] [1791169838.704115161] [joint_trajectory_controller]: Received new action goal
[ros2_control_node-2] [INFO] [1791169838.704143365] [joint_trajectory_controller]: Accepted new action goal
[ros2_control_node-2] [INFO] [1791169840.189054525] [joint_trajectory_controller]: Goal reached, success!
[ros2_control_node-2] [INFO] [1791169840.205099271] [joint_trajectory_controller]: Received new action goal
[ros2_control_node-2] [INFO] [1791169840.205131929] [joint_trajectory_controller]: Accepted new action goal
[ros2_control_node-2] [INFO] [1791169841.729051180] [joint_trajectory_controller]: Goal reached, success!
[ros2_control_node-2] [INFO] [1791169841.757004546] [joint_trajectory_controller]: Received new action goal
[ros2_control_node-2] [INFO] [1791169841.757029024] [joint_trajectory_controller]: Accepted new action goal
[ros2_control_node-2] [INFO] [1791169843.369036292] [joint_trajectory_controller]: Goal reached, success!
[ros2_control_node-2] [INFO] [1791169843.407891902] [joint_trajectory_controller]: Received new action goal
[ros2_control_node-2] [INFO] [1791169843.407914282] [joint_trajectory_controller]: Accepted new action goal
[ros2_control_node-2] [INFO] [1791169844.929052762] [joint_trajectory_controller]: Goal reached, success!
[ros2_control_node-2] [INFO] [1791169844.958686383] [joint_trajectory_controller]: Received new action goal
[ros2_control_node-2] [INFO] [1791169844.958710318] [joint_trajectory_controller]: Accepted new action goal
[ros2_control_node-2] [INFO] [1791169846.469068195] [joint_trajectory_controller]: Goal reached, success!
[ros2_control_node-2] [INFO] [1791169846.509652823] [joint_trajectory_controller]: Received new action goal
[ros2_control_node-2] [INFO] [1791169846.509674603] [joint_trajectory_controller]: Accepted new action goal
[ros2_control_node-2] [INFO] [1791169848.029053502] [joint_trajectory_controller]: Goal reached, success!
[ros2_control_node-2] [INFO] [1791169848.060743489] [joint_trajectory_controller]: Received new action goal
[ros2_control_node-2] [INFO] [1791169848.060777223] [joint_trajectory_controller]: Accepted new action goal
[ros2_control_node-2] [INFO] [1791169849.569043920] [joint_trajectory_controller]: Goal reached, success!
[ros2_control_node-2] [INFO] [1791169849.611563519] [joint_trajectory_controller]: Received new action goal
[ros2_control_node-2] [INFO] [1791169849.611588520] [joint_trajectory_controller]: Accepted new action goal
[ros2_control_node-2] [INFO] [1791169851.129052328] [joint_trajectory_controller]: Goal reached, success!
[ros2_control_node-2] [INFO] [1791169851.162616926] [joint_trajectory_controller]: Received new action goal
[ros2_control_node-2] [INFO] [1791169851.162642487] [joint_trajectory_controller]: Accepted new action goal
[ros2_control_node-2] [INFO] [1791169852.669041486] [joint_trajectory_controller]: Goal reached, success!
[ros2_control_node-2] [INFO] [1791169852.713428309] [joint_trajectory_controller]: Received new action goal
[ros2_control_node-2] [INFO] [1791169852.713455154] [joint_trajectory_controller]: Accepted new action goal
[ros2_control_node-2] [INFO] [1791169854.209064922] [joint_trajectory_controller]: Goal reached, success!
[ros2_control_node-2] [INFO] [1791169854.214470968] [joint_trajectory_controller]: Received new action goal
[ros2_control_node-2] [INFO] [1791169854.214510159] [joint_trajectory_controller]: Accepted new action goal
[ros2_control_node-2] [INFO] [1791169855.729044927] [joint_trajectory_controller]: Goal reached, success!
[ros2_control_node-2] [INFO] [1791169855.765401982] [joint_trajectory_controller]: Received new action goal
[ros2_control_node-2] [INFO] [1791169855.765424732] [joint_trajectory_controller]: Accepted new action goal
[ros2_control_node-2] [INFO] [1791169857.269061146] [joint_trajectory_controller]: Goal reached, success!
[ros2_control_node-2] [INFO] [1791169857.317085528] [joint_trajectory_controller]: Received new action goal
[ros2_control_node-2] [INFO] [1791169857.317112683] [joint_trajectory_controller]: Accepted new action goal
[ros2_control_node-2] [INFO] [1791169859.049053794] [joint_trajectory_controller]: Goal reached, success!
[ros2_control_node-2] [INFO] [1791169859.068029532] [joint_trajectory_controller]: Received new action goal
[ros2_control_node-2] [INFO] [1791169859.068050923] [joint_trajectory_controller]: Accepted new action goal
[ros2_control_node-2] [INFO] [1791169860.569059114] [joint_trajectory_controller]: Goal reached, success!
[ros2_control_node-2] [INFO] [1791169860.618966107] [joint_trajectory_controller]: Received new action goal
[ros2_control_node-2] [INFO] [1791169860.619000979] [joint_trajectory_controller]: Accepted new action goal
[ros2_control_node-2] [INFO] [1791169862.129051078] [joint_trajectory_controller]: Goal reached, success!
[ros2_control_node-2] [INFO] [1791169862.169907909] [joint_trajectory_controller]: Received new action goal
[ros2_control_node-2] [INFO] [1791169862.169933814] [joint_trajectory_controller]: Accepted new action goal
[ros2_control_node-2] [INFO] [1791169863.689036790] [joint_trajectory_controller]: Goal reached, success!
[ros2_control_node-2] [INFO] [1791169863.720915556] [joint_trajectory_controller]: Received new action goal
[ros2_control_node-2] [INFO] [1791169863.720938186] [joint_trajectory_controller]: Accepted new action goal
[ros2_control_node-2] [INFO] [1791169865.329036983] [joint_trajectory_controller]: Goal reached, success!
[ros2_control_node-2] [INFO] [1791169865.371729727] [joint_trajectory_controller]: Received new action goal
[ros2_control_node-2] [INFO] [1791169865.371753824] [joint_trajectory_controller]: Accepted new action goal
[ros2_control_node-2] [INFO] [1791169867.069040366] [joint_trajectory_controller]: Goal reached, success!
[ros2_control_node-2] [INFO] [1791169867.072742784] [joint_trajectory_controller]: Received new action goal
[ros2_control_node-2] [INFO] [1791169867.072762535] [joint_trajectory_controller]: Accepted new action goal
[ros2_control_node-2] [INFO] [1791169872.153561787] [joint_trajectory_controller]: Goal reached, success!
[ros2_control_node-2] [INFO] [1791169872.158023622] [joint_trajectory_controller]: Received new action goal
[ros2_control_node-2] [INFO] [1791169872.158043497] [joint_trajectory_controller]: Accepted new action goal
[ros2_control_node-2] [INFO] [1791169873.673573773] [joint_trajectory_controller]: Goal reached, success!
[ros2_control_node-2] [INFO] [1791169873.708962547] [joint_trajectory_controller]: Received new action goal
[ros2_control_node-2] [INFO] [1791169873.708985214] [joint_trajectory_controller]: Accepted new action goal
[ros2_control_node-2] [INFO] [1791169875.213534450] [joint_trajectory_controller]: Goal reached, success!
[ros2_control_node-2] [INFO] [1791169875.259881952] [joint_trajectory_controller]: Received new action goal
[ros2_control_node-2] [INFO] [1791169875.259904907] [joint_trajectory_controller]: Accepted new action goal
[ros2_control_node-2] [INFO] [1791169876.773568377] [joint_trajectory_controller]: Goal reached, success!
[ros2_control_node-2] [INFO] [1791169876.811471365] [joint_trajectory_controller]: Received new action goal
[ros2_control_node-2] [INFO] [1791169876.811492895] [joint_trajectory_controller]: Accepted new action goal
[ros2_control_node-2] [INFO] [1791169878.313568136] [joint_trajectory_controller]: Goal reached, success!
[ros2_control_node-2] [INFO] [1791169878.362293114] [joint_trajectory_controller]: Received new action goal
[ros2_control_node-2] [INFO] [1791169878.362318646] [joint_trajectory_controller]: Accepted new action goal
[ros2_control_node-2] [INFO] [1791169879.873592843] [joint_trajectory_controller]: Goal reached, success!
[ros2_control_node-2] [INFO] [1791169879.913362495] [joint_trajectory_controller]: Received new action goal
[ros2_control_node-2] [INFO] [1791169879.913384615] [joint_trajectory_controller]: Accepted new action goal
[ros2_control_node-2] [INFO] [1791169881.413618487] [joint_trajectory_controller]: Goal reached, success!
[ros2_control_node-2] [INFO] [1791169881.464318322] [joint_trajectory_controller]: Received new action goal
[ros2_control_node-2] [INFO] [1791169881.464340903] [joint_trajectory_controller]: Accepted new action goal
[ros2_control_node-2] [INFO] [1791169883.113561780] [joint_trajectory_controller]: Goal reached, success!
[ros2_control_node-2] [INFO] [1791169883.115187812] [joint_trajectory_controller]: Received new action goal
[ros2_control_node-2] [INFO] [1791169883.115208782] [joint_trajectory_controller]: Accepted new action goal
[ros2_control_node-2] [INFO] [1791169884.613569420] [joint_trajectory_controller]: Goal reached, success!
[ros2_control_node-2] [INFO] [1791169884.616050410] [joint_trajectory_controller]: Received new action goal
[ros2_control_node-2] [INFO] [1791169884.616069650] [joint_trajectory_controller]: Accepted new action goal
[ros2_control_node-2] [INFO] [1791169886.133584893] [joint_trajectory_controller]: Goal reached, success!
[ros2_control_node-2] [INFO] [1791169886.166950768] [joint_trajectory_controller]: Received new action goal
[ros2_control_node-2] [INFO] [1791169886.166973946] [joint_trajectory_controller]: Accepted new action goal
[ros2_control_node-2] [INFO] [1791169887.653573147] [joint_trajectory_controller]: Goal reached, success!
[ros2_control_node-2] [INFO] [1791169887.667965867] [joint_trajectory_controller]: Received new action goal
[ros2_control_node-2] [INFO] [1791169887.667986454] [joint_trajectory_controller]: Accepted new action goal
[ros2_control_node-2] [INFO] [1791169889.173578892] [joint_trajectory_controller]: Goal reached, success!
[ros2_control_node-2] [INFO] [1791169889.218935075] [joint_trajectory_controller]: Received new action goal
[ros2_control_node-2] [INFO] [1791169889.218956748] [joint_trajectory_controller]: Accepted new action goal
[ros2_control_node-2] [INFO] [1791169890.713565167] [joint_trajectory_controller]: Goal reached, success!
[ros2_control_node-2] [INFO] [1791169890.719985737] [joint_trajectory_controller]: Received new action goal
[ros2_control_node-2] [INFO] [1791169890.720005347] [joint_trajectory_controller]: Accepted new action goal
[ros2_control_node-2] [INFO] [1791169892.233575641] [joint_trajectory_controller]: Goal reached, success!
[ros2_control_node-2] [INFO] [1791169892.271777595] [joint_trajectory_controller]: Received new action goal
[ros2_control_node-2] [INFO] [1791169892.271799232] [joint_trajectory_controller]: Accepted new action goal
[ros2_control_node-2] [INFO] [1791169893.753569293] [joint_trajectory_controller]: Goal reached, success!
[ros2_control_node-2] [INFO] [1791169893.772742194] [joint_trajectory_controller]: Received new action goal
[ros2_control_node-2] [INFO] [1791169893.772762263] [joint_trajectory_controller]: Accepted new action goal
[ros2_control_node-2] [INFO] [1791169895.253580903] [joint_trajectory_controller]: Goal reached, success!
[ros2_control_node-2] [INFO] [1791169895.273533043] [joint_trajectory_controller]: Received new action goal
[ros2_control_node-2] [INFO] [1791169895.273558983] [joint_trajectory_controller]: Accepted new action goal
[ros2_control_node-2] [INFO] [1791169896.793554722] [joint_trajectory_controller]: Goal reached, success!
[ros2_control_node-2] [INFO] [1791169896.824461787] [joint_trajectory_controller]: Received new action goal
[ros2_control_node-2] [INFO] [1791169896.824484292] [joint_trajectory_controller]: Accepted new action goal
[ros2_control_node-2] [INFO] [1791169898.333555742] [joint_trajectory_controller]: Goal reached, success!
[ros2_control_node-2] [INFO] [1791169898.375334406] [joint_trajectory_controller]: Received new action goal
[ros2_control_node-2] [INFO] [1791169898.375356703] [joint_trajectory_controller]: Accepted new action goal
[ros2_control_node-2] [INFO] [1791169899.893572398] [joint_trajectory_controller]: Goal reached, success!
[ros2_control_node-2] [INFO] [1791169899.926147305] [joint_trajectory_controller]: Received new action goal
[ros2_control_node-2] [INFO] [1791169899.926172384] [joint_trajectory_controller]: Accepted new action goal
[ros2_control_node-2] [INFO] [1791169901.433565910] [joint_trajectory_controller]: Goal reached, success!
[ros2_control_node-2] [INFO] [1791169901.476909078] [joint_trajectory_controller]: Received new action goal
[ros2_control_node-2] [INFO] [1791169901.476931215] [joint_trajectory_controller]: Accepted new action goal
[ros2_control_node-2] [INFO] [1791169902.993587036] [joint_trajectory_controller]: Goal reached, success!
[ros2_control_node-2] [INFO] [1791169903.027906411] [joint_trajectory_controller]: Received new action goal
[ros2_control_node-2] [INFO] [1791169903.027934325] [joint_trajectory_controller]: Accepted new action goal
[ros2_control_node-2] [INFO] [1791169908.117756082] [joint_trajectory_controller]: Goal reached, success!
[ros2_control_node-2] [INFO] [1791169908.163038436] [joint_trajectory_controller]: Received new action goal
[ros2_control_node-2] [INFO] [1791169908.163062792] [joint_trajectory_controller]: Accepted new action goal
[ros2_control_node-2] [INFO] [1791169909.677740795] [joint_trajectory_controller]: Goal reached, success!
[ros2_control_node-2] [INFO] [1791169909.714214246] [joint_trajectory_controller]: Received new action goal
[ros2_control_node-2] [INFO] [1791169909.714239665] [joint_trajectory_controller]: Accepted new action goal
[ros2_control_node-2] [INFO] [1791169911.217730769] [joint_trajectory_controller]: Goal reached, success!
[ros2_control_node-2] [INFO] [1791169911.265824449] [joint_trajectory_controller]: Received new action goal
[ros2_control_node-2] [INFO] [1791169911.265848162] [joint_trajectory_controller]: Accepted new action goal
[ros2_control_node-2] [INFO] [1791169912.777731860] [joint_trajectory_controller]: Goal reached, success!
[ros2_control_node-2] [INFO] [1791169912.816801254] [joint_trajectory_controller]: Received new action goal
[ros2_control_node-2] [INFO] [1791169912.816826034] [joint_trajectory_controller]: Accepted new action goal
[ros2_control_node-2] [INFO] [1791169914.317740481] [joint_trajectory_controller]: Goal reached, success!
[ros2_control_node-2] [INFO] [1791169914.368487119] [joint_trajectory_controller]: Received new action goal
[ros2_control_node-2] [INFO] [1791169914.368545192] [joint_trajectory_controller]: Accepted new action goal
[ros2_control_node-2] [INFO] [1791169915.877751087] [joint_trajectory_controller]: Goal reached, success!
[ros2_control_node-2] [INFO] [1791169915.919502358] [joint_trajectory_controller]: Received new action goal
[ros2_control_node-2] [INFO] [1791169915.919530816] [joint_trajectory_controller]: Accepted new action goal
[ros2_control_node-2] [INFO] [1791169917.417765139] [joint_trajectory_controller]: Goal reached, success!
[ros2_control_node-2] [INFO] [1791169917.420636887] [joint_trajectory_controller]: Received new action goal
[ros2_control_node-2] [INFO] [1791169917.420655914] [joint_trajectory_controller]: Accepted new action goal
[ros2_control_node-2] [INFO] [1791169919.097772019] [joint_trajectory_controller]: Goal reached, success!
[ros2_control_node-2] [INFO] [1791169919.121487140] [joint_trajectory_controller]: Received new action goal
[ros2_control_node-2] [INFO] [1791169919.121510933] [joint_trajectory_controller]: Accepted new action goal
[ros2_control_node-2] [INFO] [1791169920.637726078] [joint_trajectory_controller]: Goal reached, success!
[ros2_control_node-2] [INFO] [1791169920.672499251] [joint_trajectory_controller]: Received new action goal
[ros2_control_node-2] [INFO] [1791169920.672521140] [joint_trajectory_controller]: Accepted new action goal
[ros2_control_node-2] [INFO] [1791169922.177773867] [joint_trajectory_controller]: Goal reached, success!
[ros2_control_node-2] [INFO] [1791169922.223350271] [joint_trajectory_controller]: Received new action goal
[ros2_control_node-2] [INFO] [1791169922.223376190] [joint_trajectory_controller]: Accepted new action goal
[ros2_control_node-2] [INFO] [1791169923.717737428] [joint_trajectory_controller]: Goal reached, success!
[ros2_control_node-2] [INFO] [1791169923.724131832] [joint_trajectory_controller]: Received new action goal
[ros2_control_node-2] [INFO] [1791169923.724151586] [joint_trajectory_controller]: Accepted new action goal
[ros2_control_node-2] [INFO] [1791169925.217782799] [joint_trajectory_controller]: Goal reached, success!
[ros2_control_node-2] [INFO] [1791169925.224942672] [joint_trajectory_controller]: Received new action goal
[ros2_control_node-2] [INFO] [1791169925.224974949] [joint_trajectory_controller]: Accepted new action goal
[ros2_control_node-2] [INFO] [1791169926.877732888] [joint_trajectory_controller]: Goal reached, success!
[ros2_control_node-2] [INFO] [1791169926.926622905] [joint_trajectory_controller]: Received new action goal
[ros2_control_node-2] [INFO] [1791169926.926645903] [joint_trajectory_controller]: Accepted new action goal
[ros2_control_node-2] [INFO] [1791169928.497726577] [joint_trajectory_controller]: Goal reached, success!
[ros2_control_node-2] [INFO] [1791169928.527722347] [joint_trajectory_controller]: Received new action goal
[ros2_control_node-2] [INFO] [1791169928.527749445] [joint_trajectory_controller]: Accepted new action goal
[ros2_control_node-2] [INFO] [1791169930.037730352] [joint_trajectory_controller]: Goal reached, success!
[ros2_control_node-2] [INFO] [1791169930.078692965] [joint_trajectory_controller]: Received new action goal
[ros2_control_node-2] [INFO] [1791169930.078722567] [joint_trajectory_controller]: Accepted new action goal
[ros2_control_node-2] [INFO] [1791169931.757724209] [joint_trajectory_controller]: Goal reached, success!
[ros2_control_node-2] [INFO] [1791169931.779720509] [joint_trajectory_controller]: Received new action goal
[ros2_control_node-2] [INFO] [1791169931.779742098] [joint_trajectory_controller]: Accepted new action goal
[ros2_control_node-2] [INFO] [1791169933.297748391] [joint_trajectory_controller]: Goal reached, success!
[ros2_control_node-2] [INFO] [1791169933.330654881] [joint_trajectory_controller]: Received new action goal
[ros2_control_node-2] [INFO] [1791169933.330675830] [joint_trajectory_controller]: Accepted new action goal
[ros2_control_node-2] [INFO] [1791169934.837729865] [joint_trajectory_controller]: Goal reached, success!
[ros2_control_node-2] [INFO] [1791169934.881472816] [joint_trajectory_controller]: Received new action goal
[ros2_control_node-2] [INFO] [1791169934.881495632] [joint_trajectory_controller]: Accepted new action goal
[ros2_control_node-2] [INFO] [1791169936.397739286] [joint_trajectory_controller]: Goal reached, success!
[ros2_control_node-2] [INFO] [1791169936.432402255] [joint_trajectory_controller]: Received new action goal
[ros2_control_node-2] [INFO] [1791169936.432428332] [joint_trajectory_controller]: Accepted new action goal
[ros2_control_node-2] [INFO] [1791169937.937725365] [joint_trajectory_controller]: Goal reached, success!
[ros2_control_node-2] [INFO] [1791169937.983263095] [joint_trajectory_controller]: Received new action goal
[ros2_control_node-2] [INFO] [1791169937.983291528] [joint_trajectory_controller]: Accepted new action goal
[ros2_control_node-2] [INFO] [1791169939.497726073] [joint_trajectory_controller]: Goal reached, success!
[ros2_control_node-2] [INFO] [1791169939.534358915] [joint_trajectory_controller]: Received new action goal
[ros2_control_node-2] [INFO] [1791169939.534384498] [joint_trajectory_controller]: Accepted new action goal
[ros2_control_node-2] [INFO] [1791169944.622191070] [joint_trajectory_controller]: Goal reached, success!
[ros2_control_node-2] [INFO] [1791169944.669749698] [joint_trajectory_controller]: Received new action goal
[ros2_control_node-2] [INFO] [1791169944.669774245] [joint_trajectory_controller]: Accepted new action goal
[ros2_control_node-2] [INFO] [1791169946.182212324] [joint_trajectory_controller]: Goal reached, success!
[ros2_control_node-2] [INFO] [1791169946.221201085] [joint_trajectory_controller]: Received new action goal
[ros2_control_node-2] [INFO] [1791169946.221229932] [joint_trajectory_controller]: Accepted new action goal
[ros2_control_node-2] [INFO] [1791169947.722181621] [joint_trajectory_controller]: Goal reached, success!
[ros2_control_node-2] [INFO] [1791169947.772236130] [joint_trajectory_controller]: Received new action goal
[ros2_control_node-2] [INFO] [1791169947.772261049] [joint_trajectory_controller]: Accepted new action goal
[ros2_control_node-2] [INFO] [1791169949.282181889] [joint_trajectory_controller]: Goal reached, success!
[ros2_control_node-2] [INFO] [1791169949.323308502] [joint_trajectory_controller]: Received new action goal
[ros2_control_node-2] [INFO] [1791169949.323340524] [joint_trajectory_controller]: Accepted new action goal
[ros2_control_node-2] [INFO] [1791169950.822191299] [joint_trajectory_controller]: Goal reached, success!
[ros2_control_node-2] [INFO] [1791169950.824261723] [joint_trajectory_controller]: Received new action goal
[ros2_control_node-2] [INFO] [1791169950.824280742] [joint_trajectory_controller]: Accepted new action goal
[ros2_control_node-2] [INFO] [1791169952.342181747] [joint_trajectory_controller]: Goal reached, success!
[ros2_control_node-2] [INFO] [1791169952.375212141] [joint_trajectory_controller]: Received new action goal
[ros2_control_node-2] [INFO] [1791169952.375238079] [joint_trajectory_controller]: Accepted new action goal
[ros2_control_node-2] [INFO] [1791169953.882180661] [joint_trajectory_controller]: Goal reached, success!
[ros2_control_node-2] [INFO] [1791169953.926118813] [joint_trajectory_controller]: Received new action goal
[ros2_control_node-2] [INFO] [1791169953.926141709] [joint_trajectory_controller]: Accepted new action goal
[ros2_control_node-2] [INFO] [1791169955.442181519] [joint_trajectory_controller]: Goal reached, success!
[ros2_control_node-2] [INFO] [1791169955.477111966] [joint_trajectory_controller]: Received new action goal
[ros2_control_node-2] [INFO] [1791169955.477134427] [joint_trajectory_controller]: Accepted new action goal
[ros2_control_node-2] [INFO] [1791169956.982182155] [joint_trajectory_controller]: Goal reached, success!
[ros2_control_node-2] [INFO] [1791169957.028108371] [joint_trajectory_controller]: Received new action goal
[ros2_control_node-2] [INFO] [1791169957.028132464] [joint_trajectory_controller]: Accepted new action goal
[ros2_control_node-2] [INFO] [1791169958.542180310] [joint_trajectory_controller]: Goal reached, success!
[ros2_control_node-2] [INFO] [1791169958.579126477] [joint_trajectory_controller]: Received new action goal
[ros2_control_node-2] [INFO] [1791169958.579149316] [joint_trajectory_controller]: Accepted new action goal
[ros2_control_node-2] [INFO] [1791169960.062184483] [joint_trajectory_controller]: Goal reached, success!
[ros2_control_node-2] [INFO] [1791169960.079907958] [joint_trajectory_controller]: Received new action goal
[ros2_control_node-2] [INFO] [1791169960.079929318] [joint_trajectory_controller]: Accepted new action goal
[ros2_control_node-2] [INFO] [1791169961.562199745] [joint_trajectory_controller]: Goal reached, success!
[ros2_control_node-2] [INFO] [1791169961.581980958] [joint_trajectory_controller]: Received new action goal
[ros2_control_node-2] [INFO] [1791169961.582003137] [joint_trajectory_controller]: Accepted new action goal
[ros2_control_node-2] [INFO] [1791169963.082241536] [joint_trajectory_controller]: Goal reached, success!
[ros2_control_node-2] [INFO] [1791169963.132910809] [joint_trajectory_controller]: Received new action goal
[ros2_control_node-2] [INFO] [1791169963.132958897] [joint_trajectory_controller]: Accepted new action goal
[ros2_control_node-2] [INFO] [1791169964.622200402] [joint_trajectory_controller]: Goal reached, success!
[ros2_control_node-2] [INFO] [1791169964.633836916] [joint_trajectory_controller]: Received new action goal
[ros2_control_node-2] [INFO] [1791169964.633856350] [joint_trajectory_controller]: Accepted new action goal
[ros2_control_node-2] [INFO] [1791169966.182190288] [joint_trajectory_controller]: Goal reached, success!
[ros2_control_node-2] [INFO] [1791169966.184794066] [joint_trajectory_controller]: Received new action goal
[ros2_control_node-2] [INFO] [1791169966.184818549] [joint_trajectory_controller]: Accepted new action goal
[ros2_control_node-2] [INFO] [1791169967.702185114] [joint_trajectory_controller]: Goal reached, success!
[ros2_control_node-2] [INFO] [1791169967.735632078] [joint_trajectory_controller]: Received new action goal
[ros2_control_node-2] [INFO] [1791169967.735655053] [joint_trajectory_controller]: Accepted new action goal
[ros2_control_node-2] [INFO] [1791169969.222193994] [joint_trajectory_controller]: Goal reached, success!
[ros2_control_node-2] [INFO] [1791169969.236531002] [joint_trajectory_controller]: Received new action goal
[ros2_control_node-2] [INFO] [1791169969.236551666] [joint_trajectory_controller]: Accepted new action goal
[ros2_control_node-2] [INFO] [1791169970.742184067] [joint_trajectory_controller]: Goal reached, success!
[ros2_control_node-2] [INFO] [1791169970.787569154] [joint_trajectory_controller]: Received new action goal
[ros2_control_node-2] [INFO] [1791169970.787591504] [joint_trajectory_controller]: Accepted new action goal
[ros2_control_node-2] [INFO] [1791169972.302181214] [joint_trajectory_controller]: Goal reached, success!
[ros2_control_node-2] [INFO] [1791169972.338480687] [joint_trajectory_controller]: Received new action goal
[ros2_control_node-2] [INFO] [1791169972.338502600] [joint_trajectory_controller]: Accepted new action goal
[ros2_control_node-2] [INFO] [1791169973.822185032] [joint_trajectory_controller]: Goal reached, success!
[ros2_control_node-2] [INFO] [1791169973.839462873] [joint_trajectory_controller]: Received new action goal
[ros2_control_node-2] [INFO] [1791169973.839483932] [joint_trajectory_controller]: Accepted new action goal
[ros2_control_node-2] [INFO] [1791169975.322234895] [joint_trajectory_controller]: Goal reached, success!
[ros2_control_node-2] [INFO] [1791169975.340504828] [joint_trajectory_controller]: Received new action goal
[ros2_control_node-2] [INFO] [1791169975.340538523] [joint_trajectory_controller]: Accepted new action goal
[ros2_control_node-2] [INFO] [1791169980.426067543] [joint_trajectory_controller]: Goal reached, success!
[ros2_control_node-2] [INFO] [1791169980.476486057] [joint_trajectory_controller]: Received new action goal
[ros2_control_node-2] [INFO] [1791169980.476518785] [joint_trajectory_controller]: Accepted new action goal
[ros2_control_node-2] [INFO] [1791169981.986041599] [joint_trajectory_controller]: Goal reached, success!
[ros2_control_node-2] [INFO] [1791169982.027453176] [joint_trajectory_controller]: Received new action goal
[ros2_control_node-2] [INFO] [1791169982.027476717] [joint_trajectory_controller]: Accepted new action goal
[ros2_control_node-2] [INFO] [1791169983.526059289] [joint_trajectory_controller]: Goal reached, success!
[ros2_control_node-2] [INFO] [1791169983.528449780] [joint_trajectory_controller]: Received new action goal
[ros2_control_node-2] [INFO] [1791169983.528470934] [joint_trajectory_controller]: Accepted new action goal
[ros2_control_node-2] [INFO] [1791169985.026047971] [joint_trajectory_controller]: Goal reached, success!
[ros2_control_node-2] [INFO] [1791169985.029208894] [joint_trajectory_controller]: Received new action goal
[ros2_control_node-2] [INFO] [1791169985.029229600] [joint_trajectory_controller]: Accepted new action goal
[ros2_control_node-2] [INFO] [1791169986.546045942] [joint_trajectory_controller]: Goal reached, success!
[ros2_control_node-2] [INFO] [1791169986.580097536] [joint_trajectory_controller]: Received new action goal
[ros2_control_node-2] [INFO] [1791169986.580119404] [joint_trajectory_controller]: Accepted new action goal
[ros2_control_node-2] [INFO] [1791169988.066065326] [joint_trajectory_controller]: Goal reached, success!
[ros2_control_node-2] [INFO] [1791169988.081140184] [joint_trajectory_controller]: Received new action goal
[ros2_control_node-2] [INFO] [1791169988.081161521] [joint_trajectory_controller]: Accepted new action goal
[ros2_control_node-2] [INFO] [1791169989.586045815] [joint_trajectory_controller]: Goal reached, success!
[ros2_control_node-2] [INFO] [1791169989.631990284] [joint_trajectory_controller]: Received new action goal
[ros2_control_node-2] [INFO] [1791169989.632013017] [joint_trajectory_controller]: Accepted new action goal
[ros2_control_node-2] [INFO] [1791169991.146042482] [joint_trajectory_controller]: Goal reached, success!
[ros2_control_node-2] [INFO] [1791169991.182991333] [joint_trajectory_controller]: Received new action goal
[ros2_control_node-2] [INFO] [1791169991.183013266] [joint_trajectory_controller]: Accepted new action goal
[ros2_control_node-2] [INFO] [1791169992.666063759] [joint_trajectory_controller]: Goal reached, success!
[ros2_control_node-2] [INFO] [1791169992.684074099] [joint_trajectory_controller]: Received new action goal
[ros2_control_node-2] [INFO] [1791169992.684099729] [joint_trajectory_controller]: Accepted new action goal
[ros2_control_node-2] [INFO] [1791169994.186063851] [joint_trajectory_controller]: Goal reached, success!
[ros2_control_node-2] [INFO] [1791169994.234883024] [joint_trajectory_controller]: Received new action goal
[ros2_control_node-2] [INFO] [1791169994.234921969] [joint_trajectory_controller]: Accepted new action goal
[ros2_control_node-2] [INFO] [1791169996.106061116] [joint_trajectory_controller]: Goal reached, success!
[ros2_control_node-2] [INFO] [1791169996.136647366] [joint_trajectory_controller]: Received new action goal
[ros2_control_node-2] [INFO] [1791169996.136677943] [joint_trajectory_controller]: Accepted new action goal
[ros2_control_node-2] [INFO] [1791169997.646041826] [joint_trajectory_controller]: Goal reached, success!
[ros2_control_node-2] [INFO] [1791169997.687606017] [joint_trajectory_controller]: Received new action goal
[ros2_control_node-2] [INFO] [1791169997.687626610] [joint_trajectory_controller]: Accepted new action goal
[ros2_control_node-2] [INFO] [1791169999.186045094] [joint_trajectory_controller]: Goal reached, success!
[ros2_control_node-2] [INFO] [1791169999.188440703] [joint_trajectory_controller]: Received new action goal
[ros2_control_node-2] [INFO] [1791169999.188460611] [joint_trajectory_controller]: Accepted new action goal
[ros2_control_node-2] [INFO] [1791170000.706046440] [joint_trajectory_controller]: Goal reached, success!
[ros2_control_node-2] [INFO] [1791170000.739285113] [joint_trajectory_controller]: Received new action goal
[ros2_control_node-2] [INFO] [1791170000.739309757] [joint_trajectory_controller]: Accepted new action goal
[ros2_control_node-2] [INFO] [1791170002.246049656] [joint_trajectory_controller]: Goal reached, success!
[ros2_control_node-2] [INFO] [1791170002.290246159] [joint_trajectory_controller]: Received new action goal
[ros2_control_node-2] [INFO] [1791170002.290268507] [joint_trajectory_controller]: Accepted new action goal
[ros2_control_node-2] [INFO] [1791170003.786059217] [joint_trajectory_controller]: Goal reached, success!
[ros2_control_node-2] [INFO] [1791170003.791210983] [joint_trajectory_controller]: Received new action goal
[ros2_control_node-2] [INFO] [1791170003.791250976] [joint_trajectory_controller]: Accepted new action goal
[ros2_control_node-2] [INFO] [1791170005.306046416] [joint_trajectory_controller]: Goal reached, success!
[ros2_control_node-2] [INFO] [1791170005.342242455] [joint_trajectory_controller]: Received new action goal
[ros2_control_node-2] [INFO] [1791170005.342266556] [joint_trajectory_controller]: Accepted new action goal
[ros2_control_node-2] [INFO] [1791170006.826052966] [joint_trajectory_controller]: Goal reached, success!
[ros2_control_node-2] [INFO] [1791170006.843322820] [joint_trajectory_controller]: Received new action goal
[ros2_control_node-2] [INFO] [1791170006.843347444] [joint_trajectory_controller]: Accepted new action goal
[ros2_control_node-2] [INFO] [1791170008.346061424] [joint_trajectory_controller]: Goal reached, success!
[ros2_control_node-2] [INFO] [1791170008.394318925] [joint_trajectory_controller]: Received new action goal
[ros2_control_node-2] [INFO] [1791170008.394350642] [joint_trajectory_controller]: Accepted new action goal
[ros2_control_node-2] [INFO] [1791170009.906061551] [joint_trajectory_controller]: Goal reached, success!
[ros2_control_node-2] [INFO] [1791170009.945206444] [joint_trajectory_controller]: Received new action goal
[ros2_control_node-2] [INFO] [1791170009.945234575] [joint_trajectory_controller]: Accepted new action goal
[ros2_control_node-2] [INFO] [1791170011.426043894] [joint_trajectory_controller]: Goal reached, success!
[ros2_control_node-2] [INFO] [1791170011.447038714] [joint_trajectory_controller]: Received new action goal
[ros2_control_node-2] [INFO] [1791170011.447064772] [joint_trajectory_controller]: Accepted new action goal
[ros2_control_node-2] [INFO] [1791170016.551129872] [joint_trajectory_controller]: Goal reached, success!
[ros2_control_node-2] [INFO] [1791170016.583017179] [joint_trajectory_controller]: Received new action goal
[ros2_control_node-2] [INFO] [1791170016.583040679] [joint_trajectory_controller]: Accepted new action goal
[ros2_control_node-2] [INFO] [1791170018.071020424] [joint_trajectory_controller]: Goal reached, success!
[ros2_control_node-2] [INFO] [1791170018.083977010] [joint_trajectory_controller]: Received new action goal
[ros2_control_node-2] [INFO] [1791170018.084008077] [joint_trajectory_controller]: Accepted new action goal
[ros2_control_node-2] [INFO] [1791170019.571025863] [joint_trajectory_controller]: Goal reached, success!
[ros2_control_node-2] [INFO] [1791170019.584990923] [joint_trajectory_controller]: Received new action goal
[ros2_control_node-2] [INFO] [1791170019.585014683] [joint_trajectory_controller]: Accepted new action goal
[ros2_control_node-2] [INFO] [1791170021.091021071] [joint_trajectory_controller]: Goal reached, success!
[ros2_control_node-2] [INFO] [1791170021.135840301] [joint_trajectory_controller]: Received new action goal
[ros2_control_node-2] [INFO] [1791170021.135864699] [joint_trajectory_controller]: Accepted new action goal
[ros2_control_node-2] [INFO] [1791170023.251086287] [joint_trajectory_controller]: Goal reached, success!
[ros2_control_node-2] [INFO] [1791170023.286733919] [joint_trajectory_controller]: Received new action goal
[ros2_control_node-2] [INFO] [1791170023.286754605] [joint_trajectory_controller]: Accepted new action goal
[ros2_control_node-2] [INFO] [1791170024.771016051] [joint_trajectory_controller]: Goal reached, success!
[ros2_control_node-2] [INFO] [1791170024.787586213] [joint_trajectory_controller]: Received new action goal
[ros2_control_node-2] [INFO] [1791170024.787612212] [joint_trajectory_controller]: Accepted new action goal
[ros2_control_node-2] [INFO] [1791170026.291018409] [joint_trajectory_controller]: Goal reached, success!
[ros2_control_node-2] [INFO] [1791170026.338507325] [joint_trajectory_controller]: Received new action goal
[ros2_control_node-2] [INFO] [1791170026.338529542] [joint_trajectory_controller]: Accepted new action goal
[ros2_control_node-2] [INFO] [1791170027.851039962] [joint_trajectory_controller]: Goal reached, success!
[ros2_control_node-2] [INFO] [1791170027.889505210] [joint_trajectory_controller]: Received new action goal
[ros2_control_node-2] [INFO] [1791170027.889526425] [joint_trajectory_controller]: Accepted new action goal
[ros2_control_node-2] [INFO] [1791170029.391026697] [joint_trajectory_controller]: Goal reached, success!
[ros2_control_node-2] [INFO] [1791170029.440578590] [joint_trajectory_controller]: Received new action goal
[ros2_control_node-2] [INFO] [1791170029.440603976] [joint_trajectory_controller]: Accepted new action goal
[ros2_control_node-2] [INFO] [1791170031.271011431] [joint_trajectory_controller]: Goal reached, success!
[ros2_control_node-2] [INFO] [1791170031.292326943] [joint_trajectory_controller]: Received new action goal
[ros2_control_node-2] [INFO] [1791170031.292347197] [joint_trajectory_controller]: Accepted new action goal
[ros2_control_node-2] [INFO] [1791170032.811016052] [joint_trajectory_controller]: Goal reached, success!
[ros2_control_node-2] [INFO] [1791170032.843313814] [joint_trajectory_controller]: Received new action goal
[ros2_control_node-2] [INFO] [1791170032.843336407] [joint_trajectory_controller]: Accepted new action goal
[ros2_control_node-2] [INFO] [1791170034.351029933] [joint_trajectory_controller]: Goal reached, success!
[ros2_control_node-2] [INFO] [1791170034.394320536] [joint_trajectory_controller]: Received new action goal
[ros2_control_node-2] [INFO] [1791170034.394346467] [joint_trajectory_controller]: Accepted new action goal
[ros2_control_node-2] [INFO] [1791170035.911017930] [joint_trajectory_controller]: Goal reached, success!
[ros2_control_node-2] [INFO] [1791170035.945301536] [joint_trajectory_controller]: Received new action goal
[ros2_control_node-2] [INFO] [1791170035.945321984] [joint_trajectory_controller]: Accepted new action goal
[ros2_control_node-2] [INFO] [1791170037.431030118] [joint_trajectory_controller]: Goal reached, success!
[ros2_control_node-2] [INFO] [1791170037.446235693] [joint_trajectory_controller]: Received new action goal
[ros2_control_node-2] [INFO] [1791170037.446255085] [joint_trajectory_controller]: Accepted new action goal
[ros2_control_node-2] [INFO] [1791170038.931043218] [joint_trajectory_controller]: Goal reached, success!
[ros2_control_node-2] [INFO] [1791170038.947115706] [joint_trajectory_controller]: Received new action goal
[ros2_control_node-2] [INFO] [1791170038.947136292] [joint_trajectory_controller]: Accepted new action goal
[ros2_control_node-2] [INFO] [1791170040.431030694] [joint_trajectory_controller]: Goal reached, success!
[ros2_control_node-2] [INFO] [1791170040.447952560] [joint_trajectory_controller]: Received new action goal
[ros2_control_node-2] [INFO] [1791170040.447973543] [joint_trajectory_controller]: Accepted new action goal
[ros2_control_node-2] [INFO] [1791170041.931035839] [joint_trajectory_controller]: Goal reached, success!
[ros2_control_node-2] [INFO] [1791170041.948931549] [joint_trajectory_controller]: Received new action goal
[ros2_control_node-2] [INFO] [1791170041.948952608] [joint_trajectory_controller]: Accepted new action goal
[ros2_control_node-2] [INFO] [1791170043.431062747] [joint_trajectory_controller]: Goal reached, success!
[ros2_control_node-2] [INFO] [1791170043.450020422] [joint_trajectory_controller]: Received new action goal
[ros2_control_node-2] [INFO] [1791170043.450068369] [joint_trajectory_controller]: Accepted new action goal
[ros2_control_node-2] [INFO] [1791170044.931032246] [joint_trajectory_controller]: Goal reached, success!
[ros2_control_node-2] [INFO] [1791170044.951033691] [joint_trajectory_controller]: Received new action goal
[ros2_control_node-2] [INFO] [1791170044.951055097] [joint_trajectory_controller]: Accepted new action goal
[ros2_control_node-2] [INFO] [1791170046.471025968] [joint_trajectory_controller]: Goal reached, success!
[ros2_control_node-2] [INFO] [1791170046.502868092] [joint_trajectory_controller]: Received new action goal
[ros2_control_node-2] [INFO] [1791170046.502894215] [joint_trajectory_controller]: Accepted new action goal
[ros2_control_node-2] [INFO] [1791170051.594638318] [joint_trajectory_controller]: Goal reached, success!
[ros2_control_node-2] [INFO] [1791170051.637363255] [joint_trajectory_controller]: Received new action goal
[ros2_control_node-2] [INFO] [1791170051.637388709] [joint_trajectory_controller]: Accepted new action goal
[ros2_control_node-2] [INFO] [1791170053.154634348] [joint_trajectory_controller]: Goal reached, success!
[ros2_control_node-2] [INFO] [1791170053.188338967] [joint_trajectory_controller]: Received new action goal
[ros2_control_node-2] [INFO] [1791170053.188374251] [joint_trajectory_controller]: Accepted new action goal
[ros2_control_node-2] [INFO] [1791170054.674655899] [joint_trajectory_controller]: Goal reached, success!
[ros2_control_node-2] [INFO] [1791170054.689288291] [joint_trajectory_controller]: Received new action goal
[ros2_control_node-2] [INFO] [1791170054.689310075] [joint_trajectory_controller]: Accepted new action goal
[ros2_control_node-2] [INFO] [1791170056.174686667] [joint_trajectory_controller]: Goal reached, success!
[ros2_control_node-2] [INFO] [1791170056.190205920] [joint_trajectory_controller]: Received new action goal
[ros2_control_node-2] [INFO] [1791170056.190230873] [joint_trajectory_controller]: Accepted new action goal
[ros2_control_node-2] [INFO] [1791170057.694650642] [joint_trajectory_controller]: Goal reached, success!
[ros2_control_node-2] [INFO] [1791170057.741103104] [joint_trajectory_controller]: Received new action goal
[ros2_control_node-2] [INFO] [1791170057.741135785] [joint_trajectory_controller]: Accepted new action goal
[ros2_control_node-2] [INFO] [1791170059.254640511] [joint_trajectory_controller]: Goal reached, success!
[ros2_control_node-2] [INFO] [1791170059.291955186] [joint_trajectory_controller]: Received new action goal
[ros2_control_node-2] [INFO] [1791170059.291978266] [joint_trajectory_controller]: Accepted new action goal
[ros2_control_node-2] [INFO] [1791170060.774648271] [joint_trajectory_controller]: Goal reached, success!
[ros2_control_node-2] [INFO] [1791170060.792847585] [joint_trajectory_controller]: Received new action goal
[ros2_control_node-2] [INFO] [1791170060.792868928] [joint_trajectory_controller]: Accepted new action goal
[ros2_control_node-2] [INFO] [1791170062.294655566] [joint_trajectory_controller]: Goal reached, success!
[ros2_control_node-2] [INFO] [1791170062.343749838] [joint_trajectory_controller]: Received new action goal
[ros2_control_node-2] [INFO] [1791170062.343773881] [joint_trajectory_controller]: Accepted new action goal
[ros2_control_node-2] [INFO] [1791170063.854639687] [joint_trajectory_controller]: Goal reached, success!
[ros2_control_node-2] [INFO] [1791170063.894650884] [joint_trajectory_controller]: Received new action goal
[ros2_control_node-2] [INFO] [1791170063.894676151] [joint_trajectory_controller]: Accepted new action goal
[ros2_control_node-2] [INFO] [1791170065.394671560] [joint_trajectory_controller]: Goal reached, success!
[ros2_control_node-2] [INFO] [1791170065.396369825] [joint_trajectory_controller]: Received new action goal
[ros2_control_node-2] [INFO] [1791170065.396388958] [joint_trajectory_controller]: Accepted new action goal
[ros2_control_node-2] [INFO] [1791170066.914657523] [joint_trajectory_controller]: Goal reached, success!
[ros2_control_node-2] [INFO] [1791170066.947383117] [joint_trajectory_controller]: Received new action goal
[ros2_control_node-2] [INFO] [1791170066.947416298] [joint_trajectory_controller]: Accepted new action goal
[ros2_control_node-2] [INFO] [1791170068.454640434] [joint_trajectory_controller]: Goal reached, success!
[ros2_control_node-2] [INFO] [1791170068.498363976] [joint_trajectory_controller]: Received new action goal
[ros2_control_node-2] [INFO] [1791170068.498390231] [joint_trajectory_controller]: Accepted new action goal
[ros2_control_node-2] [INFO] [1791170070.014653535] [joint_trajectory_controller]: Goal reached, success!
[ros2_control_node-2] [INFO] [1791170070.049336656] [joint_trajectory_controller]: Received new action goal
[ros2_control_node-2] [INFO] [1791170070.049363055] [joint_trajectory_controller]: Accepted new action goal
[ros2_control_node-2] [INFO] [1791170071.534648149] [joint_trajectory_controller]: Goal reached, success!
[ros2_control_node-2] [INFO] [1791170071.550269435] [joint_trajectory_controller]: Received new action goal
[ros2_control_node-2] [INFO] [1791170071.550290839] [joint_trajectory_controller]: Accepted new action goal
[ros2_control_node-2] [INFO] [1791170073.054655241] [joint_trajectory_controller]: Goal reached, success!
[ros2_control_node-2] [INFO] [1791170073.101288154] [joint_trajectory_controller]: Received new action goal
[ros2_control_node-2] [INFO] [1791170073.101311280] [joint_trajectory_controller]: Accepted new action goal
[ros2_control_node-2] [INFO] [1791170074.614640983] [joint_trajectory_controller]: Goal reached, success!
[ros2_control_node-2] [INFO] [1791170074.652213415] [joint_trajectory_controller]: Received new action goal
[ros2_control_node-2] [INFO] [1791170074.652237529] [joint_trajectory_controller]: Accepted new action goal
[ros2_control_node-2] [INFO] [1791170076.154640458] [joint_trajectory_controller]: Goal reached, success!
[ros2_control_node-2] [INFO] [1791170076.203152381] [joint_trajectory_controller]: Received new action goal
[ros2_control_node-2] [INFO] [1791170076.203182527] [joint_trajectory_controller]: Accepted new action goal
[ros2_control_node-2] [INFO] [1791170077.714634935] [joint_trajectory_controller]: Goal reached, success!
[ros2_control_node-2] [INFO] [1791170077.754261175] [joint_trajectory_controller]: Received new action goal
[ros2_control_node-2] [INFO] [1791170077.754297108] [joint_trajectory_controller]: Accepted new action goal
[ros2_control_node-2] [INFO] [1791170079.254654976] [joint_trajectory_controller]: Goal reached, success!
[ros2_control_node-2] [INFO] [1791170079.305367241] [joint_trajectory_controller]: Received new action goal
[ros2_control_node-2] [INFO] [1791170079.305402889] [joint_trajectory_controller]: Accepted new action goal
[ros2_control_node-2] [INFO] [1791170080.794647454] [joint_trajectory_controller]: Goal reached, success!
[ros2_control_node-2] [INFO] [1791170080.807220045] [joint_trajectory_controller]: Received new action goal
[ros2_control_node-2] [INFO] [1791170080.807245325] [joint_trajectory_controller]: Accepted new action goal
[ros2_control_node-2] [INFO] [1791170082.374648439] [joint_trajectory_controller]: Goal reached, success!
[ros2_control_node-2] [INFO] [1791170082.408227129] [joint_trajectory_controller]: Received new action goal
[ros2_control_node-2] [INFO] [1791170082.408260157] [joint_trajectory_controller]: Accepted new action goal
[ros2_control_node-2] [INFO] [1791170087.477189445] [joint_trajectory_controller]: Goal reached, success!
[ros2_control_node-2] [INFO] [1791170087.491721642] [joint_trajectory_controller]: Received new action goal
[ros2_control_node-2] [INFO] [1791170087.491756184] [joint_trajectory_controller]: Accepted new action goal
[ros2_control_node-2] [INFO] [1791170088.997175955] [joint_trajectory_controller]: Goal reached, success!
[ros2_control_node-2] [INFO] [1791170089.042580059] [joint_trajectory_controller]: Received new action goal
[ros2_control_node-2] [INFO] [1791170089.042606948] [joint_trajectory_controller]: Accepted new action goal
[ros2_control_node-2] [INFO] [1791170090.557183065] [joint_trajectory_controller]: Goal reached, success!
[ros2_control_node-2] [INFO] [1791170090.593383388] [joint_trajectory_controller]: Received new action goal
[ros2_control_node-2] [INFO] [1791170090.593436024] [joint_trajectory_controller]: Accepted new action goal
[ros2_control_node-2] [INFO] [1791170092.137268721] [joint_trajectory_controller]: Goal reached, success!
[ros2_control_node-2] [INFO] [1791170092.144405153] [joint_trajectory_controller]: Received new action goal
[ros2_control_node-2] [INFO] [1791170092.144425887] [joint_trajectory_controller]: Accepted new action goal
[ros2_control_node-2] [INFO] [1791170093.657190508] [joint_trajectory_controller]: Goal reached, success!
[ros2_control_node-2] [INFO] [1791170093.695245272] [joint_trajectory_controller]: Received new action goal
[ros2_control_node-2] [INFO] [1791170093.695267050] [joint_trajectory_controller]: Accepted new action goal
[ros2_control_node-2] [INFO] [1791170095.197185946] [joint_trajectory_controller]: Goal reached, success!
[ros2_control_node-2] [INFO] [1791170095.246019877] [joint_trajectory_controller]: Received new action goal
[ros2_control_node-2] [INFO] [1791170095.246041353] [joint_trajectory_controller]: Accepted new action goal
[ros2_control_node-2] [INFO] [1791170097.057183851] [joint_trajectory_controller]: Goal reached, success!
[ros2_control_node-2] [INFO] [1791170097.096973010] [joint_trajectory_controller]: Received new action goal
[ros2_control_node-2] [INFO] [1791170097.097020277] [joint_trajectory_controller]: Accepted new action goal
[ros2_control_node-2] [INFO] [1791170098.657176862] [joint_trajectory_controller]: Goal reached, success!
[ros2_control_node-2] [INFO] [1791170098.698096760] [joint_trajectory_controller]: Received new action goal
[ros2_control_node-2] [INFO] [1791170098.698122603] [joint_trajectory_controller]: Accepted new action goal
[ros2_control_node-2] [INFO] [1791170100.217182886] [joint_trajectory_controller]: Goal reached, success!
[ros2_control_node-2] [INFO] [1791170100.250174420] [joint_trajectory_controller]: Received new action goal
[ros2_control_node-2] [INFO] [1791170100.250202266] [joint_trajectory_controller]: Accepted new action goal
[ros2_control_node-2] [INFO] [1791170101.737215019] [joint_trajectory_controller]: Goal reached, success!
[ros2_control_node-2] [INFO] [1791170101.751152090] [joint_trajectory_controller]: Received new action goal
[ros2_control_node-2] [INFO] [1791170101.751174245] [joint_trajectory_controller]: Accepted new action goal
[ros2_control_node-2] [INFO] [1791170103.257225472] [joint_trajectory_controller]: Goal reached, success!
[ros2_control_node-2] [INFO] [1791170103.302175646] [joint_trajectory_controller]: Received new action goal
[ros2_control_node-2] [INFO] [1791170103.302221609] [joint_trajectory_controller]: Accepted new action goal
[ros2_control_node-2] [INFO] [1791170104.997191997] [joint_trajectory_controller]: Goal reached, success!
[ros2_control_node-2] [INFO] [1791170105.002954554] [joint_trajectory_controller]: Received new action goal
[ros2_control_node-2] [INFO] [1791170105.002977845] [joint_trajectory_controller]: Accepted new action goal
[ros2_control_node-2] [INFO] [1791170106.517179795] [joint_trajectory_controller]: Goal reached, success!
[ros2_control_node-2] [INFO] [1791170106.553897307] [joint_trajectory_controller]: Received new action goal
[ros2_control_node-2] [INFO] [1791170106.553919101] [joint_trajectory_controller]: Accepted new action goal
[ros2_control_node-2] [INFO] [1791170108.037187328] [joint_trajectory_controller]: Goal reached, success!
[ros2_control_node-2] [INFO] [1791170108.054932108] [joint_trajectory_controller]: Received new action goal
[ros2_control_node-2] [INFO] [1791170108.054953430] [joint_trajectory_controller]: Accepted new action goal
[ros2_control_node-2] [INFO] [1791170109.557191832] [joint_trajectory_controller]: Goal reached, success!
[ros2_control_node-2] [INFO] [1791170109.605783380] [joint_trajectory_controller]: Received new action goal
[ros2_control_node-2] [INFO] [1791170109.605810565] [joint_trajectory_controller]: Accepted new action goal
[ros2_control_node-2] [INFO] [1791170111.317171642] [joint_trajectory_controller]: Goal reached, success!
[ros2_control_node-2] [INFO] [1791170111.356570928] [joint_trajectory_controller]: Received new action goal
[ros2_control_node-2] [INFO] [1791170111.356594040] [joint_trajectory_controller]: Accepted new action goal
[ros2_control_node-2] [INFO] [1791170112.837181167] [joint_trajectory_controller]: Goal reached, success!
[ros2_control_node-2] [INFO] [1791170112.857633100] [joint_trajectory_controller]: Received new action goal
[ros2_control_node-2] [INFO] [1791170112.857665360] [joint_trajectory_controller]: Accepted new action goal
[ros2_control_node-2] [INFO] [1791170114.357205538] [joint_trajectory_controller]: Goal reached, success!
[ros2_control_node-2] [INFO] [1791170114.358598695] [joint_trajectory_controller]: Received new action goal
[ros2_control_node-2] [INFO] [1791170114.358620344] [joint_trajectory_controller]: Accepted new action goal
[ros2_control_node-2] [INFO] [1791170115.877198054] [joint_trajectory_controller]: Goal reached, success!
[ros2_control_node-2] [INFO] [1791170115.910533272] [joint_trajectory_controller]: Received new action goal
[ros2_control_node-2] [INFO] [1791170115.910553878] [joint_trajectory_controller]: Accepted new action goal
[ros2_control_node-2] [INFO] [1791170117.597172715] [joint_trajectory_controller]: Goal reached, success!
[ros2_control_node-2] [INFO] [1791170117.611578532] [joint_trajectory_controller]: Received new action goal
[ros2_control_node-2] [INFO] [1791170117.611603160] [joint_trajectory_controller]: Accepted new action goal
[ros2_control_node-2] [INFO] [1791170122.702194483] [joint_trajectory_controller]: Goal reached, success!
[ros2_control_node-2] [INFO] [1791170122.747554465] [joint_trajectory_controller]: Received new action goal
[ros2_control_node-2] [INFO] [1791170122.747577762] [joint_trajectory_controller]: Accepted new action goal
[ros2_control_node-2] [INFO] [1791170124.402230426] [joint_trajectory_controller]: Goal reached, success!
[ros2_control_node-2] [INFO] [1791170124.448474235] [joint_trajectory_controller]: Received new action goal
[ros2_control_node-2] [INFO] [1791170124.448496038] [joint_trajectory_controller]: Accepted new action goal
[ros2_control_node-2] [INFO] [1791170125.942238613] [joint_trajectory_controller]: Goal reached, success!
[ros2_control_node-2] [INFO] [1791170125.949334482] [joint_trajectory_controller]: Received new action goal
[ros2_control_node-2] [INFO] [1791170125.949358476] [joint_trajectory_controller]: Accepted new action goal
[ros2_control_node-2] [INFO] [1791170127.462265577] [joint_trajectory_controller]: Goal reached, success!
[ros2_control_node-2] [INFO] [1791170127.500314931] [joint_trajectory_controller]: Received new action goal
[ros2_control_node-2] [INFO] [1791170127.500344664] [joint_trajectory_controller]: Accepted new action goal
[ros2_control_node-2] [INFO] [1791170129.002237514] [joint_trajectory_controller]: Goal reached, success!
[ros2_control_node-2] [INFO] [1791170129.051303552] [joint_trajectory_controller]: Received new action goal
[ros2_control_node-2] [INFO] [1791170129.051372693] [joint_trajectory_controller]: Accepted new action goal
[ros2_control_node-2] [INFO] [1791170130.562224858] [joint_trajectory_controller]: Goal reached, success!
[ros2_control_node-2] [INFO] [1791170130.602443635] [joint_trajectory_controller]: Received new action goal
[ros2_control_node-2] [INFO] [1791170130.602468320] [joint_trajectory_controller]: Accepted new action goal
[ros2_control_node-2] [INFO] [1791170132.102233822] [joint_trajectory_controller]: Goal reached, success!
[ros2_control_node-2] [INFO] [1791170132.103373449] [joint_trajectory_controller]: Received new action goal
[ros2_control_node-2] [INFO] [1791170132.103397533] [joint_trajectory_controller]: Accepted new action goal
[ros2_control_node-2] [INFO] [1791170133.622263927] [joint_trajectory_controller]: Goal reached, success!
[ros2_control_node-2] [INFO] [1791170133.654285998] [joint_trajectory_controller]: Received new action goal
[ros2_control_node-2] [INFO] [1791170133.654311800] [joint_trajectory_controller]: Accepted new action goal
[ros2_control_node-2] [INFO] [1791170135.162224258] [joint_trajectory_controller]: Goal reached, success!
[ros2_control_node-2] [INFO] [1791170135.206216740] [joint_trajectory_controller]: Received new action goal
[ros2_control_node-2] [INFO] [1791170135.206243230] [joint_trajectory_controller]: Accepted new action goal
[ros2_control_node-2] [INFO] [1791170136.702238549] [joint_trajectory_controller]: Goal reached, success!
[ros2_control_node-2] [INFO] [1791170136.707082751] [joint_trajectory_controller]: Received new action goal
[ros2_control_node-2] [INFO] [1791170136.707103982] [joint_trajectory_controller]: Accepted new action goal
[ros2_control_node-2] [INFO] [1791170138.202231997] [joint_trajectory_controller]: Goal reached, success!
[ros2_control_node-2] [INFO] [1791170138.208038952] [joint_trajectory_controller]: Received new action goal
[ros2_control_node-2] [INFO] [1791170138.208058820] [joint_trajectory_controller]: Accepted new action goal
[ros2_control_node-2] [INFO] [1791170139.702234474] [joint_trajectory_controller]: Goal reached, success!
[ros2_control_node-2] [INFO] [1791170139.709056246] [joint_trajectory_controller]: Received new action goal
[ros2_control_node-2] [INFO] [1791170139.709077847] [joint_trajectory_controller]: Accepted new action goal
[ros2_control_node-2] [INFO] [1791170141.202236372] [joint_trajectory_controller]: Goal reached, success!
[ros2_control_node-2] [INFO] [1791170141.209921174] [joint_trajectory_controller]: Received new action goal
[ros2_control_node-2] [INFO] [1791170141.209940121] [joint_trajectory_controller]: Accepted new action goal
[ros2_control_node-2] [INFO] [1791170142.722246900] [joint_trajectory_controller]: Goal reached, success!
[ros2_control_node-2] [INFO] [1791170142.760883317] [joint_trajectory_controller]: Received new action goal
[ros2_control_node-2] [INFO] [1791170142.760905856] [joint_trajectory_controller]: Accepted new action goal
[ros2_control_node-2] [INFO] [1791170144.262241822] [joint_trajectory_controller]: Goal reached, success!
[ros2_control_node-2] [INFO] [1791170144.311926429] [joint_trajectory_controller]: Received new action goal
[ros2_control_node-2] [INFO] [1791170144.311948008] [joint_trajectory_controller]: Accepted new action goal
[ros2_control_node-2] [INFO] [1791170145.822225442] [joint_trajectory_controller]: Goal reached, success!
[ros2_control_node-2] [INFO] [1791170145.863039540] [joint_trajectory_controller]: Received new action goal
[ros2_control_node-2] [INFO] [1791170145.863063158] [joint_trajectory_controller]: Accepted new action goal
[ros2_control_node-2] [INFO] [1791170147.362240605] [joint_trajectory_controller]: Goal reached, success!
[ros2_control_node-2] [INFO] [1791170147.364004284] [joint_trajectory_controller]: Received new action goal
[ros2_control_node-2] [INFO] [1791170147.364029189] [joint_trajectory_controller]: Accepted new action goal
[ros2_control_node-2] [INFO] [1791170148.882231970] [joint_trajectory_controller]: Goal reached, success!
[ros2_control_node-2] [INFO] [1791170148.914999800] [joint_trajectory_controller]: Received new action goal
[ros2_control_node-2] [INFO] [1791170148.915021807] [joint_trajectory_controller]: Accepted new action goal
[ros2_control_node-2] [INFO] [1791170150.402236197] [joint_trajectory_controller]: Goal reached, success!
[ros2_control_node-2] [INFO] [1791170150.416696978] [joint_trajectory_controller]: Received new action goal
[ros2_control_node-2] [INFO] [1791170150.416733909] [joint_trajectory_controller]: Accepted new action goal
[ros2_control_node-2] [INFO] [1791170151.922238550] [joint_trajectory_controller]: Goal reached, success!
[ros2_control_node-2] [INFO] [1791170151.967618435] [joint_trajectory_controller]: Received new action goal
[ros2_control_node-2] [INFO] [1791170151.967642037] [joint_trajectory_controller]: Accepted new action goal
[ros2_control_node-2] [INFO] [1791170153.482256516] [joint_trajectory_controller]: Goal reached, success!
[ros2_control_node-2] [INFO] [1791170153.518596740] [joint_trajectory_controller]: Received new action goal
[ros2_control_node-2] [INFO] [1791170153.518619014] [joint_trajectory_controller]: Accepted new action goal
[ros2_control_node-2] [INFO] [1791170158.586771876] [joint_trajectory_controller]: Goal reached, success!
[ros2_control_node-2] [INFO] [1791170158.604131541] [joint_trajectory_controller]: Received new action goal
[ros2_control_node-2] [INFO] [1791170158.604155776] [joint_trajectory_controller]: Accepted new action goal
[ros2_control_node-2] [INFO] [1791170160.106790217] [joint_trajectory_controller]: Goal reached, success!
[ros2_control_node-2] [INFO] [1791170160.155085038] [joint_trajectory_controller]: Received new action goal
[ros2_control_node-2] [INFO] [1791170160.155106940] [joint_trajectory_controller]: Accepted new action goal
[ros2_control_node-2] [INFO] [1791170161.646773547] [joint_trajectory_controller]: Goal reached, success!
[ros2_control_node-2] [INFO] [1791170161.656092830] [joint_trajectory_controller]: Received new action goal
[ros2_control_node-2] [INFO] [1791170161.656116694] [joint_trajectory_controller]: Accepted new action goal
[ros2_control_node-2] [INFO] [1791170163.146825097] [joint_trajectory_controller]: Goal reached, success!
[ros2_control_node-2] [INFO] [1791170163.157129347] [joint_trajectory_controller]: Received new action goal
[ros2_control_node-2] [INFO] [1791170163.157161458] [joint_trajectory_controller]: Accepted new action goal
[ros2_control_node-2] [INFO] [1791170164.666780854] [joint_trajectory_controller]: Goal reached, success!
[ros2_control_node-2] [INFO] [1791170164.708170613] [joint_trajectory_controller]: Received new action goal
[ros2_control_node-2] [INFO] [1791170164.708191637] [joint_trajectory_controller]: Accepted new action goal
[ros2_control_node-2] [INFO] [1791170166.206780674] [joint_trajectory_controller]: Goal reached, success!
[ros2_control_node-2] [INFO] [1791170166.208906720] [joint_trajectory_controller]: Received new action goal
[ros2_control_node-2] [INFO] [1791170166.208926115] [joint_trajectory_controller]: Accepted new action goal
[ros2_control_node-2] [INFO] [1791170167.726787828] [joint_trajectory_controller]: Goal reached, success!
[ros2_control_node-2] [INFO] [1791170167.759901223] [joint_trajectory_controller]: Received new action goal
[ros2_control_node-2] [INFO] [1791170167.759926316] [joint_trajectory_controller]: Accepted new action goal
[ros2_control_node-2] [INFO] [1791170169.266785299] [joint_trajectory_controller]: Goal reached, success!
[ros2_control_node-2] [INFO] [1791170169.311810707] [joint_trajectory_controller]: Received new action goal
[ros2_control_node-2] [INFO] [1791170169.311837324] [joint_trajectory_controller]: Accepted new action goal
[ros2_control_node-2] [INFO] [1791170170.806784437] [joint_trajectory_controller]: Goal reached, success!
[ros2_control_node-2] [INFO] [1791170170.812723392] [joint_trajectory_controller]: Received new action goal
[ros2_control_node-2] [INFO] [1791170170.812744320] [joint_trajectory_controller]: Accepted new action goal
[ros2_control_node-2] [INFO] [1791170172.326788457] [joint_trajectory_controller]: Goal reached, success!
[ros2_control_node-2] [INFO] [1791170172.363724402] [joint_trajectory_controller]: Received new action goal
[ros2_control_node-2] [INFO] [1791170172.363753667] [joint_trajectory_controller]: Accepted new action goal
[ros2_control_node-2] [INFO] [1791170173.866771108] [joint_trajectory_controller]: Goal reached, success!
[ros2_control_node-2] [INFO] [1791170173.914689568] [joint_trajectory_controller]: Received new action goal
[ros2_control_node-2] [INFO] [1791170173.914715042] [joint_trajectory_controller]: Accepted new action goal
[ros2_control_node-2] [INFO] [1791170175.486774977] [joint_trajectory_controller]: Goal reached, success!
[ros2_control_node-2] [INFO] [1791170175.515688161] [joint_trajectory_controller]: Received new action goal
[ros2_control_node-2] [INFO] [1791170175.515722480] [joint_trajectory_controller]: Accepted new action goal
[ros2_control_node-2] [INFO] [1791170177.006828537] [joint_trajectory_controller]: Goal reached, success!
[ros2_control_node-2] [INFO] [1791170177.016971712] [joint_trajectory_controller]: Received new action goal
[ros2_control_node-2] [INFO] [1791170177.017010518] [joint_trajectory_controller]: Accepted new action goal
[ros2_control_node-2] [INFO] [1791170178.526788078] [joint_trajectory_controller]: Goal reached, success!
[ros2_control_node-2] [INFO] [1791170178.568083890] [joint_trajectory_controller]: Received new action goal
[ros2_control_node-2] [INFO] [1791170178.568110716] [joint_trajectory_controller]: Accepted new action goal
[ros2_control_node-2] [INFO] [1791170180.246774466] [joint_trajectory_controller]: Goal reached, success!
[ros2_control_node-2] [INFO] [1791170180.268942536] [joint_trajectory_controller]: Received new action goal
[ros2_control_node-2] [INFO] [1791170180.268963488] [joint_trajectory_controller]: Accepted new action goal
[ros2_control_node-2] [INFO] [1791170181.786794774] [joint_trajectory_controller]: Goal reached, success!
[ros2_control_node-2] [INFO] [1791170181.819941209] [joint_trajectory_controller]: Received new action goal
[ros2_control_node-2] [INFO] [1791170181.819966108] [joint_trajectory_controller]: Accepted new action goal
[ros2_control_node-2] [INFO] [1791170183.326790821] [joint_trajectory_controller]: Goal reached, success!
[ros2_control_node-2] [INFO] [1791170183.370900474] [joint_trajectory_controller]: Received new action goal
[ros2_control_node-2] [INFO] [1791170183.370922789] [joint_trajectory_controller]: Accepted new action goal
[ros2_control_node-2] [INFO] [1791170184.946770377] [joint_trajectory_controller]: Goal reached, success!
[ros2_control_node-2] [INFO] [1791170184.972817193] [joint_trajectory_controller]: Received new action goal
[ros2_control_node-2] [INFO] [1791170184.972840185] [joint_trajectory_controller]: Accepted new action goal
[ros2_control_node-2] [INFO] [1791170186.486842931] [joint_trajectory_controller]: Goal reached, success!
[ros2_control_node-2] [INFO] [1791170186.523748757] [joint_trajectory_controller]: Received new action goal
[ros2_control_node-2] [INFO] [1791170186.523776291] [joint_trajectory_controller]: Accepted new action goal
[ros2_control_node-2] [INFO] [1791170188.026782822] [joint_trajectory_controller]: Goal reached, success!
[ros2_control_node-2] [INFO] [1791170188.074810288] [joint_trajectory_controller]: Received new action goal
[ros2_control_node-2] [INFO] [1791170188.074849714] [joint_trajectory_controller]: Accepted new action goal
[ros2_control_node-2] [INFO] [1791170189.786783828] [joint_trajectory_controller]: Goal reached, success!
[ros2_control_node-2] [INFO] [1791170189.825958629] [joint_trajectory_controller]: Received new action goal
[ros2_control_node-2] [INFO] [1791170189.825981526] [joint_trajectory_controller]: Accepted new action goal
[ros2_control_node-2] [INFO] [1791170195.048560556] [joint_trajectory_controller]: Goal reached, success!
[ros2_control_node-2] [INFO] [1791170195.058675801] [joint_trajectory_controller]: Received new action goal
[ros2_control_node-2] [INFO] [1791170195.058698975] [joint_trajectory_controller]: Accepted new action goal
[ros2_control_node-2] [INFO] [1791170196.568568982] [joint_trajectory_controller]: Goal reached, success!
[ros2_control_node-2] [INFO] [1791170196.609569765] [joint_trajectory_controller]: Received new action goal
[ros2_control_node-2] [INFO] [1791170196.609592651] [joint_trajectory_controller]: Accepted new action goal
[ros2_control_node-2] [INFO] [1791170198.128544597] [joint_trajectory_controller]: Goal reached, success!
[ros2_control_node-2] [INFO] [1791170198.160445307] [joint_trajectory_controller]: Received new action goal
[ros2_control_node-2] [INFO] [1791170198.160468661] [joint_trajectory_controller]: Accepted new action goal
[ros2_control_node-2] [INFO] [1791170199.668553436] [joint_trajectory_controller]: Goal reached, success!
[ros2_control_node-2] [INFO] [1791170199.711412779] [joint_trajectory_controller]: Received new action goal
[ros2_control_node-2] [INFO] [1791170199.711433895] [joint_trajectory_controller]: Accepted new action goal
[ros2_control_node-2] [INFO] [1791170201.228555360] [joint_trajectory_controller]: Goal reached, success!
[ros2_control_node-2] [INFO] [1791170201.262272760] [joint_trajectory_controller]: Received new action goal
[ros2_control_node-2] [INFO] [1791170201.262297133] [joint_trajectory_controller]: Accepted new action goal
[ros2_control_node-2] [INFO] [1791170202.748584022] [joint_trajectory_controller]: Goal reached, success!
[ros2_control_node-2] [INFO] [1791170202.763407136] [joint_trajectory_controller]: Received new action goal
[ros2_control_node-2] [INFO] [1791170202.763438985] [joint_trajectory_controller]: Accepted new action goal
[ros2_control_node-2] [INFO] [1791170204.528565149] [joint_trajectory_controller]: Goal reached, success!
[ros2_control_node-2] [INFO] [1791170204.564912239] [joint_trajectory_controller]: Received new action goal
[ros2_control_node-2] [INFO] [1791170204.564945987] [joint_trajectory_controller]: Accepted new action goal
[ros2_control_node-2] [INFO] [1791170206.068559506] [joint_trajectory_controller]: Goal reached, success!
[ros2_control_node-2] [INFO] [1791170206.115938151] [joint_trajectory_controller]: Received new action goal
[ros2_control_node-2] [INFO] [1791170206.115961629] [joint_trajectory_controller]: Accepted new action goal
[ros2_control_node-2] [INFO] [1791170207.648549476] [joint_trajectory_controller]: Goal reached, success!
[ros2_control_node-2] [INFO] [1791170207.666995161] [joint_trajectory_controller]: Received new action goal
[ros2_control_node-2] [INFO] [1791170207.667022197] [joint_trajectory_controller]: Accepted new action goal
[ros2_control_node-2] [INFO] [1791170209.308599966] [joint_trajectory_controller]: Goal reached, success!
[ros2_control_node-2] [INFO] [1791170209.317965462] [joint_trajectory_controller]: Received new action goal
[ros2_control_node-2] [INFO] [1791170209.317986499] [joint_trajectory_controller]: Accepted new action goal
[ros2_control_node-2] [INFO] [1791170210.808566276] [joint_trajectory_controller]: Goal reached, success!
[ros2_control_node-2] [INFO] [1791170210.819008640] [joint_trajectory_controller]: Received new action goal
[ros2_control_node-2] [INFO] [1791170210.819031830] [joint_trajectory_controller]: Accepted new action goal
[ros2_control_node-2] [INFO] [1791170212.328563715] [joint_trajectory_controller]: Goal reached, success!
[ros2_control_node-2] [INFO] [1791170212.370019932] [joint_trajectory_controller]: Received new action goal
[ros2_control_node-2] [INFO] [1791170212.370043043] [joint_trajectory_controller]: Accepted new action goal
[ros2_control_node-2] [INFO] [1791170214.148560188] [joint_trajectory_controller]: Goal reached, success!
[ros2_control_node-2] [INFO] [1791170214.170954627] [joint_trajectory_controller]: Received new action goal
[ros2_control_node-2] [INFO] [1791170214.170977150] [joint_trajectory_controller]: Accepted new action goal
[ros2_control_node-2] [INFO] [1791170215.668574664] [joint_trajectory_controller]: Goal reached, success!
[ros2_control_node-2] [INFO] [1791170215.671931878] [joint_trajectory_controller]: Received new action goal
[ros2_control_node-2] [INFO] [1791170215.671950986] [joint_trajectory_controller]: Accepted new action goal
[ros2_control_node-2] [INFO] [1791170217.188553405] [joint_trajectory_controller]: Goal reached, success!
[ros2_control_node-2] [INFO] [1791170217.222868976] [joint_trajectory_controller]: Received new action goal
[ros2_control_node-2] [INFO] [1791170217.222889312] [joint_trajectory_controller]: Accepted new action goal
[ros2_control_node-2] [INFO] [1791170218.708548120] [joint_trajectory_controller]: Goal reached, success!
[ros2_control_node-2] [INFO] [1791170218.723866134] [joint_trajectory_controller]: Received new action goal
[ros2_control_node-2] [INFO] [1791170218.723887080] [joint_trajectory_controller]: Accepted new action goal
[ros2_control_node-2] [INFO] [1791170220.208553328] [joint_trajectory_controller]: Goal reached, success!
[ros2_control_node-2] [INFO] [1791170220.225775702] [joint_trajectory_controller]: Received new action goal
[ros2_control_node-2] [INFO] [1791170220.225796833] [joint_trajectory_controller]: Accepted new action goal
[ros2_control_node-2] [INFO] [1791170221.708552012] [joint_trajectory_controller]: Goal reached, success!
[ros2_control_node-2] [INFO] [1791170221.726652942] [joint_trajectory_controller]: Received new action goal
[ros2_control_node-2] [INFO] [1791170221.726674232] [joint_trajectory_controller]: Accepted new action goal
[ros2_control_node-2] [INFO] [1791170223.228552781] [joint_trajectory_controller]: Goal reached, success!
[ros2_control_node-2] [INFO] [1791170223.277628573] [joint_trajectory_controller]: Received new action goal
[ros2_control_node-2] [INFO] [1791170223.277653146] [joint_trajectory_controller]: Accepted new action goal
[ros2_control_node-2] [INFO] [1791170224.788550228] [joint_trajectory_controller]: Goal reached, success!
[ros2_control_node-2] [INFO] [1791170224.828579271] [joint_trajectory_controller]: Received new action goal
[ros2_control_node-2] [INFO] [1791170224.828600345] [joint_trajectory_controller]: Accepted new action goal
[ros2_control_node-2] [INFO] [1791170226.348569444] [joint_trajectory_controller]: Goal reached, success!
[ros2_control_node-2] [INFO] [1791170226.379602147] [joint_trajectory_controller]: Received new action goal
[ros2_control_node-2] [INFO] [1791170226.379625885] [joint_trajectory_controller]: Accepted new action goal
[ros2_control_node-2] [INFO] [1791170231.474537900] [joint_trajectory_controller]: Goal reached, success!
[ros2_control_node-2] [INFO] [1791170231.516623405] [joint_trajectory_controller]: Received new action goal
[ros2_control_node-2] [INFO] [1791170231.516646148] [joint_trajectory_controller]: Accepted new action goal
[ros2_control_node-2] [INFO] [1791170233.094530706] [joint_trajectory_controller]: Goal reached, success!
[ros2_control_node-2] [INFO] [1791170233.117545887] [joint_trajectory_controller]: Received new action goal
[ros2_control_node-2] [INFO] [1791170233.117581196] [joint_trajectory_controller]: Accepted new action goal
[ros2_control_node-2] [INFO] [1791170234.654530995] [joint_trajectory_controller]: Goal reached, success!
[ros2_control_node-2] [INFO] [1791170234.668497836] [joint_trajectory_controller]: Received new action goal
[ros2_control_node-2] [INFO] [1791170234.668523898] [joint_trajectory_controller]: Accepted new action goal
[ros2_control_node-2] [INFO] [1791170236.174538934] [joint_trajectory_controller]: Goal reached, success!
[ros2_control_node-2] [INFO] [1791170236.219315916] [joint_trajectory_controller]: Received new action goal
[ros2_control_node-2] [INFO] [1791170236.219340835] [joint_trajectory_controller]: Accepted new action goal
[ros2_control_node-2] [INFO] [1791170237.734533927] [joint_trajectory_controller]: Goal reached, success!
[ros2_control_node-2] [INFO] [1791170237.770345090] [joint_trajectory_controller]: Received new action goal
[ros2_control_node-2] [INFO] [1791170237.770376296] [joint_trajectory_controller]: Accepted new action goal
[ros2_control_node-2] [INFO] [1791170239.274538280] [joint_trajectory_controller]: Goal reached, success!
[ros2_control_node-2] [INFO] [1791170239.321724885] [joint_trajectory_controller]: Received new action goal
[ros2_control_node-2] [INFO] [1791170239.321753652] [joint_trajectory_controller]: Accepted new action goal
[ros2_control_node-2] [INFO] [1791170240.814549265] [joint_trajectory_controller]: Goal reached, success!
[ros2_control_node-2] [INFO] [1791170240.822596014] [joint_trajectory_controller]: Received new action goal
[ros2_control_node-2] [INFO] [1791170240.822616740] [joint_trajectory_controller]: Accepted new action goal
[ros2_control_node-2] [INFO] [1791170242.314554389] [joint_trajectory_controller]: Goal reached, success!
[ros2_control_node-2] [INFO] [1791170242.323651782] [joint_trajectory_controller]: Received new action goal
[ros2_control_node-2] [INFO] [1791170242.323692938] [joint_trajectory_controller]: Accepted new action goal
[ros2_control_node-2] [INFO] [1791170243.834559475] [joint_trajectory_controller]: Goal reached, success!
[ros2_control_node-2] [INFO] [1791170243.874691197] [joint_trajectory_controller]: Received new action goal
[ros2_control_node-2] [INFO] [1791170243.874717092] [joint_trajectory_controller]: Accepted new action goal
[ros2_control_node-2] [INFO] [1791170245.374547648] [joint_trajectory_controller]: Goal reached, success!
[ros2_control_node-2] [INFO] [1791170245.375779877] [joint_trajectory_controller]: Received new action goal
[ros2_control_node-2] [INFO] [1791170245.375800048] [joint_trajectory_controller]: Accepted new action goal
[ros2_control_node-2] [INFO] [1791170246.894547669] [joint_trajectory_controller]: Goal reached, success!
[ros2_control_node-2] [INFO] [1791170246.926760802] [joint_trajectory_controller]: Received new action goal
[ros2_control_node-2] [INFO] [1791170246.926783168] [joint_trajectory_controller]: Accepted new action goal
[ros2_control_node-2] [INFO] [1791170248.414532091] [joint_trajectory_controller]: Goal reached, success!
[ros2_control_node-2] [INFO] [1791170248.427684311] [joint_trajectory_controller]: Received new action goal
[ros2_control_node-2] [INFO] [1791170248.427704358] [joint_trajectory_controller]: Accepted new action goal
[ros2_control_node-2] [INFO] [1791170249.934564891] [joint_trajectory_controller]: Goal reached, success!
[ros2_control_node-2] [INFO] [1791170249.978649360] [joint_trajectory_controller]: Received new action goal
[ros2_control_node-2] [INFO] [1791170249.978683085] [joint_trajectory_controller]: Accepted new action goal
[ros2_control_node-2] [INFO] [1791170251.494533663] [joint_trajectory_controller]: Goal reached, success!
[ros2_control_node-2] [INFO] [1791170251.529651330] [joint_trajectory_controller]: Received new action goal
[ros2_control_node-2] [INFO] [1791170251.529673341] [joint_trajectory_controller]: Accepted new action goal
[ros2_control_node-2] [INFO] [1791170253.014538360] [joint_trajectory_controller]: Goal reached, success!
[ros2_control_node-2] [INFO] [1791170253.030461789] [joint_trajectory_controller]: Received new action goal
[ros2_control_node-2] [INFO] [1791170253.030482983] [joint_trajectory_controller]: Accepted new action goal
[ros2_control_node-2] [INFO] [1791170254.534536255] [joint_trajectory_controller]: Goal reached, success!
[ros2_control_node-2] [INFO] [1791170254.581924569] [joint_trajectory_controller]: Received new action goal
[ros2_control_node-2] [INFO] [1791170254.581953399] [joint_trajectory_controller]: Accepted new action goal
[ros2_control_node-2] [INFO] [1791170256.094550975] [joint_trajectory_controller]: Goal reached, success!
[ros2_control_node-2] [INFO] [1791170256.132718264] [joint_trajectory_controller]: Received new action goal
[ros2_control_node-2] [INFO] [1791170256.132740653] [joint_trajectory_controller]: Accepted new action goal
[ros2_control_node-2] [INFO] [1791170257.634554592] [joint_trajectory_controller]: Goal reached, success!
[ros2_control_node-2] [INFO] [1791170257.683599202] [joint_trajectory_controller]: Received new action goal
[ros2_control_node-2] [INFO] [1791170257.683621553] [joint_trajectory_controller]: Accepted new action goal
[ros2_control_node-2] [INFO] [1791170259.194533613] [joint_trajectory_controller]: Goal reached, success!
[ros2_control_node-2] [INFO] [1791170259.234747644] [joint_trajectory_controller]: Received new action goal
[ros2_control_node-2] [INFO] [1791170259.234785307] [joint_trajectory_controller]: Accepted new action goal
[ros2_control_node-2] [INFO] [1791170260.754536062] [joint_trajectory_controller]: Goal reached, success!
[ros2_control_node-2] [INFO] [1791170260.785819917] [joint_trajectory_controller]: Received new action goal
[ros2_control_node-2] [INFO] [1791170260.785841607] [joint_trajectory_controller]: Accepted new action goal
[ros2_control_node-2] [INFO] [1791170262.294548170] [joint_trajectory_controller]: Goal reached, success!
[ros2_control_node-2] [INFO] [1791170262.336974851] [joint_trajectory_controller]: Received new action goal
[ros2_control_node-2] [INFO] [1791170262.336998884] [joint_trajectory_controller]: Accepted new action goal
[ros2_control_node-2] [INFO] [1791170267.417503367] [joint_trajectory_controller]: Goal reached, success!
[ros2_control_node-2] [INFO] [1791170267.420818891] [joint_trajectory_controller]: Received new action goal
[ros2_control_node-2] [INFO] [1791170267.420838068] [joint_trajectory_controller]: Accepted new action goal
[ros2_control_node-2] [INFO] [1791170268.937495195] [joint_trajectory_controller]: Goal reached, success!
[ros2_control_node-2] [INFO] [1791170268.971776735] [joint_trajectory_controller]: Received new action goal
[ros2_control_node-2] [INFO] [1791170268.971798841] [joint_trajectory_controller]: Accepted new action goal
[ros2_control_node-2] [INFO] [1791170270.477489679] [joint_trajectory_controller]: Goal reached, success!
[ros2_control_node-2] [INFO] [1791170270.522732165] [joint_trajectory_controller]: Received new action goal
[ros2_control_node-2] [INFO] [1791170270.522760077] [joint_trajectory_controller]: Accepted new action goal
[ros2_control_node-2] [INFO] [1791170272.017523331] [joint_trajectory_controller]: Goal reached, success!
[ros2_control_node-2] [INFO] [1791170272.023702775] [joint_trajectory_controller]: Received new action goal
[ros2_control_node-2] [INFO] [1791170272.023723105] [joint_trajectory_controller]: Accepted new action goal
[ros2_control_node-2] [INFO] [1791170273.537512195] [joint_trajectory_controller]: Goal reached, success!
[ros2_control_node-2] [INFO] [1791170273.575365639] [joint_trajectory_controller]: Received new action goal
[ros2_control_node-2] [INFO] [1791170273.575388013] [joint_trajectory_controller]: Accepted new action goal
[ros2_control_node-2] [INFO] [1791170275.157504442] [joint_trajectory_controller]: Goal reached, success!
[ros2_control_node-2] [INFO] [1791170275.176381839] [joint_trajectory_controller]: Received new action goal
[ros2_control_node-2] [INFO] [1791170275.176426262] [joint_trajectory_controller]: Accepted new action goal
[ros2_control_node-2] [INFO] [1791170276.677509959] [joint_trajectory_controller]: Goal reached, success!
[ros2_control_node-2] [INFO] [1791170276.727438477] [joint_trajectory_controller]: Received new action goal
[ros2_control_node-2] [INFO] [1791170276.727471707] [joint_trajectory_controller]: Accepted new action goal
[ros2_control_node-2] [INFO] [1791170278.217493871] [joint_trajectory_controller]: Goal reached, success!
[ros2_control_node-2] [INFO] [1791170278.228441449] [joint_trajectory_controller]: Received new action goal
[ros2_control_node-2] [INFO] [1791170278.228470016] [joint_trajectory_controller]: Accepted new action goal
[ros2_control_node-2] [INFO] [1791170279.737509950] [joint_trajectory_controller]: Goal reached, success!
[ros2_control_node-2] [INFO] [1791170279.779388880] [joint_trajectory_controller]: Received new action goal
[ros2_control_node-2] [INFO] [1791170279.779411941] [joint_trajectory_controller]: Accepted new action goal
[ros2_control_node-2] [INFO] [1791170281.297497710] [joint_trajectory_controller]: Goal reached, success!
[ros2_control_node-2] [INFO] [1791170281.330392474] [joint_trajectory_controller]: Received new action goal
[ros2_control_node-2] [INFO] [1791170281.330415113] [joint_trajectory_controller]: Accepted new action goal
[ros2_control_node-2] [INFO] [1791170282.817502076] [joint_trajectory_controller]: Goal reached, success!
[ros2_control_node-2] [INFO] [1791170282.831903550] [joint_trajectory_controller]: Received new action goal
[ros2_control_node-2] [INFO] [1791170282.831961136] [joint_trajectory_controller]: Accepted new action goal
[ros2_control_node-2] [INFO] [1791170284.337507342] [joint_trajectory_controller]: Goal reached, success!
[ros2_control_node-2] [INFO] [1791170284.382914652] [joint_trajectory_controller]: Received new action goal
[ros2_control_node-2] [INFO] [1791170284.382940814] [joint_trajectory_controller]: Accepted new action goal
[ros2_control_node-2] [INFO] [1791170285.897494486] [joint_trajectory_controller]: Goal reached, success!
[ros2_control_node-2] [INFO] [1791170285.933910625] [joint_trajectory_controller]: Received new action goal
[ros2_control_node-2] [INFO] [1791170285.933932261] [joint_trajectory_controller]: Accepted new action goal
[ros2_control_node-2] [INFO] [1791170287.417492729] [joint_trajectory_controller]: Goal reached, success!
[ros2_control_node-2] [INFO] [1791170287.434864883] [joint_trajectory_controller]: Received new action goal
[ros2_control_node-2] [INFO] [1791170287.434886016] [joint_trajectory_controller]: Accepted new action goal
[ros2_control_node-2] [INFO] [1791170288.917514684] [joint_trajectory_controller]: Goal reached, success!
[ros2_control_node-2] [INFO] [1791170288.936817497] [joint_trajectory_controller]: Received new action goal
[ros2_control_node-2] [INFO] [1791170288.936840760] [joint_trajectory_controller]: Accepted new action goal
[ros2_control_node-2] [INFO] [1791170290.837643290] [joint_trajectory_controller]: Goal reached, success!
[ros2_control_node-2] [INFO] [1791170290.887835340] [joint_trajectory_controller]: Received new action goal
[ros2_control_node-2] [INFO] [1791170290.887860579] [joint_trajectory_controller]: Accepted new action goal
[ros2_control_node-2] [INFO] [1791170292.377648920] [joint_trajectory_controller]: Goal reached, success!
[ros2_control_node-2] [INFO] [1791170292.388736161] [joint_trajectory_controller]: Received new action goal
[ros2_control_node-2] [INFO] [1791170292.388757395] [joint_trajectory_controller]: Accepted new action goal
[ros2_control_node-2] [INFO] [1791170293.897502707] [joint_trajectory_controller]: Goal reached, success!
[ros2_control_node-2] [INFO] [1791170293.939607843] [joint_trajectory_controller]: Received new action goal
[ros2_control_node-2] [INFO] [1791170293.939630504] [joint_trajectory_controller]: Accepted new action goal
[ros2_control_node-2] [INFO] [1791170295.457492638] [joint_trajectory_controller]: Goal reached, success!
[ros2_control_node-2] [INFO] [1791170295.490532998] [joint_trajectory_controller]: Received new action goal
[ros2_control_node-2] [INFO] [1791170295.490557003] [joint_trajectory_controller]: Accepted new action goal
[ros2_control_node-2] [INFO] [1791170296.977512414] [joint_trajectory_controller]: Goal reached, success!
[ros2_control_node-2] [INFO] [1791170296.991658369] [joint_trajectory_controller]: Received new action goal
[ros2_control_node-2] [INFO] [1791170296.991679022] [joint_trajectory_controller]: Accepted new action goal
[ros2_control_node-2] [INFO] [1791170302.081496276] [joint_trajectory_controller]: Goal reached, success!
[ros2_control_node-2] [INFO] [1791170302.126559204] [joint_trajectory_controller]: Received new action goal
[ros2_control_node-2] [INFO] [1791170302.126582102] [joint_trajectory_controller]: Accepted new action goal
[ros2_control_node-2] [INFO] [1791170303.641479579] [joint_trajectory_controller]: Goal reached, success!
[ros2_control_node-2] [INFO] [1791170303.677519190] [joint_trajectory_controller]: Received new action goal
[ros2_control_node-2] [INFO] [1791170303.677542593] [joint_trajectory_controller]: Accepted new action goal
[ros2_control_node-2] [INFO] [1791170305.181493598] [joint_trajectory_controller]: Goal reached, success!
[ros2_control_node-2] [INFO] [1791170305.228461956] [joint_trajectory_controller]: Received new action goal
[ros2_control_node-2] [INFO] [1791170305.228508252] [joint_trajectory_controller]: Accepted new action goal
[ros2_control_node-2] [INFO] [1791170306.741489606] [joint_trajectory_controller]: Goal reached, success!
[ros2_control_node-2] [INFO] [1791170306.779495766] [joint_trajectory_controller]: Received new action goal
[ros2_control_node-2] [INFO] [1791170306.779522013] [joint_trajectory_controller]: Accepted new action goal
[ros2_control_node-2] [INFO] [1791170308.261530604] [joint_trajectory_controller]: Goal reached, success!
[ros2_control_node-2] [INFO] [1791170308.281109802] [joint_trajectory_controller]: Received new action goal
[ros2_control_node-2] [INFO] [1791170308.281137412] [joint_trajectory_controller]: Accepted new action goal
[ros2_control_node-2] [INFO] [1791170309.781497851] [joint_trajectory_controller]: Goal reached, success!
[ros2_control_node-2] [INFO] [1791170309.831921599] [joint_trajectory_controller]: Received new action goal
[ros2_control_node-2] [INFO] [1791170309.831942502] [joint_trajectory_controller]: Accepted new action goal
[ros2_control_node-2] [INFO] [1791170311.341493879] [joint_trajectory_controller]: Goal reached, success!
[ros2_control_node-2] [INFO] [1791170311.382785508] [joint_trajectory_controller]: Received new action goal
[ros2_control_node-2] [INFO] [1791170311.382806138] [joint_trajectory_controller]: Accepted new action goal
[ros2_control_node-2] [INFO] [1791170312.881500861] [joint_trajectory_controller]: Goal reached, success!
[ros2_control_node-2] [INFO] [1791170312.883749186] [joint_trajectory_controller]: Received new action goal
[ros2_control_node-2] [INFO] [1791170312.883769593] [joint_trajectory_controller]: Accepted new action goal
[ros2_control_node-2] [INFO] [1791170314.401483788] [joint_trajectory_controller]: Goal reached, success!
[ros2_control_node-2] [INFO] [1791170314.434832833] [joint_trajectory_controller]: Received new action goal
[ros2_control_node-2] [INFO] [1791170314.434854966] [joint_trajectory_controller]: Accepted new action goal
[ros2_control_node-2] [INFO] [1791170316.201487241] [joint_trajectory_controller]: Goal reached, success!
[ros2_control_node-2] [INFO] [1791170316.235718023] [joint_trajectory_controller]: Received new action goal
[ros2_control_node-2] [INFO] [1791170316.235744427] [joint_trajectory_controller]: Accepted new action goal
[ros2_control_node-2] [INFO] [1791170317.721506973] [joint_trajectory_controller]: Goal reached, success!
[ros2_control_node-2] [INFO] [1791170317.736780127] [joint_trajectory_controller]: Received new action goal
[ros2_control_node-2] [INFO] [1791170317.736802381] [joint_trajectory_controller]: Accepted new action goal
[ros2_control_node-2] [INFO] [1791170319.221495183] [joint_trajectory_controller]: Goal reached, success!
[ros2_control_node-2] [INFO] [1791170319.237714531] [joint_trajectory_controller]: Received new action goal
[ros2_control_node-2] [INFO] [1791170319.237733666] [joint_trajectory_controller]: Accepted new action goal
[ros2_control_node-2] [INFO] [1791170320.741494123] [joint_trajectory_controller]: Goal reached, success!
[ros2_control_node-2] [INFO] [1791170320.788716802] [joint_trajectory_controller]: Received new action goal
[ros2_control_node-2] [INFO] [1791170320.788741150] [joint_trajectory_controller]: Accepted new action goal
[ros2_control_node-2] [INFO] [1791170322.321483334] [joint_trajectory_controller]: Goal reached, success!
[ros2_control_node-2] [INFO] [1791170322.339637546] [joint_trajectory_controller]: Received new action goal
[ros2_control_node-2] [INFO] [1791170322.339658392] [joint_trajectory_controller]: Accepted new action goal
[ros2_control_node-2] [INFO] [1791170323.841480526] [joint_trajectory_controller]: Goal reached, success!
[ros2_control_node-2] [INFO] [1791170323.891784778] [joint_trajectory_controller]: Received new action goal
[ros2_control_node-2] [INFO] [1791170323.891808803] [joint_trajectory_controller]: Accepted new action goal
[ros2_control_node-2] [INFO] [1791170325.381520242] [joint_trajectory_controller]: Goal reached, success!
[ros2_control_node-2] [INFO] [1791170325.392811153] [joint_trajectory_controller]: Received new action goal
[ros2_control_node-2] [INFO] [1791170325.392835388] [joint_trajectory_controller]: Accepted new action goal
[ros2_control_node-2] [INFO] [1791170326.901495695] [joint_trajectory_controller]: Goal reached, success!
[ros2_control_node-2] [INFO] [1791170326.943624805] [joint_trajectory_controller]: Received new action goal
[ros2_control_node-2] [INFO] [1791170326.943649758] [joint_trajectory_controller]: Accepted new action goal
[ros2_control_node-2] [INFO] [1791170328.441567663] [joint_trajectory_controller]: Goal reached, success!
[ros2_control_node-2] [INFO] [1791170328.444660359] [joint_trajectory_controller]: Received new action goal
[ros2_control_node-2] [INFO] [1791170328.444680566] [joint_trajectory_controller]: Accepted new action goal
[ros2_control_node-2] [INFO] [1791170329.941517443] [joint_trajectory_controller]: Goal reached, success!
[ros2_control_node-2] [INFO] [1791170329.945612209] [joint_trajectory_controller]: Received new action goal
[ros2_control_node-2] [INFO] [1791170329.945643106] [joint_trajectory_controller]: Accepted new action goal
[ros2_control_node-2] [INFO] [1791170331.461502357] [joint_trajectory_controller]: Goal reached, success!
[ros2_control_node-2] [INFO] [1791170331.496648616] [joint_trajectory_controller]: Received new action goal
[ros2_control_node-2] [INFO] [1791170331.496675988] [joint_trajectory_controller]: Accepted new action goal
[ros2_control_node-2] [INFO] [1791170332.981487573] [joint_trajectory_controller]: Goal reached, success!
[ros2_control_node-2] [INFO] [1791170332.997669920] [joint_trajectory_controller]: Received new action goal
[ros2_control_node-2] [INFO] [1791170332.997692728] [joint_trajectory_controller]: Accepted new action goal
[ros2_control_node-2] [INFO] [1791170338.066877699] [joint_trajectory_controller]: Goal reached, success!
[ros2_control_node-2] [INFO] [1791170338.084059948] [joint_trajectory_controller]: Received new action goal
[ros2_control_node-2] [INFO] [1791170338.084082023] [joint_trajectory_controller]: Accepted new action goal
[ros2_control_node-2] [INFO] [1791170339.566879199] [joint_trajectory_controller]: Goal reached, success!
[ros2_control_node-2] [INFO] [1791170339.585115219] [joint_trajectory_controller]: Received new action goal
[ros2_control_node-2] [INFO] [1791170339.585136916] [joint_trajectory_controller]: Accepted new action goal
[ros2_control_node-2] [INFO] [1791170341.086870052] [joint_trajectory_controller]: Goal reached, success!
[ros2_control_node-2] [INFO] [1791170341.135940217] [joint_trajectory_controller]: Received new action goal
[ros2_control_node-2] [INFO] [1791170341.135964117] [joint_trajectory_controller]: Accepted new action goal
[ros2_control_node-2] [INFO] [1791170342.646876198] [joint_trajectory_controller]: Goal reached, success!
[ros2_control_node-2] [INFO] [1791170342.687593899] [joint_trajectory_controller]: Received new action goal
[ros2_control_node-2] [INFO] [1791170342.687615242] [joint_trajectory_controller]: Accepted new action goal
[ros2_control_node-2] [INFO] [1791170344.186862279] [joint_trajectory_controller]: Goal reached, success!
[ros2_control_node-2] [INFO] [1791170344.188639096] [joint_trajectory_controller]: Received new action goal
[ros2_control_node-2] [INFO] [1791170344.188659338] [joint_trajectory_controller]: Accepted new action goal
[ros2_control_node-2] [INFO] [1791170345.706860420] [joint_trajectory_controller]: Goal reached, success!
[ros2_control_node-2] [INFO] [1791170345.739398436] [joint_trajectory_controller]: Received new action goal
[ros2_control_node-2] [INFO] [1791170345.739420703] [joint_trajectory_controller]: Accepted new action goal
[ros2_control_node-2] [INFO] [1791170347.246857856] [joint_trajectory_controller]: Goal reached, success!
[ros2_control_node-2] [INFO] [1791170347.290253556] [joint_trajectory_controller]: Received new action goal
[ros2_control_node-2] [INFO] [1791170347.290275512] [joint_trajectory_controller]: Accepted new action goal
[ros2_control_node-2] [INFO] [1791170348.786880168] [joint_trajectory_controller]: Goal reached, success!
[ros2_control_node-2] [INFO] [1791170348.791169620] [joint_trajectory_controller]: Received new action goal
[ros2_control_node-2] [INFO] [1791170348.791195073] [joint_trajectory_controller]: Accepted new action goal
[ros2_control_node-2] [INFO] [1791170350.286902865] [joint_trajectory_controller]: Goal reached, success!
[ros2_control_node-2] [INFO] [1791170350.291980618] [joint_trajectory_controller]: Received new action goal
[ros2_control_node-2] [INFO] [1791170350.292006729] [joint_trajectory_controller]: Accepted new action goal
[ros2_control_node-2] [INFO] [1791170351.806881123] [joint_trajectory_controller]: Goal reached, success!
[ros2_control_node-2] [INFO] [1791170351.842973689] [joint_trajectory_controller]: Received new action goal
[ros2_control_node-2] [INFO] [1791170351.843002825] [joint_trajectory_controller]: Accepted new action goal
[ros2_control_node-2] [INFO] [1791170353.326876970] [joint_trajectory_controller]: Goal reached, success!
[ros2_control_node-2] [INFO] [1791170353.343826097] [joint_trajectory_controller]: Received new action goal
[ros2_control_node-2] [INFO] [1791170353.343852423] [joint_trajectory_controller]: Accepted new action goal
[ros2_control_node-2] [INFO] [1791170354.826896231] [joint_trajectory_controller]: Goal reached, success!
[ros2_control_node-2] [INFO] [1791170354.844755607] [joint_trajectory_controller]: Received new action goal
[ros2_control_node-2] [INFO] [1791170354.844782088] [joint_trajectory_controller]: Accepted new action goal
[ros2_control_node-2] [INFO] [1791170356.326894882] [joint_trajectory_controller]: Goal reached, success!
[ros2_control_node-2] [INFO] [1791170356.345882435] [joint_trajectory_controller]: Received new action goal
[ros2_control_node-2] [INFO] [1791170356.345915277] [joint_trajectory_controller]: Accepted new action goal
[ros2_control_node-2] [INFO] [1791170357.826902312] [joint_trajectory_controller]: Goal reached, success!
[ros2_control_node-2] [INFO] [1791170357.847544442] [joint_trajectory_controller]: Received new action goal
[ros2_control_node-2] [INFO] [1791170357.847574760] [joint_trajectory_controller]: Accepted new action goal
[ros2_control_node-2] [INFO] [1791170359.366881141] [joint_trajectory_controller]: Goal reached, success!
[ros2_control_node-2] [INFO] [1791170359.398490537] [joint_trajectory_controller]: Received new action goal
[ros2_control_node-2] [INFO] [1791170359.398521781] [joint_trajectory_controller]: Accepted new action goal
[ros2_control_node-2] [INFO] [1791170361.006894338] [joint_trajectory_controller]: Goal reached, success!
[ros2_control_node-2] [INFO] [1791170361.049493692] [joint_trajectory_controller]: Received new action goal
[ros2_control_node-2] [INFO] [1791170361.049522063] [joint_trajectory_controller]: Accepted new action goal
[ros2_control_node-2] [INFO] [1791170362.566870188] [joint_trajectory_controller]: Goal reached, success!
[ros2_control_node-2] [INFO] [1791170362.600450922] [joint_trajectory_controller]: Received new action goal
[ros2_control_node-2] [INFO] [1791170362.600473984] [joint_trajectory_controller]: Accepted new action goal
[ros2_control_node-2] [INFO] [1791170364.086920236] [joint_trajectory_controller]: Goal reached, success!
[ros2_control_node-2] [INFO] [1791170364.101541641] [joint_trajectory_controller]: Received new action goal
[ros2_control_node-2] [INFO] [1791170364.101579137] [joint_trajectory_controller]: Accepted new action goal
[ros2_control_node-2] [INFO] [1791170365.726907928] [joint_trajectory_controller]: Goal reached, success!
[ros2_control_node-2] [INFO] [1791170365.752694496] [joint_trajectory_controller]: Received new action goal
[ros2_control_node-2] [INFO] [1791170365.752727781] [joint_trajectory_controller]: Accepted new action goal
[ros2_control_node-2] [INFO] [1791170367.266864873] [joint_trajectory_controller]: Goal reached, success!
[ros2_control_node-2] [INFO] [1791170367.303619629] [joint_trajectory_controller]: Received new action goal
[ros2_control_node-2] [INFO] [1791170367.303647694] [joint_trajectory_controller]: Accepted new action goal
[ros2_control_node-2] [INFO] [1791170368.786872612] [joint_trajectory_controller]: Goal reached, success!
[ros2_control_node-2] [INFO] [1791170368.804581749] [joint_trajectory_controller]: Received new action goal
[ros2_control_node-2] [INFO] [1791170368.804611297] [joint_trajectory_controller]: Accepted new action goal
[ros2_control_node-2] [INFO] [1791170373.870095113] [joint_trajectory_controller]: Goal reached, success!
[ros2_control_node-2] [INFO] [1791170373.888659147] [joint_trajectory_controller]: Received new action goal
[ros2_control_node-2] [INFO] [1791170373.888682727] [joint_trajectory_controller]: Accepted new action goal
[ros2_control_node-2] [INFO] [1791170375.370098178] [joint_trajectory_controller]: Goal reached, success!
[ros2_control_node-2] [INFO] [1791170375.389586434] [joint_trajectory_controller]: Received new action goal
[ros2_control_node-2] [INFO] [1791170375.389627467] [joint_trajectory_controller]: Accepted new action goal
[ros2_control_node-2] [INFO] [1791170376.890070266] [joint_trajectory_controller]: Goal reached, success!
[ros2_control_node-2] [INFO] [1791170376.941423772] [joint_trajectory_controller]: Received new action goal
[ros2_control_node-2] [INFO] [1791170376.941459188] [joint_trajectory_controller]: Accepted new action goal
[ros2_control_node-2] [INFO] [1791170378.510108430] [joint_trajectory_controller]: Goal reached, success!
[ros2_control_node-2] [INFO] [1791170378.542466745] [joint_trajectory_controller]: Received new action goal
[ros2_control_node-2] [INFO] [1791170378.542498814] [joint_trajectory_controller]: Accepted new action goal
[ros2_control_node-2] [INFO] [1791170380.050053086] [joint_trajectory_controller]: Goal reached, success!
[ros2_control_node-2] [INFO] [1791170380.093315600] [joint_trajectory_controller]: Received new action goal
[ros2_control_node-2] [INFO] [1791170380.093342653] [joint_trajectory_controller]: Accepted new action goal
[ros2_control_node-2] [INFO] [1791170381.590103782] [joint_trajectory_controller]: Goal reached, success!
[ros2_control_node-2] [INFO] [1791170381.594249316] [joint_trajectory_controller]: Received new action goal
[ros2_control_node-2] [INFO] [1791170381.594283394] [joint_trajectory_controller]: Accepted new action goal
[ros2_control_node-2] [INFO] [1791170383.450056191] [joint_trajectory_controller]: Goal reached, success!
[ros2_control_node-2] [INFO] [1791170383.495348667] [joint_trajectory_controller]: Received new action goal
[ros2_control_node-2] [INFO] [1791170383.495371514] [joint_trajectory_controller]: Accepted new action goal
[ros2_control_node-2] [INFO] [1791170385.010071592] [joint_trajectory_controller]: Goal reached, success!
[ros2_control_node-2] [INFO] [1791170385.046301188] [joint_trajectory_controller]: Received new action goal
[ros2_control_node-2] [INFO] [1791170385.046323592] [joint_trajectory_controller]: Accepted new action goal
[ros2_control_node-2] [INFO] [1791170386.530058269] [joint_trajectory_controller]: Goal reached, success!
[ros2_control_node-2] [INFO] [1791170386.547171289] [joint_trajectory_controller]: Received new action goal
[ros2_control_node-2] [INFO] [1791170386.547198633] [joint_trajectory_controller]: Accepted new action goal
[ros2_control_node-2] [INFO] [1791170388.030109370] [joint_trajectory_controller]: Goal reached, success!
[ros2_control_node-2] [INFO] [1791170388.048154477] [joint_trajectory_controller]: Received new action goal
[ros2_control_node-2] [INFO] [1791170388.048181117] [joint_trajectory_controller]: Accepted new action goal
[ros2_control_node-2] [INFO] [1791170389.550091648] [joint_trajectory_controller]: Goal reached, success!
[ros2_control_node-2] [INFO] [1791170389.599157698] [joint_trajectory_controller]: Received new action goal
[ros2_control_node-2] [INFO] [1791170389.599189272] [joint_trajectory_controller]: Accepted new action goal
[ros2_control_node-2] [INFO] [1791170391.110060046] [joint_trajectory_controller]: Goal reached, success!
[ros2_control_node-2] [INFO] [1791170391.150141318] [joint_trajectory_controller]: Received new action goal
[ros2_control_node-2] [INFO] [1791170391.150169679] [joint_trajectory_controller]: Accepted new action goal
[ros2_control_node-2] [INFO] [1791170392.750060199] [joint_trajectory_controller]: Goal reached, success!
[ros2_control_node-2] [INFO] [1791170392.751638930] [joint_trajectory_controller]: Received new action goal
[ros2_control_node-2] [INFO] [1791170392.751658688] [joint_trajectory_controller]: Accepted new action goal
[ros2_control_node-2] [INFO] [1791170394.270059434] [joint_trajectory_controller]: Goal reached, success!
[ros2_control_node-2] [INFO] [1791170394.302656082] [joint_trajectory_controller]: Received new action goal
[ros2_control_node-2] [INFO] [1791170394.302681291] [joint_trajectory_controller]: Accepted new action goal
[ros2_control_node-2] [INFO] [1791170395.790102831] [joint_trajectory_controller]: Goal reached, success!
[ros2_control_node-2] [INFO] [1791170395.803894489] [joint_trajectory_controller]: Received new action goal
[ros2_control_node-2] [INFO] [1791170395.803930427] [joint_trajectory_controller]: Accepted new action goal
[ros2_control_node-2] [INFO] [1791170397.290118988] [joint_trajectory_controller]: Goal reached, success!
[ros2_control_node-2] [INFO] [1791170397.305426648] [joint_trajectory_controller]: Received new action goal
[ros2_control_node-2] [INFO] [1791170397.305471284] [joint_trajectory_controller]: Accepted new action goal
[ros2_control_node-2] [INFO] [1791170398.790075354] [joint_trajectory_controller]: Goal reached, success!
[ros2_control_node-2] [INFO] [1791170398.806447206] [joint_trajectory_controller]: Received new action goal
[ros2_control_node-2] [INFO] [1791170398.806480203] [joint_trajectory_controller]: Accepted new action goal
[ros2_control_node-2] [INFO] [1791170400.290090689] [joint_trajectory_controller]: Goal reached, success!
[ros2_control_node-2] [INFO] [1791170400.307351173] [joint_trajectory_controller]: Received new action goal
[ros2_control_node-2] [INFO] [1791170400.307372965] [joint_trajectory_controller]: Accepted new action goal
[ros2_control_node-2] [INFO] [1791170401.810058636] [joint_trajectory_controller]: Goal reached, success!
[ros2_control_node-2] [INFO] [1791170401.858360237] [joint_trajectory_controller]: Received new action goal
[ros2_control_node-2] [INFO] [1791170401.858388803] [joint_trajectory_controller]: Accepted new action goal
[ros2_control_node-2] [INFO] [1791170403.370085426] [joint_trajectory_controller]: Goal reached, success!
[ros2_control_node-2] [INFO] [1791170403.409309512] [joint_trajectory_controller]: Received new action goal
[ros2_control_node-2] [INFO] [1791170403.409339201] [joint_trajectory_controller]: Accepted new action goal
[ros2_control_node-2] [INFO] [1791170404.910070014] [joint_trajectory_controller]: Goal reached, success!
[ros2_control_node-2] [INFO] [1791170404.960334865] [joint_trajectory_controller]: Received new action goal
[ros2_control_node-2] [INFO] [1791170404.960370236] [joint_trajectory_controller]: Accepted new action goal
[ros2_control_node-2] [INFO] [1791170410.113926293] [joint_trajectory_controller]: Goal reached, success!
[ros2_control_node-2] [INFO] [1791170410.145231476] [joint_trajectory_controller]: Received new action goal
[ros2_control_node-2] [INFO] [1791170410.145268847] [joint_trajectory_controller]: Accepted new action goal
[ros2_control_node-2] [INFO] [1791170411.653844849] [joint_trajectory_controller]: Goal reached, success!
[ros2_control_node-2] [INFO] [1791170411.696822563] [joint_trajectory_controller]: Received new action goal
[ros2_control_node-2] [INFO] [1791170411.696850676] [joint_trajectory_controller]: Accepted new action goal
[ros2_control_node-2] [INFO] [1791170413.213827876] [joint_trajectory_controller]: Goal reached, success!
[ros2_control_node-2] [INFO] [1791170413.247625435] [joint_trajectory_controller]: Received new action goal
[ros2_control_node-2] [INFO] [1791170413.247650274] [joint_trajectory_controller]: Accepted new action goal
[ros2_control_node-2] [INFO] [1791170415.153950738] [joint_trajectory_controller]: Goal reached, success!
[ros2_control_node-2] [INFO] [1791170415.198969526] [joint_trajectory_controller]: Received new action goal
[ros2_control_node-2] [INFO] [1791170415.199023456] [joint_trajectory_controller]: Accepted new action goal
[ros2_control_node-2] [INFO] [1791170416.693877792] [joint_trajectory_controller]: Goal reached, success!
[ros2_control_node-2] [INFO] [1791170416.700070648] [joint_trajectory_controller]: Received new action goal
[ros2_control_node-2] [INFO] [1791170416.700097611] [joint_trajectory_controller]: Accepted new action goal
[ros2_control_node-2] [INFO] [1791170418.213832992] [joint_trajectory_controller]: Goal reached, success!
[ros2_control_node-2] [INFO] [1791170418.251379454] [joint_trajectory_controller]: Received new action goal
[ros2_control_node-2] [INFO] [1791170418.251421166] [joint_trajectory_controller]: Accepted new action goal
[ros2_control_node-2] [INFO] [1791170420.033845580] [joint_trajectory_controller]: Goal reached, success!
[ros2_control_node-2] [INFO] [1791170420.052533979] [joint_trajectory_controller]: Received new action goal
[ros2_control_node-2] [INFO] [1791170420.052576856] [joint_trajectory_controller]: Accepted new action goal
[ros2_control_node-2] [INFO] [1791170421.913875086] [joint_trajectory_controller]: Goal reached, success!
[ros2_control_node-2] [INFO] [1791170421.953610102] [joint_trajectory_controller]: Received new action goal
[ros2_control_node-2] [INFO] [1791170421.953633332] [joint_trajectory_controller]: Accepted new action goal
[ros2_control_node-2] [INFO] [1791170423.453866482] [joint_trajectory_controller]: Goal reached, success!
[ros2_control_node-2] [INFO] [1791170423.504514626] [joint_trajectory_controller]: Received new action goal
[ros2_control_node-2] [INFO] [1791170423.504539406] [joint_trajectory_controller]: Accepted new action goal
[ros2_control_node-2] [INFO] [1791170425.013835711] [joint_trajectory_controller]: Goal reached, success!
[ros2_control_node-2] [INFO] [1791170425.055428870] [joint_trajectory_controller]: Received new action goal
[ros2_control_node-2] [INFO] [1791170425.055450477] [joint_trajectory_controller]: Accepted new action goal
[ros2_control_node-2] [INFO] [1791170426.573848560] [joint_trajectory_controller]: Goal reached, success!
[ros2_control_node-2] [INFO] [1791170426.606235595] [joint_trajectory_controller]: Received new action goal
[ros2_control_node-2] [INFO] [1791170426.606262185] [joint_trajectory_controller]: Accepted new action goal
[ros2_control_node-2] [INFO] [1791170428.093865135] [joint_trajectory_controller]: Goal reached, success!
[ros2_control_node-2] [INFO] [1791170428.107843553] [joint_trajectory_controller]: Received new action goal
[ros2_control_node-2] [INFO] [1791170428.107870549] [joint_trajectory_controller]: Accepted new action goal
[ros2_control_node-2] [INFO] [1791170429.593882742] [joint_trajectory_controller]: Goal reached, success!
[ros2_control_node-2] [INFO] [1791170429.608888935] [joint_trajectory_controller]: Received new action goal
[ros2_control_node-2] [INFO] [1791170429.608931858] [joint_trajectory_controller]: Accepted new action goal
[ros2_control_node-2] [INFO] [1791170431.113862342] [joint_trajectory_controller]: Goal reached, success!
[ros2_control_node-2] [INFO] [1791170431.159840905] [joint_trajectory_controller]: Received new action goal
[ros2_control_node-2] [INFO] [1791170431.159867772] [joint_trajectory_controller]: Accepted new action goal
[ros2_control_node-2] [INFO] [1791170432.673834866] [joint_trajectory_controller]: Goal reached, success!
[ros2_control_node-2] [INFO] [1791170432.710733830] [joint_trajectory_controller]: Received new action goal
[ros2_control_node-2] [INFO] [1791170432.710755012] [joint_trajectory_controller]: Accepted new action goal
[ros2_control_node-2] [INFO] [1791170434.213835708] [joint_trajectory_controller]: Goal reached, success!
[ros2_control_node-2] [INFO] [1791170434.261649205] [joint_trajectory_controller]: Received new action goal
[ros2_control_node-2] [INFO] [1791170434.261671093] [joint_trajectory_controller]: Accepted new action goal
[ros2_control_node-2] [INFO] [1791170435.773843289] [joint_trajectory_controller]: Goal reached, success!
[ros2_control_node-2] [INFO] [1791170435.812804902] [joint_trajectory_controller]: Received new action goal
[ros2_control_node-2] [INFO] [1791170435.812834106] [joint_trajectory_controller]: Accepted new action goal
[ros2_control_node-2] [INFO] [1791170437.313843772] [joint_trajectory_controller]: Goal reached, success!
[ros2_control_node-2] [INFO] [1791170437.363686891] [joint_trajectory_controller]: Received new action goal
[ros2_control_node-2] [INFO] [1791170437.363711189] [joint_trajectory_controller]: Accepted new action goal
[ros2_control_node-2] [INFO] [1791170438.853894976] [joint_trajectory_controller]: Goal reached, success!
[ros2_control_node-2] [INFO] [1791170438.864605835] [joint_trajectory_controller]: Received new action goal
[ros2_control_node-2] [INFO] [1791170438.864631293] [joint_trajectory_controller]: Accepted new action goal
[ros2_control_node-2] [INFO] [1791170440.353871044] [joint_trajectory_controller]: Goal reached, success!
[ros2_control_node-2] [INFO] [1791170440.365618118] [joint_trajectory_controller]: Received new action goal
[ros2_control_node-2] [INFO] [1791170440.365648430] [joint_trajectory_controller]: Accepted new action goal
[ros2_control_node-2] [INFO] [1791170445.458002952] [joint_trajectory_controller]: Goal reached, success!
[ros2_control_node-2] [INFO] [1791170445.500803228] [joint_trajectory_controller]: Received new action goal
[ros2_control_node-2] [INFO] [1791170445.500827125] [joint_trajectory_controller]: Accepted new action goal
[ros2_control_node-2] [INFO] [1791170446.998015599] [joint_trajectory_controller]: Goal reached, success!
[ros2_control_node-2] [INFO] [1791170447.002852717] [joint_trajectory_controller]: Received new action goal
[ros2_control_node-2] [INFO] [1791170447.002877053] [joint_trajectory_controller]: Accepted new action goal
[ros2_control_node-2] [INFO] [1791170448.518026189] [joint_trajectory_controller]: Goal reached, success!
[ros2_control_node-2] [INFO] [1791170448.553728071] [joint_trajectory_controller]: Received new action goal
[ros2_control_node-2] [INFO] [1791170448.553754500] [joint_trajectory_controller]: Accepted new action goal
[ros2_control_node-2] [INFO] [1791170450.198012899] [joint_trajectory_controller]: Goal reached, success!
[ros2_control_node-2] [INFO] [1791170450.204696663] [joint_trajectory_controller]: Received new action goal
[ros2_control_node-2] [INFO] [1791170450.204718422] [joint_trajectory_controller]: Accepted new action goal
[ros2_control_node-2] [INFO] [1791170451.717996850] [joint_trajectory_controller]: Goal reached, success!
[ros2_control_node-2] [INFO] [1791170451.755519815] [joint_trajectory_controller]: Received new action goal
[ros2_control_node-2] [INFO] [1791170451.755543182] [joint_trajectory_controller]: Accepted new action goal
[ros2_control_node-2] [INFO] [1791170453.257991574] [joint_trajectory_controller]: Goal reached, success!
[ros2_control_node-2] [INFO] [1791170453.306474330] [joint_trajectory_controller]: Received new action goal
[ros2_control_node-2] [INFO] [1791170453.306504223] [joint_trajectory_controller]: Accepted new action goal
[ros2_control_node-2] [INFO] [1791170454.818009451] [joint_trajectory_controller]: Goal reached, success!
[ros2_control_node-2] [INFO] [1791170454.857562235] [joint_trajectory_controller]: Received new action goal
[ros2_control_node-2] [INFO] [1791170454.857590821] [joint_trajectory_controller]: Accepted new action goal
[ros2_control_node-2] [INFO] [1791170456.357998948] [joint_trajectory_controller]: Goal reached, success!
[ros2_control_node-2] [INFO] [1791170456.408429607] [joint_trajectory_controller]: Received new action goal
[ros2_control_node-2] [INFO] [1791170456.408454178] [joint_trajectory_controller]: Accepted new action goal
[ros2_control_node-2] [INFO] [1791170457.897990057] [joint_trajectory_controller]: Goal reached, success!
[ros2_control_node-2] [INFO] [1791170457.909222217] [joint_trajectory_controller]: Received new action goal
[ros2_control_node-2] [INFO] [1791170457.909242739] [joint_trajectory_controller]: Accepted new action goal
[ros2_control_node-2] [INFO] [1791170459.578011545] [joint_trajectory_controller]: Goal reached, success!
[ros2_control_node-2] [INFO] [1791170459.610164902] [joint_trajectory_controller]: Received new action goal
[ros2_control_node-2] [INFO] [1791170459.610188316] [joint_trajectory_controller]: Accepted new action goal
[ros2_control_node-2] [INFO] [1791170461.097989383] [joint_trajectory_controller]: Goal reached, success!
[ros2_control_node-2] [INFO] [1791170461.110951010] [joint_trajectory_controller]: Received new action goal
[ros2_control_node-2] [INFO] [1791170461.110974666] [joint_trajectory_controller]: Accepted new action goal
[ros2_control_node-2] [INFO] [1791170462.618017313] [joint_trajectory_controller]: Goal reached, success!
[ros2_control_node-2] [INFO] [1791170462.663119571] [joint_trajectory_controller]: Received new action goal
[ros2_control_node-2] [INFO] [1791170462.663146122] [joint_trajectory_controller]: Accepted new action goal
[ros2_control_node-2] [INFO] [1791170464.217992888] [joint_trajectory_controller]: Goal reached, success!
[ros2_control_node-2] [INFO] [1791170464.264200518] [joint_trajectory_controller]: Received new action goal
[ros2_control_node-2] [INFO] [1791170464.264229832] [joint_trajectory_controller]: Accepted new action goal
[ros2_control_node-2] [INFO] [1791170465.758007674] [joint_trajectory_controller]: Goal reached, success!
[ros2_control_node-2] [INFO] [1791170465.765175159] [joint_trajectory_controller]: Received new action goal
[ros2_control_node-2] [INFO] [1791170465.765196774] [joint_trajectory_controller]: Accepted new action goal
[ros2_control_node-2] [INFO] [1791170467.518011881] [joint_trajectory_controller]: Goal reached, success!
[ros2_control_node-2] [INFO] [1791170467.566178144] [joint_trajectory_controller]: Received new action goal
[ros2_control_node-2] [INFO] [1791170467.566201449] [joint_trajectory_controller]: Accepted new action goal
[ros2_control_node-2] [INFO] [1791170469.058004211] [joint_trajectory_controller]: Goal reached, success!
[ros2_control_node-2] [INFO] [1791170469.067111056] [joint_trajectory_controller]: Received new action goal
[ros2_control_node-2] [INFO] [1791170469.067133453] [joint_trajectory_controller]: Accepted new action goal
[ros2_control_node-2] [INFO] [1791170470.577998610] [joint_trajectory_controller]: Goal reached, success!
[ros2_control_node-2] [INFO] [1791170470.618202988] [joint_trajectory_controller]: Received new action goal
[ros2_control_node-2] [INFO] [1791170470.618230944] [joint_trajectory_controller]: Accepted new action goal
[ros2_control_node-2] [INFO] [1791170472.118006994] [joint_trajectory_controller]: Goal reached, success!
[ros2_control_node-2] [INFO] [1791170472.119310535] [joint_trajectory_controller]: Received new action goal
[ros2_control_node-2] [INFO] [1791170472.119332781] [joint_trajectory_controller]: Accepted new action goal
[ros2_control_node-2] [INFO] [1791170473.638024212] [joint_trajectory_controller]: Goal reached, success!
[ros2_control_node-2] [INFO] [1791170473.670363775] [joint_trajectory_controller]: Received new action goal
[ros2_control_node-2] [INFO] [1791170473.670393010] [joint_trajectory_controller]: Accepted new action goal
[ros2_control_node-2] [INFO] [1791170475.178013605] [joint_trajectory_controller]: Goal reached, success!
[ros2_control_node-2] [INFO] [1791170475.221264742] [joint_trajectory_controller]: Received new action goal
[ros2_control_node-2] [INFO] [1791170475.221289628] [joint_trajectory_controller]: Accepted new action goal
[ros2_control_node-2] [INFO] [1791170476.738001086] [joint_trajectory_controller]: Goal reached, success!
[ros2_control_node-2] [INFO] [1791170476.772325868] [joint_trajectory_controller]: Received new action goal
[ros2_control_node-2] [INFO] [1791170476.772348643] [joint_trajectory_controller]: Accepted new action goal
[ros2_control_node-2] [INFO] [1791170481.863469959] [joint_trajectory_controller]: Goal reached, success!
[ros2_control_node-2] [INFO] [1791170481.909233167] [joint_trajectory_controller]: Received new action goal
[ros2_control_node-2] [INFO] [1791170481.909255921] [joint_trajectory_controller]: Accepted new action goal
[ros2_control_node-2] [INFO] [1791170483.523475269] [joint_trajectory_controller]: Goal reached, success!
[ros2_control_node-2] [INFO] [1791170483.560048657] [joint_trajectory_controller]: Received new action goal
[ros2_control_node-2] [INFO] [1791170483.560069724] [joint_trajectory_controller]: Accepted new action goal
[ros2_control_node-2] [INFO] [1791170485.043476748] [joint_trajectory_controller]: Goal reached, success!
[ros2_control_node-2] [INFO] [1791170485.060775975] [joint_trajectory_controller]: Received new action goal
[ros2_control_node-2] [INFO] [1791170485.060799642] [joint_trajectory_controller]: Accepted new action goal
[ros2_control_node-2] [INFO] [1791170486.543490782] [joint_trajectory_controller]: Goal reached, success!
[ros2_control_node-2] [INFO] [1791170486.561834575] [joint_trajectory_controller]: Received new action goal
[ros2_control_node-2] [INFO] [1791170486.561855317] [joint_trajectory_controller]: Accepted new action goal
[ros2_control_node-2] [INFO] [1791170488.063479071] [joint_trajectory_controller]: Goal reached, success!
[ros2_control_node-2] [INFO] [1791170488.112673698] [joint_trajectory_controller]: Received new action goal
[ros2_control_node-2] [INFO] [1791170488.112697979] [joint_trajectory_controller]: Accepted new action goal
[ros2_control_node-2] [INFO] [1791170489.623484936] [joint_trajectory_controller]: Goal reached, success!
[ros2_control_node-2] [INFO] [1791170489.663568577] [joint_trajectory_controller]: Received new action goal
[ros2_control_node-2] [INFO] [1791170489.663603405] [joint_trajectory_controller]: Accepted new action goal
[ros2_control_node-2] [INFO] [1791170491.463468718] [joint_trajectory_controller]: Goal reached, success!
[ros2_control_node-2] [INFO] [1791170491.464337676] [joint_trajectory_controller]: Received new action goal
[ros2_control_node-2] [INFO] [1791170491.464358282] [joint_trajectory_controller]: Accepted new action goal
[ros2_control_node-2] [INFO] [1791170492.983549365] [joint_trajectory_controller]: Goal reached, success!
[ros2_control_node-2] [INFO] [1791170493.015282485] [joint_trajectory_controller]: Received new action goal
[ros2_control_node-2] [INFO] [1791170493.015309999] [joint_trajectory_controller]: Accepted new action goal
[ros2_control_node-2] [INFO] [1791170494.523489914] [joint_trajectory_controller]: Goal reached, success!
[ros2_control_node-2] [INFO] [1791170494.566370189] [joint_trajectory_controller]: Received new action goal
[ros2_control_node-2] [INFO] [1791170494.566392748] [joint_trajectory_controller]: Accepted new action goal
[ros2_control_node-2] [INFO] [1791170496.063481774] [joint_trajectory_controller]: Goal reached, success!
[ros2_control_node-2] [INFO] [1791170496.067185674] [joint_trajectory_controller]: Received new action goal
[ros2_control_node-2] [INFO] [1791170496.067205400] [joint_trajectory_controller]: Accepted new action goal
[ros2_control_node-2] [INFO] [1791170497.563546922] [joint_trajectory_controller]: Goal reached, success!
[ros2_control_node-2] [INFO] [1791170497.569175574] [joint_trajectory_controller]: Received new action goal
[ros2_control_node-2] [INFO] [1791170497.569197019] [joint_trajectory_controller]: Accepted new action goal
[ros2_control_node-2] [INFO] [1791170499.083483945] [joint_trajectory_controller]: Goal reached, success!
[ros2_control_node-2] [INFO] [1791170499.120164349] [joint_trajectory_controller]: Received new action goal
[ros2_control_node-2] [INFO] [1791170499.120187859] [joint_trajectory_controller]: Accepted new action goal
[ros2_control_node-2] [INFO] [1791170500.823477831] [joint_trajectory_controller]: Goal reached, success!
[ros2_control_node-2] [INFO] [1791170500.870863203] [joint_trajectory_controller]: Received new action goal
[ros2_control_node-2] [INFO] [1791170500.870886612] [joint_trajectory_controller]: Accepted new action goal
[ros2_control_node-2] [INFO] [1791170502.363473986] [joint_trajectory_controller]: Goal reached, success!
[ros2_control_node-2] [INFO] [1791170502.371738517] [joint_trajectory_controller]: Received new action goal
[ros2_control_node-2] [INFO] [1791170502.371758794] [joint_trajectory_controller]: Accepted new action goal
[ros2_control_node-2] [INFO] [1791170503.883494150] [joint_trajectory_controller]: Goal reached, success!
[ros2_control_node-2] [INFO] [1791170503.922591954] [joint_trajectory_controller]: Received new action goal
[ros2_control_node-2] [INFO] [1791170503.922615368] [joint_trajectory_controller]: Accepted new action goal
[ros2_control_node-2] [INFO] [1791170505.683475653] [joint_trajectory_controller]: Goal reached, success!
[ros2_control_node-2] [INFO] [1791170505.723645772] [joint_trajectory_controller]: Received new action goal
[ros2_control_node-2] [INFO] [1791170505.723669675] [joint_trajectory_controller]: Accepted new action goal
[ros2_control_node-2] [INFO] [1791170507.503476451] [joint_trajectory_controller]: Goal reached, success!
[ros2_control_node-2] [INFO] [1791170507.524602760] [joint_trajectory_controller]: Received new action goal
[ros2_control_node-2] [INFO] [1791170507.524626034] [joint_trajectory_controller]: Accepted new action goal
[ros2_control_node-2] [INFO] [1791170509.023483832] [joint_trajectory_controller]: Goal reached, success!
[ros2_control_node-2] [INFO] [1791170509.025554644] [joint_trajectory_controller]: Received new action goal
[ros2_control_node-2] [INFO] [1791170509.025574771] [joint_trajectory_controller]: Accepted new action goal
[ros2_control_node-2] [INFO] [1791170510.543486045] [joint_trajectory_controller]: Goal reached, success!
[ros2_control_node-2] [INFO] [1791170510.576406057] [joint_trajectory_controller]: Received new action goal
[ros2_control_node-2] [INFO] [1791170510.576427112] [joint_trajectory_controller]: Accepted new action goal
[ros2_control_node-2] [INFO] [1791170512.063504529] [joint_trajectory_controller]: Goal reached, success!
[ros2_control_node-2] [INFO] [1791170512.077420531] [joint_trajectory_controller]: Received new action goal
[ros2_control_node-2] [INFO] [1791170512.077459875] [joint_trajectory_controller]: Accepted new action goal
[ros2_control_node-2] [INFO] [1791170517.148624334] [joint_trajectory_controller]: Goal reached, success!
[ros2_control_node-2] [INFO] [1791170517.164049878] [joint_trajectory_controller]: Received new action goal
[ros2_control_node-2] [INFO] [1791170517.164070243] [joint_trajectory_controller]: Accepted new action goal
[ros2_control_node-2] [INFO] [1791170518.668615912] [joint_trajectory_controller]: Goal reached, success!
[ros2_control_node-2] [INFO] [1791170518.715069586] [joint_trajectory_controller]: Received new action goal
[ros2_control_node-2] [INFO] [1791170518.715097066] [joint_trajectory_controller]: Accepted new action goal
[ros2_control_node-2] [INFO] [1791170520.228629039] [joint_trajectory_controller]: Goal reached, success!
[ros2_control_node-2] [INFO] [1791170520.265916834] [joint_trajectory_controller]: Received new action goal
[ros2_control_node-2] [INFO] [1791170520.265939896] [joint_trajectory_controller]: Accepted new action goal
[ros2_control_node-2] [INFO] [1791170521.748603956] [joint_trajectory_controller]: Goal reached, success!
[ros2_control_node-2] [INFO] [1791170521.766779818] [joint_trajectory_controller]: Received new action goal
[ros2_control_node-2] [INFO] [1791170521.766800273] [joint_trajectory_controller]: Accepted new action goal
[ros2_control_node-2] [INFO] [1791170523.328605898] [joint_trajectory_controller]: Goal reached, success!
[ros2_control_node-2] [INFO] [1791170523.367835512] [joint_trajectory_controller]: Received new action goal
[ros2_control_node-2] [INFO] [1791170523.367864424] [joint_trajectory_controller]: Accepted new action goal
[ros2_control_node-2] [INFO] [1791170524.868606348] [joint_trajectory_controller]: Goal reached, success!
[ros2_control_node-2] [INFO] [1791170524.918926202] [joint_trajectory_controller]: Received new action goal
[ros2_control_node-2] [INFO] [1791170524.918949234] [joint_trajectory_controller]: Accepted new action goal
[ros2_control_node-2] [INFO] [1791170526.428611834] [joint_trajectory_controller]: Goal reached, success!
[ros2_control_node-2] [INFO] [1791170526.470013828] [joint_trajectory_controller]: Received new action goal
[ros2_control_node-2] [INFO] [1791170526.470037207] [joint_trajectory_controller]: Accepted new action goal
[ros2_control_node-2] [INFO] [1791170527.988647293] [joint_trajectory_controller]: Goal reached, success!
[ros2_control_node-2] [INFO] [1791170528.020922618] [joint_trajectory_controller]: Received new action goal
[ros2_control_node-2] [INFO] [1791170528.020944822] [joint_trajectory_controller]: Accepted new action goal
[ros2_control_node-2] [INFO] [1791170529.508611963] [joint_trajectory_controller]: Goal reached, success!
[ros2_control_node-2] [INFO] [1791170529.521856811] [joint_trajectory_controller]: Received new action goal
[ros2_control_node-2] [INFO] [1791170529.521879907] [joint_trajectory_controller]: Accepted new action goal
[ros2_control_node-2] [INFO] [1791170531.028622309] [joint_trajectory_controller]: Goal reached, success!
[ros2_control_node-2] [INFO] [1791170531.072970705] [joint_trajectory_controller]: Received new action goal
[ros2_control_node-2] [INFO] [1791170531.072994682] [joint_trajectory_controller]: Accepted new action goal
[ros2_control_node-2] [INFO] [1791170532.608604820] [joint_trajectory_controller]: Goal reached, success!
[ros2_control_node-2] [INFO] [1791170532.624335229] [joint_trajectory_controller]: Received new action goal
[ros2_control_node-2] [INFO] [1791170532.624356124] [joint_trajectory_controller]: Accepted new action goal
[ros2_control_node-2] [INFO] [1791170534.388614605] [joint_trajectory_controller]: Goal reached, success!
[ros2_control_node-2] [INFO] [1791170534.425100467] [joint_trajectory_controller]: Received new action goal
[ros2_control_node-2] [INFO] [1791170534.425122275] [joint_trajectory_controller]: Accepted new action goal
[ros2_control_node-2] [INFO] [1791170535.928599713] [joint_trajectory_controller]: Goal reached, success!
[ros2_control_node-2] [INFO] [1791170535.975922817] [joint_trajectory_controller]: Received new action goal
[ros2_control_node-2] [INFO] [1791170535.975948474] [joint_trajectory_controller]: Accepted new action goal
[ros2_control_node-2] [INFO] [1791170537.468610517] [joint_trajectory_controller]: Goal reached, success!
[ros2_control_node-2] [INFO] [1791170537.477026989] [joint_trajectory_controller]: Received new action goal
[ros2_control_node-2] [INFO] [1791170537.477048286] [joint_trajectory_controller]: Accepted new action goal
[ros2_control_node-2] [INFO] [1791170538.988607344] [joint_trajectory_controller]: Goal reached, success!
[ros2_control_node-2] [INFO] [1791170539.027975768] [joint_trajectory_controller]: Received new action goal
[ros2_control_node-2] [INFO] [1791170539.028001464] [joint_trajectory_controller]: Accepted new action goal
[ros2_control_node-2] [INFO] [1791170540.528600384] [joint_trajectory_controller]: Goal reached, success!
[ros2_control_node-2] [INFO] [1791170540.578967589] [joint_trajectory_controller]: Received new action goal
[ros2_control_node-2] [INFO] [1791170540.578990191] [joint_trajectory_controller]: Accepted new action goal
[ros2_control_node-2] [INFO] [1791170542.068602531] [joint_trajectory_controller]: Goal reached, success!
[ros2_control_node-2] [INFO] [1791170542.079823395] [joint_trajectory_controller]: Received new action goal
[ros2_control_node-2] [INFO] [1791170542.079843466] [joint_trajectory_controller]: Accepted new action goal
[ros2_control_node-2] [INFO] [1791170543.608618356] [joint_trajectory_controller]: Goal reached, success!
[ros2_control_node-2] [INFO] [1791170543.630834773] [joint_trajectory_controller]: Received new action goal
[ros2_control_node-2] [INFO] [1791170543.630857817] [joint_trajectory_controller]: Accepted new action goal
[ros2_control_node-2] [INFO] [1791170545.148602152] [joint_trajectory_controller]: Goal reached, success!
[ros2_control_node-2] [INFO] [1791170545.181719282] [joint_trajectory_controller]: Received new action goal
[ros2_control_node-2] [INFO] [1791170545.181741998] [joint_trajectory_controller]: Accepted new action goal
[ros2_control_node-2] [INFO] [1791170546.668612907] [joint_trajectory_controller]: Goal reached, success!
[ros2_control_node-2] [INFO] [1791170546.682439482] [joint_trajectory_controller]: Received new action goal
[ros2_control_node-2] [INFO] [1791170546.682462646] [joint_trajectory_controller]: Accepted new action goal
[ros2_control_node-2] [INFO] [1791170548.168619432] [joint_trajectory_controller]: Goal reached, success!
[ros2_control_node-2] [INFO] [1791170548.184413281] [joint_trajectory_controller]: Received new action goal
[ros2_control_node-2] [INFO] [1791170548.184437402] [joint_trajectory_controller]: Accepted new action goal
[ros2_control_node-2] [INFO] [1791170553.271468291] [joint_trajectory_controller]: Goal reached, success!
